{
    "country": "United Arab Emirates",
    "country_code": "AE",
    "list": [
        {
            "id": 1,
            "bank": "ABN AMRO BANK N.V. UNITED ARAB EMIRATES BRANCH",
            "city": "DUBAI",
            "branch": "(INTERNATIONAL PRIVATE CLIENTS DEPARTMENT)",
            "swift_code": "ABNAAEAAIPC"
        },
        {
            "id": 2,
            "bank": "ABN AMRO BANK N.V. UNITED ARAB EMIRATES BRANCH",
            "city": "DUBAI",
            "branch": null,
            "swift_code": "ABNAAEAA"
        },
        {
            "id": 3,
            "bank": "ABRAAJ CAPITAL LIMITED",
            "city": "DUBAI",
            "branch": null,
            "swift_code": "ABPPAEA1"
        },
        {
            "id": 4,
            "bank": "ABU DHABI COMMERCIAL BANK",
            "city": "ABU DHABI",
            "branch": "(CASH MANAGEMENT DEPARTMENT)",
            "swift_code": "ADCBAEAACMD"
        },
        {
            "id": 5,
            "bank": "ABU DHABI COMMERCIAL BANK",
            "city": "ABU DHABI",
            "branch": "(FINANCE  DEPARTEMENT)",
            "swift_code": "ADCBAEAAFIN"
        },
        {
            "id": 6,
            "bank": "ABU DHABI COMMERCIAL BANK",
            "city": "ABU DHABI",
            "branch": "(RBS)",
            "swift_code": "ADCBAEAAREM"
        },
        {
            "id": 7,
            "bank": "ABU DHABI COMMERCIAL BANK",
            "city": "ABU DHABI",
            "branch": "(TREASURY SETTLEMENTS)",
            "swift_code": "ADCBAEAATRY"
        },
        {
            "id": 8,
            "bank": "ABU DHABI COMMERCIAL BANK",
            "city": "ABU DHABI",
            "branch": null,
            "swift_code": "ADCBAEAA"
        },
        {
            "id": 9,
            "bank": "ABU DHABI COMMERCIAL BANK",
            "city": "DUBAI",
            "branch": "(DUBAI TRADE FINANCE)",
            "swift_code": "ADCBAEAA060"
        },
        {
            "id": 10,
            "bank": "ABU DHABI FUND FOR DEVELOPMENT",
            "city": "ABU DHABI",
            "branch": null,
            "swift_code": "ADFDAEAA"
        },
        {
            "id": 11,
            "bank": "ABU DHABI INVESTMENT AUTHORITY",
            "city": "ABU DHABI",
            "branch": null,
            "swift_code": "ADINAEAA"
        },
        {
            "id": 12,
            "bank": "ABU DHABI INVESTMENT COUNCIL",
            "city": "ABU DHABI",
            "branch": null,
            "swift_code": "ADCNAEAA"
        },
        {
            "id": 13,
            "bank": "ABU DHABI INVESTMENT COUNCIL",
            "city": "ABU DHABI",
            "branch": null,
            "swift_code": "ADCNAEAD"
        },
        {
            "id": 14,
            "bank": "ABU DHABI ISLAMIC BANK",
            "city": "ABU DHABI",
            "branch": null,
            "swift_code": "ABDIAEAD"
        },
        {
            "id": 15,
            "bank": "ABU DHABI RETIRMENT PENSION AND BENEFITS FUND",
            "city": "ABU DHABI",
            "branch": null,
            "swift_code": "ADPFAEAA"
        },
        {
            "id": 16,
            "bank": "ABU DHABI RETIRMENT PENSION AND BENEFITS FUND",
            "city": "ABU DHABI",
            "branch": null,
            "swift_code": "ADPFAEAB"
        },
        {
            "id": 17,
            "bank": "ABU DHABI SECURITIES MARKET",
            "city": "ABU DHABI",
            "branch": null,
            "swift_code": "ADSEAEA1"
        },
        {
            "id": 18,
            "bank": "ADS SECURITIES LLC",
            "city": "ABU DHABI",
            "branch": null,
            "swift_code": "ADSLAEAD"
        },
        {
            "id": 19,
            "bank": "AGRICULTURAL BANK OF CHINA (DIFC BRANCH)",
            "city": "DUBAI",
            "branch": null,
            "swift_code": "ABOCAEAD"
        },
        {
            "id": 20,
            "bank": "AGRICULTURAL BANK OF CHINA(DUBAI BRANCH)",
            "city": "DUBAI",
            "branch": null,
            "swift_code": "ABOCAEAA"
        },
        {
            "id": 21,
            "bank": "AHLI UNITED BANK LIMITED",
            "city": "DUBAI",
            "branch": null,
            "swift_code": "AUBBAEAD"
        },
        {
            "id": 22,
            "bank": "AJMAN BANK PJSC",
            "city": "AJMAN",
            "branch": null,
            "swift_code": "AJMNAEAJ"
        },
        {
            "id": 23,
            "bank": "AL AHALIA MONEY EXCHANGE BUREAU",
            "city": "ABU DHABI",
            "branch": null,
            "swift_code": "AHXBAEAD"
        },
        {
            "id": 24,
            "bank": "AL AHLI BANK OF KUWAIT K.S.C.P, ABUDHABI BRANCH",
            "city": "ABU DHABI",
            "branch": null,
            "swift_code": "ABKKAEAA"
        },
        {
            "id": 25,
            "bank": "AL AHLI BANK OF KUWAIT K.S.C.P, DUBAI BRANCH",
            "city": "DUBAI",
            "branch": null,
            "swift_code": "ABKKAEAD"
        },
        {
            "id": 26,
            "bank": "AL ANSARI EXCHANGE LLC",
            "city": "ABU DHABI",
            "branch": null,
            "swift_code": "ALANAEAA"
        },
        {
            "id": 27,
            "bank": "AL DAHAB EXCHANGE",
            "city": "DUBAI",
            "branch": null,
            "swift_code": "DMTIAEAA"
        },
        {
            "id": 28,
            "bank": "AL DHABI INVESTMENT PJSC",
            "city": "ABU DHABI",
            "branch": null,
            "swift_code": "ALDHAEA1"
        },
        {
            "id": 29,
            "bank": "AL FARDAN EXCHANGE",
            "city": "ABU DHABI",
            "branch": null,
            "swift_code": "FEXEAEAA"
        },
        {
            "id": 30,
            "bank": "AL FARDAN EXCHANGE AND FINANCE CO.",
            "city": "ABU DHABI",
            "branch": null,
            "swift_code": "ALFEAEA1"
        },
        {
            "id": 31,
            "bank": "AL FUTTAIM HC SECURITIES COMPANY LLC",
            "city": "DUBAI",
            "branch": null,
            "swift_code": "FSCLAEA1"
        },
        {
            "id": 32,
            "bank": "AL GHURAIR INTERNATIONAL EXCHANGE",
            "city": "DUBAI",
            "branch": null,
            "swift_code": "ALGHAEAD"
        },
        {
            "id": 33,
            "bank": "AL HILAL BANK",
            "city": "ABU DHABI",
            "branch": null,
            "swift_code": "HLALAEAA"
        },
        {
            "id": 34,
            "bank": "AL JARWAN EXCHANGE",
            "city": "DUBAI",
            "branch": null,
            "swift_code": "JAEXAEAD"
        },
        {
            "id": 35,
            "bank": "AL KHALIJI FRANCE S.A.",
            "city": "DUBAI",
            "branch": null,
            "swift_code": "LICOAEAD"
        },
        {
            "id": 36,
            "bank": "AL MAL CAPITAL PSC",
            "city": "DUBAI",
            "branch": null,
            "swift_code": "AMCXAEAA"
        },
        {
            "id": 37,
            "bank": "AL MAL SECURITIES EMIRATES LLC",
            "city": "DUBAI",
            "branch": null,
            "swift_code": "AMSUAEA1"
        },
        {
            "id": 38,
            "bank": "AL NAHDI EXCHANGE",
            "city": "DUBAI",
            "branch": null,
            "swift_code": "NAHDAEA1"
        },
        {
            "id": 39,
            "bank": "AL RASHEED EXCHANGE",
            "city": "DUBAI",
            "branch": null,
            "swift_code": "RDEXAEA1"
        },
        {
            "id": 40,
            "bank": "AL ROSTAMANI INTERNATIONAL EXCHANGE",
            "city": "DUBAI",
            "branch": null,
            "swift_code": "TCARAEAD"
        },
        {
            "id": 41,
            "bank": "AL SAFWA MUBASHER FINANCIAL SERVICES PRIVATE JOINT STOCK COMPANY",
            "city": "DUBAI",
            "branch": null,
            "swift_code": "DBFSAEAA"
        },
        {
            "id": 42,
            "bank": "ALFA EXCHANGE",
            "city": "DUBAI",
            "branch": null,
            "swift_code": "ALEHAEAD"
        },
        {
            "id": 43,
            "bank": "ALFALAH EXCHANGE COMPANY",
            "city": "ABU DHABI",
            "branch": null,
            "swift_code": "AFECAEAA"
        },
        {
            "id": 44,
            "bank": "ALFUAD EXCHANGE",
            "city": "DUBAI",
            "branch": null,
            "swift_code": "ALFXAEAD"
        },
        {
            "id": 45,
            "bank": "ALRAMZ SECURITIES CO.",
            "city": "ABU DHABI",
            "branch": null,
            "swift_code": "ALRSAEA1"
        },
        {
            "id": 46,
            "bank": "APEX FUND SERVICES (DUBAI) LTD",
            "city": "DUBAI",
            "branch": null,
            "swift_code": "APFSAEA1"
        },
        {
            "id": 47,
            "bank": "ARAB AFRICAN INTERNATIONAL BANK",
            "city": "ABU DHABI",
            "branch": "(ABU DHABI)",
            "swift_code": "ARAIAEADAUH"
        },
        {
            "id": 48,
            "bank": "ARAB AFRICAN INTERNATIONAL BANK",
            "city": "DUBAI",
            "branch": null,
            "swift_code": "ARAIAEAD"
        },
        {
            "id": 49,
            "bank": "ARAB BANK FOR INVESTMENT AND FOREIGN TRADE",
            "city": "ABU DHABI",
            "branch": "(AL-SOUK BRANCH)",
            "swift_code": "ABINAEAASUK"
        },
        {
            "id": 50,
            "bank": "ARAB BANK FOR INVESTMENT AND FOREIGN TRADE",
            "city": "ABU DHABI",
            "branch": "(HEAD OFFICE)",
            "swift_code": "ABINAEAA"
        },
        {
            "id": 51,
            "bank": "ARAB BANK FOR INVESTMENT AND FOREIGN TRADE",
            "city": "ABU DHABI",
            "branch": "(TRADE FINANCE SERVICES)",
            "swift_code": "ABINAEAATFS"
        },
        {
            "id": 52,
            "bank": "ARAB BANK FOR INVESTMENT AND FOREIGN TRADE",
            "city": "AL AIN",
            "branch": "(AL AIN BRANCH)",
            "swift_code": "ABINAEAAAIN"
        },
        {
            "id": 53,
            "bank": "ARAB BANK FOR INVESTMENT AND FOREIGN TRADE",
            "city": "DUBAI",
            "branch": "(DUBAI BRANCH)",
            "swift_code": "ABINAEAADXB"
        },
        {
            "id": 54,
            "bank": "ARAB BANK PLC",
            "city": "ABU DHABI",
            "branch": "(ABU DHABI BRANCH)",
            "swift_code": "ARABAEADABD"
        },
        {
            "id": 55,
            "bank": "ARAB BANK PLC",
            "city": "ABU DHABI",
            "branch": "(UAE BRANCHES CENTER)",
            "swift_code": "ARABAEADABC"
        },
        {
            "id": 56,
            "bank": "ARAB BANK PLC",
            "city": "AJMAN",
            "branch": "(AJMAN BRANCH)",
            "swift_code": "ARABAEADAJM"
        },
        {
            "id": 57,
            "bank": "ARAB BANK PLC",
            "city": "AL AIN",
            "branch": "(AL AIN BRANCH)",
            "swift_code": "ARABAEADAIN"
        },
        {
            "id": 58,
            "bank": "ARAB BANK PLC",
            "city": "DUBAI",
            "branch": "(CENTRAL TRANSFERS UNIT)",
            "swift_code": "ARABAEADCTU"
        },
        {
            "id": 59,
            "bank": "ARAB BANK PLC",
            "city": "DUBAI",
            "branch": "(DEIRA BRANCH)",
            "swift_code": "ARABAEADDER"
        },
        {
            "id": 60,
            "bank": "ARAB BANK PLC",
            "city": "DUBAI",
            "branch": "(DUBAI BRANCH)",
            "swift_code": "ARABAEADMAK"
        },
        {
            "id": 61,
            "bank": "ARAB BANK PLC",
            "city": "DUBAI",
            "branch": "(FOREIGN TRADE CENTER)",
            "swift_code": "ARABAEADFTC"
        },
        {
            "id": 62,
            "bank": "ARAB BANK PLC",
            "city": "DUBAI",
            "branch": "(PAYMENTS INVESTIGATIONS)",
            "swift_code": "ARABAEADINV"
        },
        {
            "id": 63,
            "bank": "ARAB BANK PLC",
            "city": "DUBAI",
            "branch": null,
            "swift_code": "ARABAEAD"
        },
        {
            "id": 64,
            "bank": "ARAB BANK PLC",
            "city": "FUJAIRAH",
            "branch": "(FUJAIRAH BRANCH)",
            "swift_code": "ARABAEADFUJ"
        },
        {
            "id": 65,
            "bank": "ARAB BANK PLC",
            "city": "RAS AL KHAIMAH",
            "branch": "(RAS AL KHAIMAH BRANCH)",
            "swift_code": "ARABAEADRAK"
        },
        {
            "id": 66,
            "bank": "ARAB BANK PLC",
            "city": "SHARJAH",
            "branch": "(SHARJAH BRANCH)",
            "swift_code": "ARABAEADSHJ"
        },
        {
            "id": 67,
            "bank": "ARAB GERMAN INTERNATIONAL BROKER FINANCE BROKERS L.L.C.",
            "city": "ABU DHABI",
            "branch": null,
            "swift_code": "AGIOAEA1"
        },
        {
            "id": 68,
            "bank": "ARAB LINK MONEY TRANSFER",
            "city": "ABU DHABI",
            "branch": null,
            "swift_code": "ALNKAEAD"
        },
        {
            "id": 69,
            "bank": "ARAB MONETARY FUND",
            "city": "ABU DHABI",
            "branch": null,
            "swift_code": "ARMFAEAA"
        },
        {
            "id": 70,
            "bank": "ARAB TRADE FINANCING PROGRAM",
            "city": "ABU DHABI",
            "branch": null,
            "swift_code": "ATFPAEAD"
        },
        {
            "id": 71,
            "bank": "ARAMEX PJSC FINANCIAL DEPARTMENT",
            "city": "DUBAI",
            "branch": null,
            "swift_code": "ARMPAEAD"
        },
        {
            "id": 72,
            "bank": "ARQAAM CAPITAL LIMITED",
            "city": "DUBAI",
            "branch": null,
            "swift_code": "ARQMAEAD"
        },
        {
            "id": 73,
            "bank": "ARQAAM SECURITIES LLC",
            "city": "DUBAI",
            "branch": null,
            "swift_code": "ARQSAEA1"
        },
        {
            "id": 74,
            "bank": "ASIA PACIFIC BANKING GROUP MIDDLE E",
            "city": "DUBAI",
            "branch": null,
            "swift_code": "APGTAEA1"
        },
        {
            "id": 75,
            "bank": "ASIA PACIFIC FINANCIALS SERVICES MIDDLE EAST LIMITED",
            "city": "DUBAI",
            "branch": null,
            "swift_code": "APFRAEA1"
        },
        {
            "id": 76,
            "bank": "AUDI VOLKSWAGEN MIDDLE EAST",
            "city": "DUBAI",
            "branch": null,
            "swift_code": "AVMEAEA1"
        },
        {
            "id": 77,
            "bank": "AXIS BANK LIMITED",
            "city": "DUBAI",
            "branch": null,
            "swift_code": "UTIBAEA1"
        },
        {
            "id": 78,
            "bank": "AXIS BANK LIMITED, DIFC BRANCH (REGULATED BY DFSA)",
            "city": "DUBAI",
            "branch": null,
            "swift_code": "AXISAEAD"
        },
        {
            "id": 79,
            "bank": "AZIZ EXCHANGE CO LLC",
            "city": "DUBAI",
            "branch": null,
            "swift_code": "AZIZAEAD"
        },
        {
            "id": 80,
            "bank": "BANK ALFALAH LIMITED (DUBAI BRANCH)",
            "city": "DUBAI",
            "branch": null,
            "swift_code": "ALFHAEAD"
        },
        {
            "id": 81,
            "bank": "BANK MELLI IRAN",
            "city": "ABU DHABI",
            "branch": "(ABU DHABI BRANCH)",
            "swift_code": "MELIAEADADH"
        },
        {
            "id": 82,
            "bank": "BANK MELLI IRAN",
            "city": "AL AIN",
            "branch": "(AL AIN BRANCH)",
            "swift_code": "MELIAEADALN"
        },
        {
            "id": 83,
            "bank": "BANK MELLI IRAN",
            "city": "DUBAI",
            "branch": "(BUR DUBAI BRANCH)",
            "swift_code": "MELIAEADBR2"
        },
        {
            "id": 84,
            "bank": "BANK MELLI IRAN",
            "city": "DUBAI",
            "branch": null,
            "swift_code": "MELIAEAD"
        },
        {
            "id": 85,
            "bank": "BANK MELLI IRAN",
            "city": "FUJAIRAH",
            "branch": "(FUJAIRAH BRANCH)",
            "swift_code": "MELIAEADFUJ"
        },
        {
            "id": 86,
            "bank": "BANK MELLI IRAN",
            "city": "RAS AL KHAIMAH",
            "branch": "(RAS AL KHAIMAH BRANCH)",
            "swift_code": "MELIAEADRAK"
        },
        {
            "id": 87,
            "bank": "BANK MELLI IRAN",
            "city": "SHARJAH",
            "branch": "(SHARJAH BRANCH)",
            "swift_code": "MELIAEADSHJ"
        },
        {
            "id": 88,
            "bank": "BANK OF BARODA",
            "city": "ABU DHABI",
            "branch": "(ABU DHABI BRANCH)",
            "swift_code": "BARBAEADADH"
        },
        {
            "id": 89,
            "bank": "BANK OF BARODA",
            "city": "AL AIN",
            "branch": "(ALAIN)",
            "swift_code": "BARBAEADALN"
        },
        {
            "id": 90,
            "bank": "BANK OF BARODA",
            "city": "DUBAI",
            "branch": "(DEIRA BRANCH)",
            "swift_code": "BARBAEADDEI"
        },
        {
            "id": 91,
            "bank": "BANK OF BARODA",
            "city": "DUBAI",
            "branch": "(DUBAI INTERNATIONAL FINANCIAL CENTRE (DIFC OBU))",
            "swift_code": "BARBAEADIFC"
        },
        {
            "id": 92,
            "bank": "BANK OF BARODA",
            "city": "DUBAI",
            "branch": "(DUBAI MAIN OFFICE)",
            "swift_code": "BARBAEADDUB"
        },
        {
            "id": 93,
            "bank": "BANK OF BARODA",
            "city": "DUBAI",
            "branch": null,
            "swift_code": "BARBAEAD"
        },
        {
            "id": 94,
            "bank": "BANK OF BARODA",
            "city": "RAS AL KHAIMAH",
            "branch": "(RAS AL KHAIMAH BRANCH)",
            "swift_code": "BARBAEADRAK"
        },
        {
            "id": 95,
            "bank": "BANK OF BARODA",
            "city": "SHARJAH",
            "branch": "(SHARJAH BRANCH)",
            "swift_code": "BARBAEADSHJ"
        },
        {
            "id": 96,
            "bank": "BANK OF CHINA (DUBAI) BRANCH",
            "city": "DUBAI",
            "branch": null,
            "swift_code": "BKCHAEAD"
        },
        {
            "id": 97,
            "bank": "BANK OF CHINA ABU DHABI BRANCH",
            "city": "ABU DHABI",
            "branch": null,
            "swift_code": "BKCHAEAA"
        },
        {
            "id": 98,
            "bank": "BANK OF INDIA",
            "city": "DUBAI",
            "branch": null,
            "swift_code": "BKIDAEAD"
        },
        {
            "id": 99,
            "bank": "BANK OF SHARJAH, THE",
            "city": "SHARJAH",
            "branch": null,
            "swift_code": "SHARAEAS"
        },
        {
            "id": 100,
            "bank": "BANK OF THE ARAB COAST",
            "city": "DUBAI",
            "branch": null,
            "swift_code": "ARCOAEA1"
        },
        {
            "id": 101,
            "bank": "BANK OF TOKYO-MITSUBISHI UFJ, LTD.,",
            "city": "DUBAI",
            "branch": null,
            "swift_code": "BOTKAEAD"
        },
        {
            "id": 102,
            "bank": "BANK OF TOKYO-MITSUBISHI UFJ, LTD., THE",
            "city": "ABU DHABI",
            "branch": null,
            "swift_code": "BOTKAEAA"
        },
        {
            "id": 103,
            "bank": "BANKMED SAL (DUBAI)",
            "city": "DUBAI",
            "branch": null,
            "swift_code": "MEDLAEAD"
        },
        {
            "id": 104,
            "bank": "BANQUE DE COMMERCE ET DE PLACEMENTS SA-DIFC BRANCH",
            "city": "DUBAI",
            "branch": null,
            "swift_code": "BPCPAEAD"
        },
        {
            "id": 105,
            "bank": "BANQUE MISR",
            "city": "ABU DHABI",
            "branch": "(ABU DHABI BRANCH)",
            "swift_code": "BCAIAEAA802"
        },
        {
            "id": 106,
            "bank": "BANQUE MISR",
            "city": "ABU DHABI",
            "branch": null,
            "swift_code": "BCAIAEAA"
        },
        {
            "id": 107,
            "bank": "BANQUE MISR",
            "city": "AL AIN",
            "branch": "(AL AIN BRANCH)",
            "swift_code": "BCAIAEAA806"
        },
        {
            "id": 108,
            "bank": "BANQUE MISR",
            "city": "DUBAI",
            "branch": "(DUBAI BRANCH)",
            "swift_code": "BCAIAEAA803"
        },
        {
            "id": 109,
            "bank": "BANQUE MISR",
            "city": "RAS AL KHAIMAH",
            "branch": "(RAS ELKHEMA BRANCH)",
            "swift_code": "BCAIAEAA805"
        },
        {
            "id": 110,
            "bank": "BANQUE MISR",
            "city": "SHARJAH",
            "branch": "(SHARJAH BRANCH)",
            "swift_code": "BCAIAEAA804"
        },
        {
            "id": 111,
            "bank": "BARCLAYS BANK PLC",
            "city": "ABU DHABI",
            "branch": null,
            "swift_code": "BARCAEAD"
        },
        {
            "id": 112,
            "bank": "BARCLAYS BANK PLC",
            "city": "ABU DHABI",
            "branch": null,
            "swift_code": "BARCAEADABU"
        },
        {
            "id": 113,
            "bank": "BELTONE FINANCIAL SECURITIES-EMIRATES",
            "city": "DUBAI",
            "branch": null,
            "swift_code": "BEFSAEA1"
        },
        {
            "id": 114,
            "bank": "BLOM BANK FRANCE S.A.",
            "city": "DUBAI",
            "branch": null,
            "swift_code": "BLOMAEAD"
        },
        {
            "id": 115,
            "bank": "BNP PARIBAS, ABU DHABI",
            "city": "ABU DHABI",
            "branch": null,
            "swift_code": "BNPAAEAA"
        },
        {
            "id": 116,
            "bank": "BNP PARIBAS, DUBAI",
            "city": "DUBAI",
            "branch": null,
            "swift_code": "BNPAAEAD"
        },
        {
            "id": 117,
            "bank": "BRITISH AMERICAN TOBACCO GCC DMCC",
            "city": "DUBAI",
            "branch": null,
            "swift_code": "BATSAE21"
        },
        {
            "id": 118,
            "bank": "BRITISH AMERICAN TOBACCO ME DMCC",
            "city": "DUBAI",
            "branch": null,
            "swift_code": "BATSAEA1"
        },
        {
            "id": 119,
            "bank": "CANARA BANK ( DIFC BRANCH )",
            "city": "DUBAI",
            "branch": null,
            "swift_code": "CNRBAEAD"
        },
        {
            "id": 120,
            "bank": "CAPITAL UNION",
            "city": "DUBAI",
            "branch": null,
            "swift_code": "CPUNAEA1"
        },
        {
            "id": 121,
            "bank": "CENTRAL BANK OF THE U.A.E.",
            "city": "ABU DHABI",
            "branch": null,
            "swift_code": "CBAUAEAA"
        },
        {
            "id": 122,
            "bank": "CENTRAL DEPOSITORY",
            "city": "DUBAI",
            "branch": null,
            "swift_code": "CTDTAEA1"
        },
        {
            "id": 123,
            "bank": "CHINA CONSTRUCTION BANK DIFC BRANCH",
            "city": "DUBAI",
            "branch": null,
            "swift_code": "PCBCAEAD"
        },
        {
            "id": 124,
            "bank": "CIMD (DUBAI) LIMITED",
            "city": "DUBAI",
            "branch": null,
            "swift_code": "CIDAAEA1"
        },
        {
            "id": 125,
            "bank": "CITIBANK N.A.",
            "city": "DUBAI",
            "branch": "(CITIBANK N.A. DIFC)",
            "swift_code": "CITIAEADDIF"
        },
        {
            "id": 126,
            "bank": "CITIBANK N.A.",
            "city": "DUBAI",
            "branch": "(TRADE SERVICES DEPT.)",
            "swift_code": "CITIAEADTRD"
        },
        {
            "id": 127,
            "bank": "CITIBANK N.A.",
            "city": "DUBAI",
            "branch": null,
            "swift_code": "CITIAEAD"
        },
        {
            "id": 128,
            "bank": "CITIBANK, N.A.",
            "city": "ABU DHABI",
            "branch": null,
            "swift_code": "CITIAEA1"
        },
        {
            "id": 129,
            "bank": "CITIBANK, N.A.",
            "city": "DUBAI",
            "branch": null,
            "swift_code": "CITIAEA10AD"
        },
        {
            "id": 130,
            "bank": "CITIBANK, N.A.",
            "city": "DUBAI",
            "branch": null,
            "swift_code": "CITIAEA1TRD"
        },
        {
            "id": 131,
            "bank": "CITIBANK, N.A.",
            "city": "SHARJAH",
            "branch": null,
            "swift_code": "CITIAEA10AS"
        },
        {
            "id": 132,
            "bank": "COMMERCIAL BANK INTERNATIONAL",
            "city": "ABU DHABI",
            "branch": "(ABU DHABI BRANCH)",
            "swift_code": "CLBIAEADAD1"
        },
        {
            "id": 133,
            "bank": "COMMERCIAL BANK INTERNATIONAL",
            "city": "AL AIN",
            "branch": "(AL AIN BRANCH)",
            "swift_code": "CLBIAEADAN1"
        },
        {
            "id": 134,
            "bank": "COMMERCIAL BANK INTERNATIONAL",
            "city": "DUBAI",
            "branch": "(BUR DUBAI BRANCH)",
            "swift_code": "CLBIAEADDB1"
        },
        {
            "id": 135,
            "bank": "COMMERCIAL BANK INTERNATIONAL",
            "city": "DUBAI",
            "branch": "(SHEIKH ZAID ROAD BRANCH)",
            "swift_code": "CLBIAEADDB2"
        },
        {
            "id": 136,
            "bank": "COMMERCIAL BANK INTERNATIONAL",
            "city": "DUBAI",
            "branch": null,
            "swift_code": "CLBIAEAD"
        },
        {
            "id": 137,
            "bank": "COMMERCIAL BANK INTERNATIONAL",
            "city": "RAS AL KHAIMAH",
            "branch": "(AL MANAR MALL BRANCH)",
            "swift_code": "CLBIAEADRK2"
        },
        {
            "id": 138,
            "bank": "COMMERCIAL BANK INTERNATIONAL",
            "city": "RAS AL KHAIMAH",
            "branch": "(RAS AL KHAIMAH BRANCH)",
            "swift_code": "CLBIAEADRK1"
        },
        {
            "id": 139,
            "bank": "COMMERCIAL BANK INTERNATIONAL",
            "city": "RAS AL KHAIMAH",
            "branch": null,
            "swift_code": "CLBIAEA10AR"
        },
        {
            "id": 140,
            "bank": "COMMERCIAL BANK INTERNATIONAL",
            "city": "SHARJAH",
            "branch": "(SHARJAH BRANCH)",
            "swift_code": "CLBIAEADSH1"
        },
        {
            "id": 141,
            "bank": "COMMERCIAL BANK OF DUBAI",
            "city": "ABU DHABI",
            "branch": "(ABU DHABI BRANCH)",
            "swift_code": "CBDUAEADADH"
        },
        {
            "id": 142,
            "bank": "COMMERCIAL BANK OF DUBAI",
            "city": "AJMAN",
            "branch": null,
            "swift_code": "CBDUAEADAJM"
        },
        {
            "id": 143,
            "bank": "COMMERCIAL BANK OF DUBAI",
            "city": "AL AIN",
            "branch": null,
            "swift_code": "CBDUAEADAIN"
        },
        {
            "id": 144,
            "bank": "COMMERCIAL BANK OF DUBAI",
            "city": "DUBAI",
            "branch": "(AL GARHOUD BRANCH)",
            "swift_code": "CBDUAEADGAR"
        },
        {
            "id": 145,
            "bank": "COMMERCIAL BANK OF DUBAI",
            "city": "DUBAI",
            "branch": "(AL MAKTOUM ST. BRANCH)",
            "swift_code": "CBDUAEADAMS"
        },
        {
            "id": 146,
            "bank": "COMMERCIAL BANK OF DUBAI",
            "city": "DUBAI",
            "branch": "(AL SAFA BRANCH)",
            "swift_code": "CBDUAEADSAF"
        },
        {
            "id": 147,
            "bank": "COMMERCIAL BANK OF DUBAI",
            "city": "DUBAI",
            "branch": "(DEIRA BRANCH)",
            "swift_code": "CBDUAEADDER"
        },
        {
            "id": 148,
            "bank": "COMMERCIAL BANK OF DUBAI",
            "city": "DUBAI",
            "branch": "(DUBAI BRANCH)",
            "swift_code": "CBDUAEADDXB"
        },
        {
            "id": 149,
            "bank": "COMMERCIAL BANK OF DUBAI",
            "city": "DUBAI",
            "branch": "(JEBEL ALI BRANCH)",
            "swift_code": "CBDUAEADJAL"
        },
        {
            "id": 150,
            "bank": "COMMERCIAL BANK OF DUBAI",
            "city": "DUBAI",
            "branch": "(JUMEIRAH BRANCH)",
            "swift_code": "CBDUAEADJUM"
        },
        {
            "id": 151,
            "bank": "COMMERCIAL BANK OF DUBAI",
            "city": "DUBAI",
            "branch": "(SOUQ AL WASL BRANCH)",
            "swift_code": "CBDUAEADSAW"
        },
        {
            "id": 152,
            "bank": "COMMERCIAL BANK OF DUBAI",
            "city": "DUBAI",
            "branch": null,
            "swift_code": "CBDUAEAD"
        },
        {
            "id": 153,
            "bank": "COMMERCIAL BANK OF DUBAI",
            "city": "RAS AL KHAIMAH",
            "branch": "(RAS AL KHAIMAH BRANCH)",
            "swift_code": "CBDUAEADRAK"
        },
        {
            "id": 154,
            "bank": "COMMERCIAL BANK OF DUBAI",
            "city": "SHARJAH",
            "branch": "(SHARJAH BRANCH)",
            "swift_code": "CBDUAEADSHJ"
        },
        {
            "id": 155,
            "bank": "COMMERZBANK AG DUBAI BRANCH",
            "city": "DUBAI",
            "branch": null,
            "swift_code": "COBAAEAD"
        },
        {
            "id": 156,
            "bank": "CORPORATE INTERNATIONAL BUSINESS FINANCE",
            "city": "DUBAI",
            "branch": null,
            "swift_code": "CIBDAEA1"
        },
        {
            "id": 157,
            "bank": "CREDIT AGRICOLE CHEUVREUX MIDDLE EAST",
            "city": "DUBAI",
            "branch": null,
            "swift_code": "CACHAEA1"
        },
        {
            "id": 158,
            "bank": "CREDIT AGRICOLE CIB (DIFC BRANCH, REGULATED BY THEDFSA)",
            "city": "DUBAI",
            "branch": null,
            "swift_code": "BSUIAEAF"
        },
        {
            "id": 159,
            "bank": "CREDIT AGRICOLE CIB (DUBAI BRANCH)",
            "city": "DUBAI",
            "branch": null,
            "swift_code": "BSUIAEAD"
        },
        {
            "id": 160,
            "bank": "CREDIT EUROPE BANK (DUBAI) LTD",
            "city": "DUBAI",
            "branch": null,
            "swift_code": "FBHLAEAD"
        },
        {
            "id": 161,
            "bank": "DBS BANK LTD",
            "city": "DUBAI",
            "branch": null,
            "swift_code": "DBSSAEAD"
        },
        {
            "id": 162,
            "bank": "DESERT EXCHANGE",
            "city": "DUBAI",
            "branch": null,
            "swift_code": "DEEXAEAD"
        },
        {
            "id": 163,
            "bank": "DEUTSCHE BANK AG",
            "city": "ABU DHABI",
            "branch": null,
            "swift_code": "DEUTAEAA"
        },
        {
            "id": 164,
            "bank": "DEUTSCHE BANK AG",
            "city": "DUBAI",
            "branch": null,
            "swift_code": "DEUTAEAD"
        },
        {
            "id": 165,
            "bank": "DINAR EXCHANGE",
            "city": "DUBAI",
            "branch": null,
            "swift_code": "DNARAEA1"
        },
        {
            "id": 166,
            "bank": "DOHA BANK",
            "city": "ABU DHABI",
            "branch": "(BRA)",
            "swift_code": "DOHBAEADABU"
        },
        {
            "id": 167,
            "bank": "DOHA BANK",
            "city": "DUBAI",
            "branch": null,
            "swift_code": "DOHBAEAD"
        },
        {
            "id": 168,
            "bank": "DUBAI BANK PJSC",
            "city": "DUBAI",
            "branch": null,
            "swift_code": "DBXPAEAD"
        },
        {
            "id": 169,
            "bank": "DUBAI EXCHANGE CENTRE L.L.C.",
            "city": "DUBAI",
            "branch": null,
            "swift_code": "DEXEAEAD"
        },
        {
            "id": 170,
            "bank": "DUBAI FINANCIAL MARKET, PJSC.",
            "city": "DUBAI",
            "branch": null,
            "swift_code": "DFMTAEA1"
        },
        {
            "id": 171,
            "bank": "DUBAI GOLD AND COMMODITIES EXCHANGE DMCC",
            "city": "DUBAI",
            "branch": null,
            "swift_code": "DGCXAEAA"
        },
        {
            "id": 172,
            "bank": "DUBAI ISLAMIC BANK",
            "city": "DUBAI",
            "branch": "(DEPARTMENT LETTERS OF CREDIT)",
            "swift_code": "DUIBAEADLCS"
        },
        {
            "id": 173,
            "bank": "DUBAI ISLAMIC BANK",
            "city": "DUBAI",
            "branch": "(DIRECT EQUITIES OPERATIONS)",
            "swift_code": "DUIBAEADDEO"
        },
        {
            "id": 174,
            "bank": "DUBAI ISLAMIC BANK",
            "city": "DUBAI",
            "branch": "(TREASURY DEPARTMENT)",
            "swift_code": "DUIBAEADTOS"
        },
        {
            "id": 175,
            "bank": "DUBAI ISLAMIC BANK",
            "city": "DUBAI",
            "branch": null,
            "swift_code": "DUIBAEAD"
        },
        {
            "id": 176,
            "bank": "DUBAI, FITCH RATINGS LTD (DUBAI BRANCH)",
            "city": "DUBAI",
            "branch": null,
            "swift_code": "FRIPAEA1"
        },
        {
            "id": 177,
            "bank": "DUET MENA LIMITED",
            "city": "DUBAI",
            "branch": null,
            "swift_code": "DUMNAEA1"
        },
        {
            "id": 178,
            "bank": "ECONOMIC EXCHANGE CENTRE",
            "city": "DUBAI",
            "branch": null,
            "swift_code": "ECOXAEAD"
        },
        {
            "id": 179,
            "bank": "ED AND F MAN PROFESSIONAL TRADING (DUBAI) LIMITED",
            "city": "DUBAI",
            "branch": null,
            "swift_code": "MPTDAEA1"
        },
        {
            "id": 180,
            "bank": "EFG-HERMES BROKERAGE - UAE LTD.",
            "city": "DUBAI",
            "branch": null,
            "swift_code": "EFGHAEB1"
        },
        {
            "id": 181,
            "bank": "EFG-HERMES UAE LIMITED",
            "city": "DUBAI",
            "branch": null,
            "swift_code": "EFGHAEA1"
        },
        {
            "id": 182,
            "bank": "EL-NILEIN BANK",
            "city": "ABU DHABI",
            "branch": null,
            "swift_code": "NILBAEAA"
        },
        {
            "id": 183,
            "bank": "EMAAR FINANCIAL SERVICES LLC",
            "city": "DUBAI",
            "branch": null,
            "swift_code": "EMFSAEA1"
        },
        {
            "id": 184,
            "bank": "EMAAR PROPERTIES PJSC",
            "city": "DUBAI",
            "branch": null,
            "swift_code": "EMPPAEAD"
        },
        {
            "id": 185,
            "bank": "EMIRATES BANKS ASSOCIATION",
            "city": "ABU DHABI",
            "branch": null,
            "swift_code": "EMIBAEA1"
        },
        {
            "id": 186,
            "bank": "EMIRATES DEVELOPMENT BANK",
            "city": "ABU DHABI",
            "branch": null,
            "swift_code": "EMDVAEAD"
        },
        {
            "id": 187,
            "bank": "EMIRATES INDIA INTERNATIONAL EXCHANGE",
            "city": "DUBAI",
            "branch": null,
            "swift_code": "EINIAEA1"
        },
        {
            "id": 188,
            "bank": "EMIRATES INDIA INTERNATIONAL EXCHANGE LPC",
            "city": "DUBAI",
            "branch": null,
            "swift_code": "EIIEAEA1"
        },
        {
            "id": 189,
            "bank": "EMIRATES INVESTMENT BANK P.J.S.C.",
            "city": "DUBAI",
            "branch": null,
            "swift_code": "AEINAEAD"
        },
        {
            "id": 190,
            "bank": "EMIRATES ISLAMIC BANK",
            "city": "ABU DHABI",
            "branch": "(SH. RASHID STREET BRANCH)",
            "swift_code": "MEBLAEADADC"
        },
        {
            "id": 191,
            "bank": "EMIRATES ISLAMIC BANK",
            "city": "AL AIN",
            "branch": "(AL JAWAZAT STREET BRANCH)",
            "swift_code": "MEBLAEADAJS"
        },
        {
            "id": 192,
            "bank": "EMIRATES ISLAMIC BANK",
            "city": "DUBAI",
            "branch": "(AL DHIYAFA ROAD BRANCH)",
            "swift_code": "MEBLAEADDFR"
        },
        {
            "id": 193,
            "bank": "EMIRATES ISLAMIC BANK",
            "city": "DUBAI",
            "branch": "(AL RIQA BRANCH)",
            "swift_code": "MEBLAEADRIQ"
        },
        {
            "id": 194,
            "bank": "EMIRATES ISLAMIC BANK",
            "city": "DUBAI",
            "branch": "(BUR DUBAI BRANCH)",
            "swift_code": "MEBLAEADBUD"
        },
        {
            "id": 195,
            "bank": "EMIRATES ISLAMIC BANK",
            "city": "DUBAI",
            "branch": "(MURSHID BAZAR BRANCH)",
            "swift_code": "MEBLAEADMRD"
        },
        {
            "id": 196,
            "bank": "EMIRATES ISLAMIC BANK",
            "city": "DUBAI",
            "branch": null,
            "swift_code": "MEBLAEAD"
        },
        {
            "id": 197,
            "bank": "EMIRATES ISLAMIC BANK",
            "city": "FUJAIRAH",
            "branch": "(FUJAIRAH BRANCH)",
            "swift_code": "MEBLAEADFUJ"
        },
        {
            "id": 198,
            "bank": "EMIRATES ISLAMIC BANK",
            "city": "RAS AL KHAIMAH",
            "branch": "(OMAN STREET BRANCH)",
            "swift_code": "MEBLAEADROS"
        },
        {
            "id": 199,
            "bank": "EMIRATES ISLAMIC BANK",
            "city": "SHARJAH",
            "branch": "(AL BORJ AVENUE BRANCH)",
            "swift_code": "MEBLAEADSBA"
        },
        {
            "id": 200,
            "bank": "EMIRATES ISLAMIC BANK",
            "city": "UMM AL QAIWAIN",
            "branch": "(KING FAISAL STREET BRANCH)",
            "swift_code": "MEBLAEADQFS"
        },
        {
            "id": 201,
            "bank": "EMIRATES NATIONAL BANK LTD",
            "city": "DUBAI",
            "branch": null,
            "swift_code": "ENABAEA1"
        },
        {
            "id": 202,
            "bank": "EMIRATES NBD BANK PJSC",
            "city": "ABU DHABI",
            "branch": "(ABU DHABI BRANCH)",
            "swift_code": "EBILAEADADB"
        },
        {
            "id": 203,
            "bank": "EMIRATES NBD BANK PJSC",
            "city": "DUBAI",
            "branch": "(AL MAKTOUM ROAD BRANCH)",
            "swift_code": "EBILAEADAMR"
        },
        {
            "id": 204,
            "bank": "EMIRATES NBD BANK PJSC",
            "city": "DUBAI",
            "branch": "(AL SOUK BRANCH)",
            "swift_code": "EBILAEADSUK"
        },
        {
            "id": 205,
            "bank": "EMIRATES NBD BANK PJSC",
            "city": "DUBAI",
            "branch": "(BANDER TALEB BRANCH)",
            "swift_code": "EBILAEADBTA"
        },
        {
            "id": 206,
            "bank": "EMIRATES NBD BANK PJSC",
            "city": "DUBAI",
            "branch": "(BENIYAS SQUARE BRANCH)",
            "swift_code": "EBILAEADBSQ"
        },
        {
            "id": 207,
            "bank": "EMIRATES NBD BANK PJSC",
            "city": "DUBAI",
            "branch": "(DUBAI MAIN BRANCH)",
            "swift_code": "EBILAEADDMB"
        },
        {
            "id": 208,
            "bank": "EMIRATES NBD BANK PJSC",
            "city": "DUBAI",
            "branch": "(EMIRATES NBD SECURITIES)",
            "swift_code": "EBILAEADSEC"
        },
        {
            "id": 209,
            "bank": "EMIRATES NBD BANK PJSC",
            "city": "DUBAI",
            "branch": "(GALLERIA BRANCH)",
            "swift_code": "EBILAEADGAL"
        },
        {
            "id": 210,
            "bank": "EMIRATES NBD BANK PJSC",
            "city": "DUBAI",
            "branch": "(GROUP HEAD OFFICE, FINANCE DEPARTMENT)",
            "swift_code": "EBILAEADFIN"
        },
        {
            "id": 211,
            "bank": "EMIRATES NBD BANK PJSC",
            "city": "DUBAI",
            "branch": "(GROUP HEAD OFFICE, TRADE FINANCE SERVICES)",
            "swift_code": "EBILAEADTFS"
        },
        {
            "id": 212,
            "bank": "EMIRATES NBD BANK PJSC",
            "city": "DUBAI",
            "branch": "(HEAD OFFICE)",
            "swift_code": "EBILAEAD"
        },
        {
            "id": 213,
            "bank": "EMIRATES NBD BANK PJSC",
            "city": "DUBAI",
            "branch": "(JEBEL ALI BRANCH)",
            "swift_code": "EBILAEADJAZ"
        },
        {
            "id": 214,
            "bank": "EMIRATES NBD BANK PJSC",
            "city": "DUBAI",
            "branch": "(JUMEIRAH BRANCH)",
            "swift_code": "EBILAEADJUM"
        },
        {
            "id": 215,
            "bank": "EMIRATES NBD BANK PJSC",
            "city": "DUBAI",
            "branch": "(KARAMA BRANCH)",
            "swift_code": "EBILAEADKAM"
        },
        {
            "id": 216,
            "bank": "EMIRATES NBD BANK PJSC",
            "city": "DUBAI",
            "branch": "(QIYADAH BRANCH)",
            "swift_code": "EBILAEADQID"
        },
        {
            "id": 217,
            "bank": "EMIRATES NBD BANK PJSC",
            "city": "DUBAI",
            "branch": "(SATWA BRANCH)",
            "swift_code": "EBILAEADSAT"
        },
        {
            "id": 218,
            "bank": "ETIHAD AIRWAYS",
            "city": "ABU DHABI",
            "branch": null,
            "swift_code": "ETIHAEAD"
        },
        {
            "id": 219,
            "bank": "FEDERAL EXCHANGE",
            "city": "DUBAI",
            "branch": null,
            "swift_code": "FEDXAE21"
        },
        {
            "id": 220,
            "bank": "FEDERAL EXCHANGE",
            "city": "DUBAI",
            "branch": null,
            "swift_code": "FEDXAEA1"
        },
        {
            "id": 221,
            "bank": "FINANCE HOUSE P.J.S.C",
            "city": "ABU DHABI",
            "branch": null,
            "swift_code": "FHOUAEAD"
        },
        {
            "id": 222,
            "bank": "FIRST ABU DHABI BANK PJSC",
            "city": "ABU DHABI",
            "branch": "(ABU DHABI MALL)",
            "swift_code": "NBADAEAAAML"
        },
        {
            "id": 223,
            "bank": "FIRST ABU DHABI BANK PJSC",
            "city": "ABU DHABI",
            "branch": "(AL ETIHAD BRANCH)",
            "swift_code": "NBADAEAADEF"
        },
        {
            "id": 224,
            "bank": "FIRST ABU DHABI BANK PJSC",
            "city": "ABU DHABI",
            "branch": "(AL MIRFA BRANCH)",
            "swift_code": "NBADAEAAMIR"
        },
        {
            "id": 225,
            "bank": "FIRST ABU DHABI BANK PJSC",
            "city": "ABU DHABI",
            "branch": "(AL MUROOR BRANCH)",
            "swift_code": "NBADAEAAMUR"
        },
        {
            "id": 226,
            "bank": "FIRST ABU DHABI BANK PJSC",
            "city": "ABU DHABI",
            "branch": "(AL RUWAIS BRANCH)",
            "swift_code": "NBADAEAARUW"
        },
        {
            "id": 227,
            "bank": "FIRST ABU DHABI BANK PJSC",
            "city": "ABU DHABI",
            "branch": "(AL SALAM STREET BRANCH)",
            "swift_code": "NBADAEAASLM"
        },
        {
            "id": 228,
            "bank": "FIRST ABU DHABI BANK PJSC",
            "city": "ABU DHABI",
            "branch": "(AL SHAHAMA BRANCH)",
            "swift_code": "NBADAEAASHB"
        },
        {
            "id": 229,
            "bank": "FIRST ABU DHABI BANK PJSC",
            "city": "ABU DHABI",
            "branch": "(ARABIAN GULF OFFICE)",
            "swift_code": "NBADAEAAAGO"
        },
        {
            "id": 230,
            "bank": "FIRST ABU DHABI BANK PJSC",
            "city": "ABU DHABI",
            "branch": "(ASSET MANAGEMENT GROUP)",
            "swift_code": "NBADAEAAAMG"
        },
        {
            "id": 231,
            "bank": "FIRST ABU DHABI BANK PJSC",
            "city": "ABU DHABI",
            "branch": "(BANIYAS BRANCH)",
            "swift_code": "NBADAEAABAN"
        },
        {
            "id": 232,
            "bank": "FIRST ABU DHABI BANK PJSC",
            "city": "ABU DHABI",
            "branch": "(BATIN BRANCH)",
            "swift_code": "NBADAEAABAT"
        },
        {
            "id": 233,
            "bank": "FIRST ABU DHABI BANK PJSC",
            "city": "ABU DHABI",
            "branch": "(BETWEEN THE TWO BRIDGES)",
            "swift_code": "NBADAEAABTB"
        },
        {
            "id": 234,
            "bank": "FIRST ABU DHABI BANK PJSC",
            "city": "ABU DHABI",
            "branch": "(CARD CENTRE)",
            "swift_code": "NBADAEAACSU"
        },
        {
            "id": 235,
            "bank": "FIRST ABU DHABI BANK PJSC",
            "city": "ABU DHABI",
            "branch": "(CASH MANAGEMENT SERVICES)",
            "swift_code": "NBADAEAACMS"
        },
        {
            "id": 236,
            "bank": "FIRST ABU DHABI BANK PJSC",
            "city": "ABU DHABI",
            "branch": "(COLLECTION DEPARTMENT, RETAIL OPERATION CENTRE,)",
            "swift_code": "NBADAEAACOL"
        },
        {
            "id": 237,
            "bank": "FIRST ABU DHABI BANK PJSC",
            "city": "ABU DHABI",
            "branch": "(CORNICHE BRANCH)",
            "swift_code": "NBADAEAACOR"
        },
        {
            "id": 238,
            "bank": "FIRST ABU DHABI BANK PJSC",
            "city": "ABU DHABI",
            "branch": "(DAS ISLAND BRANCH)",
            "swift_code": "NBADAEAADAS"
        },
        {
            "id": 239,
            "bank": "FIRST ABU DHABI BANK PJSC",
            "city": "ABU DHABI",
            "branch": "(DELMA BRANCH)",
            "swift_code": "NBADAEAADEL"
        },
        {
            "id": 240,
            "bank": "FIRST ABU DHABI BANK PJSC",
            "city": "ABU DHABI",
            "branch": "(DOMESTIC CAPITAL MARKETS GROUP)",
            "swift_code": "NBADAEAADCM"
        },
        {
            "id": 241,
            "bank": "FIRST ABU DHABI BANK PJSC",
            "city": "ABU DHABI",
            "branch": "(GLOBAL CASH MANAGEMENT (CIBD))",
            "swift_code": "NBADAEAAEST"
        },
        {
            "id": 242,
            "bank": "FIRST ABU DHABI BANK PJSC",
            "city": "ABU DHABI",
            "branch": "(INTERNATIONAL AIRPORT BRANCH)",
            "swift_code": "NBADAEAAAIR"
        },
        {
            "id": 243,
            "bank": "FIRST ABU DHABI BANK PJSC",
            "city": "ABU DHABI",
            "branch": "(INVESTIGATIONS AND FOLLOW-UP UNIT)",
            "swift_code": "NBADAEAAIFU"
        },
        {
            "id": 244,
            "bank": "FIRST ABU DHABI BANK PJSC",
            "city": "ABU DHABI",
            "branch": "(ISLAMIC BANKING DIVISION)",
            "swift_code": "NBADAEAAISD"
        },
        {
            "id": 245,
            "bank": "FIRST ABU DHABI BANK PJSC",
            "city": "ABU DHABI",
            "branch": "(KEY MANAGEMENT AUTHORITY H.O.)",
            "swift_code": "NBADAEAAKMA"
        },
        {
            "id": 246,
            "bank": "FIRST ABU DHABI BANK PJSC",
            "city": "ABU DHABI",
            "branch": "(KHAILIDIYA BRANCH)",
            "swift_code": "NBADAEAAKHB"
        },
        {
            "id": 247,
            "bank": "FIRST ABU DHABI BANK PJSC",
            "city": "ABU DHABI",
            "branch": "(LIWA BRANCH,WESTERN REGION)",
            "swift_code": "NBADAEAALWA"
        },
        {
            "id": 248,
            "bank": "FIRST ABU DHABI BANK PJSC",
            "city": "ABU DHABI",
            "branch": "(MADINAT ZAYED BRANCH)",
            "swift_code": "NBADAEAAMZD"
        },
        {
            "id": 249,
            "bank": "FIRST ABU DHABI BANK PJSC",
            "city": "ABU DHABI",
            "branch": "(MAIN BRANCH)",
            "swift_code": "NBADAEAAKHF"
        },
        {
            "id": 250,
            "bank": "FIRST ABU DHABI BANK PJSC",
            "city": "ABU DHABI",
            "branch": "(MINA ROAD BRANCH)",
            "swift_code": "NBADAEAAMIN"
        },
        {
            "id": 251,
            "bank": "FIRST ABU DHABI BANK PJSC",
            "city": "ABU DHABI",
            "branch": "(MUSSAFAH BRANCH)",
            "swift_code": "NBADAEAAMUS"
        },
        {
            "id": 252,
            "bank": "FIRST ABU DHABI BANK PJSC",
            "city": "ABU DHABI",
            "branch": "(NBAD-DIRECT)",
            "swift_code": "NBADAEAADIR"
        },
        {
            "id": 253,
            "bank": "FIRST ABU DHABI BANK PJSC",
            "city": "ABU DHABI",
            "branch": "(NBAD-ONLINE SERVICE)",
            "swift_code": "NBADAEAAONL"
        },
        {
            "id": 254,
            "bank": "FIRST ABU DHABI BANK PJSC",
            "city": "ABU DHABI",
            "branch": "(NEW AL SHAHAMA BRANCH)",
            "swift_code": "NBADAEAASHM"
        },
        {
            "id": 255,
            "bank": "FIRST ABU DHABI BANK PJSC",
            "city": "ABU DHABI",
            "branch": "(RECONCILIATION DEPARTMENT)",
            "swift_code": "NBADAEAAREC"
        },
        {
            "id": 256,
            "bank": "FIRST ABU DHABI BANK PJSC",
            "city": "ABU DHABI",
            "branch": "(RETAIL OPERATIONS CENTRE)",
            "swift_code": "NBADAEAACPU"
        },
        {
            "id": 257,
            "bank": "FIRST ABU DHABI BANK PJSC",
            "city": "ABU DHABI",
            "branch": "(SECURITIES SERVICES DEPARTMENT)",
            "swift_code": "NBADAEAASSD"
        },
        {
            "id": 258,
            "bank": "FIRST ABU DHABI BANK PJSC",
            "city": "ABU DHABI",
            "branch": "(SH. RASHID ROAD BRANCH)",
            "swift_code": "NBADAEAAFSB"
        },
        {
            "id": 259,
            "bank": "FIRST ABU DHABI BANK PJSC",
            "city": "ABU DHABI",
            "branch": "(SYNDICATION LOANS,)",
            "swift_code": "NBADAEAASYN"
        },
        {
            "id": 260,
            "bank": "FIRST ABU DHABI BANK PJSC",
            "city": "ABU DHABI",
            "branch": "(TRADE FINANCE OPERATIONS)",
            "swift_code": "NBADAEAATFO"
        },
        {
            "id": 261,
            "bank": "FIRST ABU DHABI BANK PJSC",
            "city": "ABU DHABI",
            "branch": "(VOSTRO ACCOUNTS SECTION H.O.)",
            "swift_code": "NBADAEAAVOS"
        },
        {
            "id": 262,
            "bank": "FIRST ABU DHABI BANK PJSC",
            "city": "ABU DHABI",
            "branch": "(WHOLESALE OPERATIONS CENTRE)",
            "swift_code": "NBADAEAACOD"
        },
        {
            "id": 263,
            "bank": "FIRST ABU DHABI BANK PJSC",
            "city": "ABU DHABI",
            "branch": null,
            "swift_code": "FGBMAEAA"
        },
        {
            "id": 264,
            "bank": "FIRST ABU DHABI BANK PJSC",
            "city": "ABU DHABI",
            "branch": null,
            "swift_code": "NBADAEAA"
        },
        {
            "id": 265,
            "bank": "FIRST ABU DHABI BANK PJSC",
            "city": "ABU DHABI",
            "branch": null,
            "swift_code": "NBADAEAB"
        },
        {
            "id": 266,
            "bank": "FIRST ABU DHABI BANK PJSC",
            "city": "AJMAN",
            "branch": "(AJMAN BRANCH)",
            "swift_code": "NBADAEAAAJM"
        },
        {
            "id": 267,
            "bank": "FIRST ABU DHABI BANK PJSC",
            "city": "AL AIN",
            "branch": "(AL AIN BRANCH)",
            "swift_code": "NBADAEAAALN"
        },
        {
            "id": 268,
            "bank": "FIRST ABU DHABI BANK PJSC",
            "city": "AL AIN",
            "branch": "(AL AIN CLOCK TOWER BRANCH)",
            "swift_code": "NBADAEAACLO"
        },
        {
            "id": 269,
            "bank": "FIRST ABU DHABI BANK PJSC",
            "city": "AL AIN",
            "branch": "(AL AIN MALL BRANCH)",
            "swift_code": "NBADAEAAAAM"
        },
        {
            "id": 270,
            "bank": "FIRST ABU DHABI BANK PJSC",
            "city": "AL AIN",
            "branch": "(AL SANAIYA BRANCH)",
            "swift_code": "NBADAEAAASN"
        },
        {
            "id": 271,
            "bank": "FIRST ABU DHABI BANK PJSC",
            "city": "DUBAI",
            "branch": "(AL QUSAIS BRANCH)",
            "swift_code": "NBADAEAAAQB"
        },
        {
            "id": 272,
            "bank": "FIRST ABU DHABI BANK PJSC",
            "city": "DUBAI",
            "branch": "(DEIRA BRANCH)",
            "swift_code": "NBADAEAADEI"
        },
        {
            "id": 273,
            "bank": "FIRST ABU DHABI BANK PJSC",
            "city": "DUBAI",
            "branch": "(DUBAI HEALTH CARE CENTRE)",
            "swift_code": "NBADAEAADHC"
        },
        {
            "id": 274,
            "bank": "FIRST ABU DHABI BANK PJSC",
            "city": "DUBAI",
            "branch": "(DUBAI SIDE BRANCH)",
            "swift_code": "NBADAEAADUB"
        },
        {
            "id": 275,
            "bank": "FIRST ABU DHABI BANK PJSC",
            "city": "DUBAI",
            "branch": "(JEBEL ALI BRANCH)",
            "swift_code": "NBADAEAAJBL"
        },
        {
            "id": 276,
            "bank": "FIRST ABU DHABI BANK PJSC",
            "city": "DUBAI",
            "branch": "(MALL OF THE EMIRATES BRANCH)",
            "swift_code": "NBADAEAAMOE"
        },
        {
            "id": 277,
            "bank": "FIRST ABU DHABI BANK PJSC",
            "city": "DUBAI",
            "branch": "(SH.ZAYED ROAD BRANCH)",
            "swift_code": "NBADAEAASZR"
        },
        {
            "id": 278,
            "bank": "FIRST ABU DHABI BANK PJSC",
            "city": "DUBAI",
            "branch": "(TRADE FINANCE OPERATIONS)",
            "swift_code": "NBADAEAATFN"
        },
        {
            "id": 279,
            "bank": "FIRST ABU DHABI BANK PJSC",
            "city": "FUJAIRAH",
            "branch": "(DIBBA BRANCH)",
            "swift_code": "NBADAEAADIB"
        },
        {
            "id": 280,
            "bank": "FIRST ABU DHABI BANK PJSC",
            "city": "FUJAIRAH",
            "branch": "(FUJAIRAH BRANCH)",
            "swift_code": "NBADAEAAFUJ"
        },
        {
            "id": 281,
            "bank": "FIRST ABU DHABI BANK PJSC",
            "city": "FUJAIRAH",
            "branch": "(QIDFA BRANCH)",
            "swift_code": "NBADAEAAQFA"
        },
        {
            "id": 282,
            "bank": "FIRST ABU DHABI BANK PJSC",
            "city": "RAS AL KHAIMAH",
            "branch": "(AL NAKHEEL BRANCH)",
            "swift_code": "NBADAEAANAK"
        },
        {
            "id": 283,
            "bank": "FIRST ABU DHABI BANK PJSC",
            "city": "RAS AL KHAIMAH",
            "branch": "(RAS AL KHAIMA BRANCH)",
            "swift_code": "NBADAEAARAK"
        },
        {
            "id": 284,
            "bank": "FIRST ABU DHABI BANK PJSC",
            "city": "SHARJAH",
            "branch": "(AL BOURJ AVENUE)",
            "swift_code": "NBADAEAAABA"
        },
        {
            "id": 285,
            "bank": "FIRST ABU DHABI BANK PJSC",
            "city": "SHARJAH",
            "branch": "(AL DHAID BRANCH)",
            "swift_code": "NBADAEAADHD"
        },
        {
            "id": 286,
            "bank": "FIRST ABU DHABI BANK PJSC",
            "city": "SHARJAH",
            "branch": "(KALBA BRANCH)",
            "swift_code": "NBADAEAAKAL"
        },
        {
            "id": 287,
            "bank": "FIRST ABU DHABI BANK PJSC",
            "city": "SHARJAH",
            "branch": "(KHORFAKKAN BRANCH)",
            "swift_code": "NBADAEAAKFN"
        },
        {
            "id": 288,
            "bank": "FIRST ABU DHABI BANK PJSC",
            "city": "SHARJAH",
            "branch": "(SHARJAH BRANCH)",
            "swift_code": "NBADAEAASHA"
        },
        {
            "id": 289,
            "bank": "FIRST ABU DHABI BANK PJSC",
            "city": "SHARJAH",
            "branch": "(SHARJAH INDUSTRIAL AREA)",
            "swift_code": "NBADAEAASIA"
        },
        {
            "id": 290,
            "bank": "FIRST ABU DHABI BANK PJSC",
            "city": "UMM AL QAIWAIN",
            "branch": "(UMM AL QUIWAIN BRANCH)",
            "swift_code": "NBADAEAAUAQ"
        },
        {
            "id": 291,
            "bank": "FIRST GULF FINANCIAL SERVICES",
            "city": "ABU DHABI",
            "branch": null,
            "swift_code": "FGFEAEA1"
        },
        {
            "id": 292,
            "bank": "GCC EXCHANGE",
            "city": "DUBAI",
            "branch": null,
            "swift_code": "GCCEAEAD"
        },
        {
            "id": 293,
            "bank": "GENERAL PENSION AND SOCIAL SECURITY",
            "city": "ABU DHABI",
            "branch": null,
            "swift_code": "GPSSAEAD"
        },
        {
            "id": 294,
            "bank": "GLOBAL INVESTMENT BANK LIMITED",
            "city": "DUBAI",
            "branch": null,
            "swift_code": "RIBBAEAA"
        },
        {
            "id": 295,
            "bank": "GRIMALDI LTD.",
            "city": "RAS AL KHAIMAH",
            "branch": null,
            "swift_code": "GRIIAEA1"
        },
        {
            "id": 296,
            "bank": "GULF EXPRESS EXCHANGE",
            "city": "DUBAI",
            "branch": null,
            "swift_code": "GUEEAEAD"
        },
        {
            "id": 297,
            "bank": "GULF INTERNATIONAL BANK B.S.C.",
            "city": "ABU DHABI",
            "branch": null,
            "swift_code": "GULFAEAA"
        },
        {
            "id": 298,
            "bank": "GULF MERCHANT GROUP LLP",
            "city": "DUBAI",
            "branch": null,
            "swift_code": "GMGLAEA1"
        },
        {
            "id": 299,
            "bank": "GWS MIDDLE EAST FZE",
            "city": "RAS AL KHAIMAH",
            "branch": null,
            "swift_code": "GMEFAEA1"
        },
        {
            "id": 300,
            "bank": "HABIB BANK AG ZURICH",
            "city": "DUBAI",
            "branch": null,
            "swift_code": "HBZUAEAD"
        },
        {
            "id": 301,
            "bank": "HABIB BANK LIMITED",
            "city": "ABU DHABI",
            "branch": null,
            "swift_code": "HABBAEA10AA"
        },
        {
            "id": 302,
            "bank": "HABIB BANK LIMITED",
            "city": "DUBAI",
            "branch": null,
            "swift_code": "HABBAEAD"
        },
        {
            "id": 303,
            "bank": "HABIB BANK LIMITED",
            "city": "SHARJAH",
            "branch": null,
            "swift_code": "HABBAEA10AS"
        },
        {
            "id": 304,
            "bank": "HINDUJA BANK (MIDDLE EAST) LTD",
            "city": "DUBAI",
            "branch": null,
            "swift_code": "ABSGAEAD"
        },
        {
            "id": 305,
            "bank": "HORIZON EXCHANGE",
            "city": "DUBAI",
            "branch": null,
            "swift_code": "HREXAEAD"
        },
        {
            "id": 306,
            "bank": "HSBC BANK MIDDLE EAST LIMITED",
            "city": "ABU DHABI",
            "branch": null,
            "swift_code": "BBMEAEADABU"
        },
        {
            "id": 307,
            "bank": "HSBC BANK MIDDLE EAST LIMITED",
            "city": "AL AIN",
            "branch": null,
            "swift_code": "BBMEAEADALA"
        },
        {
            "id": 308,
            "bank": "HSBC BANK MIDDLE EAST LIMITED",
            "city": "DUBAI",
            "branch": "(DIFC BRANCH)",
            "swift_code": "BBMEAEADDIF"
        },
        {
            "id": 309,
            "bank": "HSBC BANK MIDDLE EAST LIMITED",
            "city": "DUBAI",
            "branch": "(SECURITIES BROKERAGE)",
            "swift_code": "BBMEAEADBDU"
        },
        {
            "id": 310,
            "bank": "HSBC BANK MIDDLE EAST LIMITED",
            "city": "DUBAI",
            "branch": null,
            "swift_code": "BBMEAEAD"
        },
        {
            "id": 311,
            "bank": "HSBC BANK MIDDLE EAST LIMITED",
            "city": "DUBAI",
            "branch": null,
            "swift_code": "HBMEAEAD"
        },
        {
            "id": 312,
            "bank": "HSBC BANK MIDDLE EAST LIMITED",
            "city": "FUJAIRAH",
            "branch": null,
            "swift_code": "BBMEAEADFUJ"
        },
        {
            "id": 313,
            "bank": "HSBC BANK MIDDLE EAST LIMITED",
            "city": "RAS AL KHAIMAH",
            "branch": null,
            "swift_code": "BBMEAEADRKS"
        },
        {
            "id": 314,
            "bank": "HSBC BANK MIDDLE EAST LIMITED",
            "city": "SHARJAH",
            "branch": null,
            "swift_code": "BBMEAEADSHJ"
        },
        {
            "id": 315,
            "bank": "HSBC FINANCIAL SERVICES (MIDDLE EAST) LIMITED",
            "city": "DUBAI",
            "branch": null,
            "swift_code": "WDMEAEA1"
        },
        {
            "id": 316,
            "bank": "HSBC MIDDLE EAST SECURITIES L.L.C (HMES)",
            "city": "DUBAI",
            "branch": null,
            "swift_code": "HMEEAEA1"
        },
        {
            "id": 317,
            "bank": "ICICI BANK LIMITED",
            "city": "DUBAI",
            "branch": "(CENTRAL OPERATIONS)",
            "swift_code": "ICICAEADCOP"
        },
        {
            "id": 318,
            "bank": "ICICI BANK LIMITED",
            "city": "DUBAI",
            "branch": "(GLOBAL TRADE SERVICE UNIT)",
            "swift_code": "ICICAEADGTS"
        },
        {
            "id": 319,
            "bank": "ICICI BANK LIMITED",
            "city": "DUBAI",
            "branch": "(TREASURY)",
            "swift_code": "ICICAEADTMO"
        },
        {
            "id": 320,
            "bank": "ICICI BANK LIMITED",
            "city": "DUBAI",
            "branch": null,
            "swift_code": "ICICAEAD"
        },
        {
            "id": 321,
            "bank": "IDBI BANK LTD",
            "city": "DUBAI",
            "branch": null,
            "swift_code": "IBKLAEAD"
        },
        {
            "id": 322,
            "bank": "INDEX EXCHANGE LLC(FORMERLY HABIB EXCHANGE CO.L.L.C.)",
            "city": "ABU DHABI",
            "branch": null,
            "swift_code": "HEXCAEAA"
        },
        {
            "id": 323,
            "bank": "INDUSTRIAL AND COMMERCIAL BANK OF CHINA LIMITED, DUBAI(DIFC) BRANCH",
            "city": "DUBAI",
            "branch": null,
            "swift_code": "ICBKAEAD"
        },
        {
            "id": 324,
            "bank": "INDUSTRIAL AND COMMERCIAL BANK OF CHINA LIMITED-ABU DHABI BRANCH",
            "city": "ABU DHABI",
            "branch": null,
            "swift_code": "ICBKAEAA"
        },
        {
            "id": 325,
            "bank": "INTERNATIONAL PETROLEUM INVESTMENT COMPANY",
            "city": "ABU DHABI",
            "branch": null,
            "swift_code": "IPIOAEA1"
        },
        {
            "id": 326,
            "bank": "INTESA SANPAOLO - ABU DHABI BRANCH",
            "city": "ABU DHABI",
            "branch": null,
            "swift_code": "BCITAEAB"
        },
        {
            "id": 327,
            "bank": "INTESA SANPAOLO SPA",
            "city": "DUBAI",
            "branch": null,
            "swift_code": "BCITAEAD"
        },
        {
            "id": 328,
            "bank": "INVEST AD",
            "city": "ABU DHABI",
            "branch": null,
            "swift_code": "ADICAEAA"
        },
        {
            "id": 329,
            "bank": "INVESTBANK",
            "city": "SHARJAH",
            "branch": null,
            "swift_code": "IBTFAEAS"
        },
        {
            "id": 330,
            "bank": "ISLAMIC FINANCE HOUSE PVT. JSC",
            "city": "ABU DHABI",
            "branch": null,
            "swift_code": "IFHOAEAA"
        },
        {
            "id": 331,
            "bank": "ITTIHAD INTERNATIONAL INVESTMENT L.L.C.",
            "city": "ABU DHABI",
            "branch": null,
            "swift_code": "IIICAEA1"
        },
        {
            "id": 332,
            "bank": "JANATA BANK",
            "city": "ABU DHABI",
            "branch": "(ABU DHABI BRANCH)",
            "swift_code": "JANBAEAAAUH"
        },
        {
            "id": 333,
            "bank": "JANATA BANK",
            "city": "ABU DHABI",
            "branch": null,
            "swift_code": "JANBAEAA"
        },
        {
            "id": 334,
            "bank": "JANATA BANK",
            "city": "AL AIN",
            "branch": "(AL AIN BRANCH)",
            "swift_code": "JANBAEAAALN"
        },
        {
            "id": 335,
            "bank": "JANATA BANK",
            "city": "DUBAI",
            "branch": "(DUBAI BRANCH)",
            "swift_code": "JANBAEAADXB"
        },
        {
            "id": 336,
            "bank": "JANATA BANK",
            "city": "SHARJAH",
            "branch": "(SHARJAH BRANCH)",
            "swift_code": "JANBAEAASHJ"
        },
        {
            "id": 337,
            "bank": "KATOTA INVESTMENT SECTOR FZE",
            "city": "RAS AL KHAIMAH",
            "branch": null,
            "swift_code": "KISFAEA1"
        },
        {
            "id": 338,
            "bank": "KBC ALDINI CAPITAL LIMITED",
            "city": "DUBAI",
            "branch": null,
            "swift_code": "KBCKAEAD"
        },
        {
            "id": 339,
            "bank": "KEB HANA BANK ABUDHABI BRANCH",
            "city": "ABU DHABI",
            "branch": null,
            "swift_code": "KOEXAEAD"
        },
        {
            "id": 340,
            "bank": "KHALIL AL FARDAN EXCHANGE",
            "city": "DUBAI",
            "branch": null,
            "swift_code": "KHFXAEAD"
        },
        {
            "id": 341,
            "bank": "LANDMARK RETAIL LIMITED",
            "city": "DUBAI",
            "branch": null,
            "swift_code": "LANRAEAD"
        },
        {
            "id": 342,
            "bank": "LARI EXCHANGE",
            "city": "ABU DHABI",
            "branch": null,
            "swift_code": "LAEEAEAA"
        },
        {
            "id": 343,
            "bank": "LIBERTY INTERNATIONAL BANK LIMITED",
            "city": "ABU DHABI",
            "branch": "(ADGM)",
            "swift_code": "LIBLAEAAAGM"
        },
        {
            "id": 344,
            "bank": "LIBERTY INTERNATIONAL BANK LIMITED",
            "city": "ABU DHABI",
            "branch": null,
            "swift_code": "LIBLAEAA"
        },
        {
            "id": 345,
            "bank": "LULU INTERNATIONAL EXCHANGE",
            "city": "ABU DHABI",
            "branch": null,
            "swift_code": "LULUAEAD"
        },
        {
            "id": 346,
            "bank": "MAC CAPITAL LIMITED",
            "city": "DUBAI",
            "branch": null,
            "swift_code": "MCCPAEA1"
        },
        {
            "id": 347,
            "bank": "MAC SHARAF SECURITIES (UAE) LLC.",
            "city": "DUBAI",
            "branch": null,
            "swift_code": "MSSUAEA1"
        },
        {
            "id": 348,
            "bank": "MAJID AL FUTTAIM HOLDING LLC",
            "city": "DUBAI",
            "branch": null,
            "swift_code": "MAFHAEAD"
        },
        {
            "id": 349,
            "bank": "MAKASEB ISLAMIC FINANCIAL SERVICES LLC",
            "city": "ABU DHABI",
            "branch": null,
            "swift_code": "MIFRAEA1"
        },
        {
            "id": 350,
            "bank": "MARKET SECURITIES DUBAI LIMITED",
            "city": "DUBAI",
            "branch": null,
            "swift_code": "MSDLAEA1"
        },
        {
            "id": 351,
            "bank": "MASHREQ SECURITIES LLC",
            "city": "DUBAI",
            "branch": null,
            "swift_code": "MSSLAEA1"
        },
        {
            "id": 352,
            "bank": "MASHREQBANK PSC.",
            "city": "DUBAI",
            "branch": "(FI-CUSTOMER SERVICES)",
            "swift_code": "BOMLAEADCSU"
        },
        {
            "id": 353,
            "bank": "MASHREQBANK PSC.",
            "city": "DUBAI",
            "branch": "(FINANCIAL INSTITUTIONS DIVISION)",
            "swift_code": "BOMLAEADEBC"
        },
        {
            "id": 354,
            "bank": "MASHREQBANK PSC.",
            "city": "DUBAI",
            "branch": "(FOREIGN TRADE CENTRE)",
            "swift_code": "BOMLAEADFTC"
        },
        {
            "id": 355,
            "bank": "MASHREQBANK PSC.",
            "city": "DUBAI",
            "branch": "(HEAD OFFICE)",
            "swift_code": "BOMLAEADHDO"
        },
        {
            "id": 356,
            "bank": "MASHREQBANK PSC.",
            "city": "DUBAI",
            "branch": "(REMITTANCES CENTRE)",
            "swift_code": "BOMLAEADRAM"
        },
        {
            "id": 357,
            "bank": "MASHREQBANK PSC.",
            "city": "DUBAI",
            "branch": "(TREASURY AND INVESTMENT DIVISION)",
            "swift_code": "BOMLAEADTID"
        },
        {
            "id": 358,
            "bank": "MASHREQBANK PSC.",
            "city": "DUBAI",
            "branch": null,
            "swift_code": "BOMLAEAD"
        },
        {
            "id": 359,
            "bank": "MASHREQBANK PSC.",
            "city": "DUBAI",
            "branch": null,
            "swift_code": "BOMLAEADGTS"
        },
        {
            "id": 360,
            "bank": "MCB BANK LIMITED",
            "city": "DUBAI",
            "branch": null,
            "swift_code": "MUCBAEAD"
        },
        {
            "id": 361,
            "bank": "MENA CORP FINANCIAL SERVICES LLC",
            "city": "ABU DHABI",
            "branch": null,
            "swift_code": "MFELAEA1"
        },
        {
            "id": 362,
            "bank": "MERRILL LYNCH INTERNATIONAL",
            "city": "DUBAI",
            "branch": null,
            "swift_code": "MLINAEA1"
        },
        {
            "id": 363,
            "bank": "MIDDLE EAST FINANCIAL BROKERAGE COMPANY, L.L.C",
            "city": "DUBAI",
            "branch": null,
            "swift_code": "MFBCAEA1"
        },
        {
            "id": 364,
            "bank": "MINISTRY OF ENERGY",
            "city": "DUBAI",
            "branch": null,
            "swift_code": "MIEEAEA1"
        },
        {
            "id": 365,
            "bank": "MIRABAUD (MIDDLE EAST) LIMITED",
            "city": "DUBAI",
            "branch": null,
            "swift_code": "MIRAAEAD"
        },
        {
            "id": 366,
            "bank": "MOBIS PARTS MIDDLE EAST FZE",
            "city": "DUBAI",
            "branch": null,
            "swift_code": "HYMOAEA1"
        },
        {
            "id": 367,
            "bank": "MUBADALA DEVELOPMENT COMPANY PJSC",
            "city": "ABU DHABI",
            "branch": null,
            "swift_code": "MUBDAEAA"
        },
        {
            "id": 368,
            "bank": "MUBADALA DEVELOPMENT COMPANY PJSC",
            "city": "ABU DHABI",
            "branch": null,
            "swift_code": "MUBDAEAAIPC"
        },
        {
            "id": 369,
            "bank": "MULTINET TRUST EXCHANGE",
            "city": "DUBAI",
            "branch": null,
            "swift_code": "MULXAEAE"
        },
        {
            "id": 370,
            "bank": "NAEEM SHARES AND BONDS",
            "city": "DUBAI",
            "branch": null,
            "swift_code": "NSHOAEA1"
        },
        {
            "id": 371,
            "bank": "NASDAQ DUBAI LIMITED",
            "city": "DUBAI",
            "branch": null,
            "swift_code": "DIFXAEAA"
        },
        {
            "id": 372,
            "bank": "NASIM AL BARARI EXCHANGE",
            "city": "DUBAI",
            "branch": null,
            "swift_code": "NABEAEA1"
        },
        {
            "id": 373,
            "bank": "NATIONAL BANK OF BAHRAIN",
            "city": "ABU DHABI",
            "branch": null,
            "swift_code": "NBOBAEAA"
        },
        {
            "id": 374,
            "bank": "NATIONAL BANK OF FUJAIRAH",
            "city": "ABU DHABI",
            "branch": "(ABU DHABI BRANCH)",
            "swift_code": "NBFUAEAFAUH"
        },
        {
            "id": 375,
            "bank": "NATIONAL BANK OF FUJAIRAH",
            "city": "DUBAI",
            "branch": "(DUBAI BRANCH)",
            "swift_code": "NBFUAEAFDXB"
        },
        {
            "id": 376,
            "bank": "NATIONAL BANK OF FUJAIRAH",
            "city": "DUBAI",
            "branch": "(JEBEL ALI)",
            "swift_code": "NBFUAEAFJBA"
        },
        {
            "id": 377,
            "bank": "NATIONAL BANK OF FUJAIRAH",
            "city": "FUJAIRAH",
            "branch": "(FUJAIRAH BRANCH)",
            "swift_code": "NBFUAEAFFUJ"
        },
        {
            "id": 378,
            "bank": "NATIONAL BANK OF FUJAIRAH",
            "city": "FUJAIRAH",
            "branch": null,
            "swift_code": "NBFUAEAF"
        },
        {
            "id": 379,
            "bank": "NATIONAL BANK OF FUJAIRAH",
            "city": "SHARJAH",
            "branch": "(SHARJAH BRANCH)",
            "swift_code": "NBFUAEAFSHJ"
        },
        {
            "id": 380,
            "bank": "NATIONAL BANK OF KUWAIT (S.A.K.).",
            "city": "DUBAI",
            "branch": null,
            "swift_code": "NBOKAEAD"
        },
        {
            "id": 381,
            "bank": "NATIONAL BANK OF OMAN",
            "city": "ABU DHABI",
            "branch": null,
            "swift_code": "NBOMAEAD"
        },
        {
            "id": 382,
            "bank": "NATIONAL BANK OF RAS AL-KHAIMAH, THE",
            "city": "RAS AL KHAIMAH",
            "branch": null,
            "swift_code": "NRAKAEAK"
        },
        {
            "id": 383,
            "bank": "NATIONAL BANK OF UMM AL QAIWAIN PSC.",
            "city": "DUBAI",
            "branch": null,
            "swift_code": "UMMQAEAD"
        },
        {
            "id": 384,
            "bank": "NATIONAL BANK OF UMM AL QAIWAIN PSC.",
            "city": "UMM AL QAIWAIN",
            "branch": "(UM AL QAIWAIN PRIVATE PROPERTIES BUILDING)",
            "swift_code": "UMMQAEADFXD"
        },
        {
            "id": 385,
            "bank": "NATIONAL EXCHANGE COMPANY",
            "city": "ABU DHABI",
            "branch": null,
            "swift_code": "NECXAEAD"
        },
        {
            "id": 386,
            "bank": "NATIONAL INVESTMENT AND SECURITIES CORP (NISCORP)",
            "city": "ABU DHABI",
            "branch": null,
            "swift_code": "INSNAEA1"
        },
        {
            "id": 387,
            "bank": "NATIXIS DUBAI",
            "city": "DUBAI",
            "branch": null,
            "swift_code": "NATXAEAD"
        },
        {
            "id": 388,
            "bank": "NOOR BANK P.J.S.C.",
            "city": "DUBAI",
            "branch": null,
            "swift_code": "NISLAEAD"
        },
        {
            "id": 389,
            "bank": "OASIS CAPITAL LIMITED",
            "city": "DUBAI",
            "branch": null,
            "swift_code": "OACAAEA1"
        },
        {
            "id": 390,
            "bank": "OASIS CRESCENT CAPITAL (DIFC) LIMITED",
            "city": "DUBAI",
            "branch": null,
            "swift_code": "OCCDAEA1"
        },
        {
            "id": 391,
            "bank": "ORIENT EXCHANGE CO.(L.L.C.)",
            "city": "DUBAI",
            "branch": null,
            "swift_code": "OECOAEAD"
        },
        {
            "id": 392,
            "bank": "PHOENIX GLOBAL DMCC",
            "city": "DUBAI",
            "branch": null,
            "swift_code": "PGDMAEAD"
        },
        {
            "id": 393,
            "bank": "PRIME EMIRATES L.L.C",
            "city": "ABU DHABI",
            "branch": null,
            "swift_code": "PRELAEA1"
        },
        {
            "id": 394,
            "bank": "PROMETHEUS CAPITAL FINANCE LIMTED",
            "city": "DUBAI",
            "branch": null,
            "swift_code": "PCFIAEA1"
        },
        {
            "id": 395,
            "bank": "PROMETHEUS CAPITAL FINANCE LIMTED",
            "city": "DUBAI",
            "branch": null,
            "swift_code": "PCFIAEAB"
        },
        {
            "id": 396,
            "bank": "PUNJAB NATIONAL BANK",
            "city": "DUBAI",
            "branch": null,
            "swift_code": "PUNBAEAD"
        },
        {
            "id": 397,
            "bank": "QATAR CAPITAL LTD",
            "city": "DUBAI",
            "branch": null,
            "swift_code": "QACAAEA1"
        },
        {
            "id": 398,
            "bank": "REDHA AL ANSARI EXCHANGE",
            "city": "DUBAI",
            "branch": null,
            "swift_code": "RAECAEAD"
        },
        {
            "id": 399,
            "bank": "REYL FINANCE (MEA) LTD",
            "city": "DUBAI",
            "branch": null,
            "swift_code": "REYLAEAD"
        },
        {
            "id": 400,
            "bank": "REYL FINANCE (MEA) LTD",
            "city": "DUBAI",
            "branch": null,
            "swift_code": "REYLAEADIFC"
        },
        {
            "id": 401,
            "bank": "ROYAL BANK OF CANADA",
            "city": "DUBAI",
            "branch": null,
            "swift_code": "ROYCAEA1"
        },
        {
            "id": 402,
            "bank": "SAMBA FINANCIAL GROUP",
            "city": "DUBAI",
            "branch": null,
            "swift_code": "SAMBAEAD"
        },
        {
            "id": 403,
            "bank": "SAMSUNG GULF ELECTRONICS CO., LTD.",
            "city": "DUBAI",
            "branch": "(SGE)",
            "swift_code": "SECTAEA1710"
        },
        {
            "id": 404,
            "bank": "SAMSUNG GULF ELECTRONICS CO., LTD.",
            "city": "DUBAI",
            "branch": null,
            "swift_code": "SECTAEA1"
        },
        {
            "id": 405,
            "bank": "SCT BANKERS",
            "city": "DUBAI",
            "branch": null,
            "swift_code": "SCTSAEA1"
        },
        {
            "id": 406,
            "bank": "SHARAF EXCHANGE LLC",
            "city": "DUBAI",
            "branch": null,
            "swift_code": "SHEXAEA1"
        },
        {
            "id": 407,
            "bank": "SHARJA ISLAMIC FINANCIAL SERVICES",
            "city": "SHARJAH",
            "branch": null,
            "swift_code": "SIFEAEA1"
        },
        {
            "id": 408,
            "bank": "SHARJAH ISLAMIC BANK",
            "city": "SHARJAH",
            "branch": null,
            "swift_code": "NBSHAEAS"
        },
        {
            "id": 409,
            "bank": "SHINHAN BANK CO LTD. DUBAI BRANCH",
            "city": "DUBAI",
            "branch": null,
            "swift_code": "SHBKAEAD"
        },
        {
            "id": 410,
            "bank": "SHUAA CAPITAL P.S.C.",
            "city": "DUBAI",
            "branch": null,
            "swift_code": "AGEIAEA1"
        },
        {
            "id": 411,
            "bank": "SHUAA CAPITAL PSC",
            "city": "DUBAI",
            "branch": null,
            "swift_code": "SHCPAEAD"
        },
        {
            "id": 412,
            "bank": "SIRAJ FINANCE PJSC",
            "city": "ABU DHABI",
            "branch": null,
            "swift_code": "SRAJAEAA"
        },
        {
            "id": 413,
            "bank": "SORINET COMERCIAL TRUST",
            "city": "DUBAI",
            "branch": null,
            "swift_code": "SCERAEA1"
        },
        {
            "id": 414,
            "bank": "STANDARD CHARTERED BANK",
            "city": "ABU DHABI",
            "branch": null,
            "swift_code": "SCBLAEADABD"
        },
        {
            "id": 415,
            "bank": "STANDARD CHARTERED BANK",
            "city": "DUBAI",
            "branch": "(DUBAI INTERNATIONAL FINANCIAL CENTRE - OFFSHORE BANKING)",
            "swift_code": "SCBLAEADDIF"
        },
        {
            "id": 416,
            "bank": "STANDARD CHARTERED BANK",
            "city": "DUBAI",
            "branch": null,
            "swift_code": "SCBLAEAD"
        },
        {
            "id": 417,
            "bank": "STATE BANK OF INDIA",
            "city": "DUBAI",
            "branch": null,
            "swift_code": "SBINAEAD"
        },
        {
            "id": 418,
            "bank": "SULTAN AL THAHAB EXCHANGE",
            "city": "DUBAI",
            "branch": null,
            "swift_code": "SLTXAEAD"
        },
        {
            "id": 419,
            "bank": "SUMITOMO MITSUI BANKING CORPORATION",
            "city": "DUBAI",
            "branch": null,
            "swift_code": "SMBCAEAD"
        },
        {
            "id": 420,
            "bank": "SWISS INVESTMENT BANK PLC",
            "city": "DUBAI",
            "branch": null,
            "swift_code": "FIWSAEA1"
        },
        {
            "id": 421,
            "bank": "TABARAK INVESTMENT CAPITAL LIMITED",
            "city": "DUBAI",
            "branch": null,
            "swift_code": "TIBIAEAD"
        },
        {
            "id": 422,
            "bank": "TABRA AND AL NIBAL EXCHANGE",
            "city": "DUBAI",
            "branch": null,
            "swift_code": "TBRAAEA1"
        },
        {
            "id": 423,
            "bank": "U.A.E. EXCHANGE CENTRE",
            "city": "ABU DHABI",
            "branch": null,
            "swift_code": "UAEXAEAA"
        },
        {
            "id": 424,
            "bank": "UNICREDIT S.P.A.",
            "city": "ABU DHABI",
            "branch": null,
            "swift_code": "UNCRAEAA"
        },
        {
            "id": 425,
            "bank": "UNION BANK OF INDIA DIFC BRANCH",
            "city": "DUBAI",
            "branch": null,
            "swift_code": "UBINAEAD"
        },
        {
            "id": 426,
            "bank": "UNION NATIONAL BANK",
            "city": "ABU DHABI",
            "branch": "(SALAM STREET)",
            "swift_code": "UNBEAEAAQTR"
        },
        {
            "id": 427,
            "bank": "UNION NATIONAL BANK",
            "city": "ABU DHABI",
            "branch": "(TRADE FINANCE SERVICES AREA)",
            "swift_code": "UNBEAEAATFS"
        },
        {
            "id": 428,
            "bank": "UNION NATIONAL BANK",
            "city": "ABU DHABI",
            "branch": null,
            "swift_code": "UNBEAEAA"
        },
        {
            "id": 429,
            "bank": "UNITED ARAB BANK",
            "city": "SHARJAH",
            "branch": null,
            "swift_code": "UARBAEAA"
        },
        {
            "id": 430,
            "bank": "UNITED BANK LTD.",
            "city": "DUBAI",
            "branch": "(UBL, CENTRAL PROCESSING UNIT)",
            "swift_code": "UNILAEADCPU"
        },
        {
            "id": 431,
            "bank": "UNITED BANK LTD.",
            "city": "DUBAI",
            "branch": "(UBL, TRADE FINANCE CENTRE)",
            "swift_code": "UNILAEADTFC"
        },
        {
            "id": 432,
            "bank": "UNITED BANK LTD.",
            "city": "DUBAI",
            "branch": "(UBL, TREASURY OPERATIONS DEPT.)",
            "swift_code": "UNILAEADTRY"
        },
        {
            "id": 433,
            "bank": "UNITED BANK LTD.",
            "city": "DUBAI",
            "branch": null,
            "swift_code": "UNILAEAD"
        },
        {
            "id": 434,
            "bank": "UNITED INVESTMENT BANK LTD.",
            "city": "DUBAI",
            "branch": null,
            "swift_code": "UIBLAEA1"
        },
        {
            "id": 435,
            "bank": "UNIVERSAL EXCHANGE CENTER",
            "city": "DUBAI",
            "branch": null,
            "swift_code": "UECEAEAD"
        },
        {
            "id": 436,
            "bank": "WALL STREET EXCHANGE CENTRE LLC",
            "city": "DUBAI",
            "branch": null,
            "swift_code": "WSEEAEAD"
        },
        {
            "id": 437,
            "bank": "WOORI BANK DUBAI BRANCH",
            "city": "DUBAI",
            "branch": null,
            "swift_code": "HVBKAEAD"
        },
        {
            "id": 438,
            "bank": "ZFP EQUITY TRADING (DUBAI) LIMITED",
            "city": "DUBAI",
            "branch": null,
            "swift_code": "ZETDAEA1"
        }
    ]
}
