{
    "country": "Afghanistan",
    "country_code": "AF",
    "list": [
        {
            "id": 1,
            "bank": "AFGHAN UNITED BANK",
            "city": "KABUL",
            "branch": null,
            "swift_code": "AFGUAFKA"
        },
        {
            "id": 2,
            "bank": "AFGHANISTAN COMMERCIAL BANK",
            "city": "KABUL",
            "branch": null,
            "swift_code": "TBAAAFKA"
        },
        {
            "id": 3,
            "bank": "AFGHANISTAN INTERNATIONAL BANK",
            "city": "KABUL",
            "branch": null,
            "swift_code": "AFIBAFKA"
        },
        {
            "id": 4,
            "bank": "ARIAN BANK",
            "city": "KABUL",
            "branch": null,
            "swift_code": "AFABAFKA"
        },
        {
            "id": 5,
            "bank": "AZIZI BANK",
            "city": "KABUL",
            "branch": null,
            "swift_code": "AZBAAFKA"
        },
        {
            "id": 6,
            "bank": "BAKHTAR BANK",
            "city": "KABUL",
            "branch": null,
            "swift_code": "IBAFAFKA"
        },
        {
            "id": 7,
            "bank": "BANK ALFALAH LIMITED (AFGHANISTAN - KABUL BRANCH)",
            "city": "HERAT",
            "branch": "(AFGHANISTAN - HERAT BRANCH)",
            "swift_code": "ALFHAFKA803"
        },
        {
            "id": 8,
            "bank": "BANK ALFALAH LIMITED (AFGHANISTAN - KABUL BRANCH)",
            "city": "KABUL",
            "branch": null,
            "swift_code": "ALFHAFKA"
        },
        {
            "id": 9,
            "bank": "BANKE MILLIE AFGHAN",
            "city": "KABUL",
            "branch": null,
            "swift_code": "BMAFAFKA"
        },
        {
            "id": 10,
            "bank": "DA AFGHANISTAN BANK",
            "city": "KABUL",
            "branch": null,
            "swift_code": "AFGBAFKA"
        },
        {
            "id": 11,
            "bank": "FIRST MICROFINANCE BANK LTD., THE",
            "city": "KABUL",
            "branch": "(SHASH DARAK KABUL BRANCH)",
            "swift_code": "FMFBAFKA"
        },
        {
            "id": 12,
            "bank": "GHAZANFAR BANK",
            "city": "KABUL",
            "branch": null,
            "swift_code": "GHBKAFKA"
        },
        {
            "id": 13,
            "bank": "GHAZANFAR BANK",
            "city": "KABUL",
            "branch": null,
            "swift_code": "GHBKAFKAISW"
        },
        {
            "id": 14,
            "bank": "HABIB BANK LIMITED",
            "city": "KABUL",
            "branch": null,
            "swift_code": "HABBAFKA"
        },
        {
            "id": 15,
            "bank": "INDUSTRIAL DEVELOPMENT BANK OF AFGHANISTAN",
            "city": "KABUL",
            "branch": null,
            "swift_code": "IDTBAFK1"
        },
        {
            "id": 16,
            "bank": "MAIWAND BANK",
            "city": "KABUL",
            "branch": null,
            "swift_code": "MWBKAFKA"
        },
        {
            "id": 17,
            "bank": "MORTGAGE AND CONSTRUCTION BANK",
            "city": "KABUL",
            "branch": null,
            "swift_code": "CBMOAFK1"
        },
        {
            "id": 18,
            "bank": "NATIONAL BANK OF PAKISTAN, KABUL BRANCH",
            "city": "KABUL",
            "branch": null,
            "swift_code": "NBPAAFKA"
        },
        {
            "id": 19,
            "bank": "NEW KABUL BANK",
            "city": "KABUL",
            "branch": null,
            "swift_code": "KABUAFKA"
        },
        {
            "id": 20,
            "bank": "PASHTANY BANK",
            "city": "KABUL",
            "branch": null,
            "swift_code": "PIBAAFKA"
        }
    ]
}
