{
    "country": "Angola",
    "country_code": "AO",
    "list": [
        {
            "id": 1,
            "bank": "BANCO ANGOLANO DE INVESTIMENTOS, SA",
            "city": "LUANDA",
            "branch": null,
            "swift_code": "BAIPAOLU"
        },
        {
            "id": 2,
            "bank": "BANCO ANGOLANO NEGOCIOS E COMERCIO",
            "city": "LUANDA",
            "branch": null,
            "swift_code": "ANCEAOLU"
        },
        {
            "id": 3,
            "bank": "BANCO BIC, S.A.",
            "city": "LUANDA",
            "branch": null,
            "swift_code": "BCCBAOLU"
        },
        {
            "id": 4,
            "bank": "BANCO CAIXA GERAL DE ANGOLA",
            "city": "LUANDA",
            "branch": null,
            "swift_code": "BCGAAOLU"
        },
        {
            "id": 5,
            "bank": "BANCO COMERCIAL ANGOLANO",
            "city": "LUANDA",
            "branch": null,
            "swift_code": "COMLAOLU"
        },
        {
            "id": 6,
            "bank": "BANCO COMERCIAL DO HUAMBO",
            "city": "HUAMBO",
            "branch": null,
            "swift_code": "BCHUAOLU"
        },
        {
            "id": 7,
            "bank": "BANCO DE DESENVOLVIMENTO DE ANGOLA",
            "city": "LUANDA",
            "branch": null,
            "swift_code": "BDAAAOLU"
        },
        {
            "id": 8,
            "bank": "BANCO DE FOMENTO ANGOLA SA",
            "city": "LUANDA",
            "branch": null,
            "swift_code": "BFABAOL1"
        },
        {
            "id": 9,
            "bank": "BANCO DE FOMENTO SARL ANGOLA",
            "city": "LUANDA",
            "branch": null,
            "swift_code": "BFMXAOLU"
        },
        {
            "id": 10,
            "bank": "BANCO DE INVESTIMENTO RURAL, S.A.",
            "city": "MALANJE",
            "branch": null,
            "swift_code": "BIRVAOLU"
        },
        {
            "id": 11,
            "bank": "BANCO DE NEGOCIOS INTERNACIONAL",
            "city": "LUANDA",
            "branch": null,
            "swift_code": "BNICAOLU"
        },
        {
            "id": 12,
            "bank": "BANCO DE NEGOCIOS INTERNACIONAL",
            "city": "LUANDA",
            "branch": null,
            "swift_code": "BNICAOLU052"
        },
        {
            "id": 13,
            "bank": "BANCO DE POUPANCA E CREDITO SARL",
            "city": "LUANDA",
            "branch": null,
            "swift_code": "CGDIAOL1"
        },
        {
            "id": 14,
            "bank": "BANCO ECONOMICO, S.A.",
            "city": "LUANDA",
            "branch": null,
            "swift_code": "BESCAOLU"
        },
        {
            "id": 15,
            "bank": "BANCO KWANZA INVEST SA",
            "city": "LUANDA",
            "branch": null,
            "swift_code": "BKIAAOLU"
        },
        {
            "id": 16,
            "bank": "BANCO MILLENNIUM ATLANTICO, S.A.",
            "city": "LUANDA",
            "branch": null,
            "swift_code": "PRTLAOLU"
        },
        {
            "id": 17,
            "bank": "BANCO MILLENNIUM ATLANTICO, S.A. (FORMERLY BANCO MILLENNIUM ANGOLA SA)",
            "city": "LUANDA",
            "branch": null,
            "swift_code": "BCOMAOLU"
        },
        {
            "id": 18,
            "bank": "BANCO NACIONAL DE ANGOLA",
            "city": "LUANDA",
            "branch": "(T2S WAVE 1)",
            "swift_code": "BNANAOLU975"
        },
        {
            "id": 19,
            "bank": "BANCO NACIONAL DE ANGOLA",
            "city": "LUANDA",
            "branch": null,
            "swift_code": "BNANAOLD"
        },
        {
            "id": 20,
            "bank": "BANCO NACIONAL DE ANGOLA",
            "city": "LUANDA",
            "branch": null,
            "swift_code": "BNANAOLU"
        },
        {
            "id": 21,
            "bank": "BANCO POSTAL, S.A.",
            "city": "LUANDA",
            "branch": null,
            "swift_code": "POTAAOLU"
        },
        {
            "id": 22,
            "bank": "BANCO PRESTIGIO, SA.",
            "city": "LUANDA",
            "branch": null,
            "swift_code": "PRTSAOLU"
        },
        {
            "id": 23,
            "bank": "BANCO PUNGO ANDONGO SA",
            "city": "LUANDA",
            "branch": null,
            "swift_code": "PUADAOLU"
        },
        {
            "id": 24,
            "bank": "BANCO REGIONAL DO KEVE, SARL",
            "city": "LUANDA",
            "branch": null,
            "swift_code": "BRDKAOLU"
        },
        {
            "id": 25,
            "bank": "BANCO SOL SARL",
            "city": "LUANDA",
            "branch": null,
            "swift_code": "SOLOAOLU"
        },
        {
            "id": 26,
            "bank": "BANCO VALOR BANK",
            "city": "LUANDA",
            "branch": null,
            "swift_code": "BVBXAOLU"
        },
        {
            "id": 27,
            "bank": "BANCO VTB AFRICA, S.A.",
            "city": "LUANDA",
            "branch": null,
            "swift_code": "VTBLAOLU"
        },
        {
            "id": 28,
            "bank": "BANCO YETU, S.A.",
            "city": "LUANDA",
            "branch": null,
            "swift_code": "YETUAOLU"
        },
        {
            "id": 29,
            "bank": "BANK OF CHINA LIMITED LUANDA BRANCH",
            "city": "LUANDA",
            "branch": null,
            "swift_code": "BKCHAOLU"
        },
        {
            "id": 30,
            "bank": "BCI - BANCO DE COMERCIO E INDUSTRIA",
            "city": "LUANDA",
            "branch": null,
            "swift_code": "BCIDAOLU"
        },
        {
            "id": 31,
            "bank": "BMF-BANCO BAI MICROFINANCAS, SARL",
            "city": "LUANDA",
            "branch": null,
            "swift_code": "NOSAAOLU"
        },
        {
            "id": 32,
            "bank": "BOLSA DE DIVIDA E VALORES DE ANGOLA BODIVA SOCIEDADE GESTORA DE MERCADOS REGULAMENTADOS SA",
            "city": "LUANDA",
            "branch": null,
            "swift_code": "BDVAAOLU"
        },
        {
            "id": 33,
            "bank": "BPC-BANCO DE POUPANCA E CREDITO",
            "city": "LUANDA",
            "branch": null,
            "swift_code": "BPCLAOLU"
        },
        {
            "id": 34,
            "bank": "BRITISH AMERICAN TOBACCO ANGOLA LTD",
            "city": "LUANDA",
            "branch": null,
            "swift_code": "BATSAOL1"
        },
        {
            "id": 35,
            "bank": "CREDISUL - BANCO DE CREDITO DO SUL SA",
            "city": "LUANDA",
            "branch": null,
            "swift_code": "CDTSAOLU"
        },
        {
            "id": 36,
            "bank": "FINIBANCO ANGOLA S.A",
            "city": "LUANDA",
            "branch": null,
            "swift_code": "FBCOAOLU"
        },
        {
            "id": 37,
            "bank": "MINISTERIO DAS FINANCAS",
            "city": "LUANDA",
            "branch": null,
            "swift_code": "MDFNAOLU"
        },
        {
            "id": 38,
            "bank": "SOCIEDADA INDUSTRIAL TABACOS ANGOLA LDA",
            "city": "BENGUELA",
            "branch": null,
            "swift_code": "BATSAO41"
        },
        {
            "id": 39,
            "bank": "SOCIEDADE UNIFICANDA TABACOS ANGOLA LDA",
            "city": "LUANDA",
            "branch": null,
            "swift_code": "BATSAO31"
        },
        {
            "id": 40,
            "bank": "STANDARD BANK DE ANGOLA S.A.",
            "city": "LUANDA",
            "branch": null,
            "swift_code": "SBICAOLU"
        },
        {
            "id": 41,
            "bank": "STANDARD CHARTERED BANK ANGOLA SA",
            "city": "LUANDA",
            "branch": null,
            "swift_code": "SCBLAOLU"
        }
    ]
}
