{
    "country": "Argentina",
    "country_code": "AR",
    "list": [
        {
            "id": 1,
            "bank": "ABACO CIA. FINANCIERA S.A.",
            "city": "BUENOS AIRES",
            "branch": null,
            "swift_code": "ACIAARB1"
        },
        {
            "id": 2,
            "bank": "AMERICAN EXPRESS BANK LTD.",
            "city": "BUENOS AIRES",
            "branch": null,
            "swift_code": "AEIBARB1"
        },
        {
            "id": 3,
            "bank": "BALANZ CAPITAL VALORES SA",
            "city": "BUENOS AIRES",
            "branch": null,
            "swift_code": "BAZVARBA"
        },
        {
            "id": 4,
            "bank": "BANCO BICA  S.A.",
            "city": "SANTA FE",
            "branch": null,
            "swift_code": "BICAARBS"
        },
        {
            "id": 5,
            "bank": "BANCO BRADESCO ARGENTINA S\/A",
            "city": "BUENOS AIRES",
            "branch": null,
            "swift_code": "BBDEARBA"
        },
        {
            "id": 6,
            "bank": "BANCO CENTRAL DE LA REPUBLICA ARGENTINA",
            "city": "BUENOS AIRES",
            "branch": null,
            "swift_code": "BCRAARBA"
        },
        {
            "id": 7,
            "bank": "BANCO CMF S.A.",
            "city": "BUENOS AIRES",
            "branch": null,
            "swift_code": "CMFBARBA"
        },
        {
            "id": 8,
            "bank": "BANCO COLUMBIA S.A.",
            "city": "BUENOS AIRES",
            "branch": null,
            "swift_code": "CLLUARB1"
        },
        {
            "id": 9,
            "bank": "BANCO COLUMBIA S.A.",
            "city": "BUENOS AIRES",
            "branch": null,
            "swift_code": "CLLUARBA"
        },
        {
            "id": 10,
            "bank": "BANCO COMAFI S.A.",
            "city": "BUENOS AIRES",
            "branch": null,
            "swift_code": "QUILARBA"
        },
        {
            "id": 11,
            "bank": "BANCO COOPERATIVO DEL ESTE ARGENTINO LTDO.",
            "city": "BUENOS AIRES",
            "branch": null,
            "swift_code": "CESTARB1"
        },
        {
            "id": 12,
            "bank": "BANCO CREDICOOP COOPERATIVO LIMITADO",
            "city": "BUENOS AIRES",
            "branch": null,
            "swift_code": "BCOOARBA"
        },
        {
            "id": 13,
            "bank": "BANCO DE COMERCIO S.A. (FORMERLY METROPOLIS COMPANIA FINANCIERA S.A.)",
            "city": "BUENOS AIRES",
            "branch": null,
            "swift_code": "MCFAARBA"
        },
        {
            "id": 14,
            "bank": "BANCO DE CORRIENTES S.A.",
            "city": "CORRIENTES",
            "branch": null,
            "swift_code": "BCORARBC"
        },
        {
            "id": 15,
            "bank": "BANCO DE FORMOSA S.A.",
            "city": "FORMOSA",
            "branch": null,
            "swift_code": "BFSAARBF"
        },
        {
            "id": 16,
            "bank": "BANCO DE GALICIA Y BUENOS AIRES",
            "city": "BUENOS AIRES",
            "branch": null,
            "swift_code": "GABAARBA"
        },
        {
            "id": 17,
            "bank": "BANCO DE INVERSION Y COMERCIO EXTERIOR S.A.",
            "city": "BUENOS AIRES",
            "branch": null,
            "swift_code": "BICXARBA"
        },
        {
            "id": 18,
            "bank": "BANCO DE LA CIUDAD DE BUENOS AIRES",
            "city": "BUENOS AIRES",
            "branch": null,
            "swift_code": "BACIARBA"
        },
        {
            "id": 19,
            "bank": "BANCO DE LA NACION ARGENTINA",
            "city": "BAHIA BLANCA",
            "branch": "(BAHIA BLANCA BRANCH)",
            "swift_code": "NACNARBABAH"
        },
        {
            "id": 20,
            "bank": "BANCO DE LA NACION ARGENTINA",
            "city": "BUENOS AIRES",
            "branch": "(CASA CENTRAL)",
            "swift_code": "NACNARBACCL"
        },
        {
            "id": 21,
            "bank": "BANCO DE LA NACION ARGENTINA",
            "city": "BUENOS AIRES",
            "branch": null,
            "swift_code": "NACNARBA"
        },
        {
            "id": 22,
            "bank": "BANCO DE LA NACION ARGENTINA",
            "city": "CONCORDIA",
            "branch": "(CONCORDIA BRANCH)",
            "swift_code": "NACNARBACON"
        },
        {
            "id": 23,
            "bank": "BANCO DE LA NACION ARGENTINA",
            "city": "CORDOBA",
            "branch": "(CORDOBA BRANCH)",
            "swift_code": "NACNARBACOR"
        },
        {
            "id": 24,
            "bank": "BANCO DE LA NACION ARGENTINA",
            "city": "CORRIENTES",
            "branch": "(CORRIENTES BRANCH)",
            "swift_code": "NACNARBACTS"
        },
        {
            "id": 25,
            "bank": "BANCO DE LA NACION ARGENTINA",
            "city": "MAR DEL PLATA",
            "branch": "(MAR DEL PLATA BRANCH)",
            "swift_code": "NACNARBAMPL"
        },
        {
            "id": 26,
            "bank": "BANCO DE LA NACION ARGENTINA",
            "city": "MENDOZA",
            "branch": "(MENDOZA BRANCH)",
            "swift_code": "NACNARBAMEN"
        },
        {
            "id": 27,
            "bank": "BANCO DE LA NACION ARGENTINA",
            "city": "NEUQUEN",
            "branch": "(NEUQUEN BRANCH)",
            "swift_code": "NACNARBANEU"
        },
        {
            "id": 28,
            "bank": "BANCO DE LA NACION ARGENTINA",
            "city": "PERGAMINO",
            "branch": "(PERGAMINO BRANCH)",
            "swift_code": "NACNARBAPER"
        },
        {
            "id": 29,
            "bank": "BANCO DE LA NACION ARGENTINA",
            "city": "POSADAS",
            "branch": "(POSADAS BRANCH)",
            "swift_code": "NACNARBAPOS"
        },
        {
            "id": 30,
            "bank": "BANCO DE LA NACION ARGENTINA",
            "city": "RAFAELA",
            "branch": "(RAFAELA BRANCH)",
            "swift_code": "NACNARBARAF"
        },
        {
            "id": 31,
            "bank": "BANCO DE LA NACION ARGENTINA",
            "city": "RECONQUISTA",
            "branch": "(RECONQUISTA BRANCH)",
            "swift_code": "NACNARBAREC"
        },
        {
            "id": 32,
            "bank": "BANCO DE LA NACION ARGENTINA",
            "city": "RIO CUARTO",
            "branch": "(RIO CUARTO BRANCH)",
            "swift_code": "NACNARBARCU"
        },
        {
            "id": 33,
            "bank": "BANCO DE LA NACION ARGENTINA",
            "city": "ROSARIO",
            "branch": "(ROSARIO BRANCH)",
            "swift_code": "NACNARBAROS"
        },
        {
            "id": 34,
            "bank": "BANCO DE LA NACION ARGENTINA",
            "city": "SALTA",
            "branch": "(SALTA BRANCH)",
            "swift_code": "NACNARBASAL"
        },
        {
            "id": 35,
            "bank": "BANCO DE LA NACION ARGENTINA",
            "city": "SAN JUAN",
            "branch": "(SAN JUAN BRANCH)",
            "swift_code": "NACNARBASJU"
        },
        {
            "id": 36,
            "bank": "BANCO DE LA NACION ARGENTINA",
            "city": "SAN MIGUEL DE TUCUMAN",
            "branch": "(SAN MIGUEL DE TUCUMAN BRANCH)",
            "swift_code": "NACNARBASMT"
        },
        {
            "id": 37,
            "bank": "BANCO DE LA NACION ARGENTINA",
            "city": "SAN RAFAEL",
            "branch": "(SAN RAFAEL BRANCH)",
            "swift_code": "NACNARBASRA"
        },
        {
            "id": 38,
            "bank": "BANCO DE LA NACION ARGENTINA",
            "city": "SANTA FE",
            "branch": "(SANTA FE BRANCH)",
            "swift_code": "NACNARBASFE"
        },
        {
            "id": 39,
            "bank": "BANCO DE LA NACION ARGENTINA",
            "city": "VILLA MARIA",
            "branch": "(VILLA MARIA BRANCH)",
            "swift_code": "NACNARBAVMA"
        },
        {
            "id": 40,
            "bank": "BANCO DE LA PAMPA S.E.M.",
            "city": "BUENOS AIRES",
            "branch": null,
            "swift_code": "PAMPARBA"
        },
        {
            "id": 41,
            "bank": "BANCO DE LA PAMPA S.E.M.",
            "city": "GENERAL PICO",
            "branch": null,
            "swift_code": "PAMPARBA200"
        },
        {
            "id": 42,
            "bank": "BANCO DE LA PAMPA S.E.M.",
            "city": "SANTA ROSA",
            "branch": null,
            "swift_code": "PAMPARBA001"
        },
        {
            "id": 43,
            "bank": "BANCO DE LA PROVINCIA DE BUENOS AIRES",
            "city": "BAHIA BLANCA",
            "branch": "(BAHIA BLANCA BRANCH)",
            "swift_code": "PRBAARBABAH"
        },
        {
            "id": 44,
            "bank": "BANCO DE LA PROVINCIA DE BUENOS AIRES",
            "city": "BUENOS AIRES",
            "branch": "(DEPARTAMENTO DE CONTABILIDAD INTERNATIONAL BRANCH)",
            "swift_code": "PRBAARBADIV"
        },
        {
            "id": 45,
            "bank": "BANCO DE LA PROVINCIA DE BUENOS AIRES",
            "city": "BUENOS AIRES",
            "branch": null,
            "swift_code": "PRBAARBA"
        },
        {
            "id": 46,
            "bank": "BANCO DE LA PROVINCIA DE BUENOS AIRES",
            "city": "LA PLATA",
            "branch": "(LA PLATA HOUSE)",
            "swift_code": "PRBAARBALPT"
        },
        {
            "id": 47,
            "bank": "BANCO DE LA PROVINCIA DE BUENOS AIRES",
            "city": "MAR DEL PLATA",
            "branch": null,
            "swift_code": "PRBAARBAMP1"
        },
        {
            "id": 48,
            "bank": "BANCO DE LA PROVINCIA DE CORDOBA",
            "city": "BUENOS AIRES",
            "branch": null,
            "swift_code": "CORDARBA"
        },
        {
            "id": 49,
            "bank": "BANCO DE LA PROVINCIA DE CORDOBA",
            "city": "CORDOBA",
            "branch": "(GERENCIA DE COMERCIO EXTERIOR)",
            "swift_code": "CORDARBACOR"
        },
        {
            "id": 50,
            "bank": "BANCO DE LA PROVINCIA DEL NEUQUEN S.A.",
            "city": "BUENOS AIRES",
            "branch": null,
            "swift_code": "BPNEARBA"
        },
        {
            "id": 51,
            "bank": "BANCO DE LA REPUBLICA ORIENTAL DEL URUGUAY",
            "city": "BUENOS AIRES",
            "branch": null,
            "swift_code": "BROUARBA"
        },
        {
            "id": 52,
            "bank": "BANCO DE SAN JUAN SA",
            "city": "SAN JUAN",
            "branch": null,
            "swift_code": "BSJUARBJ"
        },
        {
            "id": 53,
            "bank": "BANCO DE SANTA CRUZ S A",
            "city": "RIO GALLEGOS",
            "branch": null,
            "swift_code": "BPSCARBA"
        },
        {
            "id": 54,
            "bank": "BANCO DE SERVICIOS Y TRANSACCIONES SA",
            "city": "BUENOS AIRES",
            "branch": null,
            "swift_code": "BSTIARBA"
        },
        {
            "id": 55,
            "bank": "BANCO DE VALORES",
            "city": "BUENOS AIRES",
            "branch": null,
            "swift_code": "BAVAARBA"
        },
        {
            "id": 56,
            "bank": "BANCO DEL CHUBUT S.A.",
            "city": "BUENOS AIRES",
            "branch": null,
            "swift_code": "BPCHARBA"
        },
        {
            "id": 57,
            "bank": "BANCO DEL TUCUMAN S.A.",
            "city": "SAN MIGUEL DE TUCUMAN",
            "branch": null,
            "swift_code": "BDTUARBM"
        },
        {
            "id": 58,
            "bank": "BANCO FINANSUR S.A.",
            "city": "BUENOS AIRES",
            "branch": null,
            "swift_code": "BFSUARBA"
        },
        {
            "id": 59,
            "bank": "BANCO HIPOTECARIO S.A.",
            "city": "BUENOS AIRES",
            "branch": null,
            "swift_code": "BHIPARBA"
        },
        {
            "id": 60,
            "bank": "BANCO INDUSTRIAL S.A.",
            "city": "BUENOS AIRES",
            "branch": null,
            "swift_code": "NBIAARBA"
        },
        {
            "id": 61,
            "bank": "BANCO INTERAMERICANO DE DESARROLLO",
            "city": "BUENOS AIRES",
            "branch": null,
            "swift_code": "IDESARB1"
        },
        {
            "id": 62,
            "bank": "BANCO INTERFINANZAS S.A.",
            "city": "BUENOS AIRES",
            "branch": null,
            "swift_code": "BIINARBA"
        },
        {
            "id": 63,
            "bank": "BANCO ITAU ARGENTINA S.A.",
            "city": "BUENOS AIRES",
            "branch": null,
            "swift_code": "ITAUARBA"
        },
        {
            "id": 64,
            "bank": "BANCO JULIO SOCIEDAD ANONIMA",
            "city": "CORDOBA",
            "branch": null,
            "swift_code": "BJULARBC"
        },
        {
            "id": 65,
            "bank": "BANCO MACRO S.A.",
            "city": "BUENOS AIRES",
            "branch": null,
            "swift_code": "BOSUARBA"
        },
        {
            "id": 66,
            "bank": "BANCO MARIVA S.A.",
            "city": "BUENOS AIRES",
            "branch": null,
            "swift_code": "MARIARBA"
        },
        {
            "id": 67,
            "bank": "BANCO MERCURIO S.A.",
            "city": "BUENOS AIRES",
            "branch": null,
            "swift_code": "CMERARB1"
        },
        {
            "id": 68,
            "bank": "BANCO MERIDIAN S.A.",
            "city": "BUENOS AIRES",
            "branch": null,
            "swift_code": "BMRDARBA"
        },
        {
            "id": 69,
            "bank": "BANCO MUNICIPAL DE ROSARIO",
            "city": "ROSARIO",
            "branch": null,
            "swift_code": "MUNRARBR"
        },
        {
            "id": 70,
            "bank": "BANCO PATAGONIA S.A.",
            "city": "BUENOS AIRES",
            "branch": null,
            "swift_code": "BSUDARBA"
        },
        {
            "id": 71,
            "bank": "BANCO PIANO S.A.",
            "city": "BUENOS AIRES",
            "branch": null,
            "swift_code": "BAPIARBA"
        },
        {
            "id": 72,
            "bank": "BANCO PROVINCIA DE TIERRA DEL FUEGO",
            "city": "BUENOS AIRES",
            "branch": null,
            "swift_code": "TTFAARBA"
        },
        {
            "id": 73,
            "bank": "BANCO ROELA S.A.",
            "city": "BUENOS AIRES",
            "branch": null,
            "swift_code": "ROEBARB10BA"
        },
        {
            "id": 74,
            "bank": "BANCO ROELA S.A.",
            "city": "CORDOBA",
            "branch": "(SUCURSAL ALEM)",
            "swift_code": "ROEBARB10B2"
        },
        {
            "id": 75,
            "bank": "BANCO ROELA S.A.",
            "city": "CORDOBA",
            "branch": "(SUCURSAL JUSTO)",
            "swift_code": "ROEBARB10B3"
        },
        {
            "id": 76,
            "bank": "BANCO ROELA S.A.",
            "city": "CORDOBA",
            "branch": "(SUCURSAL SAN MARTIN)",
            "swift_code": "ROEBARB10B4"
        },
        {
            "id": 77,
            "bank": "BANCO ROELA S.A.",
            "city": "CORDOBA",
            "branch": null,
            "swift_code": "ROEBARB1"
        },
        {
            "id": 78,
            "bank": "BANCO SAENZ S.A.",
            "city": "BUENOS AIRES",
            "branch": null,
            "swift_code": "BSAEARBA"
        },
        {
            "id": 79,
            "bank": "BANCO SANTANDER RIO S.A.",
            "city": "BUENOS AIRES",
            "branch": "(SECURITIES SERVICES SYSTEM)",
            "swift_code": "BSCHARBASSS"
        },
        {
            "id": 80,
            "bank": "BANCO SANTANDER RIO S.A.",
            "city": "BUENOS AIRES",
            "branch": null,
            "swift_code": "BSCHARBA"
        },
        {
            "id": 81,
            "bank": "BANCO SUPERVIELLE",
            "city": "BUENOS AIRES",
            "branch": "(DTO. COMERCIO EXTERIOR)",
            "swift_code": "BSUPARBAEXT"
        },
        {
            "id": 82,
            "bank": "BANCO SUPERVIELLE",
            "city": "BUENOS AIRES",
            "branch": "(DTO. OPERACIONES DE MERCADO)",
            "swift_code": "BSUPARBAFIN"
        },
        {
            "id": 83,
            "bank": "BANCO SUPERVIELLE",
            "city": "BUENOS AIRES",
            "branch": "(DTO. OPERACIONES DE TITULOS)",
            "swift_code": "BSUPARBATIT"
        },
        {
            "id": 84,
            "bank": "BANCO SUPERVIELLE",
            "city": "BUENOS AIRES",
            "branch": "(OPERACIONES CENTRALIZADAS)",
            "swift_code": "BSUPARBADOC"
        },
        {
            "id": 85,
            "bank": "BANCO SUPERVIELLE",
            "city": "BUENOS AIRES",
            "branch": null,
            "swift_code": "BSUPARBA"
        },
        {
            "id": 86,
            "bank": "BANCO VOII S.A.",
            "city": "BUENOS AIRES",
            "branch": null,
            "swift_code": "VOIBARBA"
        },
        {
            "id": 87,
            "bank": "BANK OF TOKYO-MITSUBISHI UFJ, LTD., THE",
            "city": "BUENOS AIRES",
            "branch": "(BUENOS AIRES BRANCH)",
            "swift_code": "BOTKARBA"
        },
        {
            "id": 88,
            "bank": "BANKERS TRUST ARGENTINA S.A., SOCIEDAD DE BOLSA",
            "city": "BUENOS AIRES",
            "branch": null,
            "swift_code": "BTABARB1"
        },
        {
            "id": 89,
            "bank": "BANKERS TRUST RIO DE LA PLATA SACF",
            "city": "BUENOS AIRES",
            "branch": null,
            "swift_code": "BKTRARB1"
        },
        {
            "id": 90,
            "bank": "BBVA - BANCO FRANCES S.A.",
            "city": "BUENOS AIRES",
            "branch": null,
            "swift_code": "BFRPARBA"
        },
        {
            "id": 91,
            "bank": "BBVA - BANCO FRANCES S.A.",
            "city": "CORDOBA",
            "branch": null,
            "swift_code": "BFRPARB10BC"
        },
        {
            "id": 92,
            "bank": "BBVA - BANCO FRANCES S.A.",
            "city": "MAR DEL PLATA",
            "branch": null,
            "swift_code": "BFRPARB10B6"
        },
        {
            "id": 93,
            "bank": "BBVA - BANCO FRANCES S.A.",
            "city": "PASO DE LOS LIBRES",
            "branch": null,
            "swift_code": "BFRPARB10B7"
        },
        {
            "id": 94,
            "bank": "BBVA - BANCO FRANCES S.A.",
            "city": "ROSARIO",
            "branch": null,
            "swift_code": "BFRPARB10BR"
        },
        {
            "id": 95,
            "bank": "BELL INVESTMENTS S.A.",
            "city": "BUENOS AIRES",
            "branch": null,
            "swift_code": "BENNARB1"
        },
        {
            "id": 96,
            "bank": "BNP PARIBAS - SUCCURSALE DE BUENOS AIRES",
            "city": "BUENOS AIRES",
            "branch": null,
            "swift_code": "BNPAARBA"
        },
        {
            "id": 97,
            "bank": "BOLSA DE COMERCIO ROSARIO",
            "city": "ROSARIO",
            "branch": null,
            "swift_code": "XROSARB1"
        },
        {
            "id": 98,
            "bank": "BOSTON INVERSORA DE VALORES S.A.",
            "city": "BUENOS AIRES",
            "branch": null,
            "swift_code": "BOIVARB1"
        },
        {
            "id": 99,
            "bank": "CAJA DE VALORES S.A.",
            "city": "BUENOS AIRES",
            "branch": null,
            "swift_code": "CAVLARBA"
        },
        {
            "id": 100,
            "bank": "CAMBIO ALPE S.A.",
            "city": "BUENOS AIRES",
            "branch": null,
            "swift_code": "CALPARB1"
        },
        {
            "id": 101,
            "bank": "CAMBIO EXCURSIONES TURISMO COLUMBUS S.A.",
            "city": "BUENOS AIRES",
            "branch": null,
            "swift_code": "COLUARBA"
        },
        {
            "id": 102,
            "bank": "CAMBIO GARCIA NAVARRO, RAMAGLIO Y CIA. S.A.",
            "city": "MAR DEL PLATA",
            "branch": null,
            "swift_code": "CGNRARBA"
        },
        {
            "id": 103,
            "bank": "CAPITAL MARKETS",
            "city": "BUENOS AIRES",
            "branch": null,
            "swift_code": "CAKRARB1"
        },
        {
            "id": 104,
            "bank": "CASA LERCHUNDI SACIF",
            "city": "CORDOBA",
            "branch": null,
            "swift_code": "CALSARB1"
        },
        {
            "id": 105,
            "bank": "CITIBANK N.A.",
            "city": "BUENOS AIRES",
            "branch": null,
            "swift_code": "CITIARBA"
        },
        {
            "id": 106,
            "bank": "CORPORACION DE SERVICIOS FINANCIEROS S.A.",
            "city": "BUENOS AIRES",
            "branch": null,
            "swift_code": "FSERARB1"
        },
        {
            "id": 107,
            "bank": "FINANCIERA BUENOS AIRES S.A.L. Y C.",
            "city": "BUENOS AIRES",
            "branch": null,
            "swift_code": "BUEAARB1"
        },
        {
            "id": 108,
            "bank": "FITCH ARGENTINA CALIFICADORA DE RIESGO S.A.",
            "city": "BUENOS AIRES",
            "branch": null,
            "swift_code": "FRIPARB1"
        },
        {
            "id": 109,
            "bank": "GARCIA NAVARROY CIA. S.A.",
            "city": "BAHIA BLANCA",
            "branch": null,
            "swift_code": "GANCARB1"
        },
        {
            "id": 110,
            "bank": "HSBC BANK ARGENTINA SA",
            "city": "AVELLANEDA",
            "branch": "(AVELLANEDA BRANCH)",
            "swift_code": "BACOARB10B7"
        },
        {
            "id": 111,
            "bank": "HSBC BANK ARGENTINA SA",
            "city": "BOULOGNE-SUR-MER",
            "branch": "(SHOPPING SOLEIL BRANCH)",
            "swift_code": "BACOARB10BV"
        },
        {
            "id": 112,
            "bank": "HSBC BANK ARGENTINA SA",
            "city": "BUENOS AIRES",
            "branch": "(ALTO PALERMO BRANCH)",
            "swift_code": "BACOARB10B8"
        },
        {
            "id": 113,
            "bank": "HSBC BANK ARGENTINA SA",
            "city": "BUENOS AIRES",
            "branch": "(AVENIDA DE MAYO BRANCH)",
            "swift_code": "BACOARB10BB"
        },
        {
            "id": 114,
            "bank": "HSBC BANK ARGENTINA SA",
            "city": "BUENOS AIRES",
            "branch": "(BELGRANO BRANCH)",
            "swift_code": "BACOARB10BD"
        },
        {
            "id": 115,
            "bank": "HSBC BANK ARGENTINA SA",
            "city": "BUENOS AIRES",
            "branch": "(CABILDO BRANCH)",
            "swift_code": "BACOARB10BE"
        },
        {
            "id": 116,
            "bank": "HSBC BANK ARGENTINA SA",
            "city": "BUENOS AIRES",
            "branch": "(CAPITAL MARKETS DEPARTMENT)",
            "swift_code": "BACOARBARCM"
        },
        {
            "id": 117,
            "bank": "HSBC BANK ARGENTINA SA",
            "city": "BUENOS AIRES",
            "branch": "(CENTRO BRANCH)",
            "swift_code": "BACOARB10BF"
        },
        {
            "id": 118,
            "bank": "HSBC BANK ARGENTINA SA",
            "city": "BUENOS AIRES",
            "branch": "(CONSTITUCION BRANCH)",
            "swift_code": "BACOARB10BG"
        },
        {
            "id": 119,
            "bank": "HSBC BANK ARGENTINA SA",
            "city": "BUENOS AIRES",
            "branch": "(LAS HERAS BRANCH)",
            "swift_code": "BACOARB10BJ"
        },
        {
            "id": 120,
            "bank": "HSBC BANK ARGENTINA SA",
            "city": "BUENOS AIRES",
            "branch": "(LINIERS BRANCH)",
            "swift_code": "BACOARB10BK"
        },
        {
            "id": 121,
            "bank": "HSBC BANK ARGENTINA SA",
            "city": "BUENOS AIRES",
            "branch": "(NUNEZ BRANCH)",
            "swift_code": "BACOARB10BM"
        },
        {
            "id": 122,
            "bank": "HSBC BANK ARGENTINA SA",
            "city": "BUENOS AIRES",
            "branch": "(ONCE BRANCH)",
            "swift_code": "BACOARB10BP"
        },
        {
            "id": 123,
            "bank": "HSBC BANK ARGENTINA SA",
            "city": "BUENOS AIRES",
            "branch": "(PALERMO BRANCH)",
            "swift_code": "BACOARB10BQ"
        },
        {
            "id": 124,
            "bank": "HSBC BANK ARGENTINA SA",
            "city": "BUENOS AIRES",
            "branch": "(SAAVEDRA BRANCH)",
            "swift_code": "BACOARB10BR"
        },
        {
            "id": 125,
            "bank": "HSBC BANK ARGENTINA SA",
            "city": "BUENOS AIRES",
            "branch": "(TRIBUNALES BRANCH)",
            "swift_code": "BACOARB10BW"
        },
        {
            "id": 126,
            "bank": "HSBC BANK ARGENTINA SA",
            "city": "BUENOS AIRES",
            "branch": "(VILLA CRESPO BRANCH)",
            "swift_code": "BACOARB10BZ"
        },
        {
            "id": 127,
            "bank": "HSBC BANK ARGENTINA SA",
            "city": "BUENOS AIRES",
            "branch": null,
            "swift_code": "BACOARBA"
        },
        {
            "id": 128,
            "bank": "HSBC BANK ARGENTINA SA",
            "city": "CONCEPCION DEL URUGUAY",
            "branch": "(CONCEPCION BRANCH)",
            "swift_code": "BACOARB10B6"
        },
        {
            "id": 129,
            "bank": "HSBC BANK ARGENTINA SA",
            "city": "CORDOBA",
            "branch": null,
            "swift_code": "BACOARB10BC"
        },
        {
            "id": 130,
            "bank": "HSBC BANK ARGENTINA SA",
            "city": "FLORIDA",
            "branch": "(FLORIDA BRANCH)",
            "swift_code": "BACOARB10BH"
        },
        {
            "id": 131,
            "bank": "HSBC BANK ARGENTINA SA",
            "city": "LA PLATA",
            "branch": "(LA PLATA BRANCH)",
            "swift_code": "BACOARB10BI"
        },
        {
            "id": 132,
            "bank": "HSBC BANK ARGENTINA SA",
            "city": "LOMAS DE ZAMORA",
            "branch": null,
            "swift_code": "BACOARB1023"
        },
        {
            "id": 133,
            "bank": "HSBC BANK ARGENTINA SA",
            "city": "MAR DEL PLATA",
            "branch": "(MAR DEL PLATA BRANCH)",
            "swift_code": "BACOARB10BL"
        },
        {
            "id": 134,
            "bank": "HSBC BANK ARGENTINA SA",
            "city": "MENDOZA",
            "branch": null,
            "swift_code": "BACOARB10B2"
        },
        {
            "id": 135,
            "bank": "HSBC BANK ARGENTINA SA",
            "city": "OLIVOS",
            "branch": "(OLIVOS BRANCH)",
            "swift_code": "BACOARB10BN"
        },
        {
            "id": 136,
            "bank": "HSBC BANK ARGENTINA SA",
            "city": "RESISTENCIA",
            "branch": "(RESISTENCIA BRANCH)",
            "swift_code": "BACOARB1024"
        },
        {
            "id": 137,
            "bank": "HSBC BANK ARGENTINA SA",
            "city": "ROSARIO",
            "branch": null,
            "swift_code": "BACOARB10B3"
        },
        {
            "id": 138,
            "bank": "HSBC BANK ARGENTINA SA",
            "city": "SALTA",
            "branch": null,
            "swift_code": "BACOARB10B4"
        },
        {
            "id": 139,
            "bank": "HSBC BANK ARGENTINA SA",
            "city": "SAN FERNANDO",
            "branch": "(SAN FERNANDO BRANCH)",
            "swift_code": "BACOARB10BS"
        },
        {
            "id": 140,
            "bank": "HSBC BANK ARGENTINA SA",
            "city": "SAN ISIDRO",
            "branch": "(SAN ISIDRO BRANCH)",
            "swift_code": "BACOARB10BT"
        },
        {
            "id": 141,
            "bank": "HSBC BANK ARGENTINA SA",
            "city": "SAN MARTIN",
            "branch": "(SAN MARTIN BRANCH)",
            "swift_code": "BACOARB10BU"
        },
        {
            "id": 142,
            "bank": "HSBC BANK ARGENTINA SA",
            "city": "SAN MIGUEL DE TUCUMAN",
            "branch": null,
            "swift_code": "BACOARB10B5"
        },
        {
            "id": 143,
            "bank": "HSBC BANK ARGENTINA SA",
            "city": "SANTA FE",
            "branch": null,
            "swift_code": "BACOARB1022"
        },
        {
            "id": 144,
            "bank": "HSBC BANK ARGENTINA SA",
            "city": "VICENTE LOPEZ",
            "branch": "(VICENTE LOPEZ BRANCH)",
            "swift_code": "BACOARB10BY"
        },
        {
            "id": 145,
            "bank": "INDUSTRIAL AND COMMERCIAL BANK OF CHINA (ARGENTINA)S.A.",
            "city": "BUENOS AIRES",
            "branch": "(CASH MANAGEMENT)",
            "swift_code": "ICBKARBAGCM"
        },
        {
            "id": 146,
            "bank": "INDUSTRIAL AND COMMERCIAL BANK OF CHINA (ARGENTINA)S.A.",
            "city": "BUENOS AIRES",
            "branch": "(CLEARING OFFICE)",
            "swift_code": "ICBKARBACLR"
        },
        {
            "id": 147,
            "bank": "INDUSTRIAL AND COMMERCIAL BANK OF CHINA (ARGENTINA)S.A.",
            "city": "BUENOS AIRES",
            "branch": "(GLOBAL CUSTODY DEPARTMENT)",
            "swift_code": "ICBKARBAGCD"
        },
        {
            "id": 148,
            "bank": "INDUSTRIAL AND COMMERCIAL BANK OF CHINA (ARGENTINA)S.A.",
            "city": "BUENOS AIRES",
            "branch": null,
            "swift_code": "ICBKARBA"
        },
        {
            "id": 149,
            "bank": "INVERSIONARIA ARGENTINA S.A.",
            "city": "BUENOS AIRES",
            "branch": null,
            "swift_code": "IANAARB1"
        },
        {
            "id": 150,
            "bank": "INVERSIONES UNIDAS S.A.",
            "city": "BUENOS AIRES",
            "branch": null,
            "swift_code": "INUNARB1"
        },
        {
            "id": 151,
            "bank": "INVERSORA S.A. COMPANIA FINANCIERA",
            "city": "LA PLATA",
            "branch": null,
            "swift_code": "CFINARB1"
        },
        {
            "id": 152,
            "bank": "INVERSUR S.R.L.",
            "city": "SANTO TOME",
            "branch": null,
            "swift_code": "INVEARB1"
        },
        {
            "id": 153,
            "bank": "JPMORGAN CHASE BANK, N.A., BUENOS AIRES BRANCH",
            "city": "BUENOS AIRES",
            "branch": "(TEST KEY AND BKE ADMINISTRATION)",
            "swift_code": "CHASARBAKEY"
        },
        {
            "id": 154,
            "bank": "JPMORGAN CHASE BANK, N.A., BUENOS AIRES BRANCH",
            "city": "BUENOS AIRES",
            "branch": null,
            "swift_code": "CHASARBA"
        },
        {
            "id": 155,
            "bank": "MBA BANCO DE INVERSIONES SA",
            "city": "BUENOS AIRES",
            "branch": null,
            "swift_code": "MBINARB1"
        },
        {
            "id": 156,
            "bank": "MERCADO ABIERTO ELECTRONICO",
            "city": "BUENOS AIRES",
            "branch": null,
            "swift_code": "MABTARBA"
        },
        {
            "id": 157,
            "bank": "MERCADO DE VALORES DE BUENOS AIRES S.A. - MERVAL",
            "city": "BUENOS AIRES",
            "branch": null,
            "swift_code": "XMEVARB1"
        },
        {
            "id": 158,
            "bank": "MERCADO DE VALORES DE BUENOS AIRES SA",
            "city": "BUENOS AIRES",
            "branch": null,
            "swift_code": "XBUEARB1"
        },
        {
            "id": 159,
            "bank": "MERCHANT BANK ARGENTINA",
            "city": "BUENOS AIRES",
            "branch": null,
            "swift_code": "MEARARB1"
        },
        {
            "id": 160,
            "bank": "MONTEMAR COMPANIA FINANCIERA S.A.",
            "city": "MENDOZA",
            "branch": null,
            "swift_code": "MCFIARB1"
        },
        {
            "id": 161,
            "bank": "MONTEMAR COMPANIA FINANCIERA S.A.",
            "city": "MENDOZA",
            "branch": null,
            "swift_code": "MCFIARBM"
        },
        {
            "id": 162,
            "bank": "MONTEMAR COMPANIA FINANCIERA S.A.",
            "city": "SAN JUAN",
            "branch": null,
            "swift_code": "MCFIARB10B3"
        },
        {
            "id": 163,
            "bank": "MONTEMAR COMPANIA FINANCIERA S.A.",
            "city": "SAN RAFAEL",
            "branch": null,
            "swift_code": "MCFIARB10BS"
        },
        {
            "id": 164,
            "bank": "MOODY'S LATIN AMERICA, CALIFICADORA DE RIESGO S.A.",
            "city": "BUENOS AIRES",
            "branch": null,
            "swift_code": "MLACARB1"
        },
        {
            "id": 165,
            "bank": "MULTIFINANZAS COMPANIA FINANCIERA S.A.",
            "city": "BUENOS AIRES",
            "branch": null,
            "swift_code": "MFCFARBA"
        },
        {
            "id": 166,
            "bank": "NOBLEZA-PICCARDO S.A.I.C.Y F.",
            "city": "BUENOS AIRES",
            "branch": null,
            "swift_code": "BATSARB1"
        },
        {
            "id": 167,
            "bank": "NUEVO BANCO DE ENTRE RIOS S.A.",
            "city": "PARANA (ENTRE RIOS)",
            "branch": null,
            "swift_code": "BERAARBA"
        },
        {
            "id": 168,
            "bank": "NUEVO BANCO DE SANTA FE S.A.",
            "city": "BUENOS AIRES",
            "branch": null,
            "swift_code": "BPSFARBA"
        },
        {
            "id": 169,
            "bank": "NUEVO BANCO DE SANTA FE S.A.",
            "city": "RIO GALLEGOS",
            "branch": null,
            "swift_code": "BPSFARBAA86"
        },
        {
            "id": 170,
            "bank": "NUEVO BANCO DE SANTA FE S.A.",
            "city": "ROSARIO",
            "branch": null,
            "swift_code": "BPSFARBA000"
        },
        {
            "id": 171,
            "bank": "NUEVO BANCO DE SANTA FE S.A.",
            "city": "SAN JUAN",
            "branch": null,
            "swift_code": "BPSFARBAA45"
        },
        {
            "id": 172,
            "bank": "NUEVO BANCO DE SANTA FE S.A.",
            "city": "SANTA FE",
            "branch": null,
            "swift_code": "BPSFARBA500"
        },
        {
            "id": 173,
            "bank": "NUEVO BANCO DEL CHACO S.A.",
            "city": "BUENOS AIRES",
            "branch": null,
            "swift_code": "BACHARBA"
        },
        {
            "id": 174,
            "bank": "RABELLO Y CIA S.A. SOCIEDAD DE BOLSA",
            "city": "BUENOS AIRES",
            "branch": null,
            "swift_code": "RABCARB1"
        },
        {
            "id": 175,
            "bank": "RAYMOND JAMES ARGENTINA SOCIEDAD DE BOLSA SOCIEDADANONIMA",
            "city": "BUENOS AIRES",
            "branch": null,
            "swift_code": "RAJRARB1"
        },
        {
            "id": 176,
            "bank": "REPUBBLICA ARGENTINA",
            "city": "BUENOS AIRES",
            "branch": null,
            "swift_code": "REAGARB1"
        },
        {
            "id": 177,
            "bank": "SAMSUNG ELECTRONICS ARGENTINA S.A.",
            "city": "BUENOS AIRES",
            "branch": "(SEASA)",
            "swift_code": "SECTARB1830"
        },
        {
            "id": 178,
            "bank": "SAMSUNG ELECTRONICS ARGENTINA S.A.",
            "city": "BUENOS AIRES",
            "branch": null,
            "swift_code": "SECTARB1"
        },
        {
            "id": 179,
            "bank": "SBS SOCIEDAD DE BOLSA S.A.",
            "city": "BUENOS AIRES",
            "branch": null,
            "swift_code": "SBSOARB1"
        },
        {
            "id": 180,
            "bank": "T.P.C.G. CAPITAL S.A.",
            "city": "BUENOS AIRES",
            "branch": null,
            "swift_code": "TPCGARB1"
        },
        {
            "id": 181,
            "bank": "TAVELLI Y CIA.S.A.SOCIEDAD DE BOLSA",
            "city": "BUENOS AIRES",
            "branch": null,
            "swift_code": "TAVEARB1"
        },
        {
            "id": 182,
            "bank": "TUTELAR COMPANIA FINANCIERA S.A.",
            "city": "BUENOS AIRES",
            "branch": null,
            "swift_code": "TUCFARB1"
        },
        {
            "id": 183,
            "bank": "VANEXVA BURSATIL SA",
            "city": "BUENOS AIRES",
            "branch": null,
            "swift_code": "VNXBARB1"
        },
        {
            "id": 184,
            "bank": "VW ARGENTINA S.A.",
            "city": "GENERAL PACHECO",
            "branch": null,
            "swift_code": "ARGNARB1"
        }
    ]
}
