{
    "country": "Aruba",
    "country_code": "AW",
    "list": [
        {
            "id": 1,
            "bank": "AIB BANK NV",
            "city": "ORANJESTAD",
            "branch": null,
            "swift_code": "ANIBAWA1"
        },
        {
            "id": 2,
            "bank": "ARUBA BANK, LTD",
            "city": "ORANJESTAD",
            "branch": null,
            "swift_code": "ARUBAWAX"
        },
        {
            "id": 3,
            "bank": "BANCO DI CARIBE (ARUBA) N.V",
            "city": "ORANJESTAD",
            "branch": null,
            "swift_code": "BDCCAWAW"
        },
        {
            "id": 4,
            "bank": "CENTRALE BANK VAN ARUBA",
            "city": "ORANJESTAD",
            "branch": null,
            "swift_code": "CBARAWAW"
        },
        {
            "id": 5,
            "bank": "CARIBBEAN MERCANTILE BANK N.V.",
            "city": "ORANJESTAD",
            "branch": null,
            "swift_code": "CMBAAWAX"
        },
        {
            "id": 6,
            "bank": "FIRSTCARIBBEAN INT'L BANK CAYMAN LTD",
            "city": "ORANJESTAD",
            "branch": null,
            "swift_code": "FCIBAWAW"
        },
        {
            "id": 7,
            "bank": "INTERBANK ARUBA NV",
            "city": "ORANJESTAD",
            "branch": null,
            "swift_code": "IARUAWA1"
        },
        {
            "id": 8,
            "bank": "IMTRADEX INTERNATIONAL N.V.",
            "city": "ORANJESTAD",
            "branch": null,
            "swift_code": "IMIEAWA1"
        },
        {
            "id": 9,
            "bank": "RBC ROYAL BANK (ARUBA) N.V. (FORMERLY RBTT BANK ARUBA N.V.)",
            "city": "ORANJESTAD",
            "branch": null,
            "swift_code": "RBTTAWAW"
        }
    ]
}
