{
    "country": "Azerbaijan",
    "country_code": "AZ",
    "list": [
        {
            "id": 1,
            "bank": "ACCESSBANK",
            "city": "BAKU",
            "branch": null,
            "swift_code": "ACABAZ22"
        },
        {
            "id": 2,
            "bank": "ADJEMIBANK",
            "city": "BAKU",
            "branch": null,
            "swift_code": "ADJEAZ21"
        },
        {
            "id": 3,
            "bank": "AFB BANK OJSC",
            "city": "BAKU",
            "branch": null,
            "swift_code": "AZFIAZ22"
        },
        {
            "id": 4,
            "bank": "AGBANK OPEN JOINT-STOCK COMPANY",
            "city": "BAKU",
            "branch": null,
            "swift_code": "AZEGAZ22"
        },
        {
            "id": 5,
            "bank": "AGRARKREDIT CLOSED JOINT-STOCK SOCIETY NON-BANK CREDIT ORGANIZATION",
            "city": "BAKU",
            "branch": null,
            "swift_code": "ACJTAZ22"
        },
        {
            "id": 6,
            "bank": "AMRAHBANK OJSC",
            "city": "BAKU",
            "branch": null,
            "swift_code": "AMRAAZ22"
        },
        {
            "id": 7,
            "bank": "ATABANK OJSS",
            "city": "BAKU",
            "branch": null,
            "swift_code": "ATAZAZ22"
        },
        {
            "id": 8,
            "bank": "AZBUSINESSBANK",
            "city": "BAKU",
            "branch": null,
            "swift_code": "AZBUAZ21"
        },
        {
            "id": 9,
            "bank": "AZERBAIJAN INDUSTRY BANK OJSC",
            "city": "BAKU",
            "branch": null,
            "swift_code": "CAPNAZ22"
        },
        {
            "id": 10,
            "bank": "AZERPOST LIMITED LIABILITY COMPANY",
            "city": "BAKU",
            "branch": null,
            "swift_code": "AZPOAZ22"
        },
        {
            "id": 11,
            "bank": "AZERSHARABBANK",
            "city": "BAKU",
            "branch": null,
            "swift_code": "AZRSAZ21"
        },
        {
            "id": 12,
            "bank": "AZER-TURK BANK",
            "city": "BAKU",
            "branch": null,
            "swift_code": "AZRTAZ22"
        },
        {
            "id": 13,
            "bank": "BANK BTB",
            "city": "BAKU",
            "branch": null,
            "swift_code": "BBTBAZ22"
        },
        {
            "id": 14,
            "bank": "BANK MELLI IRAN, BAKU BRANCH",
            "city": "BAKU",
            "branch": null,
            "swift_code": "MELIAZ22"
        },
        {
            "id": 15,
            "bank": "BANK OF BAKU",
            "city": "BAKU",
            "branch": null,
            "swift_code": "JBBKAZ22"
        },
        {
            "id": 16,
            "bank": "BANK SILK WAY OJSV",
            "city": "BAKU",
            "branch": null,
            "swift_code": "AZALAZ22"
        },
        {
            "id": 17,
            "bank": "CAPITAL INVESTMENT BANK",
            "city": "BAKU",
            "branch": null,
            "swift_code": "CANSAZ21"
        },
        {
            "id": 18,
            "bank": "CAPITALBANK",
            "city": "BAKU",
            "branch": null,
            "swift_code": "CAPKAZ21"
        },
        {
            "id": 19,
            "bank": "CASPIAN DEVELOPMENT BANK (CDB) OJSC",
            "city": "BAKU",
            "branch": null,
            "swift_code": "CDBBAZ22"
        },
        {
            "id": 20,
            "bank": "CENTRAL BANK OF THE REPUBLIC OF AZERBAIJAN",
            "city": "BAKU",
            "branch": null,
            "swift_code": "NABZAZ2C"
        },
        {
            "id": 21,
            "bank": "CENTRAL BANK OF THE REPUBLIC OF AZERBAIJAN",
            "city": "BAKU",
            "branch": null,
            "swift_code": "NABZAZ2CRTS"
        },
        {
            "id": 22,
            "bank": "CENTRAL BANK OF THE REPUBLIC OF AZERBAIJAN",
            "city": "BAKU",
            "branch": null,
            "swift_code": "NABZAZ2X"
        },
        {
            "id": 23,
            "bank": "DEMIRBANK OJSC",
            "city": "BAKU",
            "branch": null,
            "swift_code": "AZERAZ22"
        },
        {
            "id": 24,
            "bank": "EGE INTERNATIONAL BAKU BANK",
            "city": "BAKU",
            "branch": null,
            "swift_code": "TRIDAZ21"
        },
        {
            "id": 25,
            "bank": "EURASIA BANK",
            "city": "BAKU",
            "branch": null,
            "swift_code": "AVRAAZ22"
        },
        {
            "id": 26,
            "bank": "EXPRESSBANK",
            "city": "BAKU",
            "branch": null,
            "swift_code": "AZENAZ22"
        },
        {
            "id": 27,
            "bank": "GARANTIYABANK",
            "city": "BAKU",
            "branch": null,
            "swift_code": "GARNAZ21"
        },
        {
            "id": 28,
            "bank": "GUNAYBANK JOINT STOCK BANK",
            "city": "BAKU",
            "branch": null,
            "swift_code": "GUNAAZ22"
        },
        {
            "id": 29,
            "bank": "INVESTMENT COMMERCIAL BANK 'NIKOIL' (FORMERLY CB 'ULPAR')",
            "city": "BAKU",
            "branch": null,
            "swift_code": "NICBAZ22"
        },
        {
            "id": 30,
            "bank": "JOINT-STOCK COMMERCIAL BANK RABITABANK (GAZANBANK BRANCH)",
            "city": "BAKU",
            "branch": "(GAZANBANK BRANCH)",
            "swift_code": "RBTAAZ2102G"
        },
        {
            "id": 31,
            "bank": "KAPITAL BANK",
            "city": "BAKU",
            "branch": null,
            "swift_code": "AIIBAZ2X"
        },
        {
            "id": 32,
            "bank": "MECH R BANK",
            "city": "BAKU",
            "branch": null,
            "swift_code": "MECHAZ21"
        },
        {
            "id": 33,
            "bank": "MILLI IRAN BANK",
            "city": "BAKU",
            "branch": null,
            "swift_code": "MILIAZ21"
        },
        {
            "id": 34,
            "bank": "MUGANBANK OJSC",
            "city": "BAKU",
            "branch": null,
            "swift_code": "MUGAAZ22"
        },
        {
            "id": 35,
            "bank": "NAKHCHIVANBANK OJSC",
            "city": "NAKHCHIVAN",
            "branch": null,
            "swift_code": "NAXBAZ22"
        },
        {
            "id": 36,
            "bank": "NATIONAL BANK OF PAKISTAN BAKU BRANCH (STATE)",
            "city": "BAKU",
            "branch": null,
            "swift_code": "NBPAAZ22"
        },
        {
            "id": 37,
            "bank": "NATIONAL DEPOSITORY CENTER OF THE REPUBLIC OF AZERBAIJAN",
            "city": "BAKU",
            "branch": null,
            "swift_code": "ANDCAZ22"
        },
        {
            "id": 38,
            "bank": "NBC BANK OPEN JOINT STOCK COMPANY",
            "city": "BAKU",
            "branch": null,
            "swift_code": "NBCBAZ22"
        },
        {
            "id": 39,
            "bank": "OJSC VTB BANK (AZERBAIJAN)",
            "city": "BAKU",
            "branch": null,
            "swift_code": "VTBAAZ22"
        },
        {
            "id": 40,
            "bank": "PARA NON-BANK CREDIT ORGANIZATION OJSC",
            "city": "BAKU",
            "branch": null,
            "swift_code": "PAAAAZ21"
        },
        {
            "id": 41,
            "bank": "PASHA BANK",
            "city": "BAKU",
            "branch": "(HEAD OFFICE)",
            "swift_code": "PAHAAZ22"
        },
        {
            "id": 42,
            "bank": "RABITABANK",
            "city": "BAKU",
            "branch": null,
            "swift_code": "RBTAAZ22"
        },
        {
            "id": 43,
            "bank": "ROYAL BANK OJSC",
            "city": "BAKU",
            "branch": null,
            "swift_code": "ROBKAZ21"
        },
        {
            "id": 44,
            "bank": "STATE OIL FUND OF THE REPUBLIC OF AZERBAIJAN",
            "city": "BAKU",
            "branch": null,
            "swift_code": "SOILAZ22"
        },
        {
            "id": 45,
            "bank": "STATE TREASURY AGENCY",
            "city": "BAKU",
            "branch": null,
            "swift_code": "CTREAZ22"
        },
        {
            "id": 46,
            "bank": "THE INTERNATIONAL BANK OF AZERBAIJAN OJSC",
            "city": "BAKU",
            "branch": null,
            "swift_code": "IBAZAZ2X"
        },
        {
            "id": 47,
            "bank": "TURANBANK OJSC",
            "city": "BAKU",
            "branch": null,
            "swift_code": "TURAAZ22"
        },
        {
            "id": 48,
            "bank": "ULFATBANK",
            "city": "BAKU",
            "branch": null,
            "swift_code": "ULFAAZ21"
        },
        {
            "id": 49,
            "bank": "UNIBANK CB",
            "city": "BAKU",
            "branch": null,
            "swift_code": "UBAZAZ22"
        },
        {
            "id": 50,
            "bank": "XALQ BANK OPEN JOINT-STOCK COMPANY",
            "city": "BAKU",
            "branch": null,
            "swift_code": "HAJCAZ22"
        },
        {
            "id": 51,
            "bank": "YAPIKREDI AZERBAIJAN CLOSED JSC",
            "city": "BAKU",
            "branch": null,
            "swift_code": "KABAAZ22"
        },
        {
            "id": 52,
            "bank": "ZIRAAT BANK AZERBAIJAN OJSC",
            "city": "BAKU",
            "branch": null,
            "swift_code": "TCZBAZ22"
        }
    ]
}
