{
    "country": "Burkina Faso",
    "country_code": "BF",
    "list": [
        {
            "id": 1,
            "bank": "BANK OF AFRICA - BURKINA FASSO",
            "city": "OUAGADOUGOU",
            "branch": null,
            "swift_code": "AFRIBFBF"
        },
        {
            "id": 2,
            "bank": "BANQUE ATLANTIQUE BURKINA FASO",
            "city": "OUAGADOUGOU",
            "branch": null,
            "swift_code": "ATBFBFBF"
        },
        {
            "id": 3,
            "bank": "BANQUE CENTRALE DES ETATS DE L'AFRIQUE DE L'OUEST",
            "city": "BOBO-DIOULASSO",
            "branch": "(BOBO-DIOULASSO BRANCH)",
            "swift_code": "BCAOBFBFBOB"
        },
        {
            "id": 4,
            "bank": "BANQUE CENTRALE DES ETATS DE L'AFRIQUE DE L'OUEST",
            "city": "OUAGADOUGOU",
            "branch": null,
            "swift_code": "BCAOBFBF"
        },
        {
            "id": 5,
            "bank": "BANQUE COMMERCIALE DU BURKINA",
            "city": "OUAGADOUGOU",
            "branch": null,
            "swift_code": "BNCFBFBF"
        },
        {
            "id": 6,
            "bank": "BANQUE DE L'HABITAT DU BURKINA FASO",
            "city": "OUAGADOUGOU",
            "branch": null,
            "swift_code": "BHBFBFBF"
        },
        {
            "id": 7,
            "bank": "BANQUE DE L'UNION BURKINA FASO",
            "city": "OUAGADOUGOU",
            "branch": null,
            "swift_code": "BDUGBFBF"
        },
        {
            "id": 8,
            "bank": "BANQUE NATIONALE DE DEVELOPPEMENT",
            "city": "OUAGADOUGOU",
            "branch": null,
            "swift_code": "NDEVBFB1"
        },
        {
            "id": 9,
            "bank": "BANQUE POUR LE FINANCEMENT DU COMMERCE ET DES INVESTISSEMENTS DU BURKINA",
            "city": "OUAGADOUGOU",
            "branch": null,
            "swift_code": "BFCBBFB1"
        },
        {
            "id": 10,
            "bank": "BANQUE SAHELO-SAHARIENNE POUR L'INVESTISSEMENT ET LE COMMERCE (BURKINA FASO) S.A.",
            "city": "OUAGADOUGOU",
            "branch": null,
            "swift_code": "BSAHBFBF"
        },
        {
            "id": 11,
            "bank": "BICIA DU BURKINA",
            "city": "OUAGADOUGOU",
            "branch": null,
            "swift_code": "BICIBFBX"
        },
        {
            "id": 12,
            "bank": "CAISSE CENTRALE DE COOPERATION ECONOMIQUE",
            "city": "OUAGADOUGOU",
            "branch": null,
            "swift_code": "CCECBFB1"
        },
        {
            "id": 13,
            "bank": "CBAO GROUPE ATTIJARIWAFA BANK BURKINA FASO",
            "city": "OUAGADOUGOU",
            "branch": null,
            "swift_code": "CBAOBFBG"
        },
        {
            "id": 14,
            "bank": "CORIS BANK INTERNATIONAL",
            "city": "OUAGADOUGOU",
            "branch": null,
            "swift_code": "CORIBFBF"
        },
        {
            "id": 15,
            "bank": "DEPOSITAIRE CENTRAL-BANQUE DE REGLEMENT (DCBR BURKINA FASO)",
            "city": "OUAGADOUGOU",
            "branch": null,
            "swift_code": "DCRCBFB1"
        },
        {
            "id": 16,
            "bank": "ECOBANK BURKINA",
            "city": "OUAGADOUGOU",
            "branch": null,
            "swift_code": "ECOCBFBF"
        },
        {
            "id": 17,
            "bank": "LA FINANCIERE DE PROXIMITE SA FIPROXI-SA",
            "city": "OUAGADOUGOU",
            "branch": null,
            "swift_code": "FIPXBFB1"
        },
        {
            "id": 18,
            "bank": "ORABANK BURKINA-FASO",
            "city": "OUAGADOUGOU",
            "branch": null,
            "swift_code": "ORBKBFBF"
        },
        {
            "id": 19,
            "bank": "SOCIETE GENERALE BURKINA FASO",
            "city": "OUAGADOUGOU",
            "branch": null,
            "swift_code": "SGBBBFBF"
        },
        {
            "id": 20,
            "bank": "UBA BURKINA",
            "city": "OUAGADOUGOU",
            "branch": null,
            "swift_code": "BIBUBFBF"
        }
    ]
}
