{
    "country": "Bahrain",
    "country_code": "BH",
    "list": [
        {
            "id": 1,
            "bank": "ABC ISLAMIC BANK (E.C)",
            "city": "MANAMA",
            "branch": null,
            "swift_code": "ABCIBHBM"
        },
        {
            "id": 2,
            "bank": "AHLI UNITED BANK B.S.C.",
            "city": "MANAMA",
            "branch": "(ALHILAL ISLAMIC BANKING SERVICES)",
            "swift_code": "AUBBBHBMISB"
        },
        {
            "id": 3,
            "bank": "AHLI UNITED BANK B.S.C.",
            "city": "MANAMA",
            "branch": null,
            "swift_code": "AUBBBHBM"
        },
        {
            "id": 4,
            "bank": "AL AHLIA SECURITIES W.L.L",
            "city": "MANAMA",
            "branch": null,
            "swift_code": "GUSRBHB1"
        },
        {
            "id": 5,
            "bank": "AL BARAKA ISLAMIC BANK B.S.C CLOSED",
            "city": "MANAMA",
            "branch": "(FINANCIAL CONTROL AND RECONCILIATION - HEAD OFFICE)",
            "swift_code": "ABIBBHBMFCR"
        },
        {
            "id": 6,
            "bank": "AL BARAKA ISLAMIC BANK B.S.C CLOSED",
            "city": "MANAMA",
            "branch": "(PAYMENTS AND TRANSFERS - HEAD OFFICE)",
            "swift_code": "ABIBBHBMPMT"
        },
        {
            "id": 7,
            "bank": "AL BARAKA ISLAMIC BANK B.S.C CLOSED",
            "city": "MANAMA",
            "branch": "(TRADE FINANCE OPERATIONS - HEAD OFFICE)",
            "swift_code": "ABIBBHBMTRF"
        },
        {
            "id": 8,
            "bank": "AL BARAKA ISLAMIC BANK B.S.C CLOSED",
            "city": "MANAMA",
            "branch": "(TREASURY BACK OFFICE - HEAD OFFICE)",
            "swift_code": "ABIBBHBMTBO"
        },
        {
            "id": 9,
            "bank": "AL BARAKA ISLAMIC BANK B.S.C CLOSED",
            "city": "MANAMA",
            "branch": null,
            "swift_code": "ABIBBHBM"
        },
        {
            "id": 10,
            "bank": "AL SALAM BANK BAHRAIN",
            "city": "MANAMA",
            "branch": null,
            "swift_code": "ALSABHBM"
        },
        {
            "id": 11,
            "bank": "AL SHAYA TRADING CO W.L.L",
            "city": "MANAMA",
            "branch": null,
            "swift_code": "SHTWBHBM"
        },
        {
            "id": 12,
            "bank": "ALBARAKA BANKING GROUP",
            "city": "MANAMA",
            "branch": null,
            "swift_code": "ABBGBHBM"
        },
        {
            "id": 13,
            "bank": "ALLIED BANK LIMITED, WHOLESALE BANKING BRANCH",
            "city": "MANAMA",
            "branch": null,
            "swift_code": "ABLWBHBM"
        },
        {
            "id": 14,
            "bank": "ALLIED BANKING CORPORATION",
            "city": "MANAMA",
            "branch": null,
            "swift_code": "ABCMBHB1"
        },
        {
            "id": 15,
            "bank": "ALUBAF ARAB INTERNATIONAL BANK B.S.C. (C)",
            "city": "MANAMA",
            "branch": null,
            "swift_code": "ALUBBHBM"
        },
        {
            "id": 16,
            "bank": "ARAB BANK PLC",
            "city": "MANAMA",
            "branch": "(COMMERCIAL BRANCH)",
            "swift_code": "ARABBHBMMAN"
        },
        {
            "id": 17,
            "bank": "ARAB BANK PLC, OFFSHORE BANKING UNIT (OBU)",
            "city": "MANAMA",
            "branch": "(CENTRAL TRANSFER UNIT)",
            "swift_code": "ARABBHBMCTU"
        },
        {
            "id": 18,
            "bank": "ARAB BANK PLC, OFFSHORE BANKING UNIT (OBU)",
            "city": "MANAMA",
            "branch": "(PAYMENTS INVESTIGATIONS)",
            "swift_code": "ARABBHBMINV"
        },
        {
            "id": 19,
            "bank": "ARAB BANK PLC, OFFSHORE BANKING UNIT (OBU)",
            "city": "MANAMA",
            "branch": "(TRADE SERVICES UNIT)",
            "swift_code": "ARABBHBMTSU"
        },
        {
            "id": 20,
            "bank": "ARAB BANK PLC, OFFSHORE BANKING UNIT (OBU)",
            "city": "MANAMA",
            "branch": "(TREASURY OPERATIONS)",
            "swift_code": "ARABBHBMTRO"
        },
        {
            "id": 21,
            "bank": "ARAB BANK PLC, OFFSHORE BANKING UNIT (OBU)",
            "city": "MANAMA",
            "branch": null,
            "swift_code": "ARABBHBM"
        },
        {
            "id": 22,
            "bank": "ARAB BANKING CORPORATION (B.S.C.)",
            "city": "MANAMA",
            "branch": null,
            "swift_code": "ABCOBHBM"
        },
        {
            "id": 23,
            "bank": "ARAB FINANCIAL SERVICES CO. B.S.C",
            "city": "MANAMA",
            "branch": null,
            "swift_code": "AFSCBHB1"
        },
        {
            "id": 24,
            "bank": "ARAB INVESTMENT COMPANY, THE",
            "city": "MANAMA",
            "branch": null,
            "swift_code": "TAIQBHBM"
        },
        {
            "id": 25,
            "bank": "ARAB PETROLEUM INVESTMENTS CORPORATION",
            "city": "MANAMA",
            "branch": "(APICORP BAHRAIN PROJECT)",
            "swift_code": "APICBHBMBH2"
        },
        {
            "id": 26,
            "bank": "ARAB PETROLEUM INVESTMENTS CORPORATION",
            "city": "MANAMA",
            "branch": null,
            "swift_code": "APICBHBM"
        },
        {
            "id": 27,
            "bank": "ARCAPITA",
            "city": "MANAMA",
            "branch": null,
            "swift_code": "FIIVBHBM"
        },
        {
            "id": 28,
            "bank": "ASKARI BANK LIMITED, BAHRAIN BRANCH",
            "city": "MANAMA",
            "branch": null,
            "swift_code": "ASCMBHBM"
        },
        {
            "id": 29,
            "bank": "BAHRAIN BOURSE",
            "city": "MANAMA",
            "branch": null,
            "swift_code": "BHBNBHBM"
        },
        {
            "id": 30,
            "bank": "BAHRAIN DEVELOPMENT BANK B S C (C)",
            "city": "MANAMA",
            "branch": null,
            "swift_code": "BDBBBHBM"
        },
        {
            "id": 31,
            "bank": "BAHRAIN FINANCING COMPANY",
            "city": "MANAMA",
            "branch": null,
            "swift_code": "BFCCBHBM"
        },
        {
            "id": 32,
            "bank": "BAHRAIN FINANCING COMPANY BSC",
            "city": "MANAMA",
            "branch": null,
            "swift_code": "BAHFBHB1"
        },
        {
            "id": 33,
            "bank": "BAHRAIN INDIA INTERNATIONAL EXCHANGE CO .B.S.C",
            "city": "MANAMA",
            "branch": null,
            "swift_code": "BIEEBHB1"
        },
        {
            "id": 34,
            "bank": "BAHRAIN ISLAMIC BANK B.S.C.",
            "city": "MANAMA",
            "branch": "(INVESTMENT AND TREASURY BACK OFFICE)",
            "swift_code": "BIBBBHBMINV"
        },
        {
            "id": 35,
            "bank": "BAHRAIN ISLAMIC BANK B.S.C.",
            "city": "MANAMA",
            "branch": "(TRADE FINANCE DEPARTMENT)",
            "swift_code": "BIBBBHBMTFD"
        },
        {
            "id": 36,
            "bank": "BAHRAIN ISLAMIC BANK B.S.C.",
            "city": "MANAMA",
            "branch": null,
            "swift_code": "BIBBBHBM"
        },
        {
            "id": 37,
            "bank": "BAHRAIN MIDDLE EAST BANK B.S.C",
            "city": "MANAMA",
            "branch": null,
            "swift_code": "BMEABHBM"
        },
        {
            "id": 38,
            "bank": "BAHRAIN STOCK EXCHANGE",
            "city": "MANAMA",
            "branch": null,
            "swift_code": "XBAHBHB1"
        },
        {
            "id": 39,
            "bank": "BANK AL HABIB LIMITED",
            "city": "MANAMA",
            "branch": null,
            "swift_code": "BAHLBHBM"
        },
        {
            "id": 40,
            "bank": "BANK ALFALAH LIMITED BAHRAIN",
            "city": "MANAMA",
            "branch": null,
            "swift_code": "ALFHBHBM"
        },
        {
            "id": 41,
            "bank": "BANK AL-KHAIR B.S.C. (C)",
            "city": "MANAMA",
            "branch": null,
            "swift_code": "UINSBHBN"
        },
        {
            "id": 42,
            "bank": "BANK OF BARODA",
            "city": "MANAMA",
            "branch": null,
            "swift_code": "BARBBHBM"
        },
        {
            "id": 43,
            "bank": "BANK OF TOKYO-MITSUBISHI UFJ, LTD., THE",
            "city": "MANAMA",
            "branch": "(BAHRAIN BRANCH)",
            "swift_code": "BOTKBHBM"
        },
        {
            "id": 44,
            "bank": "BBK",
            "city": "MANAMA",
            "branch": "(ADLIYA BRANCH)",
            "swift_code": "BBKUBHBMADL"
        },
        {
            "id": 45,
            "bank": "BBK",
            "city": "MANAMA",
            "branch": "(BUDAIYA BRANCH)",
            "swift_code": "BBKUBHBMBUD"
        },
        {
            "id": 46,
            "bank": "BBK",
            "city": "MANAMA",
            "branch": "(CENTRAL MARKET BRANCH)",
            "swift_code": "BBKUBHBMCMK"
        },
        {
            "id": 47,
            "bank": "BBK",
            "city": "MANAMA",
            "branch": "(CLEARING SECTION)",
            "swift_code": "BBKUBHBMCLG"
        },
        {
            "id": 48,
            "bank": "BBK",
            "city": "MANAMA",
            "branch": "(CREDIMAX)",
            "swift_code": "BBKUBHBMMAX"
        },
        {
            "id": 49,
            "bank": "BBK",
            "city": "MANAMA",
            "branch": "(CREDIT SERVICES UNIT)",
            "swift_code": "BBKUBHBMLOP"
        },
        {
            "id": 50,
            "bank": "BBK",
            "city": "MANAMA",
            "branch": "(DIPLOMATIC AREA BRANCH)",
            "swift_code": "BBKUBHBMDIP"
        },
        {
            "id": 51,
            "bank": "BBK",
            "city": "MANAMA",
            "branch": "(EAST RIFFA BRANCH)",
            "swift_code": "BBKUBHBMERF"
        },
        {
            "id": 52,
            "bank": "BBK",
            "city": "MANAMA",
            "branch": "(EXHIBITION BRANCH)",
            "swift_code": "BBKUBHBMEXH"
        },
        {
            "id": 53,
            "bank": "BBK",
            "city": "MANAMA",
            "branch": "(HAMAD TOWN)",
            "swift_code": "BBKUBHBMHTN"
        },
        {
            "id": 54,
            "bank": "BBK",
            "city": "MANAMA",
            "branch": "(ISA TOWN BRANCH)",
            "swift_code": "BBKUBHBMITN"
        },
        {
            "id": 55,
            "bank": "BBK",
            "city": "MANAMA",
            "branch": "(LC DEPARTMENT)",
            "swift_code": "BBKUBHBMCSU"
        },
        {
            "id": 56,
            "bank": "BBK",
            "city": "MANAMA",
            "branch": "(MAIN BRANCH)",
            "swift_code": "BBKUBHBMMBR"
        },
        {
            "id": 57,
            "bank": "BBK",
            "city": "MANAMA",
            "branch": "(MANAMA BRANCH)",
            "swift_code": "BBKUBHBMMNM"
        },
        {
            "id": 58,
            "bank": "BBK",
            "city": "MANAMA",
            "branch": "(MUHARRAQ BRANCH)",
            "swift_code": "BBKUBHBMMHF"
        },
        {
            "id": 59,
            "bank": "BBK",
            "city": "MANAMA",
            "branch": "(MUHARRAQ SUQ BRANCH)",
            "swift_code": "BBKUBHBMMSF"
        },
        {
            "id": 60,
            "bank": "BBK",
            "city": "MANAMA",
            "branch": "(RECONCILIATION)",
            "swift_code": "BBKUBHBMREC"
        },
        {
            "id": 61,
            "bank": "BBK",
            "city": "MANAMA",
            "branch": "(REFINERY BRANCH)",
            "swift_code": "BBKUBHBMREF"
        },
        {
            "id": 62,
            "bank": "BBK",
            "city": "MANAMA",
            "branch": "(REMITTANCES DEPARTMENT)",
            "swift_code": "BBKUBHBMREM"
        },
        {
            "id": 63,
            "bank": "BBK",
            "city": "MANAMA",
            "branch": "(SALARIES DEPARTMENT)",
            "swift_code": "BBKUBHBMSAL"
        },
        {
            "id": 64,
            "bank": "BBK",
            "city": "MANAMA",
            "branch": "(SUQ WAQIF BRANCH)",
            "swift_code": "BBKUBHBMSUW"
        },
        {
            "id": 65,
            "bank": "BBK",
            "city": "MANAMA",
            "branch": "(TREASURY SERVICES UNIT)",
            "swift_code": "BBKUBHBMTSU"
        },
        {
            "id": 66,
            "bank": "BBK",
            "city": "MANAMA",
            "branch": null,
            "swift_code": "BBKUBHBM"
        },
        {
            "id": 67,
            "bank": "BBK",
            "city": "WEST RIFFA",
            "branch": "(WEST RIFFA BRANCH)",
            "swift_code": "BBKUBHBMWRF"
        },
        {
            "id": 68,
            "bank": "BMI BANK BSC (C)",
            "city": "MANAMA",
            "branch": "(WEALTH MANAGEMENT BRANCH)",
            "swift_code": "BMUSBHBMWMB"
        },
        {
            "id": 69,
            "bank": "BMI BANK BSC (C)",
            "city": "MANAMA",
            "branch": null,
            "swift_code": "BMUSBHBM"
        },
        {
            "id": 70,
            "bank": "BNP PARIBAS 3U",
            "city": "MANAMA",
            "branch": null,
            "swift_code": "BNPABHBW"
        },
        {
            "id": 71,
            "bank": "BNP PARIBAS BAHREIN - MANAMA OFFSHORE BANKING UNIT(OBU)",
            "city": "MANAMA",
            "branch": "(MANAMA OFFSHORE BANKING UNIT(OBU))",
            "swift_code": "BNPABHBMWMI"
        },
        {
            "id": 72,
            "bank": "BNP PARIBAS BAHREIN - MANAMA OFFSHORE BANKING UNIT(OBU)",
            "city": "MANAMA",
            "branch": null,
            "swift_code": "BNPABHBM"
        },
        {
            "id": 73,
            "bank": "BNP PARIBAS MANAMA, FULL COMMERCIAL BRANCH (FCB)",
            "city": "MANAMA",
            "branch": "(OFFSHORE BANKING UNIT)",
            "swift_code": "BNPABHC1OBU"
        },
        {
            "id": 74,
            "bank": "BNP PARIBAS MANAMA, FULL COMMERCIAL BRANCH (FCB)",
            "city": "MANAMA",
            "branch": null,
            "swift_code": "BNPABHBC"
        },
        {
            "id": 75,
            "bank": "BOK INTERNATIONAL",
            "city": "MANAMA",
            "branch": null,
            "swift_code": "BOKNBHBM"
        },
        {
            "id": 76,
            "bank": "BRITISH AMERICAN TOBACCO MIDDLE EAST S.P.C.",
            "city": "HIDD",
            "branch": null,
            "swift_code": "BATSBHB1"
        },
        {
            "id": 77,
            "bank": "CAIRO AMMAN BANK",
            "city": "MANAMA",
            "branch": null,
            "swift_code": "CAABBHBM"
        },
        {
            "id": 78,
            "bank": "CANARA BANK",
            "city": "MANAMA",
            "branch": null,
            "swift_code": "CNRBBHBM"
        },
        {
            "id": 79,
            "bank": "CENTRAL BANK OF BAHRAIN",
            "city": "MANAMA",
            "branch": null,
            "swift_code": "BMAGBHBM"
        },
        {
            "id": 80,
            "bank": "CHARLES FULTON (GULF) WLL",
            "city": "MANAMA",
            "branch": null,
            "swift_code": "CFGWBHB1"
        },
        {
            "id": 81,
            "bank": "CITIBANK N.A.",
            "city": "MANAMA",
            "branch": "(BAHRAIN OFFSHORE UNIT)",
            "swift_code": "CITIBHBXBBU"
        },
        {
            "id": 82,
            "bank": "CITIBANK N.A.",
            "city": "MANAMA",
            "branch": "(TRADE)",
            "swift_code": "CITIBHBXTRD"
        },
        {
            "id": 83,
            "bank": "CITIBANK N.A.",
            "city": "MANAMA",
            "branch": null,
            "swift_code": "CITIBHBX"
        },
        {
            "id": 84,
            "bank": "CREDIT LIBANAIS SAL",
            "city": "MANAMA",
            "branch": null,
            "swift_code": "CLIBBHBB"
        },
        {
            "id": 85,
            "bank": "DENIZBANK AS BAHRAIN BRANCH (OBU)",
            "city": "MANAMA",
            "branch": null,
            "swift_code": "DENIBHBX"
        },
        {
            "id": 86,
            "bank": "ELAF BANK BSC CLOSED",
            "city": "MANAMA",
            "branch": null,
            "swift_code": "ILAFBHBM"
        },
        {
            "id": 87,
            "bank": "ESKAN BANK",
            "city": "MANAMA",
            "branch": null,
            "swift_code": "ESKBBHBM"
        },
        {
            "id": 88,
            "bank": "FINANSBANK A.S. BAHRAIN BRANCH",
            "city": "MANAMA",
            "branch": null,
            "swift_code": "FNNBBHBM"
        },
        {
            "id": 89,
            "bank": "FIRST ENERGY BANK",
            "city": "MANAMA",
            "branch": null,
            "swift_code": "FEBBBHBM"
        },
        {
            "id": 90,
            "bank": "FIRST LEASING BANK",
            "city": "AL SEEF",
            "branch": null,
            "swift_code": "FLBBBHB1"
        },
        {
            "id": 91,
            "bank": "GFH FINANCIAL GROUP B.S.C.",
            "city": "MANAMA",
            "branch": null,
            "swift_code": "GFHIBHBM"
        },
        {
            "id": 92,
            "bank": "GULF CUSTODY COMPANY -BHARAIN",
            "city": "MANAMA",
            "branch": null,
            "swift_code": "GCCOBHB1"
        },
        {
            "id": 93,
            "bank": "GULF INTERNATIONAL BANK, B.S.C.",
            "city": "MANAMA",
            "branch": "(BAHRAIN RETAIL BANKING)",
            "swift_code": "GULFBHBMRET"
        },
        {
            "id": 94,
            "bank": "GULF INTERNATIONAL BANK, B.S.C.",
            "city": "MANAMA",
            "branch": null,
            "swift_code": "GULFBHBM"
        },
        {
            "id": 95,
            "bank": "GULF INTERNATIONAL BANK, B.S.C.",
            "city": "MANAMA",
            "branch": null,
            "swift_code": "GULFBHBMCLS"
        },
        {
            "id": 96,
            "bank": "HABIB BANK LTD.",
            "city": "MANAMA",
            "branch": "(OFFSHORE BANKING UNIT)",
            "swift_code": "HABBBHBMOBU"
        },
        {
            "id": 97,
            "bank": "HABIB BANK LTD.",
            "city": "MANAMA",
            "branch": null,
            "swift_code": "HABBBHBM"
        },
        {
            "id": 98,
            "bank": "HDFC BANK LIMITED",
            "city": "MANAMA",
            "branch": null,
            "swift_code": "HDFCBHBM"
        },
        {
            "id": 99,
            "bank": "HOUSING BANK FOR TRADE AND FINANCE \/ BAHRAIN, MANAMA, THE",
            "city": "MANAMA",
            "branch": null,
            "swift_code": "HBHOBHBM"
        },
        {
            "id": 100,
            "bank": "HSBC BANK MIDDLE EAST LIMITED",
            "city": "MANAMA",
            "branch": null,
            "swift_code": "BBMEBHBX"
        },
        {
            "id": 101,
            "bank": "HSBC BANK MIDDLE EAST LIMITED",
            "city": "MUHARRAQ",
            "branch": "(OFFSHORE BANKING UNIT)",
            "swift_code": "BBMEBHBXOBU"
        },
        {
            "id": 102,
            "bank": "ICICI BANK LTD",
            "city": "MANAMA",
            "branch": "(CENTRAL OPERATIONS)",
            "swift_code": "ICICBHBMCOP"
        },
        {
            "id": 103,
            "bank": "ICICI BANK LTD",
            "city": "MANAMA",
            "branch": "(GLOBAL TRADE SERVICE UNIT)",
            "swift_code": "ICICBHBMGTS"
        },
        {
            "id": 104,
            "bank": "ICICI BANK LTD",
            "city": "MANAMA",
            "branch": "(IIOG)",
            "swift_code": "ICICBHBMIOG"
        },
        {
            "id": 105,
            "bank": "ICICI BANK LTD",
            "city": "MANAMA",
            "branch": "(TREASURY)",
            "swift_code": "ICICBHBMTMG"
        },
        {
            "id": 106,
            "bank": "ICICI BANK LTD",
            "city": "MANAMA",
            "branch": null,
            "swift_code": "ICICBHBM"
        },
        {
            "id": 107,
            "bank": "ICICI BANK LTD",
            "city": "MANAMA",
            "branch": null,
            "swift_code": "ICICBHBMIPB"
        },
        {
            "id": 108,
            "bank": "INVESTCORP BANK B.S.C.",
            "city": "MANAMA",
            "branch": null,
            "swift_code": "INVCBHBM"
        },
        {
            "id": 109,
            "bank": "ITHMAAR BANK B.S.C. (C)",
            "city": "MANAMA",
            "branch": null,
            "swift_code": "FIBHBHBM"
        },
        {
            "id": 110,
            "bank": "JPMORGAN CHASE BANK, N.A. - BAHRAIN BRANCH",
            "city": "MANAMA",
            "branch": "(TEST KEY AND BKE ADMINISTRATION)",
            "swift_code": "CHASBHBMKEY"
        },
        {
            "id": 111,
            "bank": "JPMORGAN CHASE BANK, N.A. - BAHRAIN BRANCH",
            "city": "MANAMA",
            "branch": null,
            "swift_code": "CHASBHBM"
        },
        {
            "id": 112,
            "bank": "JS BANK LIMITED",
            "city": "MANAMA",
            "branch": null,
            "swift_code": "JSBLBHBM"
        },
        {
            "id": 113,
            "bank": "KEB HANA BANK BAHRAIN BRANCH",
            "city": "MANAMA",
            "branch": null,
            "swift_code": "KOEXBHBM"
        },
        {
            "id": 114,
            "bank": "KHALEEJI COMMERCIAL BANK B.S.C. (C)",
            "city": "MANAMA",
            "branch": null,
            "swift_code": "KHCBBHBM"
        },
        {
            "id": 115,
            "bank": "KUWAIT FINANCE HOUSE",
            "city": "MANAMA",
            "branch": null,
            "swift_code": "KFHOBHBM"
        },
        {
            "id": 116,
            "bank": "KUWAIT TURKISH PARTICIPATION BANK INC. BAHRAIN BRANCH",
            "city": "MANAMA",
            "branch": null,
            "swift_code": "KTEFBHBM"
        },
        {
            "id": 117,
            "bank": "LIQUIDITY MANAGEMENT CENTRE B.S.C",
            "city": "MANAMA",
            "branch": null,
            "swift_code": "LMCSBHBM"
        },
        {
            "id": 118,
            "bank": "MASHREQBANK PSC.",
            "city": "MANAMA",
            "branch": "(BAHRAIN WHOLE SALE BANKING)",
            "swift_code": "BOMLBHBMWBH"
        },
        {
            "id": 119,
            "bank": "MASHREQBANK PSC.",
            "city": "MANAMA",
            "branch": null,
            "swift_code": "BOMLBHBM"
        },
        {
            "id": 120,
            "bank": "MCB BANK LIMITED",
            "city": "MANAMA",
            "branch": null,
            "swift_code": "MUCBBHBM"
        },
        {
            "id": 121,
            "bank": "MUBASHER FINANCIAL SERVICES",
            "city": "SANABIS",
            "branch": null,
            "swift_code": "MFSVBHB1"
        },
        {
            "id": 122,
            "bank": "MUBASHER FINANCIAL SERVICES BSC BAHRAIN",
            "city": "MANAMA",
            "branch": null,
            "swift_code": "MFSCBHBM"
        },
        {
            "id": 123,
            "bank": "NATIONAL BANK OF ABU DHABI - OFFSHORE BANKING UNIT (OBU)",
            "city": "MANAMA",
            "branch": "(BAHRAIN BRANCH)",
            "swift_code": "NBADBHBMBRA"
        },
        {
            "id": 124,
            "bank": "NATIONAL BANK OF ABU DHABI - OFFSHORE BANKING UNIT (OBU)",
            "city": "MANAMA",
            "branch": "(TRADE FINANCE DEPARTMENT)",
            "swift_code": "NBADBHBMTFO"
        },
        {
            "id": 125,
            "bank": "NATIONAL BANK OF ABU DHABI - OFFSHORE BANKING UNIT (OBU)",
            "city": "MANAMA",
            "branch": null,
            "swift_code": "NBADBHBM"
        },
        {
            "id": 126,
            "bank": "NATIONAL BANK OF BAHRAIN",
            "city": "MANAMA",
            "branch": "(MONEY TRANSFERS DEPARTMENT)",
            "swift_code": "NBOBBHBMMTD"
        },
        {
            "id": 127,
            "bank": "NATIONAL BANK OF BAHRAIN",
            "city": "MANAMA",
            "branch": "(TREASURY OPERATION)",
            "swift_code": "NBOBBHBMTOP"
        },
        {
            "id": 128,
            "bank": "NATIONAL BANK OF BAHRAIN",
            "city": "MANAMA",
            "branch": null,
            "swift_code": "NBOBBHBM"
        },
        {
            "id": 129,
            "bank": "NATIONAL BANK OF KUWAIT S.A.K.P- BAHRAIN BRANCH",
            "city": "MANAMA",
            "branch": null,
            "swift_code": "NBOKBHBM"
        },
        {
            "id": 130,
            "bank": "NATIONAL BANK OF KUWAIT S.A.K.P- BAHRAIN BRANCH",
            "city": "MANAMA",
            "branch": null,
            "swift_code": "NBOKBHBMFCB"
        },
        {
            "id": 131,
            "bank": "NATIONAL BANK OF PAKISTAN",
            "city": "MANAMA",
            "branch": null,
            "swift_code": "NBPABHBM"
        },
        {
            "id": 132,
            "bank": "NEC B.S.C CLOSED",
            "city": "QUDAIBIYAH",
            "branch": null,
            "swift_code": "NECDBHBQ"
        },
        {
            "id": 133,
            "bank": "NIKKO INVESTMENT BANKING (MIDDLE EAST) EC",
            "city": "MANAMA",
            "branch": null,
            "swift_code": "NIBEBHB1"
        },
        {
            "id": 134,
            "bank": "NOMURA INVESTMENT BANKING (MIDDLE EAST) B.S.C.",
            "city": "MANAMA",
            "branch": null,
            "swift_code": "NIBMBHB1"
        },
        {
            "id": 135,
            "bank": "NONOO EXCHANGE COMPANY BSC (C)",
            "city": "MANAMA",
            "branch": null,
            "swift_code": "NOEXBHB1"
        },
        {
            "id": 136,
            "bank": "OSOOL ASSET MANAGEMENT B.S.C. (C)",
            "city": "MANAMA",
            "branch": null,
            "swift_code": "OSOLBHBM"
        },
        {
            "id": 137,
            "bank": "PALESTINE INVESTMENT BANK",
            "city": "MANAMA",
            "branch": null,
            "swift_code": "PINVBHBM"
        },
        {
            "id": 138,
            "bank": "R.P. MARTIN (BAHRAIN) WLL",
            "city": "MANAMA",
            "branch": null,
            "swift_code": "MABWBHB1"
        },
        {
            "id": 139,
            "bank": "RAFIDAIN BANK",
            "city": "MANAMA",
            "branch": null,
            "swift_code": "RAFBBHBM"
        },
        {
            "id": 140,
            "bank": "ROBERT FLEMING HOLDINGS LTD",
            "city": "MANAMA",
            "branch": null,
            "swift_code": "ROFHBHB1"
        },
        {
            "id": 141,
            "bank": "SECURITIES AND INVESTMENT CO.(B.S.C)",
            "city": "MANAMA",
            "branch": null,
            "swift_code": "SICSBHBM"
        },
        {
            "id": 142,
            "bank": "SEERA INVESTMENT BANK B.S.C. (CLOSED)",
            "city": "MANAMA",
            "branch": null,
            "swift_code": "UIBBBHBM"
        },
        {
            "id": 143,
            "bank": "STANDARD CHARTERED BANK",
            "city": "MANAMA",
            "branch": "(ALL OFFICES)",
            "swift_code": "SCBLBHBM"
        },
        {
            "id": 144,
            "bank": "STANDARD CHARTERED BANK",
            "city": "MANAMA",
            "branch": "(OFFSHORE BANKING UNIT)",
            "swift_code": "SCBLBHBMOBU"
        },
        {
            "id": 145,
            "bank": "STATE BANK OF INDIA, OBU",
            "city": "MANAMA",
            "branch": "(FULL COMMERCIAL BRANCH)",
            "swift_code": "SBINBHBMFCB"
        },
        {
            "id": 146,
            "bank": "STATE BANK OF INDIA, OBU",
            "city": "MANAMA",
            "branch": null,
            "swift_code": "SBINBHBM"
        },
        {
            "id": 147,
            "bank": "TADHAMON CAPITAL BSC(C)",
            "city": "MANAMA",
            "branch": null,
            "swift_code": "TCPBBHB1"
        },
        {
            "id": 148,
            "bank": "TAIB BANK B.S.C.(C)",
            "city": "MANAMA",
            "branch": null,
            "swift_code": "TAIBBHBM"
        },
        {
            "id": 149,
            "bank": "THE SAUDI NATIONAL COMMERCIAL BANK",
            "city": "MANAMA",
            "branch": "(FULL COMMERCIAL BRANCH)",
            "swift_code": "SNCBBHBMCOM"
        },
        {
            "id": 150,
            "bank": "THE SAUDI NATIONAL COMMERCIAL BANK",
            "city": "MANAMA",
            "branch": "(S AND P BAHRAIN)",
            "swift_code": "SNCBBHBM861"
        },
        {
            "id": 151,
            "bank": "THE SAUDI NATIONAL COMMERCIAL BANK",
            "city": "MANAMA",
            "branch": null,
            "swift_code": "SNCBBHBM"
        },
        {
            "id": 152,
            "bank": "TRANS ARABIAN DEVELOPMENT COMPANY E.C.",
            "city": "MANAMA",
            "branch": null,
            "swift_code": "TRDEBHB1"
        },
        {
            "id": 153,
            "bank": "TURKIYE FINANS KATILIM BANKASI A.S.",
            "city": "MANAMA",
            "branch": null,
            "swift_code": "AFKBBHBM"
        },
        {
            "id": 154,
            "bank": "TURKIYE HALK BANKASI A.S. BAHRAIN (OBU) BRANCH",
            "city": "MANAMA",
            "branch": null,
            "swift_code": "TRHBBHBM"
        },
        {
            "id": 155,
            "bank": "TURKIYE IS BANKASI A.S. BAHRAIN BRANCH",
            "city": "MANAMA",
            "branch": null,
            "swift_code": "ISBKBHBM"
        },
        {
            "id": 156,
            "bank": "TURKIYE VAKIFLAR BANKASI T.A.O. BAHRAIN BRANCH (OBU)",
            "city": "MANAMA",
            "branch": null,
            "swift_code": "TVBABHBM"
        },
        {
            "id": 157,
            "bank": "UNITED BANK LIMITED",
            "city": "MANAMA",
            "branch": null,
            "swift_code": "UNILBHBM"
        },
        {
            "id": 158,
            "bank": "UNITED BANK LIMITED",
            "city": "MANAMA",
            "branch": null,
            "swift_code": "UNILBHBMTRY"
        },
        {
            "id": 159,
            "bank": "UNITED GULF BANK B.S.C",
            "city": "MANAMA",
            "branch": null,
            "swift_code": "UGUBBHBM"
        },
        {
            "id": 160,
            "bank": "UNITED GULF BANK SECURITIES CO.",
            "city": "MANAMA",
            "branch": null,
            "swift_code": "UNGUBHB1"
        },
        {
            "id": 161,
            "bank": "VENTURE CAPITAL BANK BSC",
            "city": "MANAMA",
            "branch": null,
            "swift_code": "VCBKBHBM"
        },
        {
            "id": 162,
            "bank": "VITOL BAHRAIN E.C.",
            "city": "MANAMA",
            "branch": null,
            "swift_code": "VTOLBHBM"
        },
        {
            "id": 163,
            "bank": "WOORI BANK, MANAMA",
            "city": "MANAMA",
            "branch": null,
            "swift_code": "HVBKBHBM"
        },
        {
            "id": 164,
            "bank": "YAPI VE KREDI BANKASI BAHRAIN OFFSHORE BANKING UN IT",
            "city": "MANAMA",
            "branch": null,
            "swift_code": "YAPIBHBX"
        },
        {
            "id": 165,
            "bank": "ZAIN BAHRAIN B.S.C CLOSED",
            "city": "MANAMA",
            "branch": null,
            "swift_code": "ZAINBHBM"
        },
        {
            "id": 166,
            "bank": "ZENJ EXCHANGE CO. W.L.L",
            "city": "MANAMA",
            "branch": null,
            "swift_code": "ZENJBHBM"
        },
        {
            "id": 167,
            "bank": "ZIRAAT BANK A.S  BAHRAIN BRANCH",
            "city": "MANAMA",
            "branch": null,
            "swift_code": "TCZBBHBM"
        }
    ]
}
