{
    "country": "Burundi",
    "country_code": "BI",
    "list": [
        {
            "id": 1,
            "bank": "BANQUE BURUNDAISE POUR LE COMMERCE ET L'INVESTISSEMENT",
            "city": "BUJUMBURA",
            "branch": null,
            "swift_code": "BUCIBIBI"
        },
        {
            "id": 2,
            "bank": "BANQUE COMMERCIALE DU BURUNDI",
            "city": "BUJUMBURA",
            "branch": null,
            "swift_code": "BCBUBIBI"
        },
        {
            "id": 3,
            "bank": "BANQUE DE CREDIT DE BUJUMBURA",
            "city": "BUJUMBURA",
            "branch": null,
            "swift_code": "BCRBBIBI"
        },
        {
            "id": 4,
            "bank": "BANQUE DE GESTION ET DE FINANCEMENT",
            "city": "BUJUMBURA",
            "branch": null,
            "swift_code": "BKGFBIBI"
        },
        {
            "id": 5,
            "bank": "BANQUE DE LA REPUBLIQUE DU BURUNDI",
            "city": "BUJUMBURA",
            "branch": null,
            "swift_code": "BRBUBIB2"
        },
        {
            "id": 6,
            "bank": "BANQUE DE LA REPUBLIQUE DU BURUNDI",
            "city": "BUJUMBURA",
            "branch": null,
            "swift_code": "BRBUBIBI"
        },
        {
            "id": 7,
            "bank": "CAISSE CENTRALE DE MOBILISATION ET DE FINANCEMENT",
            "city": "BUJUMBURA",
            "branch": null,
            "swift_code": "CCMFBIB1"
        },
        {
            "id": 8,
            "bank": "CAISSE D'EPARGNE DU BURUNDI",
            "city": "BUJUMBURA",
            "branch": null,
            "swift_code": "CADBBIB1"
        },
        {
            "id": 9,
            "bank": "CENTRAL BANK OF BURUNDI",
            "city": "BUJUMBURA",
            "branch": null,
            "swift_code": "CBBBBIB1"
        },
        {
            "id": 10,
            "bank": "CRDB BANK BURUNDI S.A",
            "city": "BUJUMBURA",
            "branch": null,
            "swift_code": "CORUBIBU"
        },
        {
            "id": 11,
            "bank": "DIAMOND TRUST BANK BURUNDI S.A",
            "city": "BUJUMBURA",
            "branch": null,
            "swift_code": "DTKEBIBI"
        },
        {
            "id": 12,
            "bank": "ECOBANK BURUNDI",
            "city": "BUJUMBURA",
            "branch": null,
            "swift_code": "ECOCBIBI"
        },
        {
            "id": 13,
            "bank": "FINBANK",
            "city": "BUJUMBURA",
            "branch": null,
            "swift_code": "FIKNBIBI"
        },
        {
            "id": 14,
            "bank": "INTERBANK BURUNDI",
            "city": "BUJUMBURA",
            "branch": "(AVENUE DE L'INDUSTRIE BRANCH)",
            "swift_code": "IBBUBIBIADI"
        },
        {
            "id": 15,
            "bank": "INTERBANK BURUNDI",
            "city": "BUJUMBURA",
            "branch": null,
            "swift_code": "IBBUBIBI"
        },
        {
            "id": 16,
            "bank": "KCB BANK BURUNDI LIMITED",
            "city": "BUJUMBURA",
            "branch": null,
            "swift_code": "KCBLBIBI"
        },
        {
            "id": 17,
            "bank": "MERIDIEN BIAO BANK BURUNDI SARL",
            "city": "BUJUMBURA",
            "branch": null,
            "swift_code": "MBBSBIB1"
        }
    ]
}
