{
    "country": "Bermuda",
    "country_code": "BM",
    "list": [
        {
            "id": 1,
            "bank": "ALTREE FINANCIAL GROUP LTD.",
            "city": "HAMILTON",
            "branch": null,
            "swift_code": "ALCUBMHH"
        },
        {
            "id": 2,
            "bank": "ATLANTIC INVESTMENT AND DEVELOPMENT",
            "city": "HAMILTON",
            "branch": null,
            "swift_code": "ATIDBMH1"
        },
        {
            "id": 3,
            "bank": "AXIS SPECIALTY BERMUDA LIMITED",
            "city": "HAMILTON",
            "branch": null,
            "swift_code": "AXSBBMHM"
        },
        {
            "id": 4,
            "bank": "BANK OF N.T. BUTTERFIELD AND SON LIMITED, THE",
            "city": "HAMILTON",
            "branch": null,
            "swift_code": "BNTBBMHM"
        },
        {
            "id": 5,
            "bank": "BERMUDA COMMERCIAL BANK LIMITED",
            "city": "HAMILTON",
            "branch": null,
            "swift_code": "BPBKBMHM"
        },
        {
            "id": 6,
            "bank": "BERMUDA MONETARY AUTHORITY",
            "city": "HAMILTON",
            "branch": null,
            "swift_code": "BEMABMHM"
        },
        {
            "id": 7,
            "bank": "BERMUDA STOCK EXCHANGE LTD, THE",
            "city": "HAMILTON",
            "branch": null,
            "swift_code": "XBDABMH1"
        },
        {
            "id": 8,
            "bank": "BERMUDA TRUST COMPANY LIMITED",
            "city": "HAMILTON",
            "branch": null,
            "swift_code": "BERTBMH1"
        },
        {
            "id": 9,
            "bank": "BLOOMBERG TRADEBOOK (BERMUDA) LTD.",
            "city": "HAMILTON",
            "branch": null,
            "swift_code": "TBASBMHM"
        },
        {
            "id": 10,
            "bank": "BOLTON CAPITAL PARTNERS INTERNATIONAL LIMITED",
            "city": "HAMILTON",
            "branch": null,
            "swift_code": "BCPNBMH1"
        },
        {
            "id": 11,
            "bank": "BOSTON RE LTD",
            "city": "HAMILTON",
            "branch": null,
            "swift_code": "BOSRBMHM"
        },
        {
            "id": 12,
            "bank": "BOSTON RE LTD",
            "city": "HAMILTON",
            "branch": null,
            "swift_code": "BOSRBMHMVIS"
        },
        {
            "id": 13,
            "bank": "BTG PACTUAL GLOBAL ASSET MANAGEMENT LIMITED",
            "city": "HAMILTON",
            "branch": null,
            "swift_code": "BPGTBMH1"
        },
        {
            "id": 14,
            "bank": "BUTTERFIELD TRUST (BERMUDA) LIMITED",
            "city": "HAMILTON",
            "branch": null,
            "swift_code": "BNTBBMHS"
        },
        {
            "id": 15,
            "bank": "CAMBUSLANG INVESTMENTS LIMITED",
            "city": "HAMILTON",
            "branch": null,
            "swift_code": "CMILBMH1"
        },
        {
            "id": 16,
            "bank": "CASTLE HARBOUR INSURANCE LIMITED",
            "city": "HAMILTON",
            "branch": null,
            "swift_code": "CAHIBMH1"
        },
        {
            "id": 17,
            "bank": "CHURCHILL CAPITAL LTD.",
            "city": "HAMILTON",
            "branch": null,
            "swift_code": "CHCABMH1"
        },
        {
            "id": 18,
            "bank": "CLARIEN BANK LIMITED",
            "city": "HAMILTON",
            "branch": null,
            "swift_code": "CAGPBMHM"
        },
        {
            "id": 19,
            "bank": "CS LIFE BERMUDA",
            "city": "HAMILTON",
            "branch": null,
            "swift_code": "CSLEBMH1"
        },
        {
            "id": 20,
            "bank": "DKR IBEX",
            "city": "HAMILTON",
            "branch": null,
            "swift_code": "DKIBBMH1"
        },
        {
            "id": 21,
            "bank": "DKR OASIS FISCHER GROUP",
            "city": "HAMILTON",
            "branch": null,
            "swift_code": "DOFGBMH1"
        },
        {
            "id": 22,
            "bank": "EVEREST CAPITAL GLOBAL LTD",
            "city": "HAMILTON",
            "branch": null,
            "swift_code": "EVCIBMH1"
        },
        {
            "id": 23,
            "bank": "GLENCORE FINANCE (BERMUDA) LTD",
            "city": "HAMILTON",
            "branch": null,
            "swift_code": "GFBEBMH1"
        },
        {
            "id": 24,
            "bank": "G-TRADE SERVICES LLC",
            "city": "HAMILTON",
            "branch": "(DIVISION G-PORT)",
            "swift_code": "GTRDBMH1GPO"
        },
        {
            "id": 25,
            "bank": "G-TRADE SERVICES LLC",
            "city": "HAMILTON",
            "branch": null,
            "swift_code": "GTRDBMH1"
        },
        {
            "id": 26,
            "bank": "HARRINGTON SOUND INSURANCE LIMITED",
            "city": "HAMILTON",
            "branch": null,
            "swift_code": "HSILBMH1"
        },
        {
            "id": 27,
            "bank": "HSBC BANK BERMUDA LIMITED",
            "city": "HAMILTON",
            "branch": "(CORPORATE TRUST SERVICES)",
            "swift_code": "BBDABMHMCTS"
        },
        {
            "id": 28,
            "bank": "HSBC BANK BERMUDA LIMITED",
            "city": "HAMILTON",
            "branch": "(INVESTMENT DEPT)",
            "swift_code": "BBDABMHMINV"
        },
        {
            "id": 29,
            "bank": "HSBC BANK BERMUDA LIMITED",
            "city": "HAMILTON",
            "branch": null,
            "swift_code": "BBDABMHM"
        },
        {
            "id": 30,
            "bank": "HSBC BANK BERMUDA LIMITED",
            "city": "HAMILTON",
            "branch": null,
            "swift_code": "BBDABMHP"
        },
        {
            "id": 31,
            "bank": "INVESCO LTD",
            "city": "HAMILTON",
            "branch": null,
            "swift_code": "IVZLBMHH"
        },
        {
            "id": 32,
            "bank": "KINTORE INVESTMENTS LIMITED",
            "city": "HAMILTON",
            "branch": null,
            "swift_code": "KINTBMH1"
        },
        {
            "id": 33,
            "bank": "MARCUARD SPECTRUM LIMITED",
            "city": "HAMILTON",
            "branch": null,
            "swift_code": "MAUMBMH1"
        },
        {
            "id": 34,
            "bank": "MERRILL LYNCH REINSURANCE SOLUTIONS",
            "city": "HAMILTON",
            "branch": null,
            "swift_code": "MLRIBMHM"
        },
        {
            "id": 35,
            "bank": "MF GLOBAL LTD",
            "city": "HAMILTON",
            "branch": null,
            "swift_code": "MFGLBMH1"
        },
        {
            "id": 36,
            "bank": "MICROSOFT GLOBAL FINANCE",
            "city": "HAMILTON",
            "branch": "(MICROSOFT GLOBAL BOND)",
            "swift_code": "MSFTBMH1GLB"
        },
        {
            "id": 37,
            "bank": "MICROSOFT GLOBAL FINANCE",
            "city": "HAMILTON",
            "branch": "(MICROSOFT GLOBAL FINANCE FX)",
            "swift_code": "MSFTBMH1SPF"
        },
        {
            "id": 38,
            "bank": "MICROSOFT GLOBAL FINANCE",
            "city": "HAMILTON",
            "branch": null,
            "swift_code": "MSFTBMH1"
        },
        {
            "id": 39,
            "bank": "NEPHILA CAPITAL LTD.",
            "city": "HAMILTON",
            "branch": null,
            "swift_code": "NEPHBMHM"
        },
        {
            "id": 40,
            "bank": "NOMURA SECURITIES (BERMUDA) LIMITED",
            "city": "HAMILTON",
            "branch": null,
            "swift_code": "NOSRBMHM"
        },
        {
            "id": 41,
            "bank": "NOVARTIS SECURITIES INVESTMENT LTD",
            "city": "HAMILTON",
            "branch": "(BEFICO)",
            "swift_code": "NOVRBMHM019"
        },
        {
            "id": 42,
            "bank": "NOVARTIS SECURITIES INVESTMENT LTD",
            "city": "HAMILTON",
            "branch": null,
            "swift_code": "NOVRBMHM"
        },
        {
            "id": 43,
            "bank": "NOVARTIS SECURITIES INVESTMENT LTD",
            "city": "HAMILTON",
            "branch": null,
            "swift_code": "NOVRBMHM035"
        },
        {
            "id": 44,
            "bank": "ORACLE MANAGEMENT LIMITED",
            "city": "HAMILTON",
            "branch": null,
            "swift_code": "ORMABMH1"
        },
        {
            "id": 45,
            "bank": "ORBIS INVESTMENT MANAGEMENT LIMITED",
            "city": "HAMILTON",
            "branch": null,
            "swift_code": "ORIMBMH1"
        },
        {
            "id": 46,
            "bank": "P.R.P PERFORMA LIMITED",
            "city": "HAMILTON",
            "branch": null,
            "swift_code": "PRPFBMH1"
        },
        {
            "id": 47,
            "bank": "PARSEC TRADING CORP",
            "city": "HAMILTON",
            "branch": null,
            "swift_code": "PTRNBMH1"
        },
        {
            "id": 48,
            "bank": "RENAISSANCERE HOLDINGS LTD.",
            "city": "HAMILTON",
            "branch": null,
            "swift_code": "RRHLBMH1"
        },
        {
            "id": 49,
            "bank": "ROCHE FINANCIAL INVESTMENTS LTD",
            "city": "HAMILTON",
            "branch": null,
            "swift_code": "ROCHBMHM"
        },
        {
            "id": 50,
            "bank": "ROCHE INTERTRADE LIMITED",
            "city": "HAMILTON",
            "branch": null,
            "swift_code": "ROCHBMHA"
        },
        {
            "id": 51,
            "bank": "SCHRODERS (BERMUDA) LIMITED",
            "city": "HAMILTON",
            "branch": null,
            "swift_code": "SBDABMH1"
        },
        {
            "id": 52,
            "bank": "SWISS REINSURANCE COMPANY",
            "city": "HAMILTON",
            "branch": null,
            "swift_code": "SWREBMH1"
        },
        {
            "id": 53,
            "bank": "TCC MARKETS LIMITED",
            "city": "HAMILTON",
            "branch": null,
            "swift_code": "TCCMBMH1"
        },
        {
            "id": 54,
            "bank": "THE ATLANTIC FINANCE COMPANY LIMITED",
            "city": "HAMILTON",
            "branch": null,
            "swift_code": "ATFNBMH1"
        },
        {
            "id": 55,
            "bank": "THRACIAN INVESTMENT MANAGERS",
            "city": "HAMILTON",
            "branch": null,
            "swift_code": "THIGBMH1"
        },
        {
            "id": 56,
            "bank": "TWO AND FIVE INSURANCE COMPANY LTD",
            "city": "HAMILTON",
            "branch": null,
            "swift_code": "TFIOBMH1"
        },
        {
            "id": 57,
            "bank": "UFG ADVISORS LIMITED",
            "city": "HAMILTON",
            "branch": null,
            "swift_code": "UFADBMH1"
        },
        {
            "id": 58,
            "bank": "WORLDWIDE TRANSACTIONS",
            "city": "HAMILTON",
            "branch": null,
            "swift_code": "WOTABMH1"
        }
    ]
}
