{
    "country": "Brunei",
    "country_code": "BN",
    "list": [
        {
            "id": 1,
            "bank": "AUTORITI MONETARI BRUNEI DARUSSALAM",
            "city": "BANDAR SERI BEGAWAN",
            "branch": null,
            "swift_code": "AMBDBNBB"
        },
        {
            "id": 2,
            "bank": "BAIDURI BANK BERHAD",
            "city": "BANDAR SERI BEGAWAN",
            "branch": null,
            "swift_code": "BAIDBNBB"
        },
        {
            "id": 3,
            "bank": "BANK ISLAM BRUNEI DARUSSALAM BERHAD",
            "city": "BANDAR SERI BEGAWAN",
            "branch": null,
            "swift_code": "BIBDBNBB"
        },
        {
            "id": 4,
            "bank": "BANK OF CHINA (HONG KONG) LIMITED, BRUNEI BRANCH",
            "city": "BANDAR SERI BEGAWAN",
            "branch": null,
            "swift_code": "BKCHBNBB"
        },
        {
            "id": 5,
            "bank": "BRUNEI INVESTMENT AGENCY",
            "city": "BANDAR SERI BEGAWAN",
            "branch": null,
            "swift_code": "BIAGBNB1"
        },
        {
            "id": 6,
            "bank": "BRUNEI SHELL PETROLEUM",
            "city": "SERIA",
            "branch": null,
            "swift_code": "BRHPBNB1"
        },
        {
            "id": 7,
            "bank": "CREDIT CORPORATION (BRUNEI) BHD",
            "city": "BANDAR SERI BEGAWAN",
            "branch": null,
            "swift_code": "CCBRBNB1"
        },
        {
            "id": 8,
            "bank": "HONGKONG AND SHANGHAI BANKING CORPORATION LIMITED, THE",
            "city": "BANDAR SERI BEGAWAN",
            "branch": null,
            "swift_code": "HSBCBNBB"
        },
        {
            "id": 9,
            "bank": "MALAYAN BANKING BERHAD",
            "city": "BANDAR SERI BEGAWAN",
            "branch": null,
            "swift_code": "MBBEBNBB"
        },
        {
            "id": 10,
            "bank": "PERBADANAN TABUNG AMANAH ISLAM BRUNEI",
            "city": "BANDAR SERI BEGAWAN",
            "branch": null,
            "swift_code": "PTAIBNBB"
        },
        {
            "id": 11,
            "bank": "RHB BANK BERHAD, BRUNEI",
            "city": "BANDAR SERI BEGAWAN",
            "branch": null,
            "swift_code": "RHBBBNBB"
        },
        {
            "id": 12,
            "bank": "STANDARD CHARTERED BANK - BRUNEI",
            "city": "BANDAR SERI BEGAWAN",
            "branch": null,
            "swift_code": "SCBLBNBB"
        },
        {
            "id": 13,
            "bank": "UNITED OVERSEAS BANK LTD",
            "city": "BANDAR SERI BEGAWAN",
            "branch": "(BANDAR SERI BEGAWAN BRANCH)",
            "swift_code": "UOVBBNC1"
        },
        {
            "id": 14,
            "bank": "UNITED OVERSEAS BANK LTD",
            "city": "BANDAR SERI BEGAWAN",
            "branch": "(TRANSACTION BANKING)",
            "swift_code": "UOVBBNBBCMS"
        },
        {
            "id": 15,
            "bank": "UNITED OVERSEAS BANK LTD",
            "city": "BANDAR SERI BEGAWAN",
            "branch": null,
            "swift_code": "UOVBBNBB"
        }
    ]
}
