{
    "country": "Brazil",
    "country_code": "BR",
    "list": [
        {
            "id": 1,
            "bank": "ABN AMRO SECURITIES (BRASIL) CORRETORA DE VALORES MOBILIARIOS SA",
            "city": "SAO PAULO",
            "branch": null,
            "swift_code": "AASBBRS1"
        },
        {
            "id": 2,
            "bank": "ACCESSTAGE TECNOLOGIA LTDA",
            "city": "SAO PAULO",
            "branch": null,
            "swift_code": "ACSTBRS1"
        },
        {
            "id": 3,
            "bank": "ADVANCED CORRETORA DE CAMBIO LTDA",
            "city": "SAO PAULO",
            "branch": null,
            "swift_code": "ADDRBRSP"
        },
        {
            "id": 4,
            "bank": "AGENDA CCVM LTDA.",
            "city": "RIO DE JANEIRO",
            "branch": null,
            "swift_code": "AGCVBRR1"
        },
        {
            "id": 5,
            "bank": "AGK CORRETORA DE CAMBIO S.A.",
            "city": "SAO PAULO",
            "branch": null,
            "swift_code": "AGKCBRS1"
        },
        {
            "id": 6,
            "bank": "AGORA COR DE TITUL E VAL MOB",
            "city": "RIO DE JANEIRO",
            "branch": null,
            "swift_code": "AGORBRR1"
        },
        {
            "id": 7,
            "bank": "ALFA CCVM S\/A",
            "city": "SAO PAULO",
            "branch": null,
            "swift_code": "ALCCBRS1"
        },
        {
            "id": 8,
            "bank": "ALPES C.C.T.V.M. LTDA",
            "city": "SAO PAULO",
            "branch": null,
            "swift_code": "ALPVBRS1"
        },
        {
            "id": 9,
            "bank": "AMERICAN EXPRESS BANK (BRASIL) BANCO MULTIPLO S.A.",
            "city": "SAO PAULO",
            "branch": null,
            "swift_code": "AEIBBRS1"
        },
        {
            "id": 10,
            "bank": "ANGLO FERROUS BRAZIL S.A.",
            "city": "RIO DE JANEIRO",
            "branch": null,
            "swift_code": "ANFEBRR1"
        },
        {
            "id": 11,
            "bank": "ANZ PARTICIPACOES E SERVICOES LTDA.",
            "city": "RIO DE JANEIRO",
            "branch": null,
            "swift_code": "ANZBBRR1"
        },
        {
            "id": 12,
            "bank": "ARC CORRETORA DE CAMBIO, ASSOCIADOS GOUVEIA, CAMPEDELLI S.A.",
            "city": "SANTOS",
            "branch": null,
            "swift_code": "ACCVBRS1"
        },
        {
            "id": 13,
            "bank": "ATIVA INVESTIMENTOS S\/A CTCV",
            "city": "RIO DE JANEIRO",
            "branch": null,
            "swift_code": "ACTCBRR1"
        },
        {
            "id": 14,
            "bank": "ATIVA S\/A CTV",
            "city": "RIO DE JANEIRO",
            "branch": null,
            "swift_code": "ATCTBRR1"
        },
        {
            "id": 15,
            "bank": "AUREUM SOCIEDADE CORRETORA DE CAMBIO E VALORES MOBILIARIOS LTDA",
            "city": "CURITIBA",
            "branch": null,
            "swift_code": "AUREBRP1"
        },
        {
            "id": 16,
            "bank": "B3 S.A. - BRASIL, BOLSA, BALCAO",
            "city": "SAO PAULO",
            "branch": "(DEPARTAMENTO DE CUSTODIA)",
            "swift_code": "XBMFBRSPDBL"
        },
        {
            "id": 17,
            "bank": "B3 S.A. - BRASIL, BOLSA, BALCAO",
            "city": "SAO PAULO",
            "branch": "(DIRETORIA DE LIQUIDACAO E CUSTODIA)",
            "swift_code": "XBMFBRSPCRD"
        },
        {
            "id": 18,
            "bank": "B3 S.A. - BRASIL, BOLSA, BALCAO",
            "city": "SAO PAULO",
            "branch": null,
            "swift_code": "XBMFBRSP"
        },
        {
            "id": 19,
            "bank": "BANCO ABC BRASIL S.A.",
            "city": "SAO PAULO",
            "branch": null,
            "swift_code": "ABCBBRSP"
        },
        {
            "id": 20,
            "bank": "BANCO ABN AMRO S.A.",
            "city": "SAO PAULO",
            "branch": null,
            "swift_code": "ABNABRSP"
        },
        {
            "id": 21,
            "bank": "BANCO ALFA DE INVESTIMENTO S.A., SAO PAULO",
            "city": "SAO PAULO",
            "branch": null,
            "swift_code": "AUFABRSP"
        },
        {
            "id": 22,
            "bank": "BANCO ARBI S\/A",
            "city": "PORTO ALEGRE",
            "branch": null,
            "swift_code": "ARBBBRS10RS"
        },
        {
            "id": 23,
            "bank": "BANCO ARBI S\/A",
            "city": "RIO DE JANEIRO",
            "branch": null,
            "swift_code": "ARBBBRS1"
        },
        {
            "id": 24,
            "bank": "BANCO ARBI S\/A",
            "city": "RIO DE JANEIRO",
            "branch": null,
            "swift_code": "ARBBBRS10RJ"
        },
        {
            "id": 25,
            "bank": "BANCO BBM S.A.",
            "city": "RIO DE JANEIRO",
            "branch": null,
            "swift_code": "BBINBRRJ"
        },
        {
            "id": 26,
            "bank": "BANCO BBM S.A.",
            "city": "SAO PAULO",
            "branch": null,
            "swift_code": "BBINBRR10SP"
        },
        {
            "id": 27,
            "bank": "BANCO BMFBOVESPA DE SERVICOS DE LIQUIDACAO E CUSTODIA S.A.",
            "city": "SAO PAULO",
            "branch": null,
            "swift_code": "BBMFBRSP"
        },
        {
            "id": 28,
            "bank": "BANCO BMFBOVESPA DE SERVICOS DE LIQUIDACAO E CUSTODIA S.A.",
            "city": "SAO PAULO",
            "branch": null,
            "swift_code": "BBMFBRSPDBL"
        },
        {
            "id": 29,
            "bank": "BANCO BMG S\/A",
            "city": "SAO PAULO",
            "branch": null,
            "swift_code": "BMBCBRSP"
        },
        {
            "id": 30,
            "bank": "BANCO BNP PARIBAS BRASIL S\/A",
            "city": "BRASILIA",
            "branch": "(BANCO BNP PARIBAS BRASIL S\/A)",
            "swift_code": "BNPABRSPB2S"
        },
        {
            "id": 31,
            "bank": "BANCO BNP PARIBAS BRASIL S\/A",
            "city": "SAO PAULO",
            "branch": "(SAO PAOLO BRANCH)",
            "swift_code": "BNPABRSP"
        },
        {
            "id": 32,
            "bank": "BANCO BNP PARIBAS BRASIL S\/A",
            "city": "SAO PAULO",
            "branch": "(WEALTH MANAGMENT)",
            "swift_code": "BNPABRSPCWM"
        },
        {
            "id": 33,
            "bank": "BANCO BONSUCESSO SA",
            "city": "BELO HORIZONTE",
            "branch": null,
            "swift_code": "BBONBRSP"
        },
        {
            "id": 34,
            "bank": "BANCO BPN BRASIL S.A.",
            "city": "SAO PAULO",
            "branch": null,
            "swift_code": "BPBMBRSP"
        },
        {
            "id": 35,
            "bank": "BANCO BRADESCO S.A.",
            "city": "BELEM",
            "branch": null,
            "swift_code": "BBDEBRSPBLM"
        },
        {
            "id": 36,
            "bank": "BANCO BRADESCO S.A.",
            "city": "BELO HORIZONTE",
            "branch": null,
            "swift_code": "BBDEBRSPBHE"
        },
        {
            "id": 37,
            "bank": "BANCO BRADESCO S.A.",
            "city": "BLUMENAU",
            "branch": null,
            "swift_code": "BBDEBRSPBNU"
        },
        {
            "id": 38,
            "bank": "BANCO BRADESCO S.A.",
            "city": "BRASILIA",
            "branch": null,
            "swift_code": "BBDEBRSPBSA"
        },
        {
            "id": 39,
            "bank": "BANCO BRADESCO S.A.",
            "city": "CAMPINAS",
            "branch": null,
            "swift_code": "BBDEBRSPCAS"
        },
        {
            "id": 40,
            "bank": "BANCO BRADESCO S.A.",
            "city": "CURITIBA",
            "branch": null,
            "swift_code": "BBDEBRSPCTA"
        },
        {
            "id": 41,
            "bank": "BANCO BRADESCO S.A.",
            "city": "FORTALEZA",
            "branch": null,
            "swift_code": "BBDEBRSPFLA"
        },
        {
            "id": 42,
            "bank": "BANCO BRADESCO S.A.",
            "city": "FRANCA",
            "branch": null,
            "swift_code": "BBDEBRSPFAC"
        },
        {
            "id": 43,
            "bank": "BANCO BRADESCO S.A.",
            "city": "JOINVILLE",
            "branch": null,
            "swift_code": "BBDEBRSPJVE"
        },
        {
            "id": 44,
            "bank": "BANCO BRADESCO S.A.",
            "city": "MANAUS",
            "branch": null,
            "swift_code": "BBDEBRSPMNS"
        },
        {
            "id": 45,
            "bank": "BANCO BRADESCO S.A.",
            "city": "NOVO HAMBURGO",
            "branch": null,
            "swift_code": "BBDEBRSPNHO"
        },
        {
            "id": 46,
            "bank": "BANCO BRADESCO S.A.",
            "city": "OSASCO",
            "branch": "(DEPARTAMENTO DE ACOES E CUSTODIA)",
            "swift_code": "BBDEBRSPDAC"
        },
        {
            "id": 47,
            "bank": "BANCO BRADESCO S.A.",
            "city": "OSASCO",
            "branch": "(PROCYON)",
            "swift_code": "BBDEBRSPPCY"
        },
        {
            "id": 48,
            "bank": "BANCO BRADESCO S.A.",
            "city": "OSASCO",
            "branch": "(TES-TREASURY)",
            "swift_code": "BBDEBRSPTES"
        },
        {
            "id": 49,
            "bank": "BANCO BRADESCO S.A.",
            "city": "PORTO ALEGRE",
            "branch": null,
            "swift_code": "BBDEBRSPPAE"
        },
        {
            "id": 50,
            "bank": "BANCO BRADESCO S.A.",
            "city": "RECIFE",
            "branch": null,
            "swift_code": "BBDEBRSPRCE"
        },
        {
            "id": 51,
            "bank": "BANCO BRADESCO S.A.",
            "city": "RIO DE JANEIRO",
            "branch": null,
            "swift_code": "BBDEBRSPRJO"
        },
        {
            "id": 52,
            "bank": "BANCO BRADESCO S.A.",
            "city": "SALVADOR",
            "branch": null,
            "swift_code": "BBDEBRSPSDR"
        },
        {
            "id": 53,
            "bank": "BANCO BRADESCO S.A.",
            "city": "SANTOS",
            "branch": null,
            "swift_code": "BBDEBRSPSTS"
        },
        {
            "id": 54,
            "bank": "BANCO BRADESCO S.A.",
            "city": "SAO PAULO",
            "branch": "(BANK RECONCILIATION)",
            "swift_code": "BBDEBRSPCON"
        },
        {
            "id": 55,
            "bank": "BANCO BRADESCO S.A.",
            "city": "SAO PAULO",
            "branch": "(BRADEX)",
            "swift_code": "BBDEBRSPBEX"
        },
        {
            "id": 56,
            "bank": "BANCO BRADESCO S.A.",
            "city": "SAO PAULO",
            "branch": "(BRANCH)",
            "swift_code": "BBDEBRSPSPO"
        },
        {
            "id": 57,
            "bank": "BANCO BRADESCO S.A.",
            "city": "SAO PAULO",
            "branch": "(CASH MANAGEMENT)",
            "swift_code": "BBDEBRSPCSH"
        },
        {
            "id": 58,
            "bank": "BANCO BRADESCO S.A.",
            "city": "SAO PAULO",
            "branch": "(HEAD OFFICE)",
            "swift_code": "BBDEBRSPOCO"
        },
        {
            "id": 59,
            "bank": "BANCO BRADESCO S.A.",
            "city": "SAO PAULO",
            "branch": "(MATRIZ)",
            "swift_code": "BBDEBRSPMTZ"
        },
        {
            "id": 60,
            "bank": "BANCO BRADESCO S.A.",
            "city": "SAO PAULO",
            "branch": null,
            "swift_code": "BBDEBRSP"
        },
        {
            "id": 61,
            "bank": "BANCO BRADESCO S.A.",
            "city": "VITORIA",
            "branch": null,
            "swift_code": "BBDEBRSPVTA"
        },
        {
            "id": 62,
            "bank": "BANCO BRADESCO SA (FORMERLY KIRTON BANK S.A. - BANCO MULTIPLO)",
            "city": "BELEM",
            "branch": null,
            "swift_code": "BCBBBRPRBLM"
        },
        {
            "id": 63,
            "bank": "BANCO BRADESCO SA (FORMERLY KIRTON BANK S.A. - BANCO MULTIPLO)",
            "city": "BELO HORIZONTE",
            "branch": null,
            "swift_code": "BCBBBRPRBHE"
        },
        {
            "id": 64,
            "bank": "BANCO BRADESCO SA (FORMERLY KIRTON BANK S.A. - BANCO MULTIPLO)",
            "city": "BLUMENAU",
            "branch": null,
            "swift_code": "BCBBBRPRBNU"
        },
        {
            "id": 65,
            "bank": "BANCO BRADESCO SA (FORMERLY KIRTON BANK S.A. - BANCO MULTIPLO)",
            "city": "CAMPINAS",
            "branch": null,
            "swift_code": "BCBBBRPRCAS"
        },
        {
            "id": 66,
            "bank": "BANCO BRADESCO SA (FORMERLY KIRTON BANK S.A. - BANCO MULTIPLO)",
            "city": "CURITIBA",
            "branch": "(HEAD OFFICE)",
            "swift_code": "BCBBBRPR"
        },
        {
            "id": 67,
            "bank": "BANCO BRADESCO SA (FORMERLY KIRTON BANK S.A. - BANCO MULTIPLO)",
            "city": "CURITIBA",
            "branch": "(HSS FUNDS)",
            "swift_code": "BCBBBRPRFDS"
        },
        {
            "id": 68,
            "bank": "BANCO BRADESCO SA (FORMERLY KIRTON BANK S.A. - BANCO MULTIPLO)",
            "city": "CURITIBA",
            "branch": "(TREASURY OPERATIONS)",
            "swift_code": "BCBBBRPRTSY"
        },
        {
            "id": 69,
            "bank": "BANCO BRADESCO SA (FORMERLY KIRTON BANK S.A. - BANCO MULTIPLO)",
            "city": "CURITIBA",
            "branch": null,
            "swift_code": "BCBBBRPRCTA"
        },
        {
            "id": 70,
            "bank": "BANCO BRADESCO SA (FORMERLY KIRTON BANK S.A. - BANCO MULTIPLO)",
            "city": "FORTALEZA",
            "branch": null,
            "swift_code": "BCBBBRPRFLA"
        },
        {
            "id": 71,
            "bank": "BANCO BRADESCO SA (FORMERLY KIRTON BANK S.A. - BANCO MULTIPLO)",
            "city": "JOINVILLE",
            "branch": null,
            "swift_code": "BCBBBRPRJVE"
        },
        {
            "id": 72,
            "bank": "BANCO BRADESCO SA (FORMERLY KIRTON BANK S.A. - BANCO MULTIPLO)",
            "city": "MANAUS",
            "branch": null,
            "swift_code": "BCBBBRPRMNS"
        },
        {
            "id": 73,
            "bank": "BANCO BRADESCO SA (FORMERLY KIRTON BANK S.A. - BANCO MULTIPLO)",
            "city": "PARANAGUA",
            "branch": null,
            "swift_code": "BCBBBRPRPNG"
        },
        {
            "id": 74,
            "bank": "BANCO BRADESCO SA (FORMERLY KIRTON BANK S.A. - BANCO MULTIPLO)",
            "city": "PORTO ALEGRE",
            "branch": null,
            "swift_code": "BCBBBRPRPAE"
        },
        {
            "id": 75,
            "bank": "BANCO BRADESCO SA (FORMERLY KIRTON BANK S.A. - BANCO MULTIPLO)",
            "city": "RECIFE",
            "branch": null,
            "swift_code": "BCBBBRPRRCE"
        },
        {
            "id": 76,
            "bank": "BANCO BRADESCO SA (FORMERLY KIRTON BANK S.A. - BANCO MULTIPLO)",
            "city": "RIO DE JANEIRO",
            "branch": null,
            "swift_code": "BCBBBRPRRJO"
        },
        {
            "id": 77,
            "bank": "BANCO BRADESCO SA (FORMERLY KIRTON BANK S.A. - BANCO MULTIPLO)",
            "city": "SALVADOR",
            "branch": null,
            "swift_code": "BCBBBRPRSDR"
        },
        {
            "id": 78,
            "bank": "BANCO BRADESCO SA (FORMERLY KIRTON BANK S.A. - BANCO MULTIPLO)",
            "city": "SANTOS",
            "branch": null,
            "swift_code": "BCBBBRPRSTS"
        },
        {
            "id": 79,
            "bank": "BANCO BRADESCO SA (FORMERLY KIRTON BANK S.A. - BANCO MULTIPLO)",
            "city": "SAO PAULO",
            "branch": "(GLOBAL CUSTODY)",
            "swift_code": "BCBBBRPRCGB"
        },
        {
            "id": 80,
            "bank": "BANCO BRADESCO SA (FORMERLY KIRTON BANK S.A. - BANCO MULTIPLO)",
            "city": "SAO PAULO",
            "branch": "(OFFSHORE FUNDS)",
            "swift_code": "BCBBBRPROFS"
        },
        {
            "id": 81,
            "bank": "BANCO BRADESCO SA (FORMERLY KIRTON BANK S.A. - BANCO MULTIPLO)",
            "city": "SAO PAULO",
            "branch": null,
            "swift_code": "BCBBBRPRCOR"
        },
        {
            "id": 82,
            "bank": "BANCO BRADESCO SA (FORMERLY KIRTON BANK S.A. - BANCO MULTIPLO)",
            "city": "SAO PAULO",
            "branch": null,
            "swift_code": "BCBBBRPRNET"
        },
        {
            "id": 83,
            "bank": "BANCO BRADESCO SA (FORMERLY KIRTON BANK S.A. - BANCO MULTIPLO)",
            "city": "SAO PAULO",
            "branch": null,
            "swift_code": "BCBBBRPRSPO"
        },
        {
            "id": 84,
            "bank": "BANCO BRADESCO SA (FORMERLY KIRTON BANK S.A. - BANCO MULTIPLO)",
            "city": "VITORIA",
            "branch": null,
            "swift_code": "BCBBBRPRVTA"
        },
        {
            "id": 85,
            "bank": "BANCO BTG PACTUAL S.A.",
            "city": "RIO DE JANEIRO",
            "branch": null,
            "swift_code": "BPABBRRJ"
        },
        {
            "id": 86,
            "bank": "BANCO CACIQUE S.A.",
            "city": "SAO PAULO",
            "branch": null,
            "swift_code": "BCUEBRS1"
        },
        {
            "id": 87,
            "bank": "BANCO CAIXA GERAL-BRASIL S\/A",
            "city": "SAO PAULO",
            "branch": null,
            "swift_code": "CGDIBRSP"
        },
        {
            "id": 88,
            "bank": "BANCO CARGILL S\/A",
            "city": "SAO PAULO",
            "branch": null,
            "swift_code": "BCBZBRSP"
        },
        {
            "id": 89,
            "bank": "BANCO CENTRAL DO BRASIL",
            "city": "BRASILIA",
            "branch": "(DEPTO. DE ASSUNTOS INTERNACIONAIS)",
            "swift_code": "BCBRBRDFORG"
        },
        {
            "id": 90,
            "bank": "BANCO CENTRAL DO BRASIL",
            "city": "BRASILIA",
            "branch": "(FOREIGN RESERVES DEPARTMENT)",
            "swift_code": "BCBRBRDFINT"
        },
        {
            "id": 91,
            "bank": "BANCO CENTRAL DO BRASIL",
            "city": "BRASILIA",
            "branch": null,
            "swift_code": "BCBRBRDF"
        },
        {
            "id": 92,
            "bank": "BANCO CHASE FLEMING SA",
            "city": "RIO DE JANEIRO",
            "branch": null,
            "swift_code": "GRBABRR1"
        },
        {
            "id": 93,
            "bank": "BANCO CITIBANK SA",
            "city": "SAO PAULO",
            "branch": null,
            "swift_code": "CITIBRBR"
        },
        {
            "id": 94,
            "bank": "BANCO CONFIDENCE DE CAMBIO SA",
            "city": "SAO PAULO",
            "branch": null,
            "swift_code": "BKCOBRSP"
        },
        {
            "id": 95,
            "bank": "BANCO COOPERATIVO SICREDI SA - BANSICREDI",
            "city": "PORTO ALEGRE",
            "branch": null,
            "swift_code": "BCSIBRRS"
        },
        {
            "id": 96,
            "bank": "BANCO CREDIT AGRICOLE BRASIL SA",
            "city": "SAO PAULO",
            "branch": null,
            "swift_code": "BAGBBRSP"
        },
        {
            "id": 97,
            "bank": "BANCO CRUZEIRO DO SUL S.A.",
            "city": "SAO PAULO",
            "branch": null,
            "swift_code": "BCSLBRS1"
        },
        {
            "id": 98,
            "bank": "BANCO DA AMAZONIA S.A.",
            "city": "BELEM",
            "branch": null,
            "swift_code": "AMABBRAB"
        },
        {
            "id": 99,
            "bank": "BANCO DAYCOVAL S\/A",
            "city": "SAO PAULO",
            "branch": null,
            "swift_code": "DAYCBRSP"
        },
        {
            "id": 100,
            "bank": "BANCO DE DESENVOLVIMENTO DO ESPIRITO SANTO SA - BANDES",
            "city": "VITORIA",
            "branch": null,
            "swift_code": "BDOEBRR1"
        },
        {
            "id": 101,
            "bank": "BANCO DE DESENVOLVIMENTO DO ESTADO DA BAHIA S.A.",
            "city": "SALVADOR",
            "branch": null,
            "swift_code": "DBAHBRB1"
        },
        {
            "id": 102,
            "bank": "BANCO DE DESENVOLVIMENTO DO ESTADO DO RIO DE JANEIRO SA",
            "city": "RIO DE JANEIRO",
            "branch": null,
            "swift_code": "BDEJBRR1"
        },
        {
            "id": 103,
            "bank": "BANCO DE DESENVOLVIMENTO DO PARANA SA",
            "city": "RIO DE JANEIRO",
            "branch": null,
            "swift_code": "BADPBRR1"
        },
        {
            "id": 104,
            "bank": "BANCO DE INVESTIMENTOS CREDIT SUISSE (BRASIL) S.A.",
            "city": "SAO PAULO",
            "branch": "(HEDGING GRIFFO)",
            "swift_code": "BIGABRRJHGF"
        },
        {
            "id": 105,
            "bank": "BANCO DE INVESTIMENTOS CREDIT SUISSE (BRASIL) S.A.",
            "city": "SAO PAULO",
            "branch": null,
            "swift_code": "BIGABRRJ"
        },
        {
            "id": 106,
            "bank": "BANCO DE INVESTIMENTOS CREDIT SUISSE (BRASIL) S.A.",
            "city": "SAO PAULO",
            "branch": null,
            "swift_code": "BIGABRRJSPO"
        },
        {
            "id": 107,
            "bank": "BANCO DE LA NACION ARGENTINA",
            "city": "RIO DE JANEIRO",
            "branch": "(SUCURSAL RIO DE JANEIRO)",
            "swift_code": "NACNBRSPRJO"
        },
        {
            "id": 108,
            "bank": "BANCO DE LA NACION ARGENTINA",
            "city": "SAO PAULO",
            "branch": "(SUCURSAL SAN PAULO)",
            "swift_code": "NACNBRSP"
        },
        {
            "id": 109,
            "bank": "BANCO DE LA PROVINCIA DE BUENOS AIRES",
            "city": "SAO PAULO",
            "branch": null,
            "swift_code": "PRBABRSP"
        },
        {
            "id": 110,
            "bank": "BANCO DE LA REPUBLICA ORIENTAL DEL URUGUAY",
            "city": "SAO PAULO",
            "branch": null,
            "swift_code": "BROUBRSP"
        },
        {
            "id": 111,
            "bank": "BANCO DE TOKYO-MITSUBISHI UFJ BRASIL S\/A",
            "city": "SAO PAULO",
            "branch": null,
            "swift_code": "BOTKBRSX"
        },
        {
            "id": 112,
            "bank": "BANCO DIGIBANCO S.A",
            "city": "SAO PAULO",
            "branch": null,
            "swift_code": "DBDIBRS1"
        },
        {
            "id": 113,
            "bank": "BANCO DIMENSAO",
            "city": "RIO DE JANEIRO",
            "branch": null,
            "swift_code": "BDAOBRR1"
        },
        {
            "id": 114,
            "bank": "BANCO DO BRASIL S.A.",
            "city": "BELO HORIZONTE",
            "branch": "(GECEX BELO HORIZONTE )",
            "swift_code": "BRASBRRJBHE"
        },
        {
            "id": 115,
            "bank": "BANCO DO BRASIL S.A.",
            "city": "BLUMENAU",
            "branch": "(GECEX BLUMENAU)",
            "swift_code": "BRASBRRJBNU"
        },
        {
            "id": 116,
            "bank": "BANCO DO BRASIL S.A.",
            "city": "BRASILIA",
            "branch": "(GECEX BRASILIA )",
            "swift_code": "BRASBRRJBSA"
        },
        {
            "id": 117,
            "bank": "BANCO DO BRASIL S.A.",
            "city": "BRASILIA",
            "branch": "(PREPAID CARD (DICAR))",
            "swift_code": "BRASBRRJPPC"
        },
        {
            "id": 118,
            "bank": "BANCO DO BRASIL S.A.",
            "city": "BRASILIA",
            "branch": "(S.W.I.F.T. SUPPORT (INTERFACE\/INFRASTRUCTURE))",
            "swift_code": "BRASBRRJSUP"
        },
        {
            "id": 119,
            "bank": "BANCO DO BRASIL S.A.",
            "city": "BRASILIA",
            "branch": "(SWIFT FOR CORPORATES - DICOM)",
            "swift_code": "BRASBRRJGFN"
        },
        {
            "id": 120,
            "bank": "BANCO DO BRASIL S.A.",
            "city": "BRASILIA",
            "branch": null,
            "swift_code": "BRASBRRJ"
        },
        {
            "id": 121,
            "bank": "BANCO DO BRASIL S.A.",
            "city": "CAMPINAS",
            "branch": "(GECEX CAMPINAS)",
            "swift_code": "BRASBRRJCAS"
        },
        {
            "id": 122,
            "bank": "BANCO DO BRASIL S.A.",
            "city": "CURITIBA",
            "branch": "(GECEX CURITIBA)",
            "swift_code": "BRASBRRJCTA"
        },
        {
            "id": 123,
            "bank": "BANCO DO BRASIL S.A.",
            "city": "PORTO ALEGRE",
            "branch": "(GECEX PORTO ALEGRE)",
            "swift_code": "BRASBRRJPAE"
        },
        {
            "id": 124,
            "bank": "BANCO DO BRASIL S.A.",
            "city": "RECIFE",
            "branch": "(GECEX RECIFE)",
            "swift_code": "BRASBRRJRCE"
        },
        {
            "id": 125,
            "bank": "BANCO DO BRASIL S.A.",
            "city": "RIBEIRAO PRETO",
            "branch": "(GECEX RIBEIRAO PRETO)",
            "swift_code": "BRASBRRJRPO"
        },
        {
            "id": 126,
            "bank": "BANCO DO BRASIL S.A.",
            "city": "RIO DE JANEIRO",
            "branch": "(ACCOUNT RECONCILIATION AND STATEMENTS (COGER))",
            "swift_code": "BRASBRRJCGR"
        },
        {
            "id": 127,
            "bank": "BANCO DO BRASIL S.A.",
            "city": "RIO DE JANEIRO",
            "branch": "(ACCOUNT RECONCILIATION AND STATEMENTS)",
            "swift_code": "BRASBRRJRJ1"
        },
        {
            "id": 128,
            "bank": "BANCO DO BRASIL S.A.",
            "city": "RIO DE JANEIRO",
            "branch": "(ADR AMERICAN DEPOSITARY RECEIPTS (DIMEC) )",
            "swift_code": "BRASBRRJADR"
        },
        {
            "id": 129,
            "bank": "BANCO DO BRASIL S.A.",
            "city": "RIO DE JANEIRO",
            "branch": "(GECEX RIO DE JANEIRO)",
            "swift_code": "BRASBRRJRJO"
        },
        {
            "id": 130,
            "bank": "BANCO DO BRASIL S.A.",
            "city": "RIO DE JANEIRO",
            "branch": "(INTERNACIONAL CASH MANAGEMENT AND FOREIGN EXCHANGE (DIFIN\/DIMEC))",
            "swift_code": "BRASBRRJRJ3"
        },
        {
            "id": 131,
            "bank": "BANCO DO BRASIL S.A.",
            "city": "SALVADOR",
            "branch": "(GECEX SALVADOR)",
            "swift_code": "BRASBRRJSDR"
        },
        {
            "id": 132,
            "bank": "BANCO DO BRASIL S.A.",
            "city": "SAO PAULO",
            "branch": "(FINANCIAL INSTITUTIONS (DIRIN))",
            "swift_code": "BRASBRRJIBR"
        },
        {
            "id": 133,
            "bank": "BANCO DO BRASIL S.A.",
            "city": "SAO PAULO",
            "branch": "(GECEX SAO PAULO I)",
            "swift_code": "BRASBRRJSBO"
        },
        {
            "id": 134,
            "bank": "BANCO DO BRASIL S.A.",
            "city": "SAO PAULO",
            "branch": "(GECEX SAO PAULO II)",
            "swift_code": "BRASBRRJSPO"
        },
        {
            "id": 135,
            "bank": "BANCO DO BRASIL S.A.",
            "city": "SAO PAULO",
            "branch": "(GECEX SAO PAULO III)",
            "swift_code": "BRASBRRJOCO"
        },
        {
            "id": 136,
            "bank": "BANCO DO ESTADO DE GOIAS S A",
            "city": "RIO DE JANEIRO",
            "branch": null,
            "swift_code": "BESGBRR1"
        },
        {
            "id": 137,
            "bank": "BANCO DO ESTADO DE SERGIPE S.A.",
            "city": "ARACAJU",
            "branch": null,
            "swift_code": "SEEBBRR1"
        },
        {
            "id": 138,
            "bank": "BANCO DO ESTADO DE SERGIPE S.A.",
            "city": "ARACAJU",
            "branch": null,
            "swift_code": "SEEBBRR10B2"
        },
        {
            "id": 139,
            "bank": "BANCO DO ESTADO DO PARA S.A.",
            "city": "BELEM",
            "branch": null,
            "swift_code": "BEPABRAB"
        },
        {
            "id": 140,
            "bank": "BANCO DO ESTADO DO RIO GRANDE DO SUL S\/A",
            "city": "PORTO ALEGRE",
            "branch": "(HEAD OFFICE)",
            "swift_code": "BRGSBRRSPAE"
        },
        {
            "id": 141,
            "bank": "BANCO DO ESTADO DO RIO GRANDE DO SUL S\/A",
            "city": "PORTO ALEGRE",
            "branch": null,
            "swift_code": "BRGSBRRS"
        },
        {
            "id": 142,
            "bank": "BANCO DO NORDESTE DO BRASIL S\/A",
            "city": "BELO HORIZONTE",
            "branch": null,
            "swift_code": "BNBRBRCFBHE"
        },
        {
            "id": 143,
            "bank": "BANCO DO NORDESTE DO BRASIL S\/A",
            "city": "FORTALEZA",
            "branch": "(HEAD OFFICE)",
            "swift_code": "BNBRBRCF"
        },
        {
            "id": 144,
            "bank": "BANCO DO NORDESTE DO BRASIL S\/A",
            "city": "FORTALEZA",
            "branch": null,
            "swift_code": "BNBRBRCFFLA"
        },
        {
            "id": 145,
            "bank": "BANCO DO NORDESTE DO BRASIL S\/A",
            "city": "MACEIO",
            "branch": null,
            "swift_code": "BNBRBRCFMCO"
        },
        {
            "id": 146,
            "bank": "BANCO DO NORDESTE DO BRASIL S\/A",
            "city": "NATAL",
            "branch": null,
            "swift_code": "BNBRBRCFNTL"
        },
        {
            "id": 147,
            "bank": "BANCO DO NORDESTE DO BRASIL S\/A",
            "city": "RECIFE",
            "branch": null,
            "swift_code": "BNBRBRCFRCE"
        },
        {
            "id": 148,
            "bank": "BANCO DO NORDESTE DO BRASIL S\/A",
            "city": "RIO DE JANEIRO",
            "branch": null,
            "swift_code": "BNBRBRCFRJO"
        },
        {
            "id": 149,
            "bank": "BANCO DO NORDESTE DO BRASIL S\/A",
            "city": "SALVADOR",
            "branch": null,
            "swift_code": "BNBRBRCFSDR"
        },
        {
            "id": 150,
            "bank": "BANCO DO NORDESTE DO BRASIL S\/A",
            "city": "SAO PAULO",
            "branch": null,
            "swift_code": "BNBRBRCFSPO"
        },
        {
            "id": 151,
            "bank": "BANCO FATOR SA",
            "city": "SAO PAULO",
            "branch": null,
            "swift_code": "BFATBRS1"
        },
        {
            "id": 152,
            "bank": "BANCO FIBRA S.A.",
            "city": "SAO PAULO",
            "branch": null,
            "swift_code": "FIBIBRSP"
        },
        {
            "id": 153,
            "bank": "BANCO GENERAL MOTORS S.A.",
            "city": "SAO PAULO",
            "branch": null,
            "swift_code": "BGEMBRS1"
        },
        {
            "id": 154,
            "bank": "BANCO GOLDMINE S.A.",
            "city": "RIO DE JANEIRO",
            "branch": null,
            "swift_code": "BOGOBRR1"
        },
        {
            "id": 155,
            "bank": "BANCO INDUSTRIAL DO BRASIL S\/A",
            "city": "SAO PAULO",
            "branch": null,
            "swift_code": "BIBRBRSP"
        },
        {
            "id": 156,
            "bank": "BANCO INDUSVAL S\/A",
            "city": "SAO PAULO",
            "branch": null,
            "swift_code": "IDVLBRSP"
        },
        {
            "id": 157,
            "bank": "BANCO INTER-ATLANTICO DE INVESTIMENTO",
            "city": "RIO DE JANEIRO",
            "branch": null,
            "swift_code": "BIAIBRR1"
        },
        {
            "id": 158,
            "bank": "BANCO INTERMEDIUM SA",
            "city": "BELO HORIZONTE",
            "branch": null,
            "swift_code": "ITEMBRSP"
        },
        {
            "id": 159,
            "bank": "BANCO ITAUBANK S.A",
            "city": "RIO DE JANEIRO",
            "branch": null,
            "swift_code": "FNBBBRB1RJO"
        },
        {
            "id": 160,
            "bank": "BANCO ITAUBANK S.A",
            "city": "SAO PAULO",
            "branch": "(SAO PAULO BRANCH)",
            "swift_code": "FNBBBRB1SPO"
        },
        {
            "id": 161,
            "bank": "BANCO ITAUBANK S.A",
            "city": "SAO PAULO",
            "branch": null,
            "swift_code": "FNBBBRB1"
        },
        {
            "id": 162,
            "bank": "BANCO J.P. MORGAN S.A.",
            "city": "SAO PAULO",
            "branch": "(DIRECT CUSTODY CLEARING)",
            "swift_code": "CHASBRSPDCC"
        },
        {
            "id": 163,
            "bank": "BANCO J.P. MORGAN S.A.",
            "city": "SAO PAULO",
            "branch": "(GLOBAL CORE CAPABILITIES)",
            "swift_code": "CHASBRSPGCC"
        },
        {
            "id": 164,
            "bank": "BANCO J.P. MORGAN S.A.",
            "city": "SAO PAULO",
            "branch": "(JPMORGAN TS MANAGEMENT)",
            "swift_code": "CHASBRSPTSM"
        },
        {
            "id": 165,
            "bank": "BANCO J.P. MORGAN S.A.",
            "city": "SAO PAULO",
            "branch": "(TEST KEY AND BKE ADMINISTRATION)",
            "swift_code": "CHASBRSPKEY"
        },
        {
            "id": 166,
            "bank": "BANCO J.P. MORGAN S.A.",
            "city": "SAO PAULO",
            "branch": null,
            "swift_code": "CHASBRSP"
        },
        {
            "id": 167,
            "bank": "BANCO KDB DO BRASIL S.A.",
            "city": "SAO PAULO",
            "branch": null,
            "swift_code": "KODBBRSP"
        },
        {
            "id": 168,
            "bank": "BANCO KEB HANA DO BRASIL S.A.",
            "city": "SAO PAULO",
            "branch": null,
            "swift_code": "KOEXBRSP"
        },
        {
            "id": 169,
            "bank": "BANCO LUSO BRASILEIRO S.A.",
            "city": "SAO PAULO",
            "branch": null,
            "swift_code": "BLBCBRSP"
        },
        {
            "id": 170,
            "bank": "BANCO MAXIMA S.A.",
            "city": "RIO DE JANEIRO",
            "branch": null,
            "swift_code": "BMAXBRRJ"
        },
        {
            "id": 171,
            "bank": "BANCO MERCANTIL DO BRASIL S.A.",
            "city": "BELO HORIZONTE",
            "branch": null,
            "swift_code": "BMBRBRRB"
        },
        {
            "id": 172,
            "bank": "BANCO MERCANTIL S.A.",
            "city": "RECIFE",
            "branch": null,
            "swift_code": "BMBOBRC1"
        },
        {
            "id": 173,
            "bank": "BANCO MERRILL LYNCH DE INVESTIMENTOS S.A.",
            "city": "SAO PAULO",
            "branch": "(TRADES)",
            "swift_code": "MLBOBRSXTRA"
        },
        {
            "id": 174,
            "bank": "BANCO MERRILL LYNCH DE INVESTIMENTOS S.A.",
            "city": "SAO PAULO",
            "branch": null,
            "swift_code": "MLBOBRSX"
        },
        {
            "id": 175,
            "bank": "BANCO MINEIRO S.A.",
            "city": "BELO HORIZONTE",
            "branch": null,
            "swift_code": "MINBBRR1"
        },
        {
            "id": 176,
            "bank": "BANCO MIZUHO DO BRASIL S.A.",
            "city": "SAO PAULO",
            "branch": null,
            "swift_code": "MHCBBRSP"
        },
        {
            "id": 177,
            "bank": "BANCO MODAL S.A.",
            "city": "RIO DE JANEIRO",
            "branch": null,
            "swift_code": "MODABRRJ"
        },
        {
            "id": 178,
            "bank": "BANCO MORGAN STANLEY DEAN WITTER S.A.",
            "city": "SAO PAULO",
            "branch": null,
            "swift_code": "MSDWBRSP"
        },
        {
            "id": 179,
            "bank": "BANCO MORGAN STANLEY DEAN WITTER S.A.",
            "city": "SAO PAULO",
            "branch": null,
            "swift_code": "MSDWBRSPTSY"
        },
        {
            "id": 180,
            "bank": "BANCO NACIONAL DE CREDITO COOPERATIVO",
            "city": "BRASILIA",
            "branch": null,
            "swift_code": "BNCCBRD1"
        },
        {
            "id": 181,
            "bank": "BANCO NACIONAL DE DESENVOLVIMENTO ECONOMICO E SOCIAL - BNDES",
            "city": "RIO DE JANEIRO",
            "branch": null,
            "swift_code": "NACDBRRJ"
        },
        {
            "id": 182,
            "bank": "BANCO NOROESTE CHEMICAL INVESTIMENTO",
            "city": "SAO PAULO",
            "branch": null,
            "swift_code": "NOCIBRS1"
        },
        {
            "id": 183,
            "bank": "BANCO NOSSA CAIXA S\/A",
            "city": "SAO PAULO",
            "branch": null,
            "swift_code": "NCXXBRS1"
        },
        {
            "id": 184,
            "bank": "BANCO ORIGINAL DO AGRONEGOCIO S.A.",
            "city": "SAO PAULO",
            "branch": null,
            "swift_code": "BJBSBRSP"
        },
        {
            "id": 185,
            "bank": "BANCO ORIGINAL S.A.",
            "city": "SAO PAULO",
            "branch": null,
            "swift_code": "BORIBRSP"
        },
        {
            "id": 186,
            "bank": "BANCO OURINVEST S.A",
            "city": "SAO PAULO",
            "branch": null,
            "swift_code": "OURIBRSP"
        },
        {
            "id": 187,
            "bank": "BANCO PAN S.A.",
            "city": "SAO PAULO",
            "branch": null,
            "swift_code": "BPNMBRSP"
        },
        {
            "id": 188,
            "bank": "BANCO PAULISTA S.A.",
            "city": "SAO PAULO",
            "branch": null,
            "swift_code": "PAULBRSP"
        },
        {
            "id": 189,
            "bank": "BANCO PINE S.A.",
            "city": "SAO PAULO",
            "branch": null,
            "swift_code": "PBBRBRSP"
        },
        {
            "id": 190,
            "bank": "BANCO REGIONAL DE DESENVOLVIMENTO DO EXTREMO SUL",
            "city": "CURITIBA",
            "branch": null,
            "swift_code": "RDESBRP1"
        },
        {
            "id": 191,
            "bank": "BANCO REGIONAL DE DESENVOLVIMENTO DO EXTREMO SUL",
            "city": "FLORIANOPOLIS",
            "branch": null,
            "swift_code": "RDESBRP10RF"
        },
        {
            "id": 192,
            "bank": "BANCO REGIONAL DE DESENVOLVIMENTO DO EXTREMO SUL",
            "city": "PORTO ALEGRE",
            "branch": null,
            "swift_code": "RDESBRP10RS"
        },
        {
            "id": 193,
            "bank": "BANCO RENDIMENTO S\/A",
            "city": "SAO PAULO",
            "branch": null,
            "swift_code": "RENDBRSP"
        },
        {
            "id": 194,
            "bank": "BANCO RIBEIRAO PRETO S.A",
            "city": "RIBEIRAO PRETO",
            "branch": null,
            "swift_code": "BRPOBRS1"
        },
        {
            "id": 195,
            "bank": "BANCO RURAL S.A.",
            "city": "BELO HORIZONTE",
            "branch": null,
            "swift_code": "RUBABRR1"
        },
        {
            "id": 196,
            "bank": "BANCO RURAL S.A.",
            "city": "BELO HORIZONTE",
            "branch": null,
            "swift_code": "RUBABRR1SIM"
        },
        {
            "id": 197,
            "bank": "BANCO SAFRA S.A.",
            "city": "RIO DE JANEIRO",
            "branch": null,
            "swift_code": "SAFRBRSPRJO"
        },
        {
            "id": 198,
            "bank": "BANCO SAFRA S.A.",
            "city": "SAO PAULO",
            "branch": "(HEAD OFFICE)",
            "swift_code": "SAFRBRSP"
        },
        {
            "id": 199,
            "bank": "BANCO SAFRA S.A.",
            "city": "SAO PAULO",
            "branch": null,
            "swift_code": "SAFRBRSPSPO"
        },
        {
            "id": 200,
            "bank": "BANCO SANTANDER (BRASIL) S.A.",
            "city": "SAO PAULO",
            "branch": "(ASSET MANAGEMENT)",
            "swift_code": "BSCHBRSPAST"
        },
        {
            "id": 201,
            "bank": "BANCO SANTANDER (BRASIL) S.A.",
            "city": "SAO PAULO",
            "branch": "(HEAD OFFICE)",
            "swift_code": "BSCHBRSP"
        },
        {
            "id": 202,
            "bank": "BANCO SANTANDER (BRASIL) S.A.",
            "city": "SAO PAULO",
            "branch": "(SAO PAULO BRANCH)",
            "swift_code": "BSCHBRSPSPO"
        },
        {
            "id": 203,
            "bank": "BANCO SANTANDER (BRASIL) S.A.",
            "city": "SAO PAULO",
            "branch": "(SECURITIES DEPARTMENT)",
            "swift_code": "BSCHBRSPSEC"
        },
        {
            "id": 204,
            "bank": "BANCO SANTANDER (BRASIL) S.A.",
            "city": "SAO PAULO",
            "branch": null,
            "swift_code": "BSCHBRSPBKR"
        },
        {
            "id": 205,
            "bank": "BANCO SANTANDER (BRASIL) S.A.",
            "city": "SAO PAULO",
            "branch": null,
            "swift_code": "BSCHBRSPGEB"
        },
        {
            "id": 206,
            "bank": "BANCO SOCIETE GENERALE BRASIL S\/A",
            "city": "SAO PAULO",
            "branch": null,
            "swift_code": "BSOGBRSP"
        },
        {
            "id": 207,
            "bank": "BANCO SOFISA S.A.",
            "city": "SAO PAULO",
            "branch": null,
            "swift_code": "BSBSBRSP"
        },
        {
            "id": 208,
            "bank": "BANCO STANDARD DE INVESTIMENTOS S.A.",
            "city": "SAO PAULO",
            "branch": null,
            "swift_code": "SBLLBRS1"
        },
        {
            "id": 209,
            "bank": "BANCO SUL AMERICA S.A.",
            "city": "SAO PAULO",
            "branch": null,
            "swift_code": "BSUABRS1"
        },
        {
            "id": 210,
            "bank": "BANCO SUMITOMO MITSUI BRASILEIRO S.A.",
            "city": "BELO HORIZONTE",
            "branch": null,
            "swift_code": "SUBRBRS10RB"
        },
        {
            "id": 211,
            "bank": "BANCO SUMITOMO MITSUI BRASILEIRO S.A.",
            "city": "BRASILIA",
            "branch": null,
            "swift_code": "SUBRBRS10DF"
        },
        {
            "id": 212,
            "bank": "BANCO SUMITOMO MITSUI BRASILEIRO S.A.",
            "city": "RIO DE JANEIRO",
            "branch": null,
            "swift_code": "SUBRBRS10RJ"
        },
        {
            "id": 213,
            "bank": "BANCO SUMITOMO MITSUI BRASILEIRO S.A.",
            "city": "SAO PAULO",
            "branch": null,
            "swift_code": "SUBRBRSP"
        },
        {
            "id": 214,
            "bank": "BANCO TOPAZIO S.A.",
            "city": "PORTO ALEGRE",
            "branch": null,
            "swift_code": "TOPZBRRS"
        },
        {
            "id": 215,
            "bank": "BANCO UBS PACTUAL S.A.",
            "city": "RIO DE JANEIRO",
            "branch": null,
            "swift_code": "BOMGBRS1"
        },
        {
            "id": 216,
            "bank": "BANCO VOTORANTIM S.A.",
            "city": "SAO PAULO",
            "branch": null,
            "swift_code": "BAVOBRSP"
        },
        {
            "id": 217,
            "bank": "BANCO VOTORANTIM S.A.",
            "city": "SAO PAULO",
            "branch": null,
            "swift_code": "BAVOBRSPCST"
        },
        {
            "id": 218,
            "bank": "BANCO WOORI BANK DO BRASIL",
            "city": "SAO PAULO",
            "branch": null,
            "swift_code": "HVBKBRSP"
        },
        {
            "id": 219,
            "bank": "BANCO ZOGBI SA",
            "city": "SAO PAULO",
            "branch": null,
            "swift_code": "BCRSBRS1"
        },
        {
            "id": 220,
            "bank": "BANDEIRANTES CREDITO IMOBILIARIO",
            "city": "SAO PAULO",
            "branch": null,
            "swift_code": "CIMBBRS1"
        },
        {
            "id": 221,
            "bank": "BANESTES S.A. - BANCO DO ESTADO DO ESPIRITO SANTO",
            "city": "VITORIA",
            "branch": null,
            "swift_code": "BEESBRRJ"
        },
        {
            "id": 222,
            "bank": "BANIF-BANCO INTERNACIONAL DO FUNCHAL (BRASIL), SA",
            "city": "SAO PAULO",
            "branch": null,
            "swift_code": "BNIFBRRJ"
        },
        {
            "id": 223,
            "bank": "BANK OF AMERICA MERRILL LYNCH BANCO MULTIPLO S.A",
            "city": "SAO PAULO",
            "branch": null,
            "swift_code": "MLBOBRSP"
        },
        {
            "id": 224,
            "bank": "BANK OF CHINA BRASIL S.A.",
            "city": "SAO PAULO",
            "branch": null,
            "swift_code": "BKCHBRSP"
        },
        {
            "id": 225,
            "bank": "BANKBOSTON, N.A. BRAZIL",
            "city": "SAO PAULO",
            "branch": null,
            "swift_code": "FNBBBRS1"
        },
        {
            "id": 226,
            "bank": "BANKO SUMITOMO MITSUI BRASILEIRO S.A.",
            "city": "SAO PAULO",
            "branch": null,
            "swift_code": "SCBRBRS1"
        },
        {
            "id": 227,
            "bank": "BARING SECURITIES BRAZIL",
            "city": "SAO PAULO",
            "branch": null,
            "swift_code": "BSECBRS1"
        },
        {
            "id": 228,
            "bank": "BB DISTR. DE TITULOS E VALORES MOBLS. S\/A",
            "city": "RIO DE JANEIRO",
            "branch": null,
            "swift_code": "DTVOBRR1"
        },
        {
            "id": 229,
            "bank": "BB GESTAO DE RECURSOS DISTRIBUIDORA E VALORES MOBILIRIOS S.A.",
            "city": "RIO DE JANEIRO",
            "branch": null,
            "swift_code": "BBAMBRRJ"
        },
        {
            "id": 230,
            "bank": "BBM I GESTAO DE RECURSOS LTDA",
            "city": "RIO DE JANEIRO",
            "branch": null,
            "swift_code": "BBMIBRRJ"
        },
        {
            "id": 231,
            "bank": "BCV - BANCO DE CREDITO E VAREJO S.A",
            "city": "SAO PAULO",
            "branch": null,
            "swift_code": "SCHABRSP"
        },
        {
            "id": 232,
            "bank": "BDMG-BANCO DE DESENVOLVIMENTO DE MINAS GERAIS",
            "city": "BELO HORIZONTE",
            "branch": null,
            "swift_code": "BDMGBRRB"
        },
        {
            "id": 233,
            "bank": "BEXS BANCO DE CAMBIO S\/A",
            "city": "SAO PAULO",
            "branch": null,
            "swift_code": "BEXSBRSP"
        },
        {
            "id": 234,
            "bank": "BGC LIQUIDEZ DTVM LTDA",
            "city": "RIO DE JANEIRO",
            "branch": null,
            "swift_code": "BGLDBRR1"
        },
        {
            "id": 235,
            "bank": "BITTENCOURT S\/A CTVC",
            "city": "RIO DE JANEIRO",
            "branch": null,
            "swift_code": "BICTBRR1"
        },
        {
            "id": 236,
            "bank": "BMF - CAMARA DE DERIVATIVOS",
            "city": "SAO PAULO",
            "branch": "(DIRETORIA DE LIQUIDACAO E CUSTODIA)",
            "swift_code": "XBMFBRBRCRD"
        },
        {
            "id": 237,
            "bank": "BMF - CAMARA DE DERIVATIVOS",
            "city": "SAO PAULO",
            "branch": null,
            "swift_code": "XBMFBRBR"
        },
        {
            "id": 238,
            "bank": "BNY MELLON SERVICOS FINANCEIROS DTVM SA",
            "city": "RIO DE JANEIRO",
            "branch": null,
            "swift_code": "BNYMBRRJ"
        },
        {
            "id": 239,
            "bank": "BOLSA DE VALORES DE SAO PAULO",
            "city": "SAO PAULO",
            "branch": null,
            "swift_code": "XBSPBRS1"
        },
        {
            "id": 240,
            "bank": "BOLSA DE VALORES DO RIO DE JANEIRO",
            "city": "RIO DE JANEIRO",
            "branch": null,
            "swift_code": "XRIOBRR1"
        },
        {
            "id": 241,
            "bank": "BR PARTNERS C.T.V.M. S.A.",
            "city": "SAO PAULO",
            "branch": null,
            "swift_code": "PACVBRS1"
        },
        {
            "id": 242,
            "bank": "BRADESCO S.A. CTVM",
            "city": "SAO PAULO",
            "branch": null,
            "swift_code": "BBDCBRS1"
        },
        {
            "id": 243,
            "bank": "BRADESCO S\/A CTVM",
            "city": "SAO PAULO",
            "branch": null,
            "swift_code": "BRCTBRS1"
        },
        {
            "id": 244,
            "bank": "BRAM-BRADESCO ASSET MANAGEMENT",
            "city": "SAO PAULO",
            "branch": null,
            "swift_code": "BBDMBRSP"
        },
        {
            "id": 245,
            "bank": "BRASCAN S\/A CORRETORA DE TITULOS E VALORES",
            "city": "SAO PAULO",
            "branch": null,
            "swift_code": "BCDTBRS1"
        },
        {
            "id": 246,
            "bank": "BRASIL PLURAL CCTVM SA",
            "city": "SAO PAULO",
            "branch": null,
            "swift_code": "FLCEBRS1"
        },
        {
            "id": 247,
            "bank": "BRASIL PLURAL S.A. BANCO MULTIPLO",
            "city": "RIO DE JANEIRO",
            "branch": null,
            "swift_code": "PLURBRRJ"
        },
        {
            "id": 248,
            "bank": "BRB-BANCO DE BRASILIA S.A.",
            "city": "BRASILIA",
            "branch": null,
            "swift_code": "BRBSBRDF"
        },
        {
            "id": 249,
            "bank": "BRB-BANCO DE BRASILIA S.A.",
            "city": "SAO PAULO",
            "branch": null,
            "swift_code": "BRBSBRD1SPA"
        },
        {
            "id": 250,
            "bank": "BROKER BRASIL CORRETORA DE CAMBIO LTDA",
            "city": "SAO PAULO",
            "branch": null,
            "swift_code": "BBRCBRS1"
        },
        {
            "id": 251,
            "bank": "CAIXA ECONOMICA DO ESTADO DO IO GRANDE DO SUL SA",
            "city": "CAXIAS DO SUL",
            "branch": null,
            "swift_code": "CEESBRR1"
        },
        {
            "id": 252,
            "bank": "CAIXA ECONOMICA FEDERAL",
            "city": "SAO PAULO",
            "branch": null,
            "swift_code": "CEFXBRSP"
        },
        {
            "id": 253,
            "bank": "CAMARA INTERBANCARIA DE PAGAMENTOS-CIP",
            "city": "SAO PAULO",
            "branch": null,
            "swift_code": "CCIPBRSP"
        },
        {
            "id": 254,
            "bank": "CETIP \/ CENTRAL DE CUSTODIA E DE LIQUIDACAO FINANCEIRA DE TITULOS",
            "city": "RIO DE JANEIRO",
            "branch": null,
            "swift_code": "CETIBRR1"
        },
        {
            "id": 255,
            "bank": "CETIP S.A. BALCAO ORGANIZADO DE ATIVOS E DERIVATIVOS",
            "city": "RIO DE JANEIRO",
            "branch": null,
            "swift_code": "CTIPBRR1"
        },
        {
            "id": 256,
            "bank": "CETRO CTVM LTDA.",
            "city": "PORTO ALEGRE",
            "branch": null,
            "swift_code": "CECTBRR1"
        },
        {
            "id": 257,
            "bank": "CHASE FLEMING S.A. CCVM",
            "city": "SAO PAULO",
            "branch": null,
            "swift_code": "GRAPBRS1"
        },
        {
            "id": 258,
            "bank": "CHINA CONSTRUCTION BANK (BRASIL) BANCO MULTIPLO S\/A",
            "city": "SAO PAULO",
            "branch": null,
            "swift_code": "BICBBRSP"
        },
        {
            "id": 259,
            "bank": "CITIBANK N.A.",
            "city": "RIO DE JANEIRO",
            "branch": null,
            "swift_code": "CITIBRSPRJO"
        },
        {
            "id": 260,
            "bank": "CITIBANK N.A.",
            "city": "SAO PAULO",
            "branch": "(HEAD OFFICE)",
            "swift_code": "CITIBRSPHOF"
        },
        {
            "id": 261,
            "bank": "CITIBANK N.A.",
            "city": "SAO PAULO",
            "branch": "(INTERNATIONAL SECURITY)",
            "swift_code": "CITIBRSPSEC"
        },
        {
            "id": 262,
            "bank": "CITIBANK N.A.",
            "city": "SAO PAULO",
            "branch": null,
            "swift_code": "CITIBRSP"
        },
        {
            "id": 263,
            "bank": "CITIBANK N.A.",
            "city": "SAO PAULO",
            "branch": null,
            "swift_code": "CITIBRSX"
        },
        {
            "id": 264,
            "bank": "CITIGROUP GLOBAL MARKETS BRASIL CCTVM SA",
            "city": "SAO PAULO",
            "branch": null,
            "swift_code": "CGMBBRS1"
        },
        {
            "id": 265,
            "bank": "CITY CCVM LTDA.",
            "city": "RIO DE JANEIRO",
            "branch": null,
            "swift_code": "CICCBRR1"
        },
        {
            "id": 266,
            "bank": "CM CAPITAL MARKETS CCTVM LTDA.",
            "city": "SAO PAULO",
            "branch": null,
            "swift_code": "CAKCBRS1"
        },
        {
            "id": 267,
            "bank": "COINVALORES CCVM LTDA.",
            "city": "SAO PAULO",
            "branch": null,
            "swift_code": "COCCBRS1"
        },
        {
            "id": 268,
            "bank": "COMMERZBANK BRASIL S.A. - BANCO MULTIPLO",
            "city": "SAO PAULO",
            "branch": null,
            "swift_code": "COBABRSP"
        },
        {
            "id": 269,
            "bank": "COMPANHIA BRASILEIRA DE LIQUIDACAO E CUSTODIA",
            "city": "SAO PAULO",
            "branch": null,
            "swift_code": "CLCBBRRJ"
        },
        {
            "id": 270,
            "bank": "COMPANHIA PROVIDENCIA INDUSTRIA E COMERCIO",
            "city": "SAO JOSE DOS PINHAIS",
            "branch": null,
            "swift_code": "CPICBRP1"
        },
        {
            "id": 271,
            "bank": "CONCORDIA SA CVMCC",
            "city": "RIO DE JANEIRO",
            "branch": null,
            "swift_code": "CNCVBRR1"
        },
        {
            "id": 272,
            "bank": "CONCORDIA SA CVMCC",
            "city": "SAO PAULO",
            "branch": null,
            "swift_code": "CNCVBRR1001"
        },
        {
            "id": 273,
            "bank": "CONVENCAO S\/A CORRETORA DE VALORES E CAMBIO",
            "city": "SAO PAULO",
            "branch": null,
            "swift_code": "CCVCBRS1"
        },
        {
            "id": 274,
            "bank": "COOPERATIVA CENTRAL CREDITO RURAL RGS LTDA",
            "city": "PORTO ALEGRE",
            "branch": null,
            "swift_code": "CCCRBRR1"
        },
        {
            "id": 275,
            "bank": "COOPERATIVA DE CREDITO RURAL DO OESTE LTDA",
            "city": "BAHIA",
            "branch": null,
            "swift_code": "CCRLBRB1"
        },
        {
            "id": 276,
            "bank": "COTACAO DISTRIBUIDORA DE TITULOS E VALORES MOBS S\/A",
            "city": "SAO PAULO",
            "branch": null,
            "swift_code": "CDTVBRS1"
        },
        {
            "id": 277,
            "bank": "CREDIT SUISSE FIRST BOSTON SA CTVM",
            "city": "SAO PAULO",
            "branch": null,
            "swift_code": "CSFBBRS1"
        },
        {
            "id": 278,
            "bank": "CREDIT SUISSE HEDGING GRIFFO",
            "city": "SAO PAULO",
            "branch": null,
            "swift_code": "HEDGBRS1"
        },
        {
            "id": 279,
            "bank": "CRUZEIRO DO SUL CORRETORA DE VALORES",
            "city": "RIO DE JANEIRO",
            "branch": null,
            "swift_code": "CSCVBRR1"
        },
        {
            "id": 280,
            "bank": "DEUTSCHE BANK CV S\/A",
            "city": "SAO PAULO",
            "branch": null,
            "swift_code": "DEUTBRS1"
        },
        {
            "id": 281,
            "bank": "DEUTSCHE BANK S.A. - BANCO ALEMAO",
            "city": "RIO DE JANEIRO",
            "branch": null,
            "swift_code": "DEUTBRSPRJO"
        },
        {
            "id": 282,
            "bank": "DEUTSCHE BANK S.A. - BANCO ALEMAO",
            "city": "SAO PAULO",
            "branch": null,
            "swift_code": "DEUTBRSP"
        },
        {
            "id": 283,
            "bank": "DEUTSCHE BANK S.A. - BANCO ALEMAO",
            "city": "SAO PAULO",
            "branch": null,
            "swift_code": "DEUTBRSPCUS"
        },
        {
            "id": 284,
            "bank": "DEUTSCHE BANK S.A. - BANCO ALEMAO",
            "city": "SAO PAULO",
            "branch": null,
            "swift_code": "DEUTBRSPSPO"
        },
        {
            "id": 285,
            "bank": "DISTRIBUIDORA BANK OF BOSTON DTVM S\/A",
            "city": "SAO PAULO",
            "branch": null,
            "swift_code": "DIBDBRS1"
        },
        {
            "id": 286,
            "bank": "DOURADA CAMBIO",
            "city": "CURITIBA",
            "branch": null,
            "swift_code": "DOABBRP1"
        },
        {
            "id": 287,
            "bank": "ELITE CCVM LTDA",
            "city": "RIO DE JANEIRO",
            "branch": null,
            "swift_code": "ELCCBRR1"
        },
        {
            "id": 288,
            "bank": "EMPRESA BRASILEIRA DE CORREIOS E TELEGRAFOS - ECT",
            "city": "BRASILIA",
            "branch": null,
            "swift_code": "EBCTBRD1"
        },
        {
            "id": 289,
            "bank": "EQUITY CP - CCV S\/A",
            "city": "RIO DE JANEIRO",
            "branch": null,
            "swift_code": "EQCCBRR1"
        },
        {
            "id": 290,
            "bank": "ESTRATEGIA INVESTIMENTOS S\/A CVC",
            "city": "RIO DE JANEIRO",
            "branch": null,
            "swift_code": "ESTRBRRJ"
        },
        {
            "id": 291,
            "bank": "FATOR - DORIA ATHERINO S\/A CV",
            "city": "SAO PAULO",
            "branch": null,
            "swift_code": "FADABRS1"
        },
        {
            "id": 292,
            "bank": "FATOR S.A. CORRETORA DE VALORES",
            "city": "SAO PAULO",
            "branch": null,
            "swift_code": "FATOBRS1"
        },
        {
            "id": 293,
            "bank": "FIBRA ASSET MANAGEMENT DISTRIBUIDORA DE TITULOS E VALORES MOBILIARIOS LTDA",
            "city": "SAO PAULO",
            "branch": null,
            "swift_code": "FDTVBRS1"
        },
        {
            "id": 294,
            "bank": "FINABANK CORRETORA DE CAMBIO TITULOS E VALORES MOBILIARIOS LTDA",
            "city": "SAO PAULO",
            "branch": null,
            "swift_code": "FCCTBRS1"
        },
        {
            "id": 295,
            "bank": "FINASA-SUPLICY C.C.V.M. S\/A",
            "city": "SAO PAULO",
            "branch": null,
            "swift_code": "FISUBRS1"
        },
        {
            "id": 296,
            "bank": "FITCH RATINGS BRASIL LTDA",
            "city": "RIO DE JANEIRO",
            "branch": null,
            "swift_code": "FRIPBRR1"
        },
        {
            "id": 297,
            "bank": "GARANTIA DTVM S\/A",
            "city": "SAO PAULO",
            "branch": null,
            "swift_code": "GADTBRS1"
        },
        {
            "id": 298,
            "bank": "GAVEA INVESTIMENTOS LTDA",
            "city": "RIO DE JANEIRO",
            "branch": null,
            "swift_code": "GAIVBRR1"
        },
        {
            "id": 299,
            "bank": "GBM BRASIL DTVM S.A.",
            "city": "RIO DE JANEIRO",
            "branch": null,
            "swift_code": "GBBDBRR1"
        },
        {
            "id": 300,
            "bank": "GBTD BRASIL",
            "city": "SAO PAULO",
            "branch": null,
            "swift_code": "GBBRBRS1"
        },
        {
            "id": 301,
            "bank": "GERACAO CORRETORA DE VALORES LTDA",
            "city": "SAO PAULO",
            "branch": null,
            "swift_code": "GERABRS1"
        },
        {
            "id": 302,
            "bank": "GERACAO FUTURO CORRETORA DE VALORES SA",
            "city": "RIO DE JANEIRO",
            "branch": null,
            "swift_code": "GFCVBRR1"
        },
        {
            "id": 303,
            "bank": "GIB AMERICAS-BRASIL",
            "city": "SAO PAULO",
            "branch": null,
            "swift_code": "GIBMBRS1"
        },
        {
            "id": 304,
            "bank": "GOLDMAN SACHS DO BRASIL BANCO MULTIPLO S.A.",
            "city": "SAO PAULO",
            "branch": null,
            "swift_code": "GOLDBRSP"
        },
        {
            "id": 305,
            "bank": "GOLDMAN SACHS DO BRASIL CORRETORA DE VALORES MOBILIARIOS S\/A",
            "city": "SAO PAULO",
            "branch": null,
            "swift_code": "GSBCBRSP"
        },
        {
            "id": 306,
            "bank": "GRADUAL C.C.T.V.M. LTDA",
            "city": "SAO PAULO",
            "branch": null,
            "swift_code": "GRADBRS1"
        },
        {
            "id": 307,
            "bank": "HAITONG BANCO DE INVESTIMENTODO BRASIL S.A.",
            "city": "SAO PAULO",
            "branch": "(HAITONG SECURITIES)",
            "swift_code": "BESBBRSPBES"
        },
        {
            "id": 308,
            "bank": "HAITONG BANCO DE INVESTIMENTODO BRASIL S.A.",
            "city": "SAO PAULO",
            "branch": null,
            "swift_code": "BESBBRSP"
        },
        {
            "id": 309,
            "bank": "HSBC BRASIL S\/A - BANCO DE INVESTIMENTO",
            "city": "SAO PAULO",
            "branch": null,
            "swift_code": "HSBNBRSS"
        },
        {
            "id": 310,
            "bank": "HSBC CORRETORA DE TITULOS E VALORES MOBILIARIOS S.A.  HSBC CTVM",
            "city": "SAO PAULO",
            "branch": null,
            "swift_code": "HCTVBRS1"
        },
        {
            "id": 311,
            "bank": "ICAP DO BRASIL DTVM LTDA",
            "city": "RIO DE JANEIRO",
            "branch": null,
            "swift_code": "ICBDBRR1"
        },
        {
            "id": 312,
            "bank": "ICATU DTVM LTDA.",
            "city": "RIO DE JANEIRO",
            "branch": null,
            "swift_code": "ICATBRRJ"
        },
        {
            "id": 313,
            "bank": "INDOSUEZ CAPITAL DTVM S\/A",
            "city": "SAO PAULO",
            "branch": null,
            "swift_code": "DTVMBRS1"
        },
        {
            "id": 314,
            "bank": "INDOSUEZ W.I. CARR SECURITIES (BRAZIL) DTVM S.A.",
            "city": "SAO PAULO",
            "branch": null,
            "swift_code": "WICABRS1"
        },
        {
            "id": 315,
            "bank": "INDUSTRIAL AND COMMERCIAL BANK OF CHINA(BRAZIL)",
            "city": "SAO PAULO",
            "branch": null,
            "swift_code": "ICBKBRSP"
        },
        {
            "id": 316,
            "bank": "ING BANK N.V.",
            "city": "SAO PAULO",
            "branch": "(ASSET TRADING ADMINISTRATION)",
            "swift_code": "INGBBRSPATA"
        },
        {
            "id": 317,
            "bank": "ING BANK N.V.",
            "city": "SAO PAULO",
            "branch": null,
            "swift_code": "INGBBRSP"
        },
        {
            "id": 318,
            "bank": "INTESA SANPAOLO BRASIL S.A. - BANCO MULTIPLO",
            "city": "SAO PAULO",
            "branch": null,
            "swift_code": "BCITBRSP"
        },
        {
            "id": 319,
            "bank": "INTL FCSTONE DTVM LTDA.",
            "city": "SAO PAULO",
            "branch": null,
            "swift_code": "ITFDBRSP"
        },
        {
            "id": 320,
            "bank": "INTRA S\/A CCV",
            "city": "SAO PAULO",
            "branch": null,
            "swift_code": "INCVBRS1"
        },
        {
            "id": 321,
            "bank": "ITAU ASSET MANAGEMENT",
            "city": "SAO PAULO",
            "branch": null,
            "swift_code": "ITSABRS1"
        },
        {
            "id": 322,
            "bank": "ITAU UNIBANCO - IAM",
            "city": "SAO PAULO",
            "branch": null,
            "swift_code": "ITUIBRS1"
        },
        {
            "id": 323,
            "bank": "ITAU UNIBANCO S\/A",
            "city": "BELO HORIZONTE",
            "branch": null,
            "swift_code": "ITAUBRSPBHE"
        },
        {
            "id": 324,
            "bank": "ITAU UNIBANCO S\/A",
            "city": "BLUMENAU",
            "branch": null,
            "swift_code": "ITAUBRSPBNU"
        },
        {
            "id": 325,
            "bank": "ITAU UNIBANCO S\/A",
            "city": "CAMPINAS",
            "branch": null,
            "swift_code": "ITAUBRSPCAS"
        },
        {
            "id": 326,
            "bank": "ITAU UNIBANCO S\/A",
            "city": "CURITIBA",
            "branch": null,
            "swift_code": "ITAUBRSPCTA"
        },
        {
            "id": 327,
            "bank": "ITAU UNIBANCO S\/A",
            "city": "JOINVILLE",
            "branch": null,
            "swift_code": "ITAUBRSPJVE"
        },
        {
            "id": 328,
            "bank": "ITAU UNIBANCO S\/A",
            "city": "NOVO HAMBURGO",
            "branch": null,
            "swift_code": "ITAUBRSPNHO"
        },
        {
            "id": 329,
            "bank": "ITAU UNIBANCO S\/A",
            "city": "PORTO ALEGRE",
            "branch": null,
            "swift_code": "ITAUBRSPPAE"
        },
        {
            "id": 330,
            "bank": "ITAU UNIBANCO S\/A",
            "city": "RIO DE JANEIRO",
            "branch": null,
            "swift_code": "ITAUBRSPRJO"
        },
        {
            "id": 331,
            "bank": "ITAU UNIBANCO S\/A",
            "city": "SAO PAULO",
            "branch": "(ASSESSORIA ADR)",
            "swift_code": "ITAUBRSPADR"
        },
        {
            "id": 332,
            "bank": "ITAU UNIBANCO S\/A",
            "city": "SAO PAULO",
            "branch": "(CUSTODIA LOCAL)",
            "swift_code": "ITAUBRSPLOC"
        },
        {
            "id": 333,
            "bank": "ITAU UNIBANCO S\/A",
            "city": "SAO PAULO",
            "branch": "(GERENCIA DE FUNDOS E CARTEIRAS INTERNACIONAL)",
            "swift_code": "ITAUBRSPINT"
        },
        {
            "id": 334,
            "bank": "ITAU UNIBANCO S\/A",
            "city": "SAO PAULO",
            "branch": "(GERENCIA DE FUNDOS E CARTEIRAS INTERNACIONAL)",
            "swift_code": "ITAUBRSPISS"
        },
        {
            "id": 335,
            "bank": "ITAU UNIBANCO S\/A",
            "city": "SAO PAULO",
            "branch": "(HEAD OFFICE)",
            "swift_code": "ITAUBRSP"
        },
        {
            "id": 336,
            "bank": "ITAU UNIBANCO S\/A",
            "city": "SAO PAULO",
            "branch": null,
            "swift_code": "ITAUBRSPSPO"
        },
        {
            "id": 337,
            "bank": "ITAU UNIBANCO S\/A (SUCCESSOR OF BANCO ITAU BBA S.A.)",
            "city": "BELO HORIZONTE",
            "branch": "(BELO HORIZONTE BRANCH)",
            "swift_code": "CBBABRSPBHE"
        },
        {
            "id": 338,
            "bank": "ITAU UNIBANCO S\/A (SUCCESSOR OF BANCO ITAU BBA S.A.)",
            "city": "CAMPINAS",
            "branch": "(CAMPINAS BRANCH)",
            "swift_code": "CBBABRSPCAS"
        },
        {
            "id": 339,
            "bank": "ITAU UNIBANCO S\/A (SUCCESSOR OF BANCO ITAU BBA S.A.)",
            "city": "PORTO ALEGRE",
            "branch": "(PORTO ALEGRE BRANCH)",
            "swift_code": "CBBABRSPPAE"
        },
        {
            "id": 340,
            "bank": "ITAU UNIBANCO S\/A (SUCCESSOR OF BANCO ITAU BBA S.A.)",
            "city": "RIO DE JANEIRO",
            "branch": "(RIO DE JANEIRO BRANCH)",
            "swift_code": "CBBABRSPRJO"
        },
        {
            "id": 341,
            "bank": "ITAU UNIBANCO S\/A (SUCCESSOR OF BANCO ITAU BBA S.A.)",
            "city": "SAO PAULO",
            "branch": null,
            "swift_code": "CBBABRSP"
        },
        {
            "id": 342,
            "bank": "JP MORGAN DISTRIBUIDORA",
            "city": "SAO PAULO",
            "branch": null,
            "swift_code": "JODIBRS1"
        },
        {
            "id": 343,
            "bank": "JPM CCTVM S\/A",
            "city": "SAO PAULO",
            "branch": null,
            "swift_code": "JPCCBRS1"
        },
        {
            "id": 344,
            "bank": "JPM COR DE CAM TITU E VAL MOB S\/A",
            "city": "SAO PAULO",
            "branch": null,
            "swift_code": "JPMCBRS1"
        },
        {
            "id": 345,
            "bank": "LIBERAL S\/A COR DE CAM E VAL MOB",
            "city": "SAO PAULO",
            "branch": null,
            "swift_code": "LIBEBRS1"
        },
        {
            "id": 346,
            "bank": "MAGLIANO S.A. CORRETORA DE CAMBIO E VALORES MOBILIARIOS",
            "city": "SAO PAULO",
            "branch": null,
            "swift_code": "MCALBRS1"
        },
        {
            "id": 347,
            "bank": "MERCEDES-BENZ DO BRASIL LTDA",
            "city": "SAO BERNARDO DO CAMPO",
            "branch": "(INDUSTRIAL ACCOUNTS)",
            "swift_code": "DABEBRSXIBA"
        },
        {
            "id": 348,
            "bank": "MERCEDES-BENZ DO BRASIL LTDA",
            "city": "SAO BERNARDO DO CAMPO",
            "branch": null,
            "swift_code": "DABEBRSX"
        },
        {
            "id": 349,
            "bank": "MERRILL LYNCH DTVM",
            "city": "SAO PAULO",
            "branch": null,
            "swift_code": "MLDTBRS1"
        },
        {
            "id": 350,
            "bank": "MERRILL LYNCH S.A. CORRETORA DE TITULOS E VALORES MOBILIARIOS",
            "city": "SAO PAULO",
            "branch": null,
            "swift_code": "MLCVBRS1"
        },
        {
            "id": 351,
            "bank": "MIDBANK-BANCO DE INVESTIMENTO S.A.",
            "city": "SAO PAULO",
            "branch": null,
            "swift_code": "MIINBRS1"
        },
        {
            "id": 352,
            "bank": "MIRAE ASSET SECURITIES (BRASIL) C.T.V.M. LTDA",
            "city": "SAO PAULO",
            "branch": null,
            "swift_code": "MACBBRS1"
        },
        {
            "id": 353,
            "bank": "MIRAE ASSET SECURITIES (BRASIL) CORRETORA DE CAMBIO, TITULOS E VALORES MOBILIARIOS LTDA.",
            "city": "SAO PAULO",
            "branch": null,
            "swift_code": "MIAEBRSP"
        },
        {
            "id": 354,
            "bank": "MOBIS BRASIL FABRICACAO DE AUTO PECAS LTDA.",
            "city": "SAO PAULO",
            "branch": null,
            "swift_code": "HYMOBRS1"
        },
        {
            "id": 355,
            "bank": "MOODY'S AMERICA LATINA LTDA",
            "city": "SAO PAULO",
            "branch": null,
            "swift_code": "MOATBRS1"
        },
        {
            "id": 356,
            "bank": "MORGAN STANLEY",
            "city": "SAO PAULO",
            "branch": null,
            "swift_code": "MSSPBRS1"
        },
        {
            "id": 357,
            "bank": "MS BANK SA BANCO DE CAMBIO",
            "city": "CURITIBA",
            "branch": null,
            "swift_code": "MSBOBRPR"
        },
        {
            "id": 358,
            "bank": "MULTIPLIC BANCO DE INVESTIMENTO S\/A",
            "city": "RIO DE JANEIRO",
            "branch": null,
            "swift_code": "MUBABRS10RJ"
        },
        {
            "id": 359,
            "bank": "MULTIPLIC BANCO DE INVESTIMENTO S\/A",
            "city": "SAO PAULO",
            "branch": null,
            "swift_code": "MUBABRS1"
        },
        {
            "id": 360,
            "bank": "MULTIPLIC CVM S\/A",
            "city": "SAO PAULO",
            "branch": null,
            "swift_code": "MUCVBRS1"
        },
        {
            "id": 361,
            "bank": "NESTLE BRAZIL LTDA",
            "city": "SAO PAULO",
            "branch": null,
            "swift_code": "NESNBRSX"
        },
        {
            "id": 362,
            "bank": "NOVA FUTURA D.T.V.M. LTDA.",
            "city": "SAO PAULO",
            "branch": null,
            "swift_code": "NOFVBRS1"
        },
        {
            "id": 363,
            "bank": "NOVACAO S\/A CCVM",
            "city": "SAO PAULO",
            "branch": null,
            "swift_code": "NOCCBRS1"
        },
        {
            "id": 364,
            "bank": "NOVINVEST S\/A CVM",
            "city": "SAO PAULO",
            "branch": null,
            "swift_code": "NOCVBRS1"
        },
        {
            "id": 365,
            "bank": "NOVO BANCO CONTINENTAL S.A.",
            "city": "PORTO ALEGRE",
            "branch": null,
            "swift_code": "COMEBRRS"
        },
        {
            "id": 366,
            "bank": "PARANA BANCO S.A.",
            "city": "CURITIBA",
            "branch": null,
            "swift_code": "PARABRPR"
        },
        {
            "id": 367,
            "bank": "PETRA - PERSONAL TRADER CORRETORA DE TITULOS E VALORES MOBILIARIOS LTDA",
            "city": "CURITIBA",
            "branch": null,
            "swift_code": "PTRABRP1"
        },
        {
            "id": 368,
            "bank": "PIONEER CORRETORA DE CAMBIO LTDA",
            "city": "SAO PAULO",
            "branch": null,
            "swift_code": "PCCMBRS1"
        },
        {
            "id": 369,
            "bank": "PLANIBANC CV S\/A",
            "city": "SAO PAULO",
            "branch": null,
            "swift_code": "PLACBRS1"
        },
        {
            "id": 370,
            "bank": "PLANNER CORRETORA DE VALORES S.A.",
            "city": "SAO PAULO",
            "branch": null,
            "swift_code": "PLAEBRS1"
        },
        {
            "id": 371,
            "bank": "PRIME S\/A CORRETORA DE CAMBIO E VALORES",
            "city": "RIO DE JANEIRO",
            "branch": null,
            "swift_code": "PRCCBRR1"
        },
        {
            "id": 372,
            "bank": "PROSPER S\/A CVC",
            "city": "SAO PAULO",
            "branch": null,
            "swift_code": "PRVVBRS1"
        },
        {
            "id": 373,
            "bank": "PRUDENTIAL DO BRASIL SEGUROS DE VIDA SA",
            "city": "RIO DE JANEIRO",
            "branch": null,
            "swift_code": "PBSVBRR1"
        },
        {
            "id": 374,
            "bank": "QUANTIA DTVM LTDA",
            "city": "SAO PAULO",
            "branch": null,
            "swift_code": "QUCCBRR1"
        },
        {
            "id": 375,
            "bank": "RABOBANK BRASIL",
            "city": "SAO PAULO",
            "branch": null,
            "swift_code": "RABOBRSP"
        },
        {
            "id": 376,
            "bank": "RENASCENCA DISTRIBUIDORA DE TITULOS E VALORES MOBILIARIOS LTDA.",
            "city": "SAO PAULO",
            "branch": null,
            "swift_code": "RDTVBRS1"
        },
        {
            "id": 377,
            "bank": "RMC S\/A SC",
            "city": "SAO PAULO",
            "branch": null,
            "swift_code": "RMCRBRS1"
        },
        {
            "id": 378,
            "bank": "ROYAL BANK OF CANADA (BRASIL) S.A.",
            "city": "SAO PAULO",
            "branch": null,
            "swift_code": "ROYCBRS1"
        },
        {
            "id": 379,
            "bank": "S.HAYATA CORRETORA DE CAMBIO S.A.",
            "city": "SAO PAULO",
            "branch": null,
            "swift_code": "SHAYBRS1"
        },
        {
            "id": 380,
            "bank": "SAMSUNG ELECTRONICA DA AMAZONIA LTDA.",
            "city": "SAO PAULO",
            "branch": "(SEDA)",
            "swift_code": "SECTBRS1820"
        },
        {
            "id": 381,
            "bank": "SAMSUNG ELECTRONICA DA AMAZONIA LTDA.",
            "city": "SAO PAULO",
            "branch": null,
            "swift_code": "SECTBRS1"
        },
        {
            "id": 382,
            "bank": "SANTANDER BRASIL GESTO DE RECURSOS LTDA",
            "city": "SAO PAULO",
            "branch": null,
            "swift_code": "SBGRBRSP"
        },
        {
            "id": 383,
            "bank": "SANTANDER BRASIL S\/A CTVM",
            "city": "SAO PAULO",
            "branch": null,
            "swift_code": "SABVBRS1"
        },
        {
            "id": 384,
            "bank": "SANTANDER SECURITIES SERVICES BRASIL DISTRIBUIDORA DE TTULOS E VALORES MOBILIRIOS S.A.",
            "city": "SAO PAULO",
            "branch": null,
            "swift_code": "SSSBBRSP"
        },
        {
            "id": 385,
            "bank": "SCHAHIN CCVM S\/A",
            "city": "SAO PAULO",
            "branch": null,
            "swift_code": "SCHVBRS1"
        },
        {
            "id": 386,
            "bank": "SCHRODER INVESTMENT MANAGEMENT BRASIL",
            "city": "SAO PAULO",
            "branch": null,
            "swift_code": "SCHRBRS1"
        },
        {
            "id": 387,
            "bank": "SCOTIABANK BRASIL S.A.-BANCO MULTIPLO",
            "city": "SAO PAULO",
            "branch": null,
            "swift_code": "NOSCBRSP"
        },
        {
            "id": 388,
            "bank": "SLW CORRETORA DE VALORES E CAMBIO LTDA",
            "city": "SAO PAULO",
            "branch": null,
            "swift_code": "SCVBBRS1"
        },
        {
            "id": 389,
            "bank": "SOCOPA SOCIEDADE CORRETORA PAULISTA S\/A.",
            "city": "SAO PAULO",
            "branch": null,
            "swift_code": "SCPABRS1"
        },
        {
            "id": 390,
            "bank": "SPECIAL SETTLEMENT AND CUSTODY SYSTEM (SELIC)",
            "city": "RIO DE JANEIRO",
            "branch": null,
            "swift_code": "SSCSBRR1"
        },
        {
            "id": 391,
            "bank": "SPINELLI S\/A - CORRETORA DE VALORES MOBILIARIOS E CAMBIO",
            "city": "SAO PAULO",
            "branch": null,
            "swift_code": "SCVCBRS1"
        },
        {
            "id": 392,
            "bank": "SQUANTO INVESTIMENTOS LTD",
            "city": "SAO PAULO",
            "branch": null,
            "swift_code": "SQINBRS1"
        },
        {
            "id": 393,
            "bank": "STANDARD CHARTERED BANK (BRASIL) S.A.-BANCO DE INVESTIMENTO",
            "city": "SAO PAULO",
            "branch": null,
            "swift_code": "SCBLBRSP"
        },
        {
            "id": 394,
            "bank": "STAREXPORT TRADING S.A.",
            "city": "SAO BERNARDO DO CAMPO",
            "branch": null,
            "swift_code": "DATRBRSX"
        },
        {
            "id": 395,
            "bank": "STOCK S\/A COR DE CAM E VAL",
            "city": "SAO PAULO",
            "branch": null,
            "swift_code": "SCCVBRS1"
        },
        {
            "id": 396,
            "bank": "TALARICO CORRETORA DE CAMBIO E TITULOS MOBILIARIOSLTDA.",
            "city": "SAO PAULO",
            "branch": null,
            "swift_code": "TALABRS1"
        },
        {
            "id": 397,
            "bank": "TESE GESTAO DE INVESTIMENTOS LTDA",
            "city": "RIO DE JANEIRO",
            "branch": null,
            "swift_code": "TEGIBRR1"
        },
        {
            "id": 398,
            "bank": "THE ROYAL BANK OF SCOTLAND BRASIL S.A.-BANCO DE   INVESTIMENTO",
            "city": "SAO PAULO",
            "branch": null,
            "swift_code": "RBOSBRS1"
        },
        {
            "id": 399,
            "bank": "THECA CORRETORA DE CAMBIO, TITULOS E VALORES MOBILIARIOS LTDA",
            "city": "SAO PAULO",
            "branch": null,
            "swift_code": "THECBRS1"
        },
        {
            "id": 400,
            "bank": "TITULO CORRETORA DE VALORES S\/A",
            "city": "SAO PAULO",
            "branch": null,
            "swift_code": "TITUBRS1"
        },
        {
            "id": 401,
            "bank": "TOV CCTVM LTDA",
            "city": "SAO PAULO",
            "branch": null,
            "swift_code": "TOVCBRS1"
        },
        {
            "id": 402,
            "bank": "TOV CORRETORA DE TITULOS, CAMBIO E VALORES MOBILIARIOS LTDA",
            "city": "SAO PAULO",
            "branch": null,
            "swift_code": "TCTCBRS1"
        },
        {
            "id": 403,
            "bank": "TRUSTEE INVESTMENTS S\/A",
            "city": "SAO PAULO",
            "branch": null,
            "swift_code": "TRUIBRSP"
        },
        {
            "id": 404,
            "bank": "TS-TRISTAR IMPERIAL, SECURITIES AND FINANCE LTDA SERVICE CENTRE IMPERIAL",
            "city": "GOIANIA",
            "branch": null,
            "swift_code": "TISNBRD1"
        },
        {
            "id": 405,
            "bank": "UBS BRASIL BANCO DE INVESTIMENTO S.A.",
            "city": "SAO PAULO",
            "branch": null,
            "swift_code": "UBSWBRSP"
        },
        {
            "id": 406,
            "bank": "UBS BRASIL CCTVM",
            "city": "SAO PAULO",
            "branch": null,
            "swift_code": "LICTBRS1"
        },
        {
            "id": 407,
            "bank": "UM INVESTIMENTOS",
            "city": "SAO PAULO",
            "branch": null,
            "swift_code": "UMINBRS1"
        },
        {
            "id": 408,
            "bank": "UNIPRIME NORTE DO PARAN  COOPERATIVA D",
            "city": "LONDRINA",
            "branch": null,
            "swift_code": "UNPABRPR"
        },
        {
            "id": 409,
            "bank": "VOTORANTIM CORRETORA DE TIT E VAL MOB LTDA",
            "city": "SAO PAULO",
            "branch": null,
            "swift_code": "VCTMBRSP"
        },
        {
            "id": 410,
            "bank": "XP INVESTIMENTOS CCTVM SA",
            "city": "RIO DE JANEIRO",
            "branch": null,
            "swift_code": "IVCCBRR1"
        }
    ]
}
