{
    "country": "Botswana",
    "country_code": "BW",
    "list": [
        {
            "id": 1,
            "bank": "AFRICAN BANKING CORPORATION OF BOTSWANA (PROPRIETARY) LIMITED",
            "city": "GABORONE",
            "branch": null,
            "swift_code": "FMBZBWGA"
        },
        {
            "id": 2,
            "bank": "BANK GABORONE LIMITED",
            "city": "GABORONE",
            "branch": null,
            "swift_code": "BGLIBWGX"
        },
        {
            "id": 3,
            "bank": "BANK OF BARODA (BOTSWANA) LIMITED",
            "city": "GABORONE",
            "branch": null,
            "swift_code": "BARBBWGX"
        },
        {
            "id": 4,
            "bank": "BANK OF BOTSWANA",
            "city": "GABORONE",
            "branch": null,
            "swift_code": "BBOTBWGX"
        },
        {
            "id": 5,
            "bank": "BANK OF INDIA (BOTSWANA) LIMITED",
            "city": "GABORONE",
            "branch": null,
            "swift_code": "BKIDBWGX"
        },
        {
            "id": 6,
            "bank": "BARCLAYS BANK OF BOTSWANA LTD.",
            "city": "GABORONE",
            "branch": null,
            "swift_code": "BARCBWGX"
        },
        {
            "id": 7,
            "bank": "BOTSWANA STOCK EXCHANGE",
            "city": "GABORONE",
            "branch": null,
            "swift_code": "XBOTBWG1"
        },
        {
            "id": 8,
            "bank": "BRITISH AMERICAN TOBACCO BOTSWANA (PTY) LIMITED",
            "city": "GABORONE",
            "branch": null,
            "swift_code": "BATSBW21"
        },
        {
            "id": 9,
            "bank": "CAPITAL BANK LIMITED",
            "city": "GABORONE",
            "branch": null,
            "swift_code": "CAPLBWGA"
        },
        {
            "id": 10,
            "bank": "CAPITAL SECURITIES",
            "city": "GABORONE",
            "branch": null,
            "swift_code": "CSERBWG1"
        },
        {
            "id": 11,
            "bank": "DEBSWANA DIAMOND COMPANY (PTY) LTD",
            "city": "GABORONE",
            "branch": null,
            "swift_code": "DDCOBWGA"
        },
        {
            "id": 12,
            "bank": "FIRST NATIONAL BANK OF BOTSWANA LIMITED",
            "city": "GABORONE",
            "branch": "(ELECTRONIC MONEY MARKET DEPOSITORY)",
            "swift_code": "FIRNBWGXCUS"
        },
        {
            "id": 13,
            "bank": "FIRST NATIONAL BANK OF BOTSWANA LIMITED",
            "city": "GABORONE",
            "branch": null,
            "swift_code": "FIRNBWGX"
        },
        {
            "id": 14,
            "bank": "FX AFRICA (BOTSWANA) PTY LTD",
            "city": "GABORONE",
            "branch": null,
            "swift_code": "FXAFBWG1"
        },
        {
            "id": 15,
            "bank": "INVESTEC SECURITIES (BOTSWANA) (PTY) LTD",
            "city": "GABORONE",
            "branch": null,
            "swift_code": "ISBTBWG1"
        },
        {
            "id": 16,
            "bank": "MOTSWEDI SECURITIES (PTY) LTD.",
            "city": "GABORONE",
            "branch": null,
            "swift_code": "MOSYBWG1"
        },
        {
            "id": 17,
            "bank": "NATIONAL DEVELOPMENT BANK",
            "city": "FRANCISTOWN",
            "branch": null,
            "swift_code": "DNABBWG10BF"
        },
        {
            "id": 18,
            "bank": "NATIONAL DEVELOPMENT BANK",
            "city": "GABORONE",
            "branch": null,
            "swift_code": "DNABBWG1"
        },
        {
            "id": 19,
            "bank": "NATIONAL DEVELOPMENT BANK",
            "city": "KANYE",
            "branch": null,
            "swift_code": "DNABBWG10BK"
        },
        {
            "id": 20,
            "bank": "NATIONAL DEVELOPMENT BANK",
            "city": "MAUN",
            "branch": null,
            "swift_code": "DNABBWG10BM"
        },
        {
            "id": 21,
            "bank": "NATIONAL DEVELOPMENT BANK",
            "city": "SELEBI PHIKWE",
            "branch": null,
            "swift_code": "DNABBWG10BP"
        },
        {
            "id": 22,
            "bank": "NATIONAL DEVELOPMENT BANK",
            "city": "SEROWE",
            "branch": null,
            "swift_code": "DNABBWG10BS"
        },
        {
            "id": 23,
            "bank": "PAA CAPITAL PTY LTD",
            "city": "GABORONE",
            "branch": null,
            "swift_code": "PCPYBWG1"
        },
        {
            "id": 24,
            "bank": "SABMILLER BOTSWANA",
            "city": "GABORONE",
            "branch": null,
            "swift_code": "SABMBWG1"
        },
        {
            "id": 25,
            "bank": "SABMILLER BOTSWANA",
            "city": "GABORONE",
            "branch": null,
            "swift_code": "SABMBWG1BBL"
        },
        {
            "id": 26,
            "bank": "SABMILLER BOTSWANA",
            "city": "GABORONE",
            "branch": null,
            "swift_code": "SABMBWG1KBL"
        },
        {
            "id": 27,
            "bank": "STANBIC BANK BOTSWANA LIMITED",
            "city": "GABORONE",
            "branch": null,
            "swift_code": "SBICBWGX"
        },
        {
            "id": 28,
            "bank": "STANDARD CHARTERED BANK BOTSWANA LTD.",
            "city": "FRANCISTOWN",
            "branch": "(HASKINS STREET)",
            "swift_code": "SCHBBWGX017"
        },
        {
            "id": 29,
            "bank": "STANDARD CHARTERED BANK BOTSWANA LTD.",
            "city": "FRANCISTOWN",
            "branch": "(INDUSTRIAL BRANCH)",
            "swift_code": "SCHBBWGX026"
        },
        {
            "id": 30,
            "bank": "STANDARD CHARTERED BANK BOTSWANA LTD.",
            "city": "GABORONE",
            "branch": "(BROADHURST)",
            "swift_code": "SCHBBWGX024"
        },
        {
            "id": 31,
            "bank": "STANDARD CHARTERED BANK BOTSWANA LTD.",
            "city": "GABORONE",
            "branch": "(FOREIGN TRADE)",
            "swift_code": "SCHBBWGX036"
        },
        {
            "id": 32,
            "bank": "STANDARD CHARTERED BANK BOTSWANA LTD.",
            "city": "GABORONE",
            "branch": "(HEAD OFFICE)",
            "swift_code": "SCHBBWGX"
        },
        {
            "id": 33,
            "bank": "STANDARD CHARTERED BANK BOTSWANA LTD.",
            "city": "GABORONE",
            "branch": "(INDUSTRIAL)",
            "swift_code": "SCHBBWGX023"
        },
        {
            "id": 34,
            "bank": "STANDARD CHARTERED BANK BOTSWANA LTD.",
            "city": "GABORONE",
            "branch": "(MALL BRANCH)",
            "swift_code": "SCHBBWGX021"
        },
        {
            "id": 35,
            "bank": "STANDARD CHARTERED BANK BOTSWANA LTD.",
            "city": "GABORONE",
            "branch": "(PROFESSIONAL HOUSE)",
            "swift_code": "SCHBBWGX027"
        },
        {
            "id": 36,
            "bank": "STANDARD CHARTERED BANK BOTSWANA LTD.",
            "city": "GABORONE",
            "branch": "(SECURITIES SERVICES UNIT)",
            "swift_code": "SCHBBWGXSSU"
        },
        {
            "id": 37,
            "bank": "STANDARD CHARTERED BANK BOTSWANA LTD.",
            "city": "GABORONE",
            "branch": "(STANDARD HOUSE)",
            "swift_code": "SCHBBWGX022"
        },
        {
            "id": 38,
            "bank": "STANDARD CHARTERED BANK BOTSWANA LTD.",
            "city": "JWANENG",
            "branch": null,
            "swift_code": "SCHBBWGX008"
        },
        {
            "id": 39,
            "bank": "STANDARD CHARTERED BANK BOTSWANA LTD.",
            "city": "LOBATSE",
            "branch": null,
            "swift_code": "SCHBBWGX009"
        },
        {
            "id": 40,
            "bank": "STANDARD CHARTERED BANK BOTSWANA LTD.",
            "city": "MAHALPYE",
            "branch": null,
            "swift_code": "SCHBBWGX013"
        },
        {
            "id": 41,
            "bank": "STANDARD CHARTERED BANK BOTSWANA LTD.",
            "city": "MAUN",
            "branch": null,
            "swift_code": "SCHBBWGX019"
        },
        {
            "id": 42,
            "bank": "STANDARD CHARTERED BANK BOTSWANA LTD.",
            "city": "ORAPA",
            "branch": null,
            "swift_code": "SCHBBWGX018"
        },
        {
            "id": 43,
            "bank": "STANDARD CHARTERED BANK BOTSWANA LTD.",
            "city": "PALAPYE",
            "branch": null,
            "swift_code": "SCHBBWGX015"
        },
        {
            "id": 44,
            "bank": "STANDARD CHARTERED BANK BOTSWANA LTD.",
            "city": "SELEBI PHIKWE",
            "branch": null,
            "swift_code": "SCHBBWGX016"
        },
        {
            "id": 45,
            "bank": "STATE BANK OF INDIA (BOTSWANA) LTD",
            "city": "GABORONE",
            "branch": null,
            "swift_code": "SBINBWGX"
        },
        {
            "id": 46,
            "bank": "STOCKBROKERS BOTSWANA LTD.",
            "city": "GABORONE",
            "branch": null,
            "swift_code": "STOOBWG1"
        }
    ]
}
