{
    "country": "Congo, Republic",
    "country_code": "CG",
    "list": [
        {
            "id": 1,
            "bank": "BANQUE COMMERCIALE CONGOLAISE",
            "city": "POINTE-NOIRE",
            "branch": null,
            "swift_code": "CBEBCGC1"
        },
        {
            "id": 2,
            "bank": "BANQUE COMMERCIALE INTERNATIONALE (EX COFIPA CONGO)",
            "city": "BRAZZAVILLE",
            "branch": null,
            "swift_code": "BCBPCGCG"
        },
        {
            "id": 3,
            "bank": "BANQUE COMMERCIALE INTERNATIONALE (EX COFIPA CONGO)",
            "city": "POINTE-NOIRE",
            "branch": null,
            "swift_code": "BCBPCGCG001"
        },
        {
            "id": 4,
            "bank": "BANQUE CONGOLAISE DE L'HABITAT",
            "city": "BRAZZAVILLE",
            "branch": null,
            "swift_code": "BCHCCGCG"
        },
        {
            "id": 5,
            "bank": "BANQUE DE DEVELOPPEMENT DES ETATS DE L'AFRIQUE CENTRALE (BDEAC)",
            "city": "BRAZZAVILLE",
            "branch": null,
            "swift_code": "BDEACGCG"
        },
        {
            "id": 6,
            "bank": "BANQUE DES ETATS DE L'AFRIQUE CENTRALE D.N. CONGO",
            "city": "BRAZZAVILLE",
            "branch": null,
            "swift_code": "BEACCGCG"
        },
        {
            "id": 7,
            "bank": "BANQUE DES ETATS DE L'AFRIQUE CENTRALE D.N. CONGO",
            "city": "OUESSO",
            "branch": null,
            "swift_code": "BEACCGCGALL"
        },
        {
            "id": 8,
            "bank": "BANQUE DES ETATS DE L'AFRIQUE CENTRALE D.N. CONGO",
            "city": "POINTE-NOIRE",
            "branch": "(AGENCE DE POINTE-NOIRE)",
            "swift_code": "BEACCGCG410"
        },
        {
            "id": 9,
            "bank": "BANQUE ESPIRITO SANTO CONGO",
            "city": "BRAZZAVILLE",
            "branch": null,
            "swift_code": "BESCCGCG"
        },
        {
            "id": 10,
            "bank": "BANQUE INTERNATIONALE DU CONGO",
            "city": "BRAZZAVILLE",
            "branch": null,
            "swift_code": "CONICGC1"
        },
        {
            "id": 11,
            "bank": "BANQUE INTERNATIONALE DU CONGO",
            "city": "POINTE-NOIRE",
            "branch": null,
            "swift_code": "CONICGC10C2"
        },
        {
            "id": 12,
            "bank": "BANQUE POSTALE DU CONGO",
            "city": "BRAZZAVILLE",
            "branch": null,
            "swift_code": "CNNGCGCG"
        },
        {
            "id": 13,
            "bank": "BANQUE SINO-CONGOLAISE POUR L'AFRIQUE",
            "city": "BRAZZAVILLE",
            "branch": null,
            "swift_code": "SCAQCGCG"
        },
        {
            "id": 14,
            "bank": "BGFIBANK CONGO",
            "city": "BRAZZAVILLE",
            "branch": null,
            "swift_code": "BGFICGCG"
        },
        {
            "id": 15,
            "bank": "CREDIT DU CONGO",
            "city": "POINTE-NOIRE",
            "branch": null,
            "swift_code": "BCMACGCG"
        },
        {
            "id": 16,
            "bank": "ECOBANK CONGO",
            "city": "BRAZZAVILLE",
            "branch": null,
            "swift_code": "ECOCCGCG"
        },
        {
            "id": 17,
            "bank": "LA CONGOLAISE DE BANQUE (LCB)",
            "city": "BRAZZAVILLE",
            "branch": null,
            "swift_code": "CRAGCGCG"
        },
        {
            "id": 18,
            "bank": "SOCIETE GENERALE CONGO",
            "city": "BRAZZAVILLE",
            "branch": null,
            "swift_code": "SOGECGCG"
        },
        {
            "id": 19,
            "bank": "UNITED BANK FOR AFRICA, CONGO BRAZZ",
            "city": "BRAZZAVILLE",
            "branch": null,
            "swift_code": "UNAFCGCG"
        }
    ]
}
