{
    "country": "Cameroon",
    "country_code": "CM",
    "list": [
        {
            "id": 1,
            "bank": "AFRICAN DEVELOPMENT BANK",
            "city": "YAOUNDE",
            "branch": null,
            "swift_code": "AFDBCMC1"
        },
        {
            "id": 2,
            "bank": "AFRILAND FIRST BANK",
            "city": "BAFOUSSAM",
            "branch": null,
            "swift_code": "CCEICMCXBAF"
        },
        {
            "id": 3,
            "bank": "AFRILAND FIRST BANK",
            "city": "BAMENDA",
            "branch": null,
            "swift_code": "CCEICMCXBDA"
        },
        {
            "id": 4,
            "bank": "AFRILAND FIRST BANK",
            "city": "DOUALA",
            "branch": null,
            "swift_code": "CCEICMCXDLA"
        },
        {
            "id": 5,
            "bank": "AFRILAND FIRST BANK",
            "city": "GAROUA",
            "branch": null,
            "swift_code": "CCEICMCXGRA"
        },
        {
            "id": 6,
            "bank": "AFRILAND FIRST BANK",
            "city": "YAOUNDE",
            "branch": null,
            "swift_code": "CCEICMCX"
        },
        {
            "id": 7,
            "bank": "BANK OF CREDIT AND COMMERCE CAMEROON S.A.",
            "city": "DOUALA",
            "branch": null,
            "swift_code": "CCCBCMC10CD"
        },
        {
            "id": 8,
            "bank": "BANK OF CREDIT AND COMMERCE CAMEROON S.A.",
            "city": "GAROUA",
            "branch": null,
            "swift_code": "CCCBCMC1"
        },
        {
            "id": 9,
            "bank": "BANK OF CREDIT AND COMMERCE CAMEROON S.A.",
            "city": "YAOUNDE",
            "branch": null,
            "swift_code": "CCCBCMC10CY"
        },
        {
            "id": 10,
            "bank": "BANQUE ATLANTIQUE CAMEROUN",
            "city": "DOUALA",
            "branch": null,
            "swift_code": "ATCRCMCM"
        },
        {
            "id": 11,
            "bank": "BANQUE DES ETATS D'AFRIQUE CENTRALE",
            "city": "BAFOUSSAM",
            "branch": null,
            "swift_code": "BEACCMCX150"
        },
        {
            "id": 12,
            "bank": "BANQUE DES ETATS D'AFRIQUE CENTRALE",
            "city": "DOUALA",
            "branch": null,
            "swift_code": "BEACCMCX110"
        },
        {
            "id": 13,
            "bank": "BANQUE DES ETATS D'AFRIQUE CENTRALE",
            "city": "GAROUA",
            "branch": null,
            "swift_code": "BEACCMCX120"
        },
        {
            "id": 14,
            "bank": "BANQUE DES ETATS D'AFRIQUE CENTRALE",
            "city": "LIMBE",
            "branch": null,
            "swift_code": "BEACCMCX140"
        },
        {
            "id": 15,
            "bank": "BANQUE DES ETATS D'AFRIQUE CENTRALE",
            "city": "NKONGSAMBA",
            "branch": null,
            "swift_code": "BEACCMCX130"
        },
        {
            "id": 16,
            "bank": "BANQUE DES ETATS D'AFRIQUE CENTRALE",
            "city": "YAOUNDE",
            "branch": "(D.N. YAOUNDE)",
            "swift_code": "BEACCMCX100"
        },
        {
            "id": 17,
            "bank": "BANQUE DES ETATS D'AFRIQUE CENTRALE",
            "city": "YAOUNDE",
            "branch": "(DIRECTION DES RELATIONS FINANCIERES EXTERIEURES)",
            "swift_code": "BEACCMCX091"
        },
        {
            "id": 18,
            "bank": "BANQUE DES ETATS D'AFRIQUE CENTRALE",
            "city": "YAOUNDE",
            "branch": "(SERVICES CENTRAUX YAOUNDE)",
            "swift_code": "BEACCMCX090"
        },
        {
            "id": 19,
            "bank": "BANQUE DES ETATS D'AFRIQUE CENTRALE",
            "city": "YAOUNDE",
            "branch": null,
            "swift_code": "BEACCMCP"
        },
        {
            "id": 20,
            "bank": "BANQUE DES ETATS D'AFRIQUE CENTRALE",
            "city": "YAOUNDE",
            "branch": null,
            "swift_code": "BEACCMCX"
        },
        {
            "id": 21,
            "bank": "BANQUE INTERNATIONALE DU CAMEROUN POUR L'EPARGNE ET LE CREDIT",
            "city": "DOUALA",
            "branch": null,
            "swift_code": "ICLRCMCX"
        },
        {
            "id": 22,
            "bank": "BC PME SA",
            "city": "YAOUNDE",
            "branch": null,
            "swift_code": "BPMECMCX"
        },
        {
            "id": 23,
            "bank": "BGFIBANK CAMEROUN SA",
            "city": "DOUALA",
            "branch": null,
            "swift_code": "BGFICMCX"
        },
        {
            "id": 24,
            "bank": "BRITISH AMERICAN TOBACCO CAMEROUN S.A",
            "city": "DOUALA",
            "branch": null,
            "swift_code": "BATSCMC1"
        },
        {
            "id": 25,
            "bank": "CITIBANK N.A.",
            "city": "DOUALA",
            "branch": "(TRADE SERVICES DEPT)",
            "swift_code": "CITICMCXTRD"
        },
        {
            "id": 26,
            "bank": "CITIBANK N.A.",
            "city": "DOUALA",
            "branch": null,
            "swift_code": "CITICMCX"
        },
        {
            "id": 27,
            "bank": "COMMERCIAL BANK OF CAMEROON",
            "city": "BAFOUSSAM",
            "branch": "(WEST)",
            "swift_code": "CBCDCMCXBFS"
        },
        {
            "id": 28,
            "bank": "COMMERCIAL BANK OF CAMEROON",
            "city": "BONABERI",
            "branch": null,
            "swift_code": "CBCDCMCXBON"
        },
        {
            "id": 29,
            "bank": "COMMERCIAL BANK OF CAMEROON",
            "city": "DOUALA",
            "branch": "(LITTORAL)",
            "swift_code": "CBCDCMCXAKW"
        },
        {
            "id": 30,
            "bank": "COMMERCIAL BANK OF CAMEROON",
            "city": "DOUALA",
            "branch": null,
            "swift_code": "CBCDCMCX"
        },
        {
            "id": 31,
            "bank": "COMMERCIAL BANK OF CAMEROON",
            "city": "GAROUA",
            "branch": "(NORTH)",
            "swift_code": "CBCDCMCXGRA"
        },
        {
            "id": 32,
            "bank": "COMMERCIAL BANK OF CAMEROON",
            "city": "MAROUA",
            "branch": "(FAR NORTH)",
            "swift_code": "CBCDCMCXMRA"
        },
        {
            "id": 33,
            "bank": "COMMERCIAL BANK OF CAMEROON",
            "city": "MOKOLO",
            "branch": null,
            "swift_code": "CBCDCMCXMOK"
        },
        {
            "id": 34,
            "bank": "COMMERCIAL BANK OF CAMEROON",
            "city": "YAOUNDE",
            "branch": "(CENTER)",
            "swift_code": "CBCDCMCXYDE"
        },
        {
            "id": 35,
            "bank": "CREDIT COMMUNAUTAIRE D'AFRIQUE S.A.",
            "city": "YAOUNDE",
            "branch": null,
            "swift_code": "CCAMCMCY"
        },
        {
            "id": 36,
            "bank": "ECOBANK CAMEROUN SA.",
            "city": "DOUALA",
            "branch": null,
            "swift_code": "ECOCCMCX"
        },
        {
            "id": 37,
            "bank": "KARAMOUZI'S BANK TRUST LTD",
            "city": "NEW TOWN",
            "branch": null,
            "swift_code": "KBTLCMC1"
        },
        {
            "id": 38,
            "bank": "NATIONAL FINANCIAL CREDIT BANK S.A.",
            "city": "YAOUNDE",
            "branch": null,
            "swift_code": "NAFCCMCY"
        },
        {
            "id": 39,
            "bank": "SCB CAMEROUN S.A.",
            "city": "DOUALA",
            "branch": null,
            "swift_code": "BCMACMCX"
        },
        {
            "id": 40,
            "bank": "SOCIETE GENERALE CAMEROUN",
            "city": "DOUALA",
            "branch": null,
            "swift_code": "SGCMCMCX"
        },
        {
            "id": 41,
            "bank": "SOCIETE GENERALE CAMEROUN",
            "city": "YAOUNDE",
            "branch": null,
            "swift_code": "SGCMCMC10CY"
        },
        {
            "id": 42,
            "bank": "STANDARD CHARTERED BANK CAMEROON S.A.",
            "city": "DOUALA",
            "branch": null,
            "swift_code": "SCBLCMCX"
        },
        {
            "id": 43,
            "bank": "STANDARD CHARTERED BANK CAMEROON S.A.",
            "city": "YAOUNDE",
            "branch": null,
            "swift_code": "SCBLCMCX0CY"
        },
        {
            "id": 44,
            "bank": "UNION BANK OF CAMEROON LTD. (UBC LTD.)",
            "city": "AKWA-DOUALA",
            "branch": null,
            "swift_code": "UCMACMCX"
        },
        {
            "id": 45,
            "bank": "UNITED BANK FOR AFRICA CAMEROON PLC",
            "city": "DOUALA",
            "branch": null,
            "swift_code": "UNAFCMCX"
        }
    ]
}
