{
    "country": "Colombia",
    "country_code": "CO",
    "list": [
        {
            "id": 1,
            "bank": "ACCIONES Y VALORES S.A.",
            "city": "BOGOTA",
            "branch": null,
            "swift_code": "ACVRCOB1"
        },
        {
            "id": 2,
            "bank": "ADMINISTRADORA COLOMBIANA DE PENSIONES - COLPENSIONES",
            "city": "BOGOTA",
            "branch": null,
            "swift_code": "ACDPCOB1"
        },
        {
            "id": 3,
            "bank": "ALIANZA VALORES COMISIONISTA DE  BOLSA S.A",
            "city": "BOGOTA",
            "branch": null,
            "swift_code": "AVCBCOB1"
        },
        {
            "id": 4,
            "bank": "ALLIANCE ENTERPRISE S.A.S.",
            "city": "BOGOTA",
            "branch": "(LOWE SSP-3 SA)",
            "swift_code": "HUBCCOBBLWE"
        },
        {
            "id": 5,
            "bank": "ALLIANCE ENTERPRISE S.A.S.",
            "city": "BOGOTA",
            "branch": null,
            "swift_code": "HUBCCOBB"
        },
        {
            "id": 6,
            "bank": "ALLIANZ SEGUROS DE VIDA S.A.",
            "city": "BOGOTA",
            "branch": null,
            "swift_code": "COZVCOBB"
        },
        {
            "id": 7,
            "bank": "ALLIANZ SEGUROS S.A.",
            "city": "BOGOTA",
            "branch": null,
            "swift_code": "COZSCOBB"
        },
        {
            "id": 8,
            "bank": "ALMACENES EXITO S.A. (GRUPO EXITO)",
            "city": "ENVIGADO",
            "branch": null,
            "swift_code": "GEXICOBB"
        },
        {
            "id": 9,
            "bank": "ALPINA PRODUCTOS ALIMENTICIOS S.A.",
            "city": "BOGOTA",
            "branch": null,
            "swift_code": "AIPACOBB"
        },
        {
            "id": 10,
            "bank": "ASCREDIBANCO",
            "city": "BOGOTA",
            "branch": null,
            "swift_code": "ASCRCOB1"
        },
        {
            "id": 11,
            "bank": "BANCO AGRARIO DE COLOMBIA S.A. (FORMERLY CAJA DE CREDITO AGRARIO INDUSTRIAL Y MINERO)",
            "city": "BOGOTA",
            "branch": null,
            "swift_code": "CCAICOBB"
        },
        {
            "id": 12,
            "bank": "BANCO AV VILLAS S.A.",
            "city": "BOGOTA",
            "branch": null,
            "swift_code": "BAVICOBB"
        },
        {
            "id": 13,
            "bank": "BANCO BILBAO VIZCAYA ARGENTARIA COLOMBIA S.A.",
            "city": "BOGOTA",
            "branch": "(HEADQUARTERS)",
            "swift_code": "GEROCOBBBO1"
        },
        {
            "id": 14,
            "bank": "BANCO BILBAO VIZCAYA ARGENTARIA COLOMBIA S.A.",
            "city": "BOGOTA",
            "branch": null,
            "swift_code": "GEROCOBB"
        },
        {
            "id": 15,
            "bank": "BANCO CAJA SOCIAL",
            "city": "BOGOTA",
            "branch": null,
            "swift_code": "CASOCOBB"
        },
        {
            "id": 16,
            "bank": "BANCO COLPATRIA",
            "city": "BOGOTA",
            "branch": null,
            "swift_code": "COLPCOBB"
        },
        {
            "id": 17,
            "bank": "BANCO DAVIVIENDA S.A.(FORMERLY GRANBANCO BANCAFE S.A.)",
            "city": "BARRANQUILLA",
            "branch": null,
            "swift_code": "CAFECOBBBAQ"
        },
        {
            "id": 18,
            "bank": "BANCO DAVIVIENDA S.A.(FORMERLY GRANBANCO BANCAFE S.A.)",
            "city": "BOGOTA",
            "branch": null,
            "swift_code": "CAFECOBB"
        },
        {
            "id": 19,
            "bank": "BANCO DAVIVIENDA S.A.(FORMERLY GRANBANCO BANCAFE S.A.)",
            "city": "CALI",
            "branch": null,
            "swift_code": "CAFECOBBCL1"
        },
        {
            "id": 20,
            "bank": "BANCO DAVIVIENDA S.A.(FORMERLY GRANBANCO BANCAFE S.A.)",
            "city": "MEDELLIN",
            "branch": null,
            "swift_code": "CAFECOBBMD1"
        },
        {
            "id": 21,
            "bank": "BANCO DE BOGOTA",
            "city": "BARRANQUILLA",
            "branch": null,
            "swift_code": "BBOGCOBBBAQ"
        },
        {
            "id": 22,
            "bank": "BANCO DE BOGOTA",
            "city": "BOGOTA",
            "branch": "(HEADQUARTERS OFFICES)",
            "swift_code": "BBOGCOBBBO1"
        },
        {
            "id": 23,
            "bank": "BANCO DE BOGOTA",
            "city": "BOGOTA",
            "branch": null,
            "swift_code": "BBOGCOBB"
        },
        {
            "id": 24,
            "bank": "BANCO DE BOGOTA",
            "city": "BUCARAMANGA",
            "branch": null,
            "swift_code": "BBOGCOBBBGA"
        },
        {
            "id": 25,
            "bank": "BANCO DE BOGOTA",
            "city": "CALI",
            "branch": null,
            "swift_code": "BBOGCOBBCL1"
        },
        {
            "id": 26,
            "bank": "BANCO DE BOGOTA",
            "city": "CARTAGENA",
            "branch": null,
            "swift_code": "BBOGCOBBCTG"
        },
        {
            "id": 27,
            "bank": "BANCO DE BOGOTA",
            "city": "CUCUTA",
            "branch": null,
            "swift_code": "BBOGCOBBCUC"
        },
        {
            "id": 28,
            "bank": "BANCO DE BOGOTA",
            "city": "MANIZALES",
            "branch": null,
            "swift_code": "BBOGCOBBMZ1"
        },
        {
            "id": 29,
            "bank": "BANCO DE BOGOTA",
            "city": "MEDELLIN",
            "branch": null,
            "swift_code": "BBOGCOBBMD1"
        },
        {
            "id": 30,
            "bank": "BANCO DE BOGOTA",
            "city": "PEREIRA",
            "branch": null,
            "swift_code": "BBOGCOBBPEI"
        },
        {
            "id": 31,
            "bank": "BANCO DE BOGOTA",
            "city": "SAN ANDRES",
            "branch": null,
            "swift_code": "BBOGCOBBADZ"
        },
        {
            "id": 32,
            "bank": "BANCO DE COMERCIO EXTERIOR S.A.",
            "city": "BOGOTA",
            "branch": null,
            "swift_code": "BCEXCOBB"
        },
        {
            "id": 33,
            "bank": "BANCO DE LA REPUBLICA",
            "city": "BOGOTA",
            "branch": null,
            "swift_code": "BREPCOBB"
        },
        {
            "id": 34,
            "bank": "BANCO DE OCCIDENTE",
            "city": "BARRANQUILLA",
            "branch": null,
            "swift_code": "OCCICOBCBAQ"
        },
        {
            "id": 35,
            "bank": "BANCO DE OCCIDENTE",
            "city": "BOGOTA",
            "branch": null,
            "swift_code": "OCCICOBCBO2"
        },
        {
            "id": 36,
            "bank": "BANCO DE OCCIDENTE",
            "city": "BUCARAMANGA",
            "branch": null,
            "swift_code": "OCCICOBCBGA"
        },
        {
            "id": 37,
            "bank": "BANCO DE OCCIDENTE",
            "city": "CALI",
            "branch": "(BRANCH)",
            "swift_code": "OCCICOBCCL1"
        },
        {
            "id": 38,
            "bank": "BANCO DE OCCIDENTE",
            "city": "CALI",
            "branch": "(HEADQUARTERS)",
            "swift_code": "OCCICOBC"
        },
        {
            "id": 39,
            "bank": "BANCO DE OCCIDENTE",
            "city": "CARTAGENA",
            "branch": null,
            "swift_code": "OCCICOBCCTG"
        },
        {
            "id": 40,
            "bank": "BANCO DE OCCIDENTE",
            "city": "MEDELLIN",
            "branch": null,
            "swift_code": "OCCICOBCMD4"
        },
        {
            "id": 41,
            "bank": "BANCO DE OCCIDENTE",
            "city": "SAN ANDRES",
            "branch": null,
            "swift_code": "OCCICOBCADZ"
        },
        {
            "id": 42,
            "bank": "BANCO FALABELLA S.A.",
            "city": "BOGOTA",
            "branch": null,
            "swift_code": "FALACOBB"
        },
        {
            "id": 43,
            "bank": "BANCO GNB SUDAMERIS",
            "city": "BARRANQUILLA",
            "branch": null,
            "swift_code": "BSUDCOBBBAQ"
        },
        {
            "id": 44,
            "bank": "BANCO GNB SUDAMERIS",
            "city": "BOGOTA",
            "branch": null,
            "swift_code": "BSUDCOBB"
        },
        {
            "id": 45,
            "bank": "BANCO GNB SUDAMERIS",
            "city": "BUCARAMANGA",
            "branch": null,
            "swift_code": "BSUDCOBBBGA"
        },
        {
            "id": 46,
            "bank": "BANCO GNB SUDAMERIS",
            "city": "CALI",
            "branch": null,
            "swift_code": "BSUDCOBBCL1"
        },
        {
            "id": 47,
            "bank": "BANCO GNB SUDAMERIS",
            "city": "CARTAGENA",
            "branch": null,
            "swift_code": "BSUDCOBBCTG"
        },
        {
            "id": 48,
            "bank": "BANCO GNB SUDAMERIS",
            "city": "MANIZALES",
            "branch": null,
            "swift_code": "BSUDCOBBMZ1"
        },
        {
            "id": 49,
            "bank": "BANCO GNB SUDAMERIS",
            "city": "MEDELLIN",
            "branch": null,
            "swift_code": "BSUDCOBBMD1"
        },
        {
            "id": 50,
            "bank": "BANCO INTERAMERICANO DE DESARROLLO",
            "city": "BOGOTA",
            "branch": null,
            "swift_code": "BOIDCOB1"
        },
        {
            "id": 51,
            "bank": "BANCO MULTIBANK S.A.",
            "city": "BOGOTA",
            "branch": null,
            "swift_code": "MCTBCOBB"
        },
        {
            "id": 52,
            "bank": "BANCO MUNDIAL",
            "city": "BOGOTA",
            "branch": null,
            "swift_code": "BMUNCOB1"
        },
        {
            "id": 53,
            "bank": "BANCO PICHINCHA S.A.",
            "city": "BOGOTA",
            "branch": null,
            "swift_code": "PICHCOBB"
        },
        {
            "id": 54,
            "bank": "BANCO POPULAR-COLOMBIA",
            "city": "ARMENIA",
            "branch": null,
            "swift_code": "BPOPCOBBAXM"
        },
        {
            "id": 55,
            "bank": "BANCO POPULAR-COLOMBIA",
            "city": "BARRANQUILLA",
            "branch": "(ZONA NORTE)",
            "swift_code": "BPOPCOBBBAQ"
        },
        {
            "id": 56,
            "bank": "BANCO POPULAR-COLOMBIA",
            "city": "BOGOTA",
            "branch": "(HEADQUARTERS)",
            "swift_code": "BPOPCOBB"
        },
        {
            "id": 57,
            "bank": "BANCO POPULAR-COLOMBIA",
            "city": "BOGOTA",
            "branch": "(ZONA 1)",
            "swift_code": "BPOPCOBBBO1"
        },
        {
            "id": 58,
            "bank": "BANCO POPULAR-COLOMBIA",
            "city": "BOGOTA",
            "branch": "(ZONA 2)",
            "swift_code": "BPOPCOBBBO2"
        },
        {
            "id": 59,
            "bank": "BANCO POPULAR-COLOMBIA",
            "city": "BOGOTA",
            "branch": "(ZONA 3)",
            "swift_code": "BPOPCOBBBO3"
        },
        {
            "id": 60,
            "bank": "BANCO POPULAR-COLOMBIA",
            "city": "BUCARAMANGA",
            "branch": "(ZONA ORIENTAL)",
            "swift_code": "BPOPCOBBBGA"
        },
        {
            "id": 61,
            "bank": "BANCO POPULAR-COLOMBIA",
            "city": "CALI",
            "branch": "(ZONA SUR)",
            "swift_code": "BPOPCOBBCL1"
        },
        {
            "id": 62,
            "bank": "BANCO POPULAR-COLOMBIA",
            "city": "CARTAGENA",
            "branch": null,
            "swift_code": "BPOPCOBBCTG"
        },
        {
            "id": 63,
            "bank": "BANCO POPULAR-COLOMBIA",
            "city": "IBAGUE",
            "branch": "(ZONA CENTRAL)",
            "swift_code": "BPOPCOBBIBE"
        },
        {
            "id": 64,
            "bank": "BANCO POPULAR-COLOMBIA",
            "city": "MANIZALES",
            "branch": null,
            "swift_code": "BPOPCOBBMZ1"
        },
        {
            "id": 65,
            "bank": "BANCO POPULAR-COLOMBIA",
            "city": "MEDELLIN",
            "branch": "(ZONA NOROCCIDENTAL)",
            "swift_code": "BPOPCOBBMD1"
        },
        {
            "id": 66,
            "bank": "BANCO POPULAR-COLOMBIA",
            "city": "PEREIRA",
            "branch": null,
            "swift_code": "BPOPCOBBPEI"
        },
        {
            "id": 67,
            "bank": "BANCO POPULAR-COLOMBIA",
            "city": "SAN ANDRES",
            "branch": null,
            "swift_code": "BPOPCOBBADZ"
        },
        {
            "id": 68,
            "bank": "BANCO PROCREDIT COLOMBIA SA",
            "city": "BOGOTA",
            "branch": null,
            "swift_code": "PRCBCOBB"
        },
        {
            "id": 69,
            "bank": "BANCO SANTANDER DE NEGOCIOS COLOMBIA S.A.",
            "city": "BOGOTA",
            "branch": null,
            "swift_code": "SANTCOBB"
        },
        {
            "id": 70,
            "bank": "BANCOLOMBIA S.A.",
            "city": "BARRANQUILLA",
            "branch": null,
            "swift_code": "COLOCOBMBAQ"
        },
        {
            "id": 71,
            "bank": "BANCOLOMBIA S.A.",
            "city": "BUCARAMANGA",
            "branch": null,
            "swift_code": "COLOCOBMBGA"
        },
        {
            "id": 72,
            "bank": "BANCOLOMBIA S.A.",
            "city": "CALI",
            "branch": null,
            "swift_code": "COLOCOBMCL1"
        },
        {
            "id": 73,
            "bank": "BANCOLOMBIA S.A.",
            "city": "CARTAGENA",
            "branch": null,
            "swift_code": "COLOCOBMCTG"
        },
        {
            "id": 74,
            "bank": "BANCOLOMBIA S.A.",
            "city": "MEDELLIN",
            "branch": null,
            "swift_code": "COLOCOBM"
        },
        {
            "id": 75,
            "bank": "BANCOLOMBIA S.A.",
            "city": "MEDELLIN",
            "branch": null,
            "swift_code": "COLOCOBMMD1"
        },
        {
            "id": 76,
            "bank": "BANCOLOMBIA S.A.",
            "city": "PEREIRA",
            "branch": null,
            "swift_code": "COLOCOBMPEI"
        },
        {
            "id": 77,
            "bank": "BARING SECURITIES (ANDEAN PACT) LTD",
            "city": "BOGOTA",
            "branch": null,
            "swift_code": "BSECCOB1"
        },
        {
            "id": 78,
            "bank": "BAVARIA S.A.",
            "city": "BOGOTA",
            "branch": null,
            "swift_code": "BAVRCOB1"
        },
        {
            "id": 79,
            "bank": "BBVA ASSET MANAGEMENT SOCIEDAD FIDUCIARIA",
            "city": "BOGOTA",
            "branch": null,
            "swift_code": "FBBVCOBB"
        },
        {
            "id": 80,
            "bank": "BNP PARIBAS COLOMBIA CORPORACION FINANCIERA S.A.",
            "city": "BOGOTA",
            "branch": "(BNP PARIBAS SECURITIES SERVICES CHILE)",
            "swift_code": "BNPACOBBCHL"
        },
        {
            "id": 81,
            "bank": "BNP PARIBAS COLOMBIA CORPORACION FINANCIERA S.A.",
            "city": "BOGOTA",
            "branch": "(BP2S CHILE)",
            "swift_code": "BNPACOBBCLP"
        },
        {
            "id": 82,
            "bank": "BNP PARIBAS COLOMBIA CORPORACION FINANCIERA S.A.",
            "city": "BOGOTA",
            "branch": "(SECURITIES SERVICES)",
            "swift_code": "BNPACOBBB2S"
        },
        {
            "id": 83,
            "bank": "BNP PARIBAS COLOMBIA CORPORACION FINANCIERA S.A.",
            "city": "BOGOTA",
            "branch": null,
            "swift_code": "BNPACOBB"
        },
        {
            "id": 84,
            "bank": "BNP PARIBAS COLOMBIA CORPORACION FINANCIERA S.A.",
            "city": "BOGOTA",
            "branch": null,
            "swift_code": "BNPACOBBPEN"
        },
        {
            "id": 85,
            "bank": "BOLSA DE VALORES DE COLOMBIA S.A",
            "city": "BOGOTA",
            "branch": null,
            "swift_code": "XBOGCOB1"
        },
        {
            "id": 86,
            "bank": "BOLSA Y RENTA COMISIONISTA DE BOLSA",
            "city": "MEDELLIN",
            "branch": null,
            "swift_code": "BRMBCOB1"
        },
        {
            "id": 87,
            "bank": "BRITISH AMERICAN TOBACCO COLOMBIA S.A.S.",
            "city": "BOGOTA",
            "branch": null,
            "swift_code": "BATSCOB1"
        },
        {
            "id": 88,
            "bank": "CAJA COLOMBIANA DE SUBSIDIO FAMILIAR COLSUBSIDIO",
            "city": "BOGOTA",
            "branch": null,
            "swift_code": "CCSFCOBB"
        },
        {
            "id": 89,
            "bank": "CAJA POPULAR COOPERATIVA LTDA",
            "city": "BOGOTA",
            "branch": null,
            "swift_code": "CAPCCOB1"
        },
        {
            "id": 90,
            "bank": "CAMARA DE COMPENSACION DE DIVISAS DE COLOMBIA S.A.",
            "city": "BOGOTA",
            "branch": null,
            "swift_code": "CCDCCOBB"
        },
        {
            "id": 91,
            "bank": "CARVAJAL SERVICIOS S.AS.",
            "city": "CALI",
            "branch": null,
            "swift_code": "CTYSCOBC"
        },
        {
            "id": 92,
            "bank": "CENIT TRANSPORTE Y LOGISTICA DE HIDROCARBUROS S.A.S.",
            "city": "BOGOTA",
            "branch": null,
            "swift_code": "CTLHCOBB"
        },
        {
            "id": 93,
            "bank": "CERVECERIA DEL VALLE S.A.",
            "city": "BOGOTA",
            "branch": null,
            "swift_code": "CEVACOB1"
        },
        {
            "id": 94,
            "bank": "CERVECERIA UNION S.A.",
            "city": "BOGOTA",
            "branch": null,
            "swift_code": "CEUNCOB1"
        },
        {
            "id": 95,
            "bank": "CITIBANK",
            "city": "BOGOTA",
            "branch": null,
            "swift_code": "CITICO21"
        },
        {
            "id": 96,
            "bank": "CITIBANK COLOMBIA",
            "city": "BOGOTA",
            "branch": null,
            "swift_code": "CITICOBB"
        },
        {
            "id": 97,
            "bank": "CITITRUST BOGOTA",
            "city": "BOGOTA",
            "branch": null,
            "swift_code": "CTRUCOB1"
        },
        {
            "id": 98,
            "bank": "COLTEFINANCIERA S.A. COMPANIA DE FINANCIAMIENTO COMERCIAL",
            "city": "MEDELLIN",
            "branch": null,
            "swift_code": "CLTECOBM"
        },
        {
            "id": 99,
            "bank": "COLTEJER S.A",
            "city": "ITAGUI",
            "branch": null,
            "swift_code": "COLJCOB1"
        },
        {
            "id": 100,
            "bank": "COMPANIA DE AHORRO E VIVIENDA COLMENA",
            "city": "BOGOTA",
            "branch": null,
            "swift_code": "CAVCCOB1"
        },
        {
            "id": 101,
            "bank": "COMPANIA FINANCIERA INTERNACIONAL SA",
            "city": "BOGOTA",
            "branch": null,
            "swift_code": "FINCCOB1"
        },
        {
            "id": 102,
            "bank": "COMPANIA GENERAL DE INVERSIONES LTDA",
            "city": "BOGOTA",
            "branch": null,
            "swift_code": "COGICOB1"
        },
        {
            "id": 103,
            "bank": "COMPANIA GLOBAL DE PINTURAS S.A.",
            "city": "MEDELLIN",
            "branch": null,
            "swift_code": "COOLCOB1"
        },
        {
            "id": 104,
            "bank": "CONSORCIO FIDUCOLOMBIA FIDUCOMERCIO MUNICIPIO SANT",
            "city": "CALI",
            "branch": null,
            "swift_code": "CFFMCOB1"
        },
        {
            "id": 105,
            "bank": "COOPERATIVA FINANCIERA DE ANTIOQUIA, CFA",
            "city": "BOGOTA",
            "branch": null,
            "swift_code": "FIACCOB1"
        },
        {
            "id": 106,
            "bank": "CORPORACION DE AHORRO E VIVIENDA DEL VALLE",
            "city": "BOGOTA",
            "branch": null,
            "swift_code": "CAVVCOB1"
        },
        {
            "id": 107,
            "bank": "CORPORACION DE AHORRO Y VIVIENDA LAS VILLAS",
            "city": "BOGOTA",
            "branch": null,
            "swift_code": "CAHVCOB1"
        },
        {
            "id": 108,
            "bank": "CORPORACION FINANCIERA ALIADAS",
            "city": "BOGOTA",
            "branch": null,
            "swift_code": "CFALCOB1"
        },
        {
            "id": 109,
            "bank": "CORPORACION FINANCIERA COLOMBIANA (FORMERLY CORPORACION FINANCIERA DEL VALLE S.A.)",
            "city": "BARRANQUILLA",
            "branch": "(BARRANQUILLA AGENCY)",
            "swift_code": "CFVACOBCBAQ"
        },
        {
            "id": 110,
            "bank": "CORPORACION FINANCIERA COLOMBIANA (FORMERLY CORPORACION FINANCIERA DEL VALLE S.A.)",
            "city": "BOGOTA",
            "branch": "(BOGOTA AGENCY)",
            "swift_code": "CFVACOBCBO1"
        },
        {
            "id": 111,
            "bank": "CORPORACION FINANCIERA COLOMBIANA (FORMERLY CORPORACION FINANCIERA DEL VALLE S.A.)",
            "city": "CALI",
            "branch": "(HEADQUARTERS)",
            "swift_code": "CFVACOBC"
        },
        {
            "id": 112,
            "bank": "CORPORACION FINANCIERA COLOMBIANA (FORMERLY CORPORACION FINANCIERA DEL VALLE S.A.)",
            "city": "CALI",
            "branch": "(INTERNATIONAL BRANCH)",
            "swift_code": "CFVACOBCCL1"
        },
        {
            "id": 113,
            "bank": "CORPORACION FINANCIERA COLOMBIANA (FORMERLY CORPORACION FINANCIERA DEL VALLE S.A.)",
            "city": "CALI",
            "branch": null,
            "swift_code": "CFVACOBCFXO"
        },
        {
            "id": 114,
            "bank": "CORPORACION FINANCIERA COLOMBIANA (FORMERLY CORPORACION FINANCIERA DEL VALLE S.A.)",
            "city": "MEDELLIN",
            "branch": "(MEDELLIN AGENCY)",
            "swift_code": "CFVACOBCMD1"
        },
        {
            "id": 115,
            "bank": "CORPORACION FINANCIERA DE CALDAS S.A.",
            "city": "BOGOTA",
            "branch": null,
            "swift_code": "CFCACOB10BB"
        },
        {
            "id": 116,
            "bank": "CORPORACION FINANCIERA DE CALDAS S.A.",
            "city": "CALI",
            "branch": null,
            "swift_code": "CFCACOB10BC"
        },
        {
            "id": 117,
            "bank": "CORPORACION FINANCIERA DE CALDAS S.A.",
            "city": "MANIZALES",
            "branch": "(BRANCH OFFICE)",
            "swift_code": "CFCACOB10B2"
        },
        {
            "id": 118,
            "bank": "CORPORACION FINANCIERA DE CALDAS S.A.",
            "city": "MANIZALES",
            "branch": "(HEAD OFFICE)",
            "swift_code": "CFCACOB1"
        },
        {
            "id": 119,
            "bank": "CORPORACION FINANCIERA DE CALDAS S.A.",
            "city": "MEDELLIN",
            "branch": null,
            "swift_code": "CFCACOB10BM"
        },
        {
            "id": 120,
            "bank": "CORPORACION FINANCIERA DE OCCIDENTE S.A.",
            "city": "BOGOTA",
            "branch": null,
            "swift_code": "CFOPCOB1"
        },
        {
            "id": 121,
            "bank": "CORPORACION FINANCIERA DE SANTANDER",
            "city": "BUCARAMANGA",
            "branch": null,
            "swift_code": "CORFCOB1"
        },
        {
            "id": 122,
            "bank": "CORPORACION FINANCIERA DEL TOLIMA SA",
            "city": "BOGOTA",
            "branch": null,
            "swift_code": "CFTOCOB1"
        },
        {
            "id": 123,
            "bank": "CORPORACION FINANCIERA DEL TRANSPORTE S.A.",
            "city": "BOGOTA",
            "branch": null,
            "swift_code": "TRFCCOB1"
        },
        {
            "id": 124,
            "bank": "CORPORACION FINANCIERA DEL TRANSPORTE S.A.",
            "city": "MEDELLIN",
            "branch": null,
            "swift_code": "TRFCCOB10BM"
        },
        {
            "id": 125,
            "bank": "CORPORACION FINANCIERA INTER S.A.",
            "city": "BOGOTA",
            "branch": null,
            "swift_code": "CFIICOB1"
        },
        {
            "id": 126,
            "bank": "CORPORACION FINANCIERA POPULAR SA",
            "city": "BOGOTA",
            "branch": null,
            "swift_code": "CFPOCOB1"
        },
        {
            "id": 127,
            "bank": "CORPORACION FINANCIERA UNION SA",
            "city": "BOGOTA",
            "branch": null,
            "swift_code": "COFUCOB1"
        },
        {
            "id": 128,
            "bank": "CORPORACION GRANCOLOMBIANA DE AHORRO E VIVIENDA GRANAHORRAR",
            "city": "BOGOTA",
            "branch": null,
            "swift_code": "CGAGCOB1"
        },
        {
            "id": 129,
            "bank": "CORPORACION NACIONAL DE AHORRO E VIVIENDA CONAVI",
            "city": "MEDELLIN",
            "branch": null,
            "swift_code": "CNAACOB1"
        },
        {
            "id": 130,
            "bank": "CORPORACION POPULAR DE AHORRO E VIVIENDA CORPAVI",
            "city": "BOGOTA",
            "branch": null,
            "swift_code": "CPOACOB1"
        },
        {
            "id": 131,
            "bank": "CORREDORES DAVIVIENDA S.A.COMISIONISTA DE BOLSA",
            "city": "BOGOTA",
            "branch": null,
            "swift_code": "CRRDCOBB"
        },
        {
            "id": 132,
            "bank": "CREDICORP CAPITAL COLOMBIA S.A.",
            "city": "BOGOTA",
            "branch": null,
            "swift_code": "CRVLCOBB"
        },
        {
            "id": 133,
            "bank": "DEPOSITO CENTRAL DE VALORES (DCV)",
            "city": "BOGOTA",
            "branch": null,
            "swift_code": "DCVCCOB1"
        },
        {
            "id": 134,
            "bank": "DEPOSITO CENTRALIZADO DE VALORES DE COLOMBIA S.A",
            "city": "BOGOTA",
            "branch": null,
            "swift_code": "DCVDCOB1"
        },
        {
            "id": 135,
            "bank": "ECOFERTIL S.A.",
            "city": "BARRANQUILLA",
            "branch": null,
            "swift_code": "ECFTCOBB"
        },
        {
            "id": 136,
            "bank": "ECOPETROL S.A.",
            "city": "BOGOTA",
            "branch": null,
            "swift_code": "ECOPCOBB"
        },
        {
            "id": 137,
            "bank": "EMPRESA DE TELECOMUNICACIONES DE BOGOTA S.A E.SP.",
            "city": "BOGOTA",
            "branch": null,
            "swift_code": "ETBCCOBB"
        },
        {
            "id": 138,
            "bank": "FABRICA DE GRASAS Y PRODUCTOS QUIMI LIMITADA, GRASCO, LIMITADA",
            "city": "BOGOTA",
            "branch": null,
            "swift_code": "FGPQCOBB"
        },
        {
            "id": 139,
            "bank": "FIDUCIARIA BANCOLOMBIA",
            "city": "MEDELLIN",
            "branch": null,
            "swift_code": "FDBCCOBM"
        },
        {
            "id": 140,
            "bank": "FIDUCIARIA BOGOTA",
            "city": "BOGOTA",
            "branch": null,
            "swift_code": "FBOGCOBB"
        },
        {
            "id": 141,
            "bank": "FIDUCIARIA CORFICOLOMBIANA S.A.",
            "city": "CALI",
            "branch": null,
            "swift_code": "FCOICOBB"
        },
        {
            "id": 142,
            "bank": "FIDUCIARIA DE OCCIDENTE",
            "city": "BOGOTA",
            "branch": null,
            "swift_code": "FDOCCOBB"
        },
        {
            "id": 143,
            "bank": "FINANCIERA COLPATRIA S.A.",
            "city": "BOGOTA",
            "branch": null,
            "swift_code": "FCOLCOB1"
        },
        {
            "id": 144,
            "bank": "FINANCIERA DE DESARROLLO NACIONAL S.A. FORMALLY FINANCIERA ENERGETICA NACIONAL S.A.-FEN",
            "city": "BOGOTA",
            "branch": null,
            "swift_code": "FENSCOBB"
        },
        {
            "id": 145,
            "bank": "FINANCIERA DE INVERSIONES LTDA",
            "city": "BOGOTA",
            "branch": null,
            "swift_code": "FIESCOB1"
        },
        {
            "id": 146,
            "bank": "FINANCIERA MONSERRATE SA",
            "city": "BOGOTA",
            "branch": null,
            "swift_code": "FIMOCOB1"
        },
        {
            "id": 147,
            "bank": "FITCH RATINGS COLOMBIA",
            "city": "BOGOTA",
            "branch": null,
            "swift_code": "FRIPCOB1"
        },
        {
            "id": 148,
            "bank": "FONDO ANDINO DE RESERVAS",
            "city": "BOGOTA",
            "branch": null,
            "swift_code": "FOARCOB1"
        },
        {
            "id": 149,
            "bank": "FONDO DE GARANTIAS DE INSTITUCIONES FINANCIERAS",
            "city": "BOGOTA",
            "branch": null,
            "swift_code": "FOGICOBB"
        },
        {
            "id": 150,
            "bank": "FONDO LATINOAMERICANO DE RESERVAS",
            "city": "BOGOTA",
            "branch": null,
            "swift_code": "FLARCOBB"
        },
        {
            "id": 151,
            "bank": "FONDO VOLUNTARIO DE PENSIONES  ADMINISTRADO POR ALLIANZ SEGUROS DE VIDA S.A.",
            "city": "BOGOTA",
            "branch": null,
            "swift_code": "FPVCCOBB"
        },
        {
            "id": 152,
            "bank": "GIROS Y FINANZAS C.F.C. S.A.",
            "city": "CALI",
            "branch": null,
            "swift_code": "GYDVCOBC"
        },
        {
            "id": 153,
            "bank": "GLOBAL SECURITIES S.A. COMISIONISTA DE BOLSA",
            "city": "MEDELLIN",
            "branch": null,
            "swift_code": "GSCBCOB1"
        },
        {
            "id": 154,
            "bank": "GOLDEN GATE INVESTMENTS SA",
            "city": "BOGOTA",
            "branch": null,
            "swift_code": "BCAMCOB1"
        },
        {
            "id": 155,
            "bank": "HOCOL S.A.",
            "city": "BOGOTA",
            "branch": null,
            "swift_code": "HCOLCOBB"
        },
        {
            "id": 156,
            "bank": "IMPRESORA DEL SUR S.A.",
            "city": "BOGOTA",
            "branch": null,
            "swift_code": "IMSUCOB1"
        },
        {
            "id": 157,
            "bank": "INSTITUTO DE CREDITO TERRITORIAL",
            "city": "BOGOTA",
            "branch": null,
            "swift_code": "ICRTCOB1"
        },
        {
            "id": 158,
            "bank": "INTERCANJE LIMITADA",
            "city": "BOGOTA",
            "branch": null,
            "swift_code": "IBOLCOB1"
        },
        {
            "id": 159,
            "bank": "INVERSORA PICHINCHA S.A. C.F.C.",
            "city": "BOGOTA",
            "branch": null,
            "swift_code": "INPFCOB1"
        },
        {
            "id": 160,
            "bank": "ISAGEN S.A. E.S.P.",
            "city": "MEDELLIN",
            "branch": null,
            "swift_code": "ISGNCOBM"
        },
        {
            "id": 161,
            "bank": "ITAU BBA COLOMBIA SA CORPORACION FINANCEIRA",
            "city": "BOGOTA",
            "branch": null,
            "swift_code": "CBBACOB1"
        },
        {
            "id": 162,
            "bank": "ITAU CORPBANCA COLOMBIA S.A.",
            "city": "BARRANQUILLA",
            "branch": null,
            "swift_code": "BCTOCOBBBAQ"
        },
        {
            "id": 163,
            "bank": "ITAU CORPBANCA COLOMBIA S.A.",
            "city": "BOGOTA",
            "branch": null,
            "swift_code": "BCTOCOBB"
        },
        {
            "id": 164,
            "bank": "ITAU CORPBANCA COLOMBIA S.A.",
            "city": "CALI",
            "branch": null,
            "swift_code": "BCTOCOBBCL1"
        },
        {
            "id": 165,
            "bank": "ITAU CORPBANCA COLOMBIA S.A.",
            "city": "MEDELLIN",
            "branch": null,
            "swift_code": "BCTOCOBBMD1"
        },
        {
            "id": 166,
            "bank": "ITAU SECURITIES SERVICES COLOMBIA S.A.",
            "city": "BARRANQUILLA",
            "branch": null,
            "swift_code": "BSCHCOBBBAQ"
        },
        {
            "id": 167,
            "bank": "ITAU SECURITIES SERVICES COLOMBIA S.A.",
            "city": "BOGOTA",
            "branch": "(SECURITY SERVICES COLOMBIA)",
            "swift_code": "BSCHCOBBSSC"
        },
        {
            "id": 168,
            "bank": "ITAU SECURITIES SERVICES COLOMBIA S.A.",
            "city": "BOGOTA",
            "branch": null,
            "swift_code": "BSCHCOBB"
        },
        {
            "id": 169,
            "bank": "ITAU SECURITIES SERVICES COLOMBIA S.A.",
            "city": "BOGOTA",
            "branch": null,
            "swift_code": "BSCHCOBBBO1"
        },
        {
            "id": 170,
            "bank": "ITAU SECURITIES SERVICES COLOMBIA S.A.",
            "city": "CALI",
            "branch": null,
            "swift_code": "BSCHCOBBCL1"
        },
        {
            "id": 171,
            "bank": "JPMORGAN CORPORACION FINANCIERA S.A.",
            "city": "BOGOTA",
            "branch": null,
            "swift_code": "CHASCOBB"
        },
        {
            "id": 172,
            "bank": "LARRAIN VIAL COLOMBIA S.A. COMISIONISTA DE BOLSA",
            "city": "BOGOTA",
            "branch": null,
            "swift_code": "LVCCCOB1"
        },
        {
            "id": 173,
            "bank": "MALTERIA TROPICAL S.A.",
            "city": "BOGOTA",
            "branch": null,
            "swift_code": "MATOCOB1"
        },
        {
            "id": 174,
            "bank": "MAPFRE SEGUROS GENERALES DE COLOMBIA S.A.",
            "city": "BOGOTA",
            "branch": null,
            "swift_code": "MAPFCOBB"
        },
        {
            "id": 175,
            "bank": "MERCANTIL DE INVESIONES SA",
            "city": "BOGOTA",
            "branch": null,
            "swift_code": "INMECOB1"
        },
        {
            "id": 176,
            "bank": "MONOMEROS COLOMBO VENEZOLANOS S.A.",
            "city": "BARRANQUILLA",
            "branch": null,
            "swift_code": "MCOVCOBB"
        },
        {
            "id": 177,
            "bank": "MUNICIPIO DE MEDELLIN",
            "city": "MEDELLIN",
            "branch": null,
            "swift_code": "MUMDCOBM"
        },
        {
            "id": 178,
            "bank": "MUNICIPIO SANTIAGO DE CALI",
            "city": "CALI",
            "branch": null,
            "swift_code": "MSCLCOBC"
        },
        {
            "id": 179,
            "bank": "OLEODUCTO BICENTENARIO DE COLOMBIA",
            "city": "BOGOTA",
            "branch": null,
            "swift_code": "OLBCCOBB"
        },
        {
            "id": 180,
            "bank": "OLEODUCTO CENTRAL S.A.",
            "city": "BOGOTA",
            "branch": null,
            "swift_code": "OCENCOBB"
        },
        {
            "id": 181,
            "bank": "OLEODUCTO DE COLOMBIA S.A.",
            "city": "BOGOTA",
            "branch": null,
            "swift_code": "ODCCCOBB"
        },
        {
            "id": 182,
            "bank": "OLEODUCTO DE LOS LLANOS ORIENTALES",
            "city": "BOGOTA",
            "branch": null,
            "swift_code": "OLLECOBB"
        },
        {
            "id": 183,
            "bank": "POLIPROPILENO DEL CARIBE S.A.",
            "city": "BOGOTA",
            "branch": null,
            "swift_code": "PPCOCOBB"
        },
        {
            "id": 184,
            "bank": "PORVENIR S.A.",
            "city": "BOGOTA",
            "branch": null,
            "swift_code": "PORVCOBB"
        },
        {
            "id": 185,
            "bank": "POSTOBON S.A.",
            "city": "MEDELLIN",
            "branch": null,
            "swift_code": "PTBOCOB1"
        },
        {
            "id": 186,
            "bank": "PROGRESO CORPORACION FINANCIERA S.A.",
            "city": "BOGOTA",
            "branch": null,
            "swift_code": "CFPRCOB1"
        },
        {
            "id": 187,
            "bank": "PROGRESO CORPORACION FINANCIERA S.A.",
            "city": "CALI",
            "branch": null,
            "swift_code": "CFPRCOB10BC"
        },
        {
            "id": 188,
            "bank": "REFINERIA DE CARTAGENA S.A.",
            "city": "BOGOTA",
            "branch": "(PATRIMONIO AUTONOMO)",
            "swift_code": "RCARCOB2PTA"
        },
        {
            "id": 189,
            "bank": "REFINERIA DE CARTAGENA S.A.",
            "city": "BOGOTA",
            "branch": null,
            "swift_code": "RCARCOB2"
        },
        {
            "id": 190,
            "bank": "SABMILLER COLOMBIA",
            "city": "BOGOTA",
            "branch": null,
            "swift_code": "SABMCOB1"
        },
        {
            "id": 191,
            "bank": "SABMILLER COLOMBIA",
            "city": "BOGOTA",
            "branch": null,
            "swift_code": "SABMCOB1BAV"
        },
        {
            "id": 192,
            "bank": "SABMILLER COLOMBIA",
            "city": "BOGOTA",
            "branch": null,
            "swift_code": "SABMCOB1CDV"
        },
        {
            "id": 193,
            "bank": "SABMILLER COLOMBIA",
            "city": "BOGOTA",
            "branch": null,
            "swift_code": "SABMCOB1CUN"
        },
        {
            "id": 194,
            "bank": "SABMILLER COLOMBIA",
            "city": "BOGOTA",
            "branch": null,
            "swift_code": "SABMCOB1IND"
        },
        {
            "id": 195,
            "bank": "SAMSUNG ELECTRONICA DE COLUMBIA",
            "city": "BOGOTA",
            "branch": "(SAMCOL)",
            "swift_code": "SECTCOB1813"
        },
        {
            "id": 196,
            "bank": "SAMSUNG ELECTRONICA DE COLUMBIA",
            "city": "BOGOTA",
            "branch": null,
            "swift_code": "SECTCOB1"
        },
        {
            "id": 197,
            "bank": "SUVALOR",
            "city": "BOGOTA",
            "branch": null,
            "swift_code": "SUVACOB1"
        },
        {
            "id": 198,
            "bank": "UNE EPM TELECOMUNICACIONES S.A.",
            "city": "MEDELLIN",
            "branch": null,
            "swift_code": "UNETCOBM"
        },
        {
            "id": 199,
            "bank": "VALORES BANCOLOMBIA",
            "city": "MEDELLIN",
            "branch": null,
            "swift_code": "VABCCOBM"
        }
    ]
}
