{
    "country": "Cape Verde",
    "country_code": "CV",
    "list": [
        {
            "id": 1,
            "bank": "BANCO BAI CABO VERDE, S.A",
            "city": "PRAIA",
            "branch": null,
            "swift_code": "BAIPCVCV"
        },
        {
            "id": 2,
            "bank": "BANCO COMERCIAL DO ATLANTICO",
            "city": "PRAIA",
            "branch": null,
            "swift_code": "BCATCVCV"
        },
        {
            "id": 3,
            "bank": "BANCO COMERCIAL DO ATLANTICO",
            "city": "S. VICENTE",
            "branch": null,
            "swift_code": "BCATCVCV0C2"
        },
        {
            "id": 4,
            "bank": "BANCO COMERCIAL DO ATLANTICO",
            "city": "SAL",
            "branch": null,
            "swift_code": "BCATCVCV0C3"
        },
        {
            "id": 5,
            "bank": "BANCO DE CABO VERDE",
            "city": "PRAIA",
            "branch": null,
            "swift_code": "BCAVCVCV"
        },
        {
            "id": 6,
            "bank": "BANCO DE FOMENTO INTERNACIONAL, S.A. (FORMERLY BANCO FIDUCIARIO INTERNACIONAL (I.F.I.), S.A.)",
            "city": "PRAIA",
            "branch": null,
            "swift_code": "BFIICVCV"
        },
        {
            "id": 7,
            "bank": "BANCO INSULAR (I.F.I) S.A.R.L.",
            "city": "PRAIA",
            "branch": null,
            "swift_code": "BILRCVC1"
        },
        {
            "id": 8,
            "bank": "BANCO INTERATLANTICO, SARL",
            "city": "PRAIA",
            "branch": null,
            "swift_code": "CGDICVCP"
        },
        {
            "id": 9,
            "bank": "BANCO INTERNACIONAL DE CABO VERDE, SA (FORMERLY BANCO ESPIRITO SANTO DE CABO VERDE, SA)",
            "city": "PRAIA",
            "branch": null,
            "swift_code": "BESCCVCP"
        },
        {
            "id": 10,
            "bank": "BANCO PRIVADO INTERNACIONAL (IFI)",
            "city": "PRAIA",
            "branch": null,
            "swift_code": "PRIFCVCV"
        },
        {
            "id": 11,
            "bank": "BCN-BANCO CABOVERDIANO DE NEGOCIOS SA",
            "city": "PRAIA",
            "branch": null,
            "swift_code": "CANBCVCV"
        },
        {
            "id": 12,
            "bank": "CAIXA ECONOMICA DE CABO VERDE, SA",
            "city": "PRAIA",
            "branch": null,
            "swift_code": "CXECCVCV"
        },
        {
            "id": 13,
            "bank": "ECOBANK CABO VERDE",
            "city": "PRAIA",
            "branch": null,
            "swift_code": "ECOCCVCV"
        }
    ]
}
