{
    "country": "Czech Republic",
    "country_code": "CZ",
    "list": [
        {
            "id": 1,
            "bank": "42 FINANCIAL SERVICES",
            "city": "PRAGUE",
            "branch": null,
            "swift_code": "FNSECZP1"
        },
        {
            "id": 2,
            "bank": "A AND CE GLOBAL FINANCE, A.S.",
            "city": "BRNO",
            "branch": null,
            "swift_code": "GLFNCZ21"
        },
        {
            "id": 3,
            "bank": "AIR BANK A.S.",
            "city": "PRAGUE",
            "branch": null,
            "swift_code": "AIRACZPP"
        },
        {
            "id": 4,
            "bank": "AKCENTA, SPORITELNI A UVERNI DRUZSTVO",
            "city": "HRADEC KRALOVE",
            "branch": null,
            "swift_code": "AKCTCZ21"
        },
        {
            "id": 5,
            "bank": "AKRO INVESTICNLSPOLECNOST, A.S.",
            "city": "PRAGUE",
            "branch": null,
            "swift_code": "AKINCZP1"
        },
        {
            "id": 6,
            "bank": "ANYPAYER SRO",
            "city": "PRAGUE",
            "branch": null,
            "swift_code": "ANYRCZPP"
        },
        {
            "id": 7,
            "bank": "ARCELORMITTAL OSTRAVA A.S.",
            "city": "OSTRAVA",
            "branch": null,
            "swift_code": "USINCZ21"
        },
        {
            "id": 8,
            "bank": "ARTESA, SPORITELNI DRUZSTVO",
            "city": "PRAGUE",
            "branch": null,
            "swift_code": "ARTTCZPP"
        },
        {
            "id": 9,
            "bank": "ATLANTA SAFE, A.S.",
            "city": "PRAGUE",
            "branch": null,
            "swift_code": "ATAFCZP1"
        },
        {
            "id": 10,
            "bank": "ATLANTIK ASSET MANAGEMENT INVESTICNI SPOLECNOST,A.S",
            "city": "BRNO",
            "branch": null,
            "swift_code": "AAMVCZ21"
        },
        {
            "id": 11,
            "bank": "ATLANTIK FINANCNI TRHY, A.S.",
            "city": "PRAGUE",
            "branch": null,
            "swift_code": "ATLKCZP1"
        },
        {
            "id": 12,
            "bank": "AXA INVESTICNI SPOLECNOST A.S.",
            "city": "PRAGUE",
            "branch": null,
            "swift_code": "AXILCZP1"
        },
        {
            "id": 13,
            "bank": "BANK OF CHINA (HUNGARY) CLOSE LTD. PRAGUE BRANCH, ODSTEPNY ZAVOD",
            "city": "PRAGUE",
            "branch": null,
            "swift_code": "BKCHCZPP"
        },
        {
            "id": 14,
            "bank": "BANKA CREDITAS",
            "city": "OLOMOUC",
            "branch": null,
            "swift_code": "CTASCZ22"
        },
        {
            "id": 15,
            "bank": "BH SECURITIES A.S.",
            "city": "PRAGUE",
            "branch": null,
            "swift_code": "SEESCZP1"
        },
        {
            "id": 16,
            "bank": "BNP PARIBAS PERSONAL FINANCE SA, ODSTEPNY ZAVOD",
            "city": "PRAGUE",
            "branch": null,
            "swift_code": "BPPFCZP1"
        },
        {
            "id": 17,
            "bank": "BNP PARIBAS S.A., POBOCKA CESKA REPUBLIKA",
            "city": "PRAGUE",
            "branch": null,
            "swift_code": "GEBACZPP"
        },
        {
            "id": 18,
            "bank": "BODY INTERNATIONAL BROKERS A.S.",
            "city": "PRAGUE",
            "branch": null,
            "swift_code": "BOIOCZP1"
        },
        {
            "id": 19,
            "bank": "BOHM AND PARTNER, A.S.",
            "city": "BRNO",
            "branch": null,
            "swift_code": "BOPACZ21"
        },
        {
            "id": 20,
            "bank": "BROKERJET CESKE SPORITELNY, A.S.",
            "city": "PRAGUE",
            "branch": null,
            "swift_code": "BRCYCZP1"
        },
        {
            "id": 21,
            "bank": "BURZOVNI SPOLECNOST PRO KAPITALOVY TRH, A.S.",
            "city": "PRAGUE",
            "branch": null,
            "swift_code": "BSPKCZP1"
        },
        {
            "id": 22,
            "bank": "CAPITAL PARTNERS A.S.",
            "city": "PRAGUE",
            "branch": null,
            "swift_code": "CPPRCZP1"
        },
        {
            "id": 23,
            "bank": "CARDUUS ASSET MANAGEMENT, INVESTICNI SPOLECNOST, A.S.",
            "city": "PRAGUE",
            "branch": null,
            "swift_code": "CSMVCZP1"
        },
        {
            "id": 24,
            "bank": "CENTRALNI DEPOZITAR CENNYCH PAPIRU, A.S.",
            "city": "PRAGUE",
            "branch": null,
            "swift_code": "UNIYCZPP"
        },
        {
            "id": 25,
            "bank": "CESKA BANKA A.S.",
            "city": "PRAGUE",
            "branch": null,
            "swift_code": "CSKBCZP1"
        },
        {
            "id": 26,
            "bank": "CESKA NARODNI BANKA",
            "city": "PRAGUE",
            "branch": null,
            "swift_code": "CNBACZPP"
        },
        {
            "id": 27,
            "bank": "CESKA SPORITELNA A.S.",
            "city": "PRAGUE",
            "branch": null,
            "swift_code": "GIBACZPX"
        },
        {
            "id": 28,
            "bank": "CESKOMORAVSKA ZARUCNI A ROZVOJOVA BANKA, A.S.",
            "city": "PRAGUE",
            "branch": null,
            "swift_code": "CMZRCZP1"
        },
        {
            "id": 29,
            "bank": "CESKOSLOVENSKA OBCHODNI BANKA, A.S.",
            "city": "PRAGUE",
            "branch": "(HEAD OFFICE)",
            "swift_code": "CEKOCZPP"
        },
        {
            "id": 30,
            "bank": "CITFIN, SPORITELNI DRUZSTVO",
            "city": "PRAGUE",
            "branch": null,
            "swift_code": "CITFCZPP"
        },
        {
            "id": 31,
            "bank": "CITFIN-FINANCNI TRHY, A.S.",
            "city": "PRAGUE",
            "branch": null,
            "swift_code": "CIIHCZP1"
        },
        {
            "id": 32,
            "bank": "CITIBANK EUROPE PLC, ORGANIZACNI SLOZKA",
            "city": "PRAGUE",
            "branch": "(TRADE SERVICES DEPT.)",
            "swift_code": "CITICZPXTRD"
        },
        {
            "id": 33,
            "bank": "CITIBANK EUROPE PLC, ORGANIZACNI SLOZKA",
            "city": "PRAGUE",
            "branch": null,
            "swift_code": "CITICZPX"
        },
        {
            "id": 34,
            "bank": "COLOSSEUM, A.S.",
            "city": "PRAGUE",
            "branch": null,
            "swift_code": "CLLSCZP1"
        },
        {
            "id": 35,
            "bank": "COMMERZBANK AG",
            "city": "PRAGUE",
            "branch": null,
            "swift_code": "COBACZPX"
        },
        {
            "id": 36,
            "bank": "CONSEQ INVESTMENT MANAGEMENT,A.S.",
            "city": "PRAGUE",
            "branch": null,
            "swift_code": "COVGCZP1"
        },
        {
            "id": 37,
            "bank": "CP INVEST INVESTICNI SPOLECNOST, A.S.",
            "city": "PRAGUE",
            "branch": null,
            "swift_code": "INNLCZP1"
        },
        {
            "id": 38,
            "bank": "CREDITANSTALT SECURITIES",
            "city": "PRAGUE",
            "branch": null,
            "swift_code": "CAIBCZP1"
        },
        {
            "id": 39,
            "bank": "CSOB ASSET MANAGEMENT",
            "city": "PRAGUE",
            "branch": null,
            "swift_code": "CSOBCZP1"
        },
        {
            "id": 40,
            "bank": "CSOB INVESTICNLSPOLECNOST, A.S.",
            "city": "PRAGUE",
            "branch": null,
            "swift_code": "CSIVCZP1"
        },
        {
            "id": 41,
            "bank": "CYRRUS CORPORATE FINANCE, A.S.",
            "city": "BRNO",
            "branch": null,
            "swift_code": "CYCFCZ21"
        },
        {
            "id": 42,
            "bank": "CYRRUS, A.S.",
            "city": "BRNO",
            "branch": null,
            "swift_code": "CYRRCZ21"
        },
        {
            "id": 43,
            "bank": "CZECH ENERGY HOLDING, A.S.",
            "city": "PRAGUE",
            "branch": null,
            "swift_code": "CZEHCZP1"
        },
        {
            "id": 44,
            "bank": "CZECH EXPORT BANK",
            "city": "PRAGUE",
            "branch": null,
            "swift_code": "CZEECZPP"
        },
        {
            "id": 45,
            "bank": "DEUTSCHE BANK AG",
            "city": "PRAGUE",
            "branch": null,
            "swift_code": "DEUTCZPX"
        },
        {
            "id": 46,
            "bank": "DOM MAKLERSKI BANKU OCHRONY SRODOWISKA SPOLKA AKCYJNA, ORGANIZACNI SLOZKA CESKA REPUBLIKA",
            "city": "PRAGUE",
            "branch": null,
            "swift_code": "DMORCZP1"
        },
        {
            "id": 47,
            "bank": "EEPAYS S.R.O.",
            "city": "PRAGUE",
            "branch": null,
            "swift_code": "EEPSCZPP"
        },
        {
            "id": 48,
            "bank": "EFEKTA CONSULTING, A.S.",
            "city": "BRNO",
            "branch": null,
            "swift_code": "EFCOCZ21"
        },
        {
            "id": 49,
            "bank": "EQUA BANK A.S.",
            "city": "PRAGUE",
            "branch": null,
            "swift_code": "EQBKCZPP"
        },
        {
            "id": 50,
            "bank": "EQUITY HOLDING, A.S.",
            "city": "PRAGUE",
            "branch": null,
            "swift_code": "EQHOCZP1"
        },
        {
            "id": 51,
            "bank": "EURO FINANCIAL CORPORATION S.R.O.",
            "city": "PRAGUE",
            "branch": null,
            "swift_code": "EFCPCZP1"
        },
        {
            "id": 52,
            "bank": "EUROPEAN INVESTMENT CENTRE O.C.P., A.S. - ORGANIZACNI SLOZKA",
            "city": "BRNO",
            "branch": null,
            "swift_code": "EICOCZ21"
        },
        {
            "id": 53,
            "bank": "EXCHANGE S.R.O.",
            "city": "PRAGUE",
            "branch": null,
            "swift_code": "EXSOCZP1"
        },
        {
            "id": 54,
            "bank": "EXPOBANK CZ A.S.",
            "city": "PRAGUE",
            "branch": null,
            "swift_code": "EXPNCZPP"
        },
        {
            "id": 55,
            "bank": "EZPADA S.R.O.",
            "city": "PRAGUE",
            "branch": null,
            "swift_code": "EZSRCZP1"
        },
        {
            "id": 56,
            "bank": "FINANCE ZLIN, A.S.",
            "city": "ZLIN",
            "branch": null,
            "swift_code": "FIZLCZ21"
        },
        {
            "id": 57,
            "bank": "FIO BANKA, A.S.",
            "city": "PRAGUE",
            "branch": null,
            "swift_code": "FIOBCZPP"
        },
        {
            "id": 58,
            "bank": "FIO, DRUZSTEVNI ZALOZNA",
            "city": "PRAGUE",
            "branch": null,
            "swift_code": "FIOZCZP1"
        },
        {
            "id": 59,
            "bank": "GARFIELD A.S.",
            "city": "OSTRAVA",
            "branch": null,
            "swift_code": "GARFCZ21"
        },
        {
            "id": 60,
            "bank": "GAUDEA A.S.",
            "city": "PRAGUE",
            "branch": null,
            "swift_code": "GAUDCZP1"
        },
        {
            "id": 61,
            "bank": "GENERALI INVESTMENTS CEE, INV.SPOL,A.S.",
            "city": "PRAGUE",
            "branch": null,
            "swift_code": "GNRLCZPP"
        },
        {
            "id": 62,
            "bank": "GENERALI PPF ASSET MANAGEMENT A.S.",
            "city": "PRAGUE",
            "branch": null,
            "swift_code": "PPAMCZP1"
        },
        {
            "id": 63,
            "bank": "GLOBAL BROKERS, A.S.",
            "city": "PRAGUE",
            "branch": null,
            "swift_code": "GLBOCZP1"
        },
        {
            "id": 64,
            "bank": "HIGHSKY BROKERS, A. S.",
            "city": "PRAGUE",
            "branch": null,
            "swift_code": "HIBRCZP1"
        },
        {
            "id": 65,
            "bank": "HONOR INVEST, A.S.",
            "city": "PRAGUE",
            "branch": null,
            "swift_code": "HOIVCZP1"
        },
        {
            "id": 66,
            "bank": "HSBC BANK PLC",
            "city": "PRAGUE",
            "branch": "(SEPA DIRECT DEBITS)",
            "swift_code": "MIDLCZPPSDD"
        },
        {
            "id": 67,
            "bank": "HSBC BANK PLC",
            "city": "PRAGUE",
            "branch": null,
            "swift_code": "MIDLCZPP"
        },
        {
            "id": 68,
            "bank": "INDUSTRIAL AND COMMERCIAL BANK OF CHINA LIMITED, PRAGUE BRANCH, ODSTEPNY ZAVOD",
            "city": "PRAGUE",
            "branch": null,
            "swift_code": "ICBKCZPP"
        },
        {
            "id": 69,
            "bank": "ING BANK N.V.",
            "city": "PRAGUE",
            "branch": null,
            "swift_code": "INGBCZPP"
        },
        {
            "id": 70,
            "bank": "ING INVESTMENT MANAGEMENT (C.R.), A.S.",
            "city": "PRAGUE",
            "branch": null,
            "swift_code": "IGINCZP1"
        },
        {
            "id": 71,
            "bank": "INVESTICNI KAPITALOVA SPOLECNOST KB, A.S.",
            "city": "PRAGUE",
            "branch": null,
            "swift_code": "INPKCZP1"
        },
        {
            "id": 72,
            "bank": "INVESTICNLSPOLECNOST CESKE SPORITELNY, A.S.",
            "city": "PRAGUE",
            "branch": null,
            "swift_code": "INEYCZP1"
        },
        {
            "id": 73,
            "bank": "J AND T ASSET MANAGEMENT, INVESTICNI SPOLECNOST, A.S.",
            "city": "PRAGUE",
            "branch": null,
            "swift_code": "ASMVCZP1"
        },
        {
            "id": 74,
            "bank": "J AND T BANKA A.S.",
            "city": "PRAGUE",
            "branch": null,
            "swift_code": "JTBPCZPP"
        },
        {
            "id": 75,
            "bank": "J AND T FINANCE GROUP II, A.S.",
            "city": "PRAGUE",
            "branch": null,
            "swift_code": "FIOUCZP1"
        },
        {
            "id": 76,
            "bank": "J AND T FINANCE, A.S",
            "city": "PRAGUE",
            "branch": null,
            "swift_code": "FNENCZP1"
        },
        {
            "id": 77,
            "bank": "J AND T INVESTMENT HOLDING, A.S.",
            "city": "BRNO",
            "branch": null,
            "swift_code": "INHOCZ21"
        },
        {
            "id": 78,
            "bank": "JER REAL ESTATE ADVISORS (UK) LTD",
            "city": "PRAGUE",
            "branch": "(BRANCH)",
            "swift_code": "JREACZP1BRA"
        },
        {
            "id": 79,
            "bank": "JER REAL ESTATE ADVISORS (UK) LTD",
            "city": "PRAGUE",
            "branch": null,
            "swift_code": "JREACZP1"
        },
        {
            "id": 80,
            "bank": "JUNG, DMS AND CIE.",
            "city": "BRNO",
            "branch": null,
            "swift_code": "JDMSCZ21"
        },
        {
            "id": 81,
            "bank": "KEY INVESTMENTS A.S.",
            "city": "PRAGUE",
            "branch": null,
            "swift_code": "KEIECZP1"
        },
        {
            "id": 82,
            "bank": "KOMERCNI BANKA A.S.",
            "city": "PRAGUE",
            "branch": null,
            "swift_code": "KOMBCZPP"
        },
        {
            "id": 83,
            "bank": "LASALLE INVESTMENT MANAGEMENT, ORGANIZACNI SLOZKA",
            "city": "PRAGUE",
            "branch": "(PRAGUE BRANCH)",
            "swift_code": "LIMOCZ21BRA"
        },
        {
            "id": 84,
            "bank": "LASALLE INVESTMENT MANAGEMENT, ORGANIZACNI SLOZKA",
            "city": "PRAGUE",
            "branch": null,
            "swift_code": "LIMOCZ21"
        },
        {
            "id": 85,
            "bank": "LYNX B.V., ORGANIZACNI SLOZKA",
            "city": "PRAGUE",
            "branch": null,
            "swift_code": "LYOSCZP1"
        },
        {
            "id": 86,
            "bank": "MBANK S.A., ORGANIZACNI SLOZKA",
            "city": "PRAGUE",
            "branch": null,
            "swift_code": "BREXCZPP"
        },
        {
            "id": 87,
            "bank": "MERX A.S.",
            "city": "MORAVSKE BUDEJOVICE",
            "branch": null,
            "swift_code": "MERXCZ21"
        },
        {
            "id": 88,
            "bank": "MINISTRY OF FINANCE OF THE CZECH REPUBLIC",
            "city": "PRAGUE",
            "branch": null,
            "swift_code": "MFCRCZP1"
        },
        {
            "id": 89,
            "bank": "MOBIS AUTOMOTIVE CZECH S.R.O",
            "city": "OSTRAVA",
            "branch": null,
            "swift_code": "HYMOCZ21"
        },
        {
            "id": 90,
            "bank": "MONETA MONEY BANK, A.S.",
            "city": "PRAGUE",
            "branch": null,
            "swift_code": "AGBACZPP"
        },
        {
            "id": 91,
            "bank": "MORAVSKY PENEZNI USTAV-SPORITELNI DRUZSTVO",
            "city": "PRAGUE",
            "branch": null,
            "swift_code": "MPUBCZPP"
        },
        {
            "id": 92,
            "bank": "MUFG BANK (EUROPE) N.V. PRAGUE BRANCH (FORMERLY BANK OF TOKYO-MITSUBISHI UFJ (HOLLAND) N.V.)",
            "city": "PRAGUE",
            "branch": null,
            "swift_code": "BOTKCZPP"
        },
        {
            "id": 93,
            "bank": "NOBLE SECURITIES S.A. ORGANIZACNI SLOZKA CESKA REPUBLIKA",
            "city": "PRAGUE",
            "branch": null,
            "swift_code": "NSOSCZP1"
        },
        {
            "id": 94,
            "bank": "NUNTIUS BROKERAGE AND INVESTMENT SERVICES SA",
            "city": "PRAGUE",
            "branch": null,
            "swift_code": "NBISCZP1"
        },
        {
            "id": 95,
            "bank": "OBERBANK AG",
            "city": "CESKE BUDEJOVICE",
            "branch": null,
            "swift_code": "OBKLCZ2X"
        },
        {
            "id": 96,
            "bank": "PAA CAPITAL SE",
            "city": "PRAGUE",
            "branch": null,
            "swift_code": "PAAHCZP1"
        },
        {
            "id": 97,
            "bank": "PARTNERS INVESTICNI SPOLECNOST, A.S",
            "city": "PRAGUE",
            "branch": null,
            "swift_code": "PAVSCZP1"
        },
        {
            "id": 98,
            "bank": "PATRIA FINANCE, A.S.",
            "city": "PRAGUE",
            "branch": null,
            "swift_code": "PADICZP1"
        },
        {
            "id": 99,
            "bank": "PAYMENT EXECUTION S.R.O.",
            "city": "PRAGUE",
            "branch": null,
            "swift_code": "PAERCZP1"
        },
        {
            "id": 100,
            "bank": "PAYMENT EXECUTION S.R.O.",
            "city": "PRAGUE",
            "branch": null,
            "swift_code": "PAERCZP1CMB"
        },
        {
            "id": 101,
            "bank": "PAYMENT EXECUTION S.R.O.",
            "city": "PRAGUE",
            "branch": null,
            "swift_code": "PAERCZP1DEU"
        },
        {
            "id": 102,
            "bank": "PAYMENT EXECUTION S.R.O.",
            "city": "PRAGUE",
            "branch": null,
            "swift_code": "PAERCZP1ETF"
        },
        {
            "id": 103,
            "bank": "PAYMENT EXECUTION S.R.O.",
            "city": "PRAGUE",
            "branch": null,
            "swift_code": "PAERCZP1ING"
        },
        {
            "id": 104,
            "bank": "PAYMENT EXECUTION S.R.O.",
            "city": "PRAGUE",
            "branch": null,
            "swift_code": "PAERCZP1POF"
        },
        {
            "id": 105,
            "bank": "PAYMENT EXECUTION S.R.O.",
            "city": "PRAGUE",
            "branch": null,
            "swift_code": "PAERCZP1PRG"
        },
        {
            "id": 106,
            "bank": "PAYMENT EXECUTION S.R.O.",
            "city": "PRAGUE",
            "branch": null,
            "swift_code": "PAERCZP1UBS"
        },
        {
            "id": 107,
            "bank": "PAYMENT PLANET S.R.O.",
            "city": "PRAGUE",
            "branch": null,
            "swift_code": "PAPOCZP1"
        },
        {
            "id": 108,
            "bank": "PIONEER ASSET MANAGEMENT, A.S.",
            "city": "PRAGUE",
            "branch": null,
            "swift_code": "PIAMCZPP"
        },
        {
            "id": 109,
            "bank": "PIONEER INVESTICNI SPOLECNOST, A.S.",
            "city": "PRAGUE",
            "branch": null,
            "swift_code": "PISPCZP1"
        },
        {
            "id": 110,
            "bank": "PKO BP S.A., CZECH BRANCH",
            "city": "PRAGUE",
            "branch": null,
            "swift_code": "BPKOCZPP"
        },
        {
            "id": 111,
            "bank": "PLZENSKA BANKA, A.S.",
            "city": "PLZEN",
            "branch": null,
            "swift_code": "PLBACZP1"
        },
        {
            "id": 112,
            "bank": "POSTOVA BANKA, A.S.,POBOCKA CESKA REPUBLIKA",
            "city": "PRAGUE",
            "branch": null,
            "swift_code": "POBNCZPP"
        },
        {
            "id": 113,
            "bank": "PPF BANKA A.S.",
            "city": "PRAGUE",
            "branch": null,
            "swift_code": "PMBPCZPP"
        },
        {
            "id": 114,
            "bank": "PROVENTUS FINANCE A.S.",
            "city": "PRAGUE",
            "branch": null,
            "swift_code": "PRNICZP1"
        },
        {
            "id": 115,
            "bank": "RAIFFEISENBANK A.S.",
            "city": "PRAGUE",
            "branch": null,
            "swift_code": "RZBCCZPP"
        },
        {
            "id": 116,
            "bank": "RAIFFEISENBANK IM STIFTLAND EG",
            "city": "CHEB",
            "branch": null,
            "swift_code": "GENOCZ21"
        },
        {
            "id": 117,
            "bank": "RELIANTCO INVESTMENTS LTD ORGANIZACNI SLOZKA",
            "city": "PRAGUE",
            "branch": null,
            "swift_code": "RIOLCZP1"
        },
        {
            "id": 118,
            "bank": "RM-S HOLDING, A.S.",
            "city": "PRAGUE",
            "branch": null,
            "swift_code": "RMHOCZP1"
        },
        {
            "id": 119,
            "bank": "RM-SYSTEM, A.S.",
            "city": "PRAGUE",
            "branch": null,
            "swift_code": "RMSYCZP1"
        },
        {
            "id": 120,
            "bank": "RSJ INVEST,A.S.",
            "city": "PLZEN",
            "branch": null,
            "swift_code": "RSIVCZ21"
        },
        {
            "id": 121,
            "bank": "SAMSUNG ELEC. HUNGARIAN-CZECH",
            "city": "PRAGUE",
            "branch": "(SECZ)",
            "swift_code": "SECTCZP1493"
        },
        {
            "id": 122,
            "bank": "SAMSUNG ELEC. HUNGARIAN-CZECH",
            "city": "PRAGUE",
            "branch": "(SEH-CZ)",
            "swift_code": "SECTCZP1491"
        },
        {
            "id": 123,
            "bank": "SAMSUNG ELEC. HUNGARIAN-CZECH",
            "city": "PRAGUE",
            "branch": null,
            "swift_code": "SECTCZP1"
        },
        {
            "id": 124,
            "bank": "SARF A.S.",
            "city": "VELICHOVKY",
            "branch": null,
            "swift_code": "SAFFCZ21"
        },
        {
            "id": 125,
            "bank": "SARMAYE ETHICA RIPAM S.E.",
            "city": "PRAGUE",
            "branch": null,
            "swift_code": "SAHRCZP1"
        },
        {
            "id": 126,
            "bank": "SAXO BANK PRAGUE",
            "city": "PRAGUE",
            "branch": null,
            "swift_code": "SAXPCZP1"
        },
        {
            "id": 127,
            "bank": "SBERBANK CZ, A.S.",
            "city": "PRAGUE",
            "branch": null,
            "swift_code": "VBOECZ2X"
        },
        {
            "id": 128,
            "bank": "SKO ENERGO",
            "city": "MLADA BOLESLAV",
            "branch": null,
            "swift_code": "SKENCZ21"
        },
        {
            "id": 129,
            "bank": "SKO ENERGO FIN.",
            "city": "MLADA BOLESLAV",
            "branch": null,
            "swift_code": "SKEFCZ21"
        },
        {
            "id": 130,
            "bank": "SKODA AUTO A.S.",
            "city": "MLADA BOLESLAV",
            "branch": null,
            "swift_code": "SKOACZ21"
        },
        {
            "id": 131,
            "bank": "SMART PAYMENT SOLUTIONS A.S.",
            "city": "PRAGUE",
            "branch": null,
            "swift_code": "SMPSCZPP"
        },
        {
            "id": 132,
            "bank": "STOCK EXCHANGE PRAGUE CO. LTD, THE",
            "city": "PRAGUE",
            "branch": null,
            "swift_code": "XPRACZP1"
        },
        {
            "id": 133,
            "bank": "STREDISKO CENNYCH PAPIRU",
            "city": "PRAGUE",
            "branch": null,
            "swift_code": "STCUCZP1"
        },
        {
            "id": 134,
            "bank": "THE CZECH REGISTRY FOR EMISSION ALLOWANCES TRADING",
            "city": "PRAGUE",
            "branch": null,
            "swift_code": "CRMWCZP1"
        },
        {
            "id": 135,
            "bank": "TOTAL SOLUTIONS S.R.O.",
            "city": "PRAGUE",
            "branch": null,
            "swift_code": "TOSOCZP1"
        },
        {
            "id": 136,
            "bank": "UNICREDIT BANK CZECH REPUBLIC AND SLOVAKIA, A.S.",
            "city": "PRAGUE",
            "branch": "(INTERNAL FILE ACT ROUTING)",
            "swift_code": "BACXCZPPFAR"
        },
        {
            "id": 137,
            "bank": "UNICREDIT BANK CZECH REPUBLIC AND SLOVAKIA, A.S.",
            "city": "PRAGUE",
            "branch": "(SECURITIES SETTLEMENT)",
            "swift_code": "BACXCZPPRET"
        },
        {
            "id": 138,
            "bank": "UNICREDIT BANK CZECH REPUBLIC AND SLOVAKIA, A.S.",
            "city": "PRAGUE",
            "branch": null,
            "swift_code": "BACXCZPP"
        },
        {
            "id": 139,
            "bank": "VIRTUSE ENERGY S.R.O EMPIRIA CENTRE",
            "city": "PRAGUE",
            "branch": null,
            "swift_code": "VESECZP1"
        },
        {
            "id": 140,
            "bank": "VSEOBECNA UVEROVA BANKA, A.S. BRANCH PRAHA",
            "city": "PRAGUE",
            "branch": null,
            "swift_code": "SUBACZPP"
        },
        {
            "id": 141,
            "bank": "WALDVIERTLER SPARKASSE BANK AG",
            "city": "JINDRICHUV HRADEC",
            "branch": null,
            "swift_code": "SPWTCZ21"
        },
        {
            "id": 142,
            "bank": "WALLICH AND MATTHES CZECH REPUBLIC",
            "city": "PRAGUE",
            "branch": null,
            "swift_code": "WMCRCZP1"
        },
        {
            "id": 143,
            "bank": "WEST BROKERS A.S.",
            "city": "PLZEN",
            "branch": null,
            "swift_code": "WERRCZ21"
        },
        {
            "id": 144,
            "bank": "WESTERN UNION INTERNATIONAL BANK GMBH ORGANIZACNI SLOZKA",
            "city": "PRAGUE",
            "branch": null,
            "swift_code": "WEUICZP1"
        },
        {
            "id": 145,
            "bank": "WOOD AND COMPANY",
            "city": "PRAGUE",
            "branch": null,
            "swift_code": "WOODCZPP"
        },
        {
            "id": 146,
            "bank": "WOOD AND COMPANY INVESTICNI SPOLECNOST, A.S.",
            "city": "PRAGUE",
            "branch": null,
            "swift_code": "WCISCZP1"
        },
        {
            "id": 147,
            "bank": "X-TRADE BROKERS DOM MAKLERSKI SPOLKA AKCYJNA,ORGANIZACNI SLOZKA",
            "city": "PRAGUE",
            "branch": null,
            "swift_code": "TRBDCZP1"
        },
        {
            "id": 148,
            "bank": "ZFP INVESTMENTS INVESTICNI SPOLECNOST, A.S.",
            "city": "PRAGUE",
            "branch": null,
            "swift_code": "ZFPICZP1"
        }
    ]
}
