{
    "country": "Eritrea",
    "country_code": "ER",
    "list": [
        {
            "id": 1,
            "bank": "BANK OF ERITREA",
            "city": "ASMARA",
            "branch": null,
            "swift_code": "BOERERAI"
        },
        {
            "id": 2,
            "bank": "COMMERCIAL BANK OF ERITREA",
            "city": "ASMARA",
            "branch": null,
            "swift_code": "CBERERAI"
        },
        {
            "id": 3,
            "bank": "HOUSING AND COMMERCE BANK OF ERITREA",
            "city": "ASMARA",
            "branch": null,
            "swift_code": "HCBEERAI"
        }
    ]
}
