{
    "country": "Ethiopia",
    "country_code": "ET",
    "list": [
        {
            "id": 1,
            "bank": "ABAY BANK S.C.",
            "city": "ADDIS ABEBA",
            "branch": null,
            "swift_code": "ABAYETAA"
        },
        {
            "id": 2,
            "bank": "ADDIS INTERNATIONAL BANK S.C.",
            "city": "ADDIS ABEBA",
            "branch": null,
            "swift_code": "ABSCETAA"
        },
        {
            "id": 3,
            "bank": "AWASH INTERNATIONAL BANK S.C.",
            "city": "ADDIS ABEBA",
            "branch": null,
            "swift_code": "AWINETAA"
        },
        {
            "id": 4,
            "bank": "BANK OF ABYSSINIA",
            "city": "ADDIS ABEBA",
            "branch": null,
            "swift_code": "ABYSETAA"
        },
        {
            "id": 5,
            "bank": "BERHAN INTERNATIONAL BANK",
            "city": "ADDIS ABEBA",
            "branch": null,
            "swift_code": "BERHETAA"
        },
        {
            "id": 6,
            "bank": "BUNNA INTERNATIONAL BANK S.C",
            "city": "ADDIS ABEBA",
            "branch": null,
            "swift_code": "BUNAETAA"
        },
        {
            "id": 7,
            "bank": "COMMERCIAL BANK OF ETHIOPIA",
            "city": "ADDIS ABEBA",
            "branch": "(ARADA GIORGIS BRANCH)",
            "swift_code": "CBETETAAARA"
        },
        {
            "id": 8,
            "bank": "COMMERCIAL BANK OF ETHIOPIA",
            "city": "ADDIS ABEBA",
            "branch": "(DIRE DAWA MAIN BRANCH)",
            "swift_code": "CBETETAADIR"
        },
        {
            "id": 9,
            "bank": "COMMERCIAL BANK OF ETHIOPIA",
            "city": "ADDIS ABEBA",
            "branch": "(FINFINE BRANCH)",
            "swift_code": "CBETETAAFIN"
        },
        {
            "id": 10,
            "bank": "COMMERCIAL BANK OF ETHIOPIA",
            "city": "ADDIS ABEBA",
            "branch": "(INTERNATIONAL BANKING DEPARTMENT)",
            "swift_code": "CBETETAAIBD"
        },
        {
            "id": 11,
            "bank": "COMMERCIAL BANK OF ETHIOPIA",
            "city": "ADDIS ABEBA",
            "branch": "(MEHAL GEBEYA BRANCH)",
            "swift_code": "CBETETAAMEH"
        },
        {
            "id": 12,
            "bank": "COMMERCIAL BANK OF ETHIOPIA",
            "city": "ADDIS ABEBA",
            "branch": "(TEMENJA YAJ BRANCH)",
            "swift_code": "CBETETAATEM"
        },
        {
            "id": 13,
            "bank": "COMMERCIAL BANK OF ETHIOPIA",
            "city": "ADDIS ABEBA",
            "branch": "(TRADE SERVICE CENTER)",
            "swift_code": "CBETETAADOC"
        },
        {
            "id": 14,
            "bank": "COMMERCIAL BANK OF ETHIOPIA",
            "city": "ADDIS ABEBA",
            "branch": "(TREASURY DEPARTMENT)",
            "swift_code": "CBETETAATRY"
        },
        {
            "id": 15,
            "bank": "COMMERCIAL BANK OF ETHIOPIA",
            "city": "ADDIS ABEBA",
            "branch": null,
            "swift_code": "CBETETAA"
        },
        {
            "id": 16,
            "bank": "COOPERATIVE BANK OF OROMIA S.C.",
            "city": "ADDIS ABEBA",
            "branch": null,
            "swift_code": "CBORETAA"
        },
        {
            "id": 17,
            "bank": "DASHEN BANK S.C.",
            "city": "ADDIS ABEBA",
            "branch": null,
            "swift_code": "DASHETAA"
        },
        {
            "id": 18,
            "bank": "DEBUB GLOBAL BANK S.C",
            "city": "ADDIS ABEBA",
            "branch": null,
            "swift_code": "DEGAETAA"
        },
        {
            "id": 19,
            "bank": "DEVELOPMENT BANK OF ETHIOPIA",
            "city": "ADDIS ABEBA",
            "branch": null,
            "swift_code": "DEETETAA"
        },
        {
            "id": 20,
            "bank": "ENAT BANK S.C",
            "city": "ADDIS ABEBA",
            "branch": null,
            "swift_code": "ENATETAA"
        },
        {
            "id": 21,
            "bank": "LION INTERNATIONAL BANK S.C.",
            "city": "ADDIS ABEBA",
            "branch": null,
            "swift_code": "LIBSETAA"
        },
        {
            "id": 22,
            "bank": "NATIONAL BANK OF ETHIOPIA",
            "city": "ADDIS ABEBA",
            "branch": null,
            "swift_code": "NBETETAA"
        },
        {
            "id": 23,
            "bank": "NIB INTERNATIONAL BANK S.C.",
            "city": "ADDIS ABEBA",
            "branch": null,
            "swift_code": "NIBIETAA"
        },
        {
            "id": 24,
            "bank": "OROMIA INTERNATIONAL BANK S.C.",
            "city": "ADDIS ABEBA",
            "branch": null,
            "swift_code": "ORIRETAA"
        },
        {
            "id": 25,
            "bank": "UNITED BANK SHARE COMPANY",
            "city": "ADDIS ABEBA",
            "branch": null,
            "swift_code": "UNTDETAA"
        },
        {
            "id": 26,
            "bank": "WEGAGEN BANK S.C.",
            "city": "ADDIS ABEBA",
            "branch": null,
            "swift_code": "WEGAETAA"
        },
        {
            "id": 27,
            "bank": "ZEMEN BANK S.C.",
            "city": "ADDIS ABEBA",
            "branch": null,
            "swift_code": "ZEMEETAA"
        }
    ]
}
