{
    "country": "Gabon",
    "country_code": "GA",
    "list": [
        {
            "id": 1,
            "bank": "B.I.C.I. DU GABON",
            "city": "LIBREVILLE",
            "branch": "(ADL BRANCH)",
            "swift_code": "BICIGALXADL"
        },
        {
            "id": 2,
            "bank": "B.I.C.I. DU GABON",
            "city": "LIBREVILLE",
            "branch": "(MONT-BOUET BRANCH)",
            "swift_code": "BICIGALXMBT"
        },
        {
            "id": 3,
            "bank": "B.I.C.I. DU GABON",
            "city": "LIBREVILLE",
            "branch": "(OLOUMI BRANCH)",
            "swift_code": "BICIGALXOLO"
        },
        {
            "id": 4,
            "bank": "B.I.C.I. DU GABON",
            "city": "LIBREVILLE",
            "branch": null,
            "swift_code": "BICIGALX"
        },
        {
            "id": 5,
            "bank": "B.I.C.I. DU GABON",
            "city": "MOANDA",
            "branch": "(MOANDA BRANCH)",
            "swift_code": "BICIGALXMDA"
        },
        {
            "id": 6,
            "bank": "B.I.C.I. DU GABON",
            "city": "PORT GENTIL",
            "branch": null,
            "swift_code": "BICIGALXPOG"
        },
        {
            "id": 7,
            "bank": "BANQUE DES ETATS DE L'AFRIQUE CENTRALE D.N. GABON",
            "city": "FRANCEVILLE",
            "branch": "(AGENCE DE FRANCEVILLE)",
            "swift_code": "BEACGALI520"
        },
        {
            "id": 8,
            "bank": "BANQUE DES ETATS DE L'AFRIQUE CENTRALE D.N. GABON",
            "city": "LIBREVILLE",
            "branch": null,
            "swift_code": "BEACGALI"
        },
        {
            "id": 9,
            "bank": "BANQUE DES ETATS DE L'AFRIQUE CENTRALE D.N. GABON",
            "city": "OYEM",
            "branch": "(AGENCE DE OYEM)",
            "swift_code": "BEACGALI530"
        },
        {
            "id": 10,
            "bank": "BANQUE DES ETATS DE L'AFRIQUE CENTRALE D.N. GABON",
            "city": "PORT GENTIL",
            "branch": "(AGENCE DE PORT GENTIL)",
            "swift_code": "BEACGALI510"
        },
        {
            "id": 11,
            "bank": "BANQUE GABONAISE DE DEVELOPPEMENT",
            "city": "LIBREVILLE",
            "branch": null,
            "swift_code": "BGADGALI"
        },
        {
            "id": 12,
            "bank": "BGFIBANK",
            "city": "LIBREVILLE",
            "branch": null,
            "swift_code": "BGFIGALI"
        },
        {
            "id": 13,
            "bank": "BGFIBANK",
            "city": "LIBREVILLE",
            "branch": null,
            "swift_code": "BGFIGALIBKZ"
        },
        {
            "id": 14,
            "bank": "BGFIBANK",
            "city": "LIBREVILLE",
            "branch": null,
            "swift_code": "BGFIGALIMAL"
        },
        {
            "id": 15,
            "bank": "BGFIBANK",
            "city": "LIBREVILLE",
            "branch": null,
            "swift_code": "BGFIGALIOWD"
        },
        {
            "id": 16,
            "bank": "BGFIBANK",
            "city": "LIBREVILLE",
            "branch": null,
            "swift_code": "BGFIGALIPOG"
        },
        {
            "id": 17,
            "bank": "BGFIBANK",
            "city": "LIBREVILLE",
            "branch": null,
            "swift_code": "BGFIGALIPTN"
        },
        {
            "id": 18,
            "bank": "CITIBANK N.A.",
            "city": "LIBREVILLE",
            "branch": "(TRADE SERVICES DEPT.)",
            "swift_code": "CITIGALXTRD"
        },
        {
            "id": 19,
            "bank": "CITIBANK N.A.",
            "city": "LIBREVILLE",
            "branch": null,
            "swift_code": "CITIGALX"
        },
        {
            "id": 20,
            "bank": "ECOBANK GABON",
            "city": "LIBREVILLE",
            "branch": null,
            "swift_code": "ECOCGALI"
        },
        {
            "id": 21,
            "bank": "GABON-POSTE",
            "city": "LIBREVILLE",
            "branch": null,
            "swift_code": "CCPGGALI"
        },
        {
            "id": 22,
            "bank": "ORABANK GABON",
            "city": "LIBREVILLE",
            "branch": null,
            "swift_code": "ORBKGALI"
        },
        {
            "id": 23,
            "bank": "UBA GABON",
            "city": "LIBREVILLE",
            "branch": null,
            "swift_code": "UNAFGALI"
        },
        {
            "id": 24,
            "bank": "UNION GABONAISE DE BANQUE",
            "city": "LIBREVILLE",
            "branch": null,
            "swift_code": "UGABGALI"
        }
    ]
}
