{
    "country": "Georgia",
    "country_code": "GE",
    "list": [
        {
            "id": 1,
            "bank": "BASISBANK, JSC",
            "city": "TBILISI",
            "branch": null,
            "swift_code": "CBASGE22"
        },
        {
            "id": 2,
            "bank": "BRITISH AMERICAN TOBACCO GEORGIA LIMITED",
            "city": "TBILISI",
            "branch": null,
            "swift_code": "BATSGE21"
        },
        {
            "id": 3,
            "bank": "BSDBANK",
            "city": "SUKHUM",
            "branch": null,
            "swift_code": "BSDAGE21"
        },
        {
            "id": 4,
            "bank": "FINCA BANK GEORGIA JSC",
            "city": "TBILISI",
            "branch": null,
            "swift_code": "FGEOGE22"
        },
        {
            "id": 5,
            "bank": "GALT AND TAGGART (JSC) SECURITIES",
            "city": "TBILISI",
            "branch": null,
            "swift_code": "GTJSGE21"
        },
        {
            "id": 6,
            "bank": "GEORGIAN INVESTMENT GROUP",
            "city": "TBILISI",
            "branch": null,
            "swift_code": "GEIGGE21"
        },
        {
            "id": 7,
            "bank": "HALYK BANK GEORGIA JSC",
            "city": "TBILISI",
            "branch": null,
            "swift_code": "HABGGE22"
        },
        {
            "id": 8,
            "bank": "INTERNATIONAL BANK OF AZERBAIJAN-GEORGIA",
            "city": "TBILISI",
            "branch": null,
            "swift_code": "IBAZGE22"
        },
        {
            "id": 9,
            "bank": "INTERNATIONAL FINANCIAL SERVICES LTD",
            "city": "TBILISI",
            "branch": null,
            "swift_code": "ITFVGE21"
        },
        {
            "id": 10,
            "bank": "JSC BANK OF GEORGIA",
            "city": "TBILISI",
            "branch": "(CUSTODY SERVICES)",
            "swift_code": "BAGAGE22CUS"
        },
        {
            "id": 11,
            "bank": "JSC BANK OF GEORGIA",
            "city": "TBILISI",
            "branch": null,
            "swift_code": "BAGAGE22"
        },
        {
            "id": 12,
            "bank": "JSC BANK OF GEORGIA",
            "city": "TBILISI",
            "branch": null,
            "swift_code": "BAGAGE22GTS"
        },
        {
            "id": 13,
            "bank": "JSC 'CARTU BANK'",
            "city": "BATUMI",
            "branch": "(BATUMI BRANCH)",
            "swift_code": "CRTUGE22092"
        },
        {
            "id": 14,
            "bank": "JSC 'CARTU BANK'",
            "city": "KUTAISI",
            "branch": "(KUTAISI BRANCH)",
            "swift_code": "CRTUGE22087"
        },
        {
            "id": 15,
            "bank": "JSC 'CARTU BANK'",
            "city": "TBILISI",
            "branch": "(MTATSMINDA BRANCH)",
            "swift_code": "CRTUGE22086"
        },
        {
            "id": 16,
            "bank": "JSC 'CARTU BANK'",
            "city": "TBILISI",
            "branch": null,
            "swift_code": "CRTUGE22"
        },
        {
            "id": 17,
            "bank": "JSC CAUCASUS TRUST BANKERS",
            "city": "TBILISI",
            "branch": null,
            "swift_code": "CTRBGE22"
        },
        {
            "id": 18,
            "bank": "JSC CREDO BANK",
            "city": "TBILISI",
            "branch": null,
            "swift_code": "JSCRGE22"
        },
        {
            "id": 19,
            "bank": "JSC ISBANK GEORGIA",
            "city": "TBILISI",
            "branch": null,
            "swift_code": "ISBKGE22"
        },
        {
            "id": 20,
            "bank": "JSC 'LIBERTY BANK'",
            "city": "TBILISI",
            "branch": null,
            "swift_code": "LBRTGE22"
        },
        {
            "id": 21,
            "bank": "JSC PASHA BANK GEORGIA",
            "city": "TBILISI",
            "branch": null,
            "swift_code": "PAHAGE22"
        },
        {
            "id": 22,
            "bank": "JSC TERABANK",
            "city": "TBILISI",
            "branch": null,
            "swift_code": "TEBAGE22"
        },
        {
            "id": 23,
            "bank": "JSC 'VTB BANK GEORGIA'",
            "city": "AKHALTSIKHE",
            "branch": "(AKHALTSIKHE BRANCH)",
            "swift_code": "UGEBGE22617"
        },
        {
            "id": 24,
            "bank": "JSC 'VTB BANK GEORGIA'",
            "city": "BATUMI",
            "branch": "(BATUMI BRANCH)",
            "swift_code": "UGEBGE22655"
        },
        {
            "id": 25,
            "bank": "JSC 'VTB BANK GEORGIA'",
            "city": "GARDABANI",
            "branch": "(GARDABANI BRANCH)",
            "swift_code": "UGEBGE22622"
        },
        {
            "id": 26,
            "bank": "JSC 'VTB BANK GEORGIA'",
            "city": "GORI",
            "branch": "(GORI BRANCH)",
            "swift_code": "UGEBGE22602"
        },
        {
            "id": 27,
            "bank": "JSC 'VTB BANK GEORGIA'",
            "city": "GURJAANI",
            "branch": "(GURJAANI BRANCH)",
            "swift_code": "UGEBGE22624"
        },
        {
            "id": 28,
            "bank": "JSC 'VTB BANK GEORGIA'",
            "city": "KUTAISI",
            "branch": "(KUTAISI BRANCH)",
            "swift_code": "UGEBGE22605"
        },
        {
            "id": 29,
            "bank": "JSC 'VTB BANK GEORGIA'",
            "city": "MARNEULI",
            "branch": "(MARNEULI BRANCH)",
            "swift_code": "UGEBGE22639"
        },
        {
            "id": 30,
            "bank": "JSC 'VTB BANK GEORGIA'",
            "city": "OZURGETI",
            "branch": "(OZURGETI BRANCH)",
            "swift_code": "UGEBGE22643"
        },
        {
            "id": 31,
            "bank": "JSC 'VTB BANK GEORGIA'",
            "city": "POTI",
            "branch": "(POTI BRANCH)",
            "swift_code": "UGEBGE22606"
        },
        {
            "id": 32,
            "bank": "JSC 'VTB BANK GEORGIA'",
            "city": "RUSTAVI",
            "branch": "(RUSTAVI BRANCH)",
            "swift_code": "UGEBGE22607"
        },
        {
            "id": 33,
            "bank": "JSC 'VTB BANK GEORGIA'",
            "city": "TBILISI",
            "branch": "(ABKHAZETI BRANCH)",
            "swift_code": "UGEBGE22687"
        },
        {
            "id": 34,
            "bank": "JSC 'VTB BANK GEORGIA'",
            "city": "TBILISI",
            "branch": "(CENTRAL BRANCH)",
            "swift_code": "UGEBGE22615"
        },
        {
            "id": 35,
            "bank": "JSC 'VTB BANK GEORGIA'",
            "city": "TBILISI",
            "branch": "(DIDUBE BRANCH)",
            "swift_code": "UGEBGE22665"
        },
        {
            "id": 36,
            "bank": "JSC 'VTB BANK GEORGIA'",
            "city": "TBILISI",
            "branch": "(HEAD OFFICE)",
            "swift_code": "UGEBGE22"
        },
        {
            "id": 37,
            "bank": "JSC 'VTB BANK GEORGIA'",
            "city": "TBILISI",
            "branch": "(KRZANINI BRANCH)",
            "swift_code": "UGEBGE22668"
        },
        {
            "id": 38,
            "bank": "JSC 'VTB BANK GEORGIA'",
            "city": "TBILISI",
            "branch": "(MTATSMINDA BRANCH)",
            "swift_code": "UGEBGE22666"
        },
        {
            "id": 39,
            "bank": "JSC 'VTB BANK GEORGIA'",
            "city": "TBILISI",
            "branch": "(RUSTAVELI BRANCH)",
            "swift_code": "UGEBGE22604"
        },
        {
            "id": 40,
            "bank": "JSC 'VTB BANK GEORGIA'",
            "city": "TBILISI",
            "branch": "(SABURTALO BRANCH)",
            "swift_code": "UGEBGE22670"
        },
        {
            "id": 41,
            "bank": "JSC 'VTB BANK GEORGIA'",
            "city": "TELAVI",
            "branch": "(TELAVI BRANCH)",
            "swift_code": "UGEBGE22629"
        },
        {
            "id": 42,
            "bank": "JSC 'VTB BANK GEORGIA'",
            "city": "ZUGDIDI",
            "branch": "(ZUGDIDI BRANCH)",
            "swift_code": "UGEBGE22603"
        },
        {
            "id": 43,
            "bank": "JSC ZIRAAT BANK GEORGIA",
            "city": "TBILISI",
            "branch": null,
            "swift_code": "TCZBGE22"
        },
        {
            "id": 44,
            "bank": "LLC MFO IMPERIAL CREDIT",
            "city": "TBILISI",
            "branch": null,
            "swift_code": "LMIRGE21"
        },
        {
            "id": 45,
            "bank": "MFO INTEL EXPRESS GEORGIA LTD",
            "city": "TBILISI",
            "branch": null,
            "swift_code": "INEXGE22"
        },
        {
            "id": 46,
            "bank": "NATIONAL BANK OF GEORGIA",
            "city": "TBILISI",
            "branch": null,
            "swift_code": "BNLNGE22"
        },
        {
            "id": 47,
            "bank": "PROCREDIT BANK, GEORGIA",
            "city": "TBILISI",
            "branch": null,
            "swift_code": "MIBGGE22"
        },
        {
            "id": 48,
            "bank": "RUSSIAN-GEORGIAN BANK OF RECONSTRUCTION AND DEVELOPMENT",
            "city": "TBILISI",
            "branch": null,
            "swift_code": "RGBRGE21"
        },
        {
            "id": 49,
            "bank": "SAINT GEORGE BANKERS AND TRUST LLC",
            "city": "TBILISI",
            "branch": null,
            "swift_code": "SGTLGE21"
        },
        {
            "id": 50,
            "bank": "SILK ROAD BANK JSC",
            "city": "TBILISI",
            "branch": null,
            "swift_code": "DISNGE22"
        },
        {
            "id": 51,
            "bank": "TBC BANK",
            "city": "BATUMI",
            "branch": "(BATUMI BRANCH)",
            "swift_code": "TBCBGE22835"
        },
        {
            "id": 52,
            "bank": "TBC BANK",
            "city": "BORJOMI",
            "branch": "(BORJOMI BRANCH)",
            "swift_code": "TBCBGE22762"
        },
        {
            "id": 53,
            "bank": "TBC BANK",
            "city": "KUTAISI",
            "branch": "(KUTAISI BRANCH)",
            "swift_code": "TBCBGE22888"
        },
        {
            "id": 54,
            "bank": "TBC BANK",
            "city": "POTI",
            "branch": "(POTI BRANCH)",
            "swift_code": "TBCBGE22937"
        },
        {
            "id": 55,
            "bank": "TBC BANK",
            "city": "RUSTAVI",
            "branch": "(RUSTAVI BRANCH)",
            "swift_code": "TBCBGE22844"
        },
        {
            "id": 56,
            "bank": "TBC BANK",
            "city": "TBILISI",
            "branch": "(CENTRAL BRANCH)",
            "swift_code": "TBCBGE22830"
        },
        {
            "id": 57,
            "bank": "TBC BANK",
            "city": "TBILISI",
            "branch": "(DIDUBE BRANCH )",
            "swift_code": "TBCBGE22836"
        },
        {
            "id": 58,
            "bank": "TBC BANK",
            "city": "TBILISI",
            "branch": "(MARJANISHVILI BRANCH)",
            "swift_code": "TBCBGE22850"
        },
        {
            "id": 59,
            "bank": "TBC BANK",
            "city": "TBILISI",
            "branch": "(MTATSMINDA BRANCH)",
            "swift_code": "TBCBGE22821"
        },
        {
            "id": 60,
            "bank": "TBC BANK",
            "city": "TBILISI",
            "branch": "(NADZALADEVI BRANCH)",
            "swift_code": "TBCBGE22820"
        },
        {
            "id": 61,
            "bank": "TBC BANK",
            "city": "TBILISI",
            "branch": "(SABURTALO BRANCH)",
            "swift_code": "TBCBGE22838"
        },
        {
            "id": 62,
            "bank": "TBC BANK",
            "city": "TBILISI",
            "branch": "(VERA BRANCH)",
            "swift_code": "TBCBGE22818"
        },
        {
            "id": 63,
            "bank": "TBC BANK",
            "city": "TBILISI",
            "branch": null,
            "swift_code": "TBCBGE22"
        },
        {
            "id": 64,
            "bank": "TBC BANK",
            "city": "TELAVI",
            "branch": "(TELAVI BRANCH)",
            "swift_code": "TBCBGE22824"
        },
        {
            "id": 65,
            "bank": "TREASURY SERVICE MINISTRY OF FINANCE OF GEORGIA",
            "city": "TBILISI",
            "branch": null,
            "swift_code": "TSMFGE22"
        }
    ]
}
