{
    "country": "Guernsey",
    "country_code": "GG",
    "list": [
        {
            "id": 1,
            "bank": "ABN AMRO (CHANNEL ISLANDS) LIMITED",
            "city": "ST. PETER PORT",
            "branch": null,
            "swift_code": "MEESGGSP"
        },
        {
            "id": 2,
            "bank": "ALTERNATIVE RISK MANAGEMENT LIMITED",
            "city": "ST. PETER PORT",
            "branch": null,
            "swift_code": "ARMKGGSP"
        },
        {
            "id": 3,
            "bank": "AUGENTIUS FUND ADMINISTRATION (GUERNSEY) LIMITED",
            "city": "ST. PETER PORT",
            "branch": null,
            "swift_code": "AFALGGSP"
        },
        {
            "id": 4,
            "bank": "BANK J. SAFRA SARASIN LTD, GUERNSEY BRANCH",
            "city": "ST. PETER PORT",
            "branch": null,
            "swift_code": "SARAGGSP"
        },
        {
            "id": 5,
            "bank": "BANK JULIUS BAER AND CO LTD (GUERNSEY BRANCH)",
            "city": "ST. PETER PORT",
            "branch": null,
            "swift_code": "BAERGGSP"
        },
        {
            "id": 6,
            "bank": "BANK OF CYPRUS (CHANNEL ISLANDS) LIMITED",
            "city": "ST. PETER PORT",
            "branch": null,
            "swift_code": "BCYPGGS1"
        },
        {
            "id": 7,
            "bank": "BANQUE CANTONALE VAUDOISE",
            "city": "ST. PETER PORT",
            "branch": null,
            "swift_code": "BCVLGGSP"
        },
        {
            "id": 8,
            "bank": "BARCLAYS BANK PLC",
            "city": "ST. PETER PORT",
            "branch": "(BARCLAYS BANK PLC GUERNSEY)",
            "swift_code": "BARCGGS10S2"
        },
        {
            "id": 9,
            "bank": "BARCLAYS BANK PLC",
            "city": "ST. PETER PORT",
            "branch": "(BCPI LIMITED WOOLWICH GUERNSEY)",
            "swift_code": "BARCGGS10WG"
        },
        {
            "id": 10,
            "bank": "BARCLAYS BANK PLC",
            "city": "ST. PETER PORT",
            "branch": null,
            "swift_code": "BARCGGS1"
        },
        {
            "id": 11,
            "bank": "BARCLAYS FINANCE CO (GUERNSEY) LTD",
            "city": "ST. PETER PORT",
            "branch": null,
            "swift_code": "BGUEGGS1"
        },
        {
            "id": 12,
            "bank": "BARCLAYS PRIVATE BANK AND TRUST LTD",
            "city": "ST. PETER PORT",
            "branch": null,
            "swift_code": "BPBLGGS1"
        },
        {
            "id": 13,
            "bank": "BISYS INVESTMENT SERVICES",
            "city": "ST. PETER PORT",
            "branch": null,
            "swift_code": "BSYSGGS1"
        },
        {
            "id": 14,
            "bank": "BNP PARIBAS (SUISSE) SA",
            "city": "ST. PETER PORT",
            "branch": null,
            "swift_code": "BPPBGGS1"
        },
        {
            "id": 15,
            "bank": "BUTTERFIELD BANK (GUERNSEY) LIMITED",
            "city": "ST. PETER PORT",
            "branch": null,
            "swift_code": "BNTBGGSX"
        },
        {
            "id": 16,
            "bank": "CANACCORD GENUITY WEALTH (INTERNATIONAL) LIMITED",
            "city": "ST. PETER PORT",
            "branch": null,
            "swift_code": "CGWIGGSP"
        },
        {
            "id": 17,
            "bank": "CENKOS CHANNEL ISLANDS LIMITED",
            "city": "ST. PETER PORT",
            "branch": null,
            "swift_code": "CECIGGS1"
        },
        {
            "id": 18,
            "bank": "CHANDLER SECURITIES (EUROPE) LIMITED",
            "city": "ST. PETER PORT",
            "branch": null,
            "swift_code": "CHSOGGS1"
        },
        {
            "id": 19,
            "bank": "CIE FINANCIERE PARIBAS NEDERLAND",
            "city": "ST. PETER PORT",
            "branch": null,
            "swift_code": "PARBGGS1"
        },
        {
            "id": 20,
            "bank": "CLSA GUERNSEY LTD",
            "city": "ST. PETER PORT",
            "branch": null,
            "swift_code": "CLSAGGS1"
        },
        {
            "id": 21,
            "bank": "COLLINS STEWART (CI) LTD",
            "city": "ST. PETER PORT",
            "branch": null,
            "swift_code": "COLTGGS1"
        },
        {
            "id": 22,
            "bank": "CREDIT SUISSE AG, GUERNSEY BRANCH",
            "city": "ST. PETER PORT",
            "branch": null,
            "swift_code": "CRESGGSP"
        },
        {
            "id": 23,
            "bank": "CREDIT SUISSE DEPOSIT CENTRE",
            "city": "ST. PETER PORT",
            "branch": null,
            "swift_code": "CSDCGGSX"
        },
        {
            "id": 24,
            "bank": "CUSTODY OPS (SCIL BULK)",
            "city": "ST. PETER PORT",
            "branch": null,
            "swift_code": "COSLGGS1"
        },
        {
            "id": 25,
            "bank": "DEUTSCHE BANK INTERNATIONAL LIMITED",
            "city": "ST. PETER PORT",
            "branch": null,
            "swift_code": "MGCOGGS1"
        },
        {
            "id": 26,
            "bank": "EFG PRIVATE BANK (CHANNEL ISLANDS) LIMITED",
            "city": "ST. PETER PORT",
            "branch": null,
            "swift_code": "EFGBGGSP"
        },
        {
            "id": 27,
            "bank": "FIRSTRAND INTERNATIONAL LIMITED",
            "city": "ST. PETER PORT",
            "branch": null,
            "swift_code": "FIOTGGS1"
        },
        {
            "id": 28,
            "bank": "FLEET BOSTON FINANCIAL (GUERNSEY)",
            "city": "ST. PETER PORT",
            "branch": null,
            "swift_code": "FNBBGGS1"
        },
        {
            "id": 29,
            "bank": "FNB CHANNEL ISLANDS",
            "city": "ST. PETER PORT",
            "branch": null,
            "swift_code": "FIRNGGSP"
        },
        {
            "id": 30,
            "bank": "GREIG MIDDLETON (CI) LTD.",
            "city": "ST. PETER PORT",
            "branch": null,
            "swift_code": "GREIGGS1"
        },
        {
            "id": 31,
            "bank": "HANSON BANK LIMITED",
            "city": "ST. PETER PORT",
            "branch": null,
            "swift_code": "HGLIGGS1"
        },
        {
            "id": 32,
            "bank": "HSBC BANK PLC",
            "city": "ALDERNEY",
            "branch": "(ALDERNEY)",
            "swift_code": "MIDLGGS101E"
        },
        {
            "id": 33,
            "bank": "HSBC BANK PLC",
            "city": "SARK",
            "branch": "(SARK)",
            "swift_code": "MIDLGGS101D"
        },
        {
            "id": 34,
            "bank": "HSBC BANK PLC",
            "city": "ST. MARTIN",
            "branch": "(ST MARTIN)",
            "swift_code": "MIDLGGS101B"
        },
        {
            "id": 35,
            "bank": "HSBC BANK PLC",
            "city": "ST. PETER PORT",
            "branch": "(PREMIER CENTRE)",
            "swift_code": "MIDLGGS101A"
        },
        {
            "id": 36,
            "bank": "HSBC BANK PLC",
            "city": "ST. PETER PORT",
            "branch": null,
            "swift_code": "MIDLGGS1"
        },
        {
            "id": 37,
            "bank": "HSBC BANK PLC",
            "city": "ST. SAMPSON",
            "branch": "(ST SAMPSON)",
            "swift_code": "MIDLGGS101C"
        },
        {
            "id": 38,
            "bank": "HSBC PRIVATE BANK (C.I.) LIMITED",
            "city": "ST. PETER PORT",
            "branch": null,
            "swift_code": "BLICGGSX"
        },
        {
            "id": 39,
            "bank": "INTERNATIONAL PRIVATE EQUITY SERVICE LIMITED",
            "city": "ST. PETER PORT",
            "branch": null,
            "swift_code": "IPESGGSP"
        },
        {
            "id": 40,
            "bank": "INVESTEC ASSET MANAGEMENT GUERNSEY LTD",
            "city": "ST. PETER PORT",
            "branch": null,
            "swift_code": "GFFMGGS1"
        },
        {
            "id": 41,
            "bank": "INVESTEC BANK (CHANNEL ISLANDS) LIMITED",
            "city": "ST. PETER PORT",
            "branch": null,
            "swift_code": "GMGUGGSP"
        },
        {
            "id": 42,
            "bank": "JOANNOU AND PARASKEVAIDES (OVERSEAS) LIMITED",
            "city": "ST. PETER PORT",
            "branch": null,
            "swift_code": "JPOLGGSA"
        },
        {
            "id": 43,
            "bank": "LAZARD BROTHERS AND CO (GUERNSEY) LTD",
            "city": "ST. PETER PORT",
            "branch": null,
            "swift_code": "LBGUGGS1"
        },
        {
            "id": 44,
            "bank": "LEONTEQ SECURITIES AG, GUERNSEY BRANCH",
            "city": "ST. PETER PORT",
            "branch": null,
            "swift_code": "EFGFGGSP"
        },
        {
            "id": 45,
            "bank": "LLOYDS BANK INTERNATIONAL LIMITED",
            "city": "ALDERNEY",
            "branch": "(ALDERNEY (774708))",
            "swift_code": "LOYDGGS1005"
        },
        {
            "id": 46,
            "bank": "LLOYDS BANK INTERNATIONAL LIMITED",
            "city": "ST. MARTIN",
            "branch": "(ST. MARTIN (774707))",
            "swift_code": "LOYDGGS1004"
        },
        {
            "id": 47,
            "bank": "LLOYDS BANK INTERNATIONAL LIMITED",
            "city": "ST. PETER PORT",
            "branch": "(GUERNSEY (309373))",
            "swift_code": "LOYDGGS1001"
        },
        {
            "id": 48,
            "bank": "LLOYDS BANK INTERNATIONAL LIMITED",
            "city": "ST. PETER PORT",
            "branch": "(GUERNSEY (774705))",
            "swift_code": "LOYDGGS1002"
        },
        {
            "id": 49,
            "bank": "LLOYDS BANK INTERNATIONAL LIMITED",
            "city": "ST. PETER PORT",
            "branch": null,
            "swift_code": "LOYDGGS1"
        },
        {
            "id": 50,
            "bank": "LLOYDS BANK INTERNATIONAL LIMITED",
            "city": "ST. SAMPSON",
            "branch": "(ST. SAMPSON (774706))",
            "swift_code": "LOYDGGS1003"
        },
        {
            "id": 51,
            "bank": "NATIONAL BANK OF GREECE S.A.",
            "city": "ST. PETER PORT",
            "branch": null,
            "swift_code": "ETHNGGS1"
        },
        {
            "id": 52,
            "bank": "NATWEST OFFSHORE LIMITED",
            "city": "ST. PETER PORT",
            "branch": null,
            "swift_code": "RBOSGG21"
        },
        {
            "id": 53,
            "bank": "NATWEST-GUERNSEY",
            "city": "ST. PETER PORT",
            "branch": null,
            "swift_code": "RBOSGGSX"
        },
        {
            "id": 54,
            "bank": "NOMURA REINSURANCE 1 IC LIMITED",
            "city": "ST. PETER PORT",
            "branch": null,
            "swift_code": "NREIGGSP"
        },
        {
            "id": 55,
            "bank": "NORTHERN TRUST (GUERNSEY) LIMITED",
            "city": "ST. PETER PORT",
            "branch": null,
            "swift_code": "BBCOGGSP"
        },
        {
            "id": 56,
            "bank": "OAK TRUST (GUERNSEY) LIMITED",
            "city": "ST. PETER PORT",
            "branch": null,
            "swift_code": "OAKTGGSP"
        },
        {
            "id": 57,
            "bank": "ODEY WEALTH MANAGEMENT (C.I.) LIMITED",
            "city": "ST. PETER PORT",
            "branch": null,
            "swift_code": "ODWMGGS1"
        },
        {
            "id": 58,
            "bank": "PRAXIS FIDUCIARIES LIMITED",
            "city": "ST. PETER PORT",
            "branch": null,
            "swift_code": "PRAXGGS1"
        },
        {
            "id": 59,
            "bank": "PRAXISIFM TRUST LIMITED",
            "city": "ST. PETER PORT",
            "branch": null,
            "swift_code": "PXISGGSP"
        },
        {
            "id": 60,
            "bank": "ROTHSCHILD BANK (CI) LIMITED",
            "city": "ST. PETER PORT",
            "branch": null,
            "swift_code": "ROSWGGSP"
        },
        {
            "id": 61,
            "bank": "ROTHSCHILD BANK INTERNATIONAL LTD",
            "city": "ST. PETER PORT",
            "branch": null,
            "swift_code": "ROTHGGSP"
        },
        {
            "id": 62,
            "bank": "ROWAN AND COMPANY LTD",
            "city": "VALE",
            "branch": null,
            "swift_code": "ROWAGGV1"
        },
        {
            "id": 63,
            "bank": "ROYAL BANK OF CANADA (CHANNEL ISLANDS) LIMITED",
            "city": "ST. PETER PORT",
            "branch": "(OFM)",
            "swift_code": "ROYCGGSPOFM"
        },
        {
            "id": 64,
            "bank": "ROYAL BANK OF CANADA (CHANNEL ISLANDS) LIMITED",
            "city": "ST. PETER PORT",
            "branch": null,
            "swift_code": "ROYCGGSP"
        },
        {
            "id": 65,
            "bank": "ROYAL BANK OF SCOTLAND INTERNATIONAL LIMITED, THE",
            "city": "ST. PETER PORT",
            "branch": "(GUERNSEY LTD CHAPS ONLY)",
            "swift_code": "RBOSGGS1888"
        },
        {
            "id": 66,
            "bank": "ROYAL BANK OF SCOTLAND INTERNATIONAL LIMITED, THE",
            "city": "ST. PETER PORT",
            "branch": "(GUERNSEY)",
            "swift_code": "RBOSGGS1029"
        },
        {
            "id": 67,
            "bank": "ROYAL BANK OF SCOTLAND INTERNATIONAL LIMITED, THE",
            "city": "ST. PETER PORT",
            "branch": "(ST. PETER PORT, GUERNSEY)",
            "swift_code": "RBOSGGS1886"
        },
        {
            "id": 68,
            "bank": "ROYAL BANK OF SCOTLAND INTERNATIONAL LIMITED, THE",
            "city": "ST. PETER PORT",
            "branch": null,
            "swift_code": "RBOSGGSP"
        },
        {
            "id": 69,
            "bank": "SCHRODER INVESTMENT MANAGEMENT (GUERNSEY) LTD",
            "city": "ST. PETER PORT",
            "branch": null,
            "swift_code": "SIMGGGS1"
        },
        {
            "id": 70,
            "bank": "SCHRODERS (C.I.) LIMITED",
            "city": "ST. PETER PORT",
            "branch": null,
            "swift_code": "SCHDGGSP"
        },
        {
            "id": 71,
            "bank": "SEI INVESTMENTS-GUERNSEY LIMITED",
            "city": "ST. PETER PORT",
            "branch": null,
            "swift_code": "SEIQGGSP"
        },
        {
            "id": 72,
            "bank": "SEI INVESTMENTS-GUERNSEY LIMITED",
            "city": "ST. PETER PORT",
            "branch": null,
            "swift_code": "SEIQGGSPG26"
        },
        {
            "id": 73,
            "bank": "SEI INVESTMENTS-GUERNSEY LIMITED",
            "city": "ST. PETER PORT",
            "branch": null,
            "swift_code": "SEIQGGSPG66"
        },
        {
            "id": 74,
            "bank": "SG KLEINWORT HAMBROS BANK (CI) LIMITED - GUERNSEY BRANCH",
            "city": "ST. PETER PORT",
            "branch": null,
            "swift_code": "HAMBGGSP"
        },
        {
            "id": 75,
            "bank": "SG KLEINWORT HAMBROS BANK (CI) LIMITED - GUERNSEY BRANCH (FORMERLY KLEINWORT BENSON (CI) LTD)",
            "city": "ST. PETER PORT",
            "branch": null,
            "swift_code": "KBENGGST"
        },
        {
            "id": 76,
            "bank": "SPEARPOINT LIMITED",
            "city": "ST. PETER PORT",
            "branch": null,
            "swift_code": "SPEAGGS1"
        },
        {
            "id": 77,
            "bank": "THE CO-OPERATIVE BANK PLC",
            "city": "ST. PETER PORT",
            "branch": null,
            "swift_code": "CPBKGGS1"
        },
        {
            "id": 78,
            "bank": "TILNEY ASSET MANAGEMENT (GUERNSEY) LTD",
            "city": "ST. PETER PORT",
            "branch": null,
            "swift_code": "IAMTGGS1"
        },
        {
            "id": 79,
            "bank": "US CB REINSURANCE 1 IC LIMITED",
            "city": "ST. PETER PORT",
            "branch": null,
            "swift_code": "USCBGGSP"
        },
        {
            "id": 80,
            "bank": "VALCOURT (GUERNSEY) LIMITED.",
            "city": "ST. PETER PORT",
            "branch": null,
            "swift_code": "VAGUGGS1"
        }
    ]
}
