{
    "country": "Ghana",
    "country_code": "GH",
    "list": [
        {
            "id": 1,
            "bank": "ACCESS BANK (GHANA) LIMITED",
            "city": "ACCRA",
            "branch": null,
            "swift_code": "ABNGGHAC"
        },
        {
            "id": 2,
            "bank": "AFRICAN ALLIANCE SECURITIES LTD",
            "city": "ACCRA",
            "branch": null,
            "swift_code": "AFASGHA1"
        },
        {
            "id": 3,
            "bank": "AGRICULTURAL DEVELOPMENT BANK",
            "city": "ACCRA",
            "branch": null,
            "swift_code": "ADNTGHAC"
        },
        {
            "id": 4,
            "bank": "AGRICULTURAL DEVELOPMENT BANK",
            "city": "BOLGATANGA",
            "branch": null,
            "swift_code": "ADNTGHA10A4"
        },
        {
            "id": 5,
            "bank": "AGRICULTURAL DEVELOPMENT BANK",
            "city": "CAPE COAST",
            "branch": null,
            "swift_code": "ADNTGHA10A3"
        },
        {
            "id": 6,
            "bank": "AGRICULTURAL DEVELOPMENT BANK",
            "city": "KUMASI",
            "branch": null,
            "swift_code": "ADNTGHA10A6"
        },
        {
            "id": 7,
            "bank": "AGRICULTURAL DEVELOPMENT BANK",
            "city": "SUNYANI",
            "branch": null,
            "swift_code": "ADNTGHA10A8"
        },
        {
            "id": 8,
            "bank": "AGRICULTURAL DEVELOPMENT BANK",
            "city": "TAKORADI",
            "branch": null,
            "swift_code": "ADNTGHA10A7"
        },
        {
            "id": 9,
            "bank": "AGRICULTURAL DEVELOPMENT BANK",
            "city": "TAMALE",
            "branch": null,
            "swift_code": "ADNTGHA10AT"
        },
        {
            "id": 10,
            "bank": "AGRICULTURAL DEVELOPMENT BANK",
            "city": "TEMA",
            "branch": null,
            "swift_code": "ADNTGHA10A2"
        },
        {
            "id": 11,
            "bank": "AGRICULTURAL DEVELOPMENT BANK",
            "city": "WA",
            "branch": null,
            "swift_code": "ADNTGHA10A5"
        },
        {
            "id": 12,
            "bank": "ARB APEX BANK LIMITED",
            "city": "ACCRA",
            "branch": null,
            "swift_code": "AREXGHAC"
        },
        {
            "id": 13,
            "bank": "BANK FOR HOUSING AND CONSTRUCTION",
            "city": "ACCRA",
            "branch": "(FOREIGN BRANCH)",
            "swift_code": "HCONGHA10A2"
        },
        {
            "id": 14,
            "bank": "BANK FOR HOUSING AND CONSTRUCTION",
            "city": "ACCRA",
            "branch": null,
            "swift_code": "HCONGHA1"
        },
        {
            "id": 15,
            "bank": "BANK OF AFRICA - GHANA LIMITED",
            "city": "ACCRA",
            "branch": null,
            "swift_code": "AMMAGHAC"
        },
        {
            "id": 16,
            "bank": "BANK OF BARODA (GHANA) LIMITED",
            "city": "ACCRA",
            "branch": null,
            "swift_code": "BARBGHAC"
        },
        {
            "id": 17,
            "bank": "BANK OF GHANA",
            "city": "ACCRA",
            "branch": null,
            "swift_code": "BAGHGHA4"
        },
        {
            "id": 18,
            "bank": "BANK OF GHANA",
            "city": "ACCRA",
            "branch": null,
            "swift_code": "BAGHGHA5"
        },
        {
            "id": 19,
            "bank": "BANK OF GHANA",
            "city": "ACCRA",
            "branch": null,
            "swift_code": "BAGHGHAC"
        },
        {
            "id": 20,
            "bank": "BARCLAYS BANK OF GHANA LTD.",
            "city": "ACCRA",
            "branch": "(ALL BRANCHES IN GHANA)",
            "swift_code": "BARCGHAC"
        },
        {
            "id": 21,
            "bank": "BARCLAYS BANK OF GHANA LTD.",
            "city": "ACCRA",
            "branch": "(OFFSHORE BANKING UNIT)",
            "swift_code": "BARCGHACOBU"
        },
        {
            "id": 22,
            "bank": "BRITISH AMERICAN TOBACCO GHANA LTD",
            "city": "TEMA",
            "branch": null,
            "swift_code": "BATSGHA1"
        },
        {
            "id": 23,
            "bank": "BSIC GHANA LTD",
            "city": "ACCRA",
            "branch": null,
            "swift_code": "BSAHGHAC"
        },
        {
            "id": 24,
            "bank": "CAL BANK LIMITED",
            "city": "ACCRA",
            "branch": "(CAL BANK CUSTODY SERVICES)",
            "swift_code": "ACCCGHACCBS"
        },
        {
            "id": 25,
            "bank": "CAL BANK LIMITED",
            "city": "ACCRA",
            "branch": null,
            "swift_code": "ACCCGHAC"
        },
        {
            "id": 26,
            "bank": "CAL BROKERS LIMITED",
            "city": "ACCRA",
            "branch": null,
            "swift_code": "CABRGHA1"
        },
        {
            "id": 27,
            "bank": "CAPITAL BANK LIMITED",
            "city": "ACCRA",
            "branch": null,
            "swift_code": "FCPBGHAC"
        },
        {
            "id": 28,
            "bank": "CDH SECURITIES LTD",
            "city": "ACCRA",
            "branch": null,
            "swift_code": "CDHSGHA1"
        },
        {
            "id": 29,
            "bank": "CHAPEL HILL DENHAM SECURITIES (GH) LIMITED",
            "city": "ACCRA",
            "branch": null,
            "swift_code": "CHNCGHA1"
        },
        {
            "id": 30,
            "bank": "CITIZENS INVESTMENT BANK",
            "city": "ACCRA",
            "branch": null,
            "swift_code": "CIINGHA1"
        },
        {
            "id": 31,
            "bank": "CONTROLLER AND ACCOUNTANT-GENERAL'S DEPARTMENT",
            "city": "ACCRA",
            "branch": null,
            "swift_code": "CODGGHAC"
        },
        {
            "id": 32,
            "bank": "DATABANK BROKERAGE LIMITED",
            "city": "ACCRA",
            "branch": null,
            "swift_code": "DABRGHA1"
        },
        {
            "id": 33,
            "bank": "DYNAST PREMIER BANK LIMITED",
            "city": "ACCRA",
            "branch": null,
            "swift_code": "DNPRGHA1"
        },
        {
            "id": 34,
            "bank": "EBG STOCKBROKERS LTD.",
            "city": "ACCRA",
            "branch": null,
            "swift_code": "STORGHA1"
        },
        {
            "id": 35,
            "bank": "ECOBANK GHANA",
            "city": "ACCRA",
            "branch": null,
            "swift_code": "ECOCGHAC"
        },
        {
            "id": 36,
            "bank": "ECOBANK GHANA",
            "city": "ACCRA",
            "branch": null,
            "swift_code": "ECOCGHACCUS"
        },
        {
            "id": 37,
            "bank": "ECOBANK GHANA",
            "city": "KUMASI",
            "branch": "(KUMASI BRANCH)",
            "swift_code": "ECOCGHACKSI"
        },
        {
            "id": 38,
            "bank": "ECOBANK GHANA",
            "city": "TAKORADI",
            "branch": "(TAKORADI BRANCH)",
            "swift_code": "ECOCGHACTDI"
        },
        {
            "id": 39,
            "bank": "ECOBANK GHANA",
            "city": "TEMA",
            "branch": "(TEMA BRANCH)",
            "swift_code": "ECOCGHACTMA"
        },
        {
            "id": 40,
            "bank": "ENERGY BANK GHANA LIMITED",
            "city": "ACCRA",
            "branch": null,
            "swift_code": "ENRBGHAC"
        },
        {
            "id": 41,
            "bank": "FBNBANK GHANA LIMITED",
            "city": "ACCRA",
            "branch": null,
            "swift_code": "INCEGHAC"
        },
        {
            "id": 42,
            "bank": "FIDELITY BANK LIMITED",
            "city": "ACCRA",
            "branch": null,
            "swift_code": "FBLIGHAC"
        },
        {
            "id": 43,
            "bank": "FIRST ATLANTIC BANK LIMITED",
            "city": "ACCRA",
            "branch": null,
            "swift_code": "FAMCGHAC"
        },
        {
            "id": 44,
            "bank": "FIRST ATLANTIC BROKERS LIMITED",
            "city": "ACCRA",
            "branch": null,
            "swift_code": "FABRGHA1"
        },
        {
            "id": 45,
            "bank": "FIRST NATIONAL BANK GHANA LIMITED",
            "city": "ACCRA",
            "branch": null,
            "swift_code": "FIRNGHAC"
        },
        {
            "id": 46,
            "bank": "GCB BANK LIMITED",
            "city": "ACCRA",
            "branch": null,
            "swift_code": "GHCBGHAC"
        },
        {
            "id": 47,
            "bank": "GCB BANK LIMITED",
            "city": "KUMASI",
            "branch": null,
            "swift_code": "GHCBGHACKSI"
        },
        {
            "id": 48,
            "bank": "GCB BANK LIMITED",
            "city": "TAKORADI",
            "branch": null,
            "swift_code": "GHCBGHACTDI"
        },
        {
            "id": 49,
            "bank": "GCB BANK LIMITED",
            "city": "TEMA",
            "branch": null,
            "swift_code": "GHCBGHACTMA"
        },
        {
            "id": 50,
            "bank": "GHANA REVENUE AUTHORITY",
            "city": "ACCRA",
            "branch": null,
            "swift_code": "GHRAGHAC"
        },
        {
            "id": 51,
            "bank": "GHANA STOCK EXCHANGE",
            "city": "ACCRA",
            "branch": null,
            "swift_code": "XGHAGHA1"
        },
        {
            "id": 52,
            "bank": "GHL BANK LTD",
            "city": "ACCRA",
            "branch": null,
            "swift_code": "GHLLGHAC"
        },
        {
            "id": 53,
            "bank": "GN BANK LIMITED",
            "city": "ACCRA",
            "branch": null,
            "swift_code": "GNBGGHAC"
        },
        {
            "id": 54,
            "bank": "GOLD COAST SECURITIES",
            "city": "ACCRA",
            "branch": null,
            "swift_code": "GOCEGHA1"
        },
        {
            "id": 55,
            "bank": "GUARANTY TRUST BANK (GHANA) LTD",
            "city": "ACCRA",
            "branch": null,
            "swift_code": "GTBIGHAC"
        },
        {
            "id": 56,
            "bank": "HERITAGE BANK LIMITED",
            "city": "ACCRA",
            "branch": null,
            "swift_code": "HRTGGHAC"
        },
        {
            "id": 57,
            "bank": "HFC BANK (GHANA) LTD",
            "city": "ACCRA",
            "branch": "(CUSTODY SERVICES)",
            "swift_code": "HFCAGHACCSD"
        },
        {
            "id": 58,
            "bank": "HFC BANK (GHANA) LTD",
            "city": "ACCRA",
            "branch": null,
            "swift_code": "HFCAGHAC"
        },
        {
            "id": 59,
            "bank": "IC SECURITIES (GH) LIMITED",
            "city": "ACCRA",
            "branch": null,
            "swift_code": "ICGHGHA1"
        },
        {
            "id": 60,
            "bank": "MAGNATE FINANCIAL SERVICES GHANA LIMITED",
            "city": "ACCRA",
            "branch": null,
            "swift_code": "MFSHGHA1"
        },
        {
            "id": 61,
            "bank": "MERBAN STOCKBROKERS LIMITED",
            "city": "ACCRA",
            "branch": null,
            "swift_code": "MSTCGHA1"
        },
        {
            "id": 62,
            "bank": "NATIONAL INVESTMENT BANK",
            "city": "ACCRA",
            "branch": null,
            "swift_code": "NIBGGHAC"
        },
        {
            "id": 63,
            "bank": "NEW WORLD RENAISSANCE SECURITIES LTD",
            "city": "ACCRA",
            "branch": null,
            "swift_code": "NWIVGHA1"
        },
        {
            "id": 64,
            "bank": "NTHC LIMITED",
            "city": "ACCRA",
            "branch": null,
            "swift_code": "NTHCGHA1"
        },
        {
            "id": 65,
            "bank": "OMNIBANK GHANA LIMITED",
            "city": "ACCRA",
            "branch": null,
            "swift_code": "OMBLGHAC"
        },
        {
            "id": 66,
            "bank": "PREMIUM BANK GHANA LIMITED",
            "city": "ACCRA",
            "branch": null,
            "swift_code": "PMEBGHAC"
        },
        {
            "id": 67,
            "bank": "PRUDENTIAL BANK LIMITED",
            "city": "ACCRA",
            "branch": null,
            "swift_code": "PUBKGHAC"
        },
        {
            "id": 68,
            "bank": "SABMILLER GHANA",
            "city": "ACCRA",
            "branch": null,
            "swift_code": "SABMGHA1"
        },
        {
            "id": 69,
            "bank": "SABMILLER GHANA",
            "city": "ACCRA",
            "branch": null,
            "swift_code": "SABMGHA1ABL"
        },
        {
            "id": 70,
            "bank": "SABMILLER GHANA",
            "city": "ACCRA",
            "branch": null,
            "swift_code": "SABMGHA1VGL"
        },
        {
            "id": 71,
            "bank": "SDC BROKERAGE SERVICES LIMITED",
            "city": "ACCRA",
            "branch": null,
            "swift_code": "SDBRGHA1"
        },
        {
            "id": 72,
            "bank": "SIC BROKERAGE LIMITED",
            "city": "ACCRA",
            "branch": null,
            "swift_code": "SICGGHA1"
        },
        {
            "id": 73,
            "bank": "SOCIAL SECURITY AND NATIONAL INSURANCE TRUST",
            "city": "ACCRA",
            "branch": null,
            "swift_code": "SSNTGHAC"
        },
        {
            "id": 74,
            "bank": "SOCIETE GENERALE GHANA LIMITED",
            "city": "ACCRA",
            "branch": null,
            "swift_code": "SSEBGHAC"
        },
        {
            "id": 75,
            "bank": "SOCIETE GENERALE GHANA LIMITED",
            "city": "KUMASI",
            "branch": null,
            "swift_code": "SSEBGHACKSI"
        },
        {
            "id": 76,
            "bank": "SOCIETE GENERALE GHANA LIMITED",
            "city": "TAMALE",
            "branch": null,
            "swift_code": "SSEBGHACTAM"
        },
        {
            "id": 77,
            "bank": "SOVEREIGN BANK LIMITED",
            "city": "ACCRA",
            "branch": null,
            "swift_code": "SVBGGHAC"
        },
        {
            "id": 78,
            "bank": "STANBIC BANK GHANA LIMITED",
            "city": "ACCRA",
            "branch": null,
            "swift_code": "SBICGHAC"
        },
        {
            "id": 79,
            "bank": "STANDARD CHARTERED BANK GHANA LIMITED",
            "city": "ACCRA",
            "branch": "(HEAD OFFICE)",
            "swift_code": "SCBLGHAC"
        },
        {
            "id": 80,
            "bank": "STANDARD CHARTERED BANK GHANA LIMITED",
            "city": "ACCRA",
            "branch": "(SECURITIES SERVICES UNIT)",
            "swift_code": "SCBLGHACSSU"
        },
        {
            "id": 81,
            "bank": "STANDARD CHARTERED BANK GHANA LIMITED",
            "city": "KUMASI",
            "branch": null,
            "swift_code": "SCBLGHACKSI"
        },
        {
            "id": 82,
            "bank": "STANDARD CHARTERED BANK GHANA LIMITED",
            "city": "TAKORADI",
            "branch": null,
            "swift_code": "SCBLGHACTDI"
        },
        {
            "id": 83,
            "bank": "STANDARD CHARTERED BANK GHANA LIMITED",
            "city": "TEMA",
            "branch": null,
            "swift_code": "SCBLGHACTMA"
        },
        {
            "id": 84,
            "bank": "STERLING SECURITIES LIMITED",
            "city": "ACCRA",
            "branch": null,
            "swift_code": "STSIGHA1"
        },
        {
            "id": 85,
            "bank": "STRATEGIC AFRICAN SECURITIES LIMITED",
            "city": "ACCRA",
            "branch": null,
            "swift_code": "SARSGHA1"
        },
        {
            "id": 86,
            "bank": "TAKORADI INTERNATIONAL COMPANY",
            "city": "TAKORADI",
            "branch": null,
            "swift_code": "TAKOGHA1"
        },
        {
            "id": 87,
            "bank": "THE BEIGE BANK LIMITED",
            "city": "ACCRA",
            "branch": null,
            "swift_code": "TBGBGHAC"
        },
        {
            "id": 88,
            "bank": "THE ROYAL BANK",
            "city": "ACCRA",
            "branch": null,
            "swift_code": "TRBGGHAC"
        },
        {
            "id": 89,
            "bank": "UNIBANK GHANA LIMITED",
            "city": "ACCRA",
            "branch": null,
            "swift_code": "UBGHGHAC"
        },
        {
            "id": 90,
            "bank": "UNITED BANK FOR AFRICA (GHANA) LTD",
            "city": "ACCRA",
            "branch": null,
            "swift_code": "STBGGHAC"
        },
        {
            "id": 91,
            "bank": "UNIVERSAL MERCHANT BANK LIMITED",
            "city": "ACCRA",
            "branch": null,
            "swift_code": "MBGHGHAC"
        },
        {
            "id": 92,
            "bank": "UNIVERSAL MERCHANT BANK LIMITED",
            "city": "KUMASI",
            "branch": null,
            "swift_code": "MBGHGHACKSI"
        },
        {
            "id": 93,
            "bank": "UNIVERSAL MERCHANT BANK LIMITED",
            "city": "TAKORADI",
            "branch": null,
            "swift_code": "MBGHGHACTDI"
        },
        {
            "id": 94,
            "bank": "UNIVERSAL MERCHANT BANK LIMITED",
            "city": "TEMA",
            "branch": null,
            "swift_code": "MBGHGHACTMA"
        },
        {
            "id": 95,
            "bank": "UT BANK LTD",
            "city": "ACCRA",
            "branch": null,
            "swift_code": "UTBKGHAC"
        },
        {
            "id": 96,
            "bank": "VOLTA RIVER AUTHORITY",
            "city": "ACCRA",
            "branch": null,
            "swift_code": "VRATGHAC"
        },
        {
            "id": 97,
            "bank": "ZENITH BANK (GHANA) LIMITED",
            "city": "ACCRA",
            "branch": null,
            "swift_code": "ZEBLGHAC"
        }
    ]
}
