{
    "country": "Gibraltar",
    "country_code": "GI",
    "list": [
        {
            "id": 1,
            "bank": "3GT ACTIVE TRADING FUNDS PCC LTD",
            "city": "GIBRALTAR",
            "branch": null,
            "swift_code": "ATFCGI21"
        },
        {
            "id": 2,
            "bank": "BALTICA BANK (GIBRALTAR) LTD",
            "city": "GIBRALTAR",
            "branch": null,
            "swift_code": "BBALGIG1"
        },
        {
            "id": 3,
            "bank": "BANK J. SAFRA SARASIN (GIBRALTAR) LTD",
            "city": "GIBRALTAR",
            "branch": null,
            "swift_code": "BJSBGIGX"
        },
        {
            "id": 4,
            "bank": "BANK JSS (GIBRALTAR) LTD",
            "city": "GIBRALTAR",
            "branch": null,
            "swift_code": "CRESGIGI"
        },
        {
            "id": 5,
            "bank": "BARCLAYS BANK PLC",
            "city": "GIBRALTAR",
            "branch": null,
            "swift_code": "BARCGIG10GI"
        },
        {
            "id": 6,
            "bank": "BARCLAYS BANK PLC",
            "city": "GIBRALTAR",
            "branch": null,
            "swift_code": "BARCGIG1PCI"
        },
        {
            "id": 7,
            "bank": "BARCLAYS BANK PLC",
            "city": "GIBRALTAR",
            "branch": null,
            "swift_code": "BARCGIGI"
        },
        {
            "id": 8,
            "bank": "BARCLAYTRUST INTERNATIONAL NOMINEES (GIBRALTAR) LIMITED",
            "city": "GIBRALTAR",
            "branch": null,
            "swift_code": "BIGIGIG1"
        },
        {
            "id": 9,
            "bank": "CLOSE BROTHERS MARRACHE BANK LIMITED",
            "city": "GIBRALTAR",
            "branch": null,
            "swift_code": "CLOSGIG1"
        },
        {
            "id": 10,
            "bank": "FACTUM CAPITAL LTD",
            "city": "GIBRALTAR",
            "branch": null,
            "swift_code": "FACCGIG1"
        },
        {
            "id": 11,
            "bank": "GIBRALTAR AND IBERIAN BANK LTD",
            "city": "GIBRALTAR",
            "branch": null,
            "swift_code": "GIBIGIG1"
        },
        {
            "id": 12,
            "bank": "GIBRALTAR ASSET MANAGEMENT LIMITED",
            "city": "GIBRALTAR",
            "branch": null,
            "swift_code": "GIAMGIG1"
        },
        {
            "id": 13,
            "bank": "GIBRALTAR INTERNATIONAL BANK LIMITED",
            "city": "GIBRALTAR",
            "branch": null,
            "swift_code": "GIBKGIGI"
        },
        {
            "id": 14,
            "bank": "GSB LIMITED",
            "city": "GIBRALTAR",
            "branch": null,
            "swift_code": "IETGGIG1"
        },
        {
            "id": 15,
            "bank": "GUEVORA FUND LIMITED",
            "city": "GIBRALTAR",
            "branch": null,
            "swift_code": "GUFUGIG1"
        },
        {
            "id": 16,
            "bank": "GUEVOURA FUND LIMITED",
            "city": "MARINA BAY",
            "branch": null,
            "swift_code": "GUFNGIG1"
        },
        {
            "id": 17,
            "bank": "INDIGO FUTURES LTD.",
            "city": "GIBRALTAR",
            "branch": null,
            "swift_code": "IDFUGIG1"
        },
        {
            "id": 18,
            "bank": "JYSKE BANK (GIBRALTAR) LTD.",
            "city": "GIBRALTAR",
            "branch": null,
            "swift_code": "JYBAGIGI"
        },
        {
            "id": 19,
            "bank": "LLOYDS BANK (GIBRALTAR) LIMITED",
            "city": "GIBRALTAR",
            "branch": null,
            "swift_code": "LOYDGIB1"
        },
        {
            "id": 20,
            "bank": "LLOYDS BANK (GIBRALTAR) LIMITED",
            "city": "GIBRALTAR",
            "branch": null,
            "swift_code": "LOYDGIGI"
        },
        {
            "id": 21,
            "bank": "LLOYDS TSB BANK PLC",
            "city": "GIBRALTAR",
            "branch": null,
            "swift_code": "LOYDGIG1"
        },
        {
            "id": 22,
            "bank": "LOMBARD ODIER AND CIE (GIBRALTAR) LTD",
            "city": "GIBRALTAR",
            "branch": "(NDP DEPT)",
            "swift_code": "LOCYGIGINDP"
        },
        {
            "id": 23,
            "bank": "LOMBARD ODIER AND CIE (GIBRALTAR) LTD",
            "city": "GIBRALTAR",
            "branch": null,
            "swift_code": "LOCYGIGI"
        },
        {
            "id": 24,
            "bank": "MASSEY FUND LIMITED",
            "city": "GIBRALTAR",
            "branch": null,
            "swift_code": "MSFUGIG1"
        },
        {
            "id": 25,
            "bank": "MONEYCORP BANK",
            "city": "GIBRALTAR",
            "branch": null,
            "swift_code": "MOYPGIGI"
        },
        {
            "id": 26,
            "bank": "NATWEST OFFSHORE-GIBRALTAR",
            "city": "GIBRALTAR",
            "branch": null,
            "swift_code": "RBOSGI21"
        },
        {
            "id": 27,
            "bank": "NATWEST-GIBRALTAR",
            "city": "GIBRALTAR",
            "branch": null,
            "swift_code": "RBOSGIGI"
        },
        {
            "id": 28,
            "bank": "PAYONEER (EU) LIMITED",
            "city": "GIBRALTAR",
            "branch": null,
            "swift_code": "PAYNGIG1"
        },
        {
            "id": 29,
            "bank": "SG KLEINWORT HAMBROS BANK (GIBRALTAR) LIMITED",
            "city": "GIBRALTAR",
            "branch": null,
            "swift_code": "HAMBGIGI"
        },
        {
            "id": 30,
            "bank": "SPRINGFIELD BANK AND TRUST LTD",
            "city": "GIBRALTAR",
            "branch": null,
            "swift_code": "SPRNGIG1"
        },
        {
            "id": 31,
            "bank": "TURICUM PRIVATE BANK LIMITED",
            "city": "GIBRALTAR",
            "branch": null,
            "swift_code": "TURCGIGI"
        }
    ]
}
