{
    "country": "Gambia",
    "country_code": "GM",
    "list": [
        {
            "id": 1,
            "bank": "ACCESS BANK GAMBIA",
            "city": "FAJARA",
            "branch": null,
            "swift_code": "ACGAGMGF"
        },
        {
            "id": 2,
            "bank": "AGIB BANK LTD",
            "city": "BANJUL",
            "branch": null,
            "swift_code": "AGIXGMGM"
        },
        {
            "id": 3,
            "bank": "AXIOS CREDIT BANK LTD",
            "city": "BANJUL",
            "branch": null,
            "swift_code": "AXCDGMG1"
        },
        {
            "id": 4,
            "bank": "BANK OF WEST INDIES INTERNATIONAL LTD",
            "city": "BANJUL",
            "branch": null,
            "swift_code": "WEIIGMG1"
        },
        {
            "id": 5,
            "bank": "BANK PHB (GAMBIA) LIMITED",
            "city": "BANJUL",
            "branch": null,
            "swift_code": "ITBCGMGM"
        },
        {
            "id": 6,
            "bank": "BSIC GAMBIA LIMITED",
            "city": "KANIFING",
            "branch": null,
            "swift_code": "BSAHGMGM"
        },
        {
            "id": 7,
            "bank": "C.J BANK LIMITED",
            "city": "BANJUL",
            "branch": null,
            "swift_code": "CJBLGMG1"
        },
        {
            "id": 8,
            "bank": "C.J INSURANCE LTD",
            "city": "BANJUL",
            "branch": null,
            "swift_code": "ISSCGMG1"
        },
        {
            "id": 9,
            "bank": "C.J.V.C BANK LIMITED",
            "city": "BANJUL",
            "branch": null,
            "swift_code": "CJVCGMG1"
        },
        {
            "id": 10,
            "bank": "CENTRAL BANK OF THE GAMBIA",
            "city": "BANJUL",
            "branch": null,
            "swift_code": "CBGAGMGM"
        },
        {
            "id": 11,
            "bank": "CITY COMMERCE BANK",
            "city": "BANJUL",
            "branch": null,
            "swift_code": "CTCRGMG1"
        },
        {
            "id": 12,
            "bank": "ECOBANK GAMBIA",
            "city": "SERREKUNDA",
            "branch": null,
            "swift_code": "ECOCGMGM"
        },
        {
            "id": 13,
            "bank": "FBN BANK GAMBIA LIMITED",
            "city": "SERREKUNDA",
            "branch": null,
            "swift_code": "ICBGGMGS"
        },
        {
            "id": 14,
            "bank": "FIDELITY TRUST BANK INTERNATIONAL",
            "city": "BANJUL",
            "branch": null,
            "swift_code": "FDTIGMG1"
        },
        {
            "id": 15,
            "bank": "FIRST INTERNATIONAL BANK LIMITED",
            "city": "BANJUL",
            "branch": null,
            "swift_code": "FIBLGMGM"
        },
        {
            "id": 16,
            "bank": "GLOBAL TRUST INVESTMENT BANK LTD",
            "city": "BANJUL",
            "branch": null,
            "swift_code": "GLTIGMG1"
        },
        {
            "id": 17,
            "bank": "GUARANTY TRUST BANK (GAMBIA) LIMITED",
            "city": "BANJUL",
            "branch": null,
            "swift_code": "GTBGGMGM"
        },
        {
            "id": 18,
            "bank": "SKYE BANK LIMITED, GAMBIA",
            "city": "BANJUL",
            "branch": null,
            "swift_code": "SKYEGMGM"
        },
        {
            "id": 19,
            "bank": "STANDARD CHARTERED BANK GAMBIA LIMITED",
            "city": "BANJUL",
            "branch": null,
            "swift_code": "SCBLGMGM"
        },
        {
            "id": 20,
            "bank": "SUMMIT BANK",
            "city": "BANJUL",
            "branch": null,
            "swift_code": "SMMIGMG1"
        },
        {
            "id": 21,
            "bank": "TRADE AND TRUST BANK LTD",
            "city": "BANJUL",
            "branch": null,
            "swift_code": "TATUGMG1"
        },
        {
            "id": 22,
            "bank": "TRUST BANK LTD",
            "city": "BANJUL",
            "branch": null,
            "swift_code": "TBLTGMGM"
        },
        {
            "id": 23,
            "bank": "U.S. AFRICA BANK (GAMBIA) LTD.",
            "city": "BANJUL",
            "branch": null,
            "swift_code": "USABGMG1"
        },
        {
            "id": 24,
            "bank": "ZENITH BANK GAMBIA",
            "city": "BANJUL",
            "branch": null,
            "swift_code": "ZEIBGMGM"
        }
    ]
}
