{
    "country": "Guinea",
    "country_code": "GN",
    "list": [
        {
            "id": 1,
            "bank": "AFRICAN DEVELOPMENT BANK",
            "city": "CONAKRY",
            "branch": null,
            "swift_code": "ADBGGNG1"
        },
        {
            "id": 2,
            "bank": "AFRILAND FIRST BANK GUINEE S A",
            "city": "CONAKRY",
            "branch": null,
            "swift_code": "CCEIGNGN"
        },
        {
            "id": 3,
            "bank": "BANQUE CENTRALE DE LA REPUBLIQUE DE GUINEE",
            "city": "CONAKRY",
            "branch": null,
            "swift_code": "REPCGNGA"
        },
        {
            "id": 4,
            "bank": "BANQUE CENTRALE DE LA REPUBLIQUE DE GUINEE",
            "city": "CONAKRY",
            "branch": null,
            "swift_code": "REPCGNGN"
        },
        {
            "id": 5,
            "bank": "BANQUE DE DEVELOPPEMENT DE GUINEE",
            "city": "CONAKRY",
            "branch": null,
            "swift_code": "BDGEGNGN"
        },
        {
            "id": 6,
            "bank": "BANQUE INTERNATIONALE POUR LE COMMERCE ET L'INDUSTRIE DE LA GUINEE",
            "city": "CONAKRY",
            "branch": null,
            "swift_code": "BICIGNCX"
        },
        {
            "id": 7,
            "bank": "BANQUE ISLAMIQUE DE GUINEE",
            "city": "CONAKRY",
            "branch": null,
            "swift_code": "ISGUGNGN"
        },
        {
            "id": 8,
            "bank": "BANQUE NATIONALE DE GUINEE",
            "city": "CONAKRY",
            "branch": null,
            "swift_code": "BQNGGNGN"
        },
        {
            "id": 9,
            "bank": "BANQUE POPULAIRE MAROCO-GUINEENNE SA",
            "city": "CONAKRY",
            "branch": null,
            "swift_code": "POMBGNGN"
        },
        {
            "id": 10,
            "bank": "BANQUE POUR LE COMMERCE ET L'INDUSTRIE DE GUINEE",
            "city": "CONAKRY",
            "branch": null,
            "swift_code": "COLIGNGN"
        },
        {
            "id": 11,
            "bank": "BSIC GUINEE CONAKRY",
            "city": "CONAKRY",
            "branch": null,
            "swift_code": "BSGNGNGN"
        },
        {
            "id": 12,
            "bank": "ECOBANK GUINEE",
            "city": "CONAKRY",
            "branch": null,
            "swift_code": "ECOCGNCN"
        },
        {
            "id": 13,
            "bank": "FBNBANK GUINEA SA",
            "city": "CONAKRY",
            "branch": null,
            "swift_code": "ICMOGNCN"
        },
        {
            "id": 14,
            "bank": "FIRST INTERNATIONAL BANK SA",
            "city": "CONAKRY",
            "branch": null,
            "swift_code": "FIBLGNGN"
        },
        {
            "id": 15,
            "bank": "NSIA BANQUE GUINEE",
            "city": "CONAKRY",
            "branch": null,
            "swift_code": "BIAOGNGN"
        },
        {
            "id": 16,
            "bank": "ORABANK GUINEE",
            "city": "CONAKRY",
            "branch": null,
            "swift_code": "ORBKGNGN"
        },
        {
            "id": 17,
            "bank": "SKYE BANK GUINEA LIMITED S.A.",
            "city": "CONAKRY",
            "branch": null,
            "swift_code": "SKYEGNGN"
        },
        {
            "id": 18,
            "bank": "SOCIETE GENERALE DE BANQUES EN GUINEE",
            "city": "CONAKRY",
            "branch": null,
            "swift_code": "SGGNGNGN"
        },
        {
            "id": 19,
            "bank": "UNITED BANK FOR AFRICA GUINEA",
            "city": "CONAKRY",
            "branch": null,
            "swift_code": "UBAGGNCN"
        }
    ]
}
