{
    "country": "Guadeloupe",
    "country_code": "GP",
    "list": [
        {
            "id": 1,
            "bank": "BANQUE NATIONALE DE PARIS SUCCURSALE DE POINTE A PITRE",
            "city": "BASSE TERRE",
            "branch": null,
            "swift_code": "BNPAGPGXBAS"
        },
        {
            "id": 2,
            "bank": "BANQUE NATIONALE DE PARIS SUCCURSALE DE POINTE A PITRE",
            "city": "POINTE-A-PITRE",
            "branch": null,
            "swift_code": "BNPAGPGX"
        },
        {
            "id": 3,
            "bank": "CAISSE D'EPARGNE CEPAC (FORMERLY BANQUE DES ANTILLES FRANCAISES)",
            "city": "BAIE MAHAULT",
            "branch": null,
            "swift_code": "BDAFGPGX"
        },
        {
            "id": 4,
            "bank": "CAISSE D'EPARGNE CEPAC (FORMERLY BANQUE DES ANTILLES FRANCAISES)",
            "city": "POINTE-A-PITRE",
            "branch": "(COMEX GUADELOUPE)",
            "swift_code": "BDAFGPGX971"
        },
        {
            "id": 5,
            "bank": "CAISSE EPARGNE PREVOYANCE GUADELOUPE",
            "city": "ABYMES",
            "branch": null,
            "swift_code": "CEPGGPG1"
        },
        {
            "id": 6,
            "bank": "CAISSE REGIONALE DE CREDIT AGRICOLE MUTUEL DE GUADELOUPE",
            "city": "ABYMES",
            "branch": null,
            "swift_code": "CGCTGPG1"
        },
        {
            "id": 7,
            "bank": "CAISSE REGIONALE DE CREDIT MARITIME MUTUEL D'OUTRE MER",
            "city": "POINTE-A-PITRE",
            "branch": null,
            "swift_code": "CMDMGPG1"
        },
        {
            "id": 8,
            "bank": "CREDIT AGRICOLE",
            "city": "BASSE TERRE",
            "branch": null,
            "swift_code": "AGRIGPGXBTR"
        },
        {
            "id": 9,
            "bank": "CREDIT AGRICOLE",
            "city": "POINTE-A-PITRE",
            "branch": null,
            "swift_code": "AGRIGPGX"
        },
        {
            "id": 10,
            "bank": "CREDIT MODERNE ANTILLES",
            "city": "BAIE MAHAULT",
            "branch": null,
            "swift_code": "CRMSGPG1"
        },
        {
            "id": 11,
            "bank": "SOCIETE ANONYME DE GESTION ET DE FINANCEMENT - SAGEFI",
            "city": "ABYMES",
            "branch": null,
            "swift_code": "SGFAGPG1"
        },
        {
            "id": 12,
            "bank": "SOCIETE GENERALE DE BANQUE AUX ANTILLES",
            "city": "POINTE-A-PITRE",
            "branch": "(GUADELOUPE BRANCH)",
            "swift_code": "SOGEGPGPGUA"
        },
        {
            "id": 13,
            "bank": "SOCIETE GENERALE DE BANQUE AUX ANTILLES",
            "city": "POINTE-A-PITRE",
            "branch": null,
            "swift_code": "SOGEGPGP"
        },
        {
            "id": 14,
            "bank": "SOCIETE GENERALE DE BANQUE AUX ANTILLES",
            "city": "POINTE-A-PITRE",
            "branch": null,
            "swift_code": "SOGEGPGPMAR"
        },
        {
            "id": 15,
            "bank": "SOCIETE GUADELOUPEENNE DE FINANCEMENT - SOGUAFI",
            "city": "BAIE MAHAULT",
            "branch": null,
            "swift_code": "SGFOGPG1"
        }
    ]
}
