{
    "country": "Equatorial Guinea",
    "country_code": "GQ",
    "list": [
        {
            "id": 1,
            "bank": "BANCO NACIONAL DE GUINEA ECUATORIAL (BANGE)",
            "city": "MALABO",
            "branch": null,
            "swift_code": "NAGCGQGQ"
        },
        {
            "id": 2,
            "bank": "BANQUE DES ETATS DE L'AFRIQUE CENTRALE D.N. GUINEE EQUATORIALE",
            "city": "BATA",
            "branch": "(AGENCE DE BATA)",
            "swift_code": "BEACGQGQ610"
        },
        {
            "id": 3,
            "bank": "BANQUE DES ETATS DE L'AFRIQUE CENTRALE D.N. GUINEE EQUATORIALE",
            "city": "MALABO",
            "branch": null,
            "swift_code": "BEACGQGQ"
        },
        {
            "id": 4,
            "bank": "BGFIBANK GUINEE EQUATORIALE",
            "city": "MALABO",
            "branch": null,
            "swift_code": "BGFIGQGQ"
        },
        {
            "id": 5,
            "bank": "CCEI BANK GE",
            "city": "BATA",
            "branch": "(BATA)",
            "swift_code": "CCEIGQGQBAT"
        },
        {
            "id": 6,
            "bank": "CCEI BANK GE",
            "city": "BATA",
            "branch": "(EBIEBYIN)",
            "swift_code": "CCEIGQGQEBI"
        },
        {
            "id": 7,
            "bank": "CCEI BANK GE",
            "city": "BATA",
            "branch": "(MONGOMO)",
            "swift_code": "CCEIGQGQMON"
        },
        {
            "id": 8,
            "bank": "CCEI BANK GE",
            "city": "MALABO",
            "branch": null,
            "swift_code": "CCEIGQGQ"
        },
        {
            "id": 9,
            "bank": "COMMERCIAL BANK GUINEA ECUATORIAL",
            "city": "MALABO",
            "branch": null,
            "swift_code": "CBGMGQG1"
        },
        {
            "id": 10,
            "bank": "ECOBANK GUINEE EQUATORIALE",
            "city": "MALABO",
            "branch": null,
            "swift_code": "ECOCGQGQ"
        },
        {
            "id": 11,
            "bank": "SOCIETE GENERALE DE BANQUE EN GUINEE EQUATORIALE",
            "city": "MALABO",
            "branch": null,
            "swift_code": "SGGEGQGQ"
        }
    ]
}
