{
    "country": "Greece",
    "country_code": "GR",
    "list": [
        {
            "id": 1,
            "bank": "A. SARRIS SECURITIES S.A.",
            "city": "ATHENS",
            "branch": null,
            "swift_code": "SAUEGRA1"
        },
        {
            "id": 2,
            "bank": "ABAX SECURITIES S.A.",
            "city": "ATHENS",
            "branch": null,
            "swift_code": "ABXEGRA1"
        },
        {
            "id": 3,
            "bank": "ACCESS PAYMENT SERVICES S.A.",
            "city": "ATHENS",
            "branch": null,
            "swift_code": "ACPEGRA1"
        },
        {
            "id": 4,
            "bank": "AEGEAN BALTIC BANK S.A.",
            "city": "MAROUSI",
            "branch": null,
            "swift_code": "AEBAGRAA"
        },
        {
            "id": 5,
            "bank": "AEOLIAN INVESTMENT FUND S.A.",
            "city": "ATHENS",
            "branch": null,
            "swift_code": "AEIFGRA1"
        },
        {
            "id": 6,
            "bank": "AGRICULTURAL BANK OF GREECE SECURITIES S.A.",
            "city": "ATHENS",
            "branch": null,
            "swift_code": "AGGEGRA1"
        },
        {
            "id": 7,
            "bank": "ALICO EUROBANK",
            "city": "ATHENS",
            "branch": null,
            "swift_code": "ALEEGRA1"
        },
        {
            "id": 8,
            "bank": "ALKE STOCKBROKERS S.A.",
            "city": "ATHENS",
            "branch": null,
            "swift_code": "ALKEGRA1"
        },
        {
            "id": 9,
            "bank": "ALPHA BANK AE",
            "city": "ATHENS",
            "branch": null,
            "swift_code": "CRBAGRAA"
        },
        {
            "id": 10,
            "bank": "ALPHA FINANCE BROKERAGE INVESTMENT SERVICES S.A.",
            "city": "ATHENS",
            "branch": null,
            "swift_code": "ALPRGRA1"
        },
        {
            "id": 11,
            "bank": "ALPHA PRIVATE INVESTMENT SERVICES",
            "city": "ATHENS",
            "branch": null,
            "swift_code": "APISGRA1"
        },
        {
            "id": 12,
            "bank": "ALPHA TRUST INVESTMENT SERVICES S.A",
            "city": "KIFISIA",
            "branch": null,
            "swift_code": "ATIEGR21"
        },
        {
            "id": 13,
            "bank": "ARGOCHANGE S.A.",
            "city": "ATHENS",
            "branch": null,
            "swift_code": "ARGHGRA1"
        },
        {
            "id": 14,
            "bank": "ARTION SECURITIES S.A.",
            "city": "ATHENS",
            "branch": null,
            "swift_code": "ARSIGRA1"
        },
        {
            "id": 15,
            "bank": "ATHENS DERIVATIVES EXCHANGE S.A. (ADEX), THE",
            "city": "ATHENS",
            "branch": null,
            "swift_code": "XADEGRA1"
        },
        {
            "id": 16,
            "bank": "ATHENS STOCK EXCHANGE",
            "city": "ATHENS",
            "branch": null,
            "swift_code": "XATHGRA1"
        },
        {
            "id": 17,
            "bank": "ATHENS URBAN TRANSPORT ORGANISATION S.A. (O.A.S.A.)",
            "city": "ATHENS",
            "branch": null,
            "swift_code": "AUTIGRA1"
        },
        {
            "id": 18,
            "bank": "ATHEXCLEAR",
            "city": "ATHENS",
            "branch": null,
            "swift_code": "ATHCGRA1"
        },
        {
            "id": 19,
            "bank": "ATHINAIKI SECURITIES S.A.",
            "city": "ATHENS",
            "branch": null,
            "swift_code": "ATSUGRA1"
        },
        {
            "id": 20,
            "bank": "ATLAS SECURITIES SA",
            "city": "ATHENS",
            "branch": null,
            "swift_code": "ATSRGRA1"
        },
        {
            "id": 21,
            "bank": "ATTICA BANK SA",
            "city": "ATHENS",
            "branch": null,
            "swift_code": "ATTIGRAA"
        },
        {
            "id": 22,
            "bank": "AXON SECURITIES S.A.",
            "city": "ATHENS",
            "branch": null,
            "swift_code": "AXSEGRA1"
        },
        {
            "id": 23,
            "bank": "B AND N BANK GREEK BRANCH",
            "city": "ATHENS",
            "branch": null,
            "swift_code": "KEDRGRAA"
        },
        {
            "id": 24,
            "bank": "BANK OF AMERICA, N.A. ATHENS",
            "city": "ATHENS",
            "branch": null,
            "swift_code": "BOFAGR2X"
        },
        {
            "id": 25,
            "bank": "BANK OF GREECE",
            "city": "ATHENS",
            "branch": "(ACCOUNTING CONTROL SECTION)",
            "swift_code": "BNGRGRAA030"
        },
        {
            "id": 26,
            "bank": "BANK OF GREECE",
            "city": "ATHENS",
            "branch": "(ATHENS CLEARING OFFICE)",
            "swift_code": "BNGRGRAAACO"
        },
        {
            "id": 27,
            "bank": "BANK OF GREECE",
            "city": "ATHENS",
            "branch": "(BOOK ENTRY SECURITIES MANAGEMENT SECTION)",
            "swift_code": "BNGRGRAASSS"
        },
        {
            "id": 28,
            "bank": "BANK OF GREECE",
            "city": "ATHENS",
            "branch": "(BOOK ENTRY SECURITIES MANAGEMT SECTION-CORR.CENTRAL BK MODEL SYST)",
            "swift_code": "BNGRGRAACCB"
        },
        {
            "id": 29,
            "bank": "BANK OF GREECE",
            "city": "ATHENS",
            "branch": "(CASH PROCESSING SECTION)",
            "swift_code": "BNGRGRAA053"
        },
        {
            "id": 30,
            "bank": "BANK OF GREECE",
            "city": "ATHENS",
            "branch": "(CBF)",
            "swift_code": "BNGRGRA1CBF"
        },
        {
            "id": 31,
            "bank": "BANK OF GREECE",
            "city": "ATHENS",
            "branch": "(CUSTOMERS PORTFOLIO)",
            "swift_code": "BNGRGRA1CUS"
        },
        {
            "id": 32,
            "bank": "BANK OF GREECE",
            "city": "ATHENS",
            "branch": "(DATA CONTROL SECTION)",
            "swift_code": "BNGRGRAA059"
        },
        {
            "id": 33,
            "bank": "BANK OF GREECE",
            "city": "ATHENS",
            "branch": "(DEPOSIT ACCOUNTS SECTION)",
            "swift_code": "BNGRGRAA042"
        },
        {
            "id": 34,
            "bank": "BANK OF GREECE",
            "city": "ATHENS",
            "branch": "(DIAS-CH)",
            "swift_code": "BNGRGRAADIA"
        },
        {
            "id": 35,
            "bank": "BANK OF GREECE",
            "city": "ATHENS",
            "branch": "(DOCUMENTARY CREDITS SECTION)",
            "swift_code": "BNGRGRAA017"
        },
        {
            "id": 36,
            "bank": "BANK OF GREECE",
            "city": "ATHENS",
            "branch": "(ECB ACCOUNT FOR BANK OF GREECE)",
            "swift_code": "BNGRGRAAEUX"
        },
        {
            "id": 37,
            "bank": "BANK OF GREECE",
            "city": "ATHENS",
            "branch": "(EXCHANGE OF ISIN)",
            "swift_code": "BNGRGRA1APR"
        },
        {
            "id": 38,
            "bank": "BANK OF GREECE",
            "city": "ATHENS",
            "branch": "(FOREIGN EXCHANGE TRANSCACTIONS SECTION)",
            "swift_code": "BNGRGRAA013"
        },
        {
            "id": 39,
            "bank": "BANK OF GREECE",
            "city": "ATHENS",
            "branch": "(GOVERNMENT SECURITIES CUSTODY AND MANAGEMENT SECTION)",
            "swift_code": "BNGRGRAA027"
        },
        {
            "id": 40,
            "bank": "BANK OF GREECE",
            "city": "ATHENS",
            "branch": "(HERMES RTGS SYSTEM)",
            "swift_code": "BNGRGRAAHRM"
        },
        {
            "id": 41,
            "bank": "BANK OF GREECE",
            "city": "ATHENS",
            "branch": "(ISSUER EFSF)",
            "swift_code": "BNGRGRA1EFS"
        },
        {
            "id": 42,
            "bank": "BANK OF GREECE",
            "city": "ATHENS",
            "branch": "(ISSUER OASA)",
            "swift_code": "BNGRGRA1OAS"
        },
        {
            "id": 43,
            "bank": "BANK OF GREECE",
            "city": "ATHENS",
            "branch": "(ISSUER)",
            "swift_code": "BNGRGRA1ISS"
        },
        {
            "id": 44,
            "bank": "BANK OF GREECE",
            "city": "ATHENS",
            "branch": "(LARGE-VALUE PAYMENTS SYSTEM MANAGEMENT SECTION)",
            "swift_code": "BNGRGRAACON"
        },
        {
            "id": 45,
            "bank": "BANK OF GREECE",
            "city": "ATHENS",
            "branch": "(MONETARY POLICY IMPLEMENTATION SUPPORT SECTION)",
            "swift_code": "BNGRGRAA072"
        },
        {
            "id": 46,
            "bank": "BANK OF GREECE",
            "city": "ATHENS",
            "branch": "(MONEY MARKETS SECTION)",
            "swift_code": "BNGRGRAA094"
        },
        {
            "id": 47,
            "bank": "BANK OF GREECE",
            "city": "ATHENS",
            "branch": "(MONTE TITOLI)",
            "swift_code": "BNGRGRA1MTI"
        },
        {
            "id": 48,
            "bank": "BANK OF GREECE",
            "city": "ATHENS",
            "branch": "(PAYMENTS OF BOOK ENTRY SECURITIES SECTION)",
            "swift_code": "BNGRGRAAPBS"
        },
        {
            "id": 49,
            "bank": "BANK OF GREECE",
            "city": "ATHENS",
            "branch": "(PUBLIC INSTITUTIONS AND INSURANCE FUNDS)",
            "swift_code": "BNGRGRA1PII"
        },
        {
            "id": 50,
            "bank": "BANK OF GREECE",
            "city": "ATHENS",
            "branch": "(RESERVES MANAGEMENT BACKUP SECTION)",
            "swift_code": "BNGRGRAA012"
        },
        {
            "id": 51,
            "bank": "BANK OF GREECE",
            "city": "ATHENS",
            "branch": "(SEPA CREDIT TRANSFER)",
            "swift_code": "BNGRGRAASCT"
        },
        {
            "id": 52,
            "bank": "BANK OF GREECE",
            "city": "ATHENS",
            "branch": "(STRIPPING A)",
            "swift_code": "BNGRGRA1STA"
        },
        {
            "id": 53,
            "bank": "BANK OF GREECE",
            "city": "ATHENS",
            "branch": "(STRIPPING B)",
            "swift_code": "BNGRGRA1STB"
        },
        {
            "id": 54,
            "bank": "BANK OF GREECE",
            "city": "ATHENS",
            "branch": "(STRIPPING C)",
            "swift_code": "BNGRGRA1STC"
        },
        {
            "id": 55,
            "bank": "BANK OF GREECE",
            "city": "ATHENS",
            "branch": "(SYSTEM MIRROR)",
            "swift_code": "BNGRGRA1SYS"
        },
        {
            "id": 56,
            "bank": "BANK OF GREECE",
            "city": "ATHENS",
            "branch": "(TGT2 ACCOUNT27, INDIRECT MEMBER))",
            "swift_code": "BNGRGRAABR8"
        },
        {
            "id": 57,
            "bank": "BANK OF GREECE",
            "city": "ATHENS",
            "branch": "(TGT2 SAD.BANK (INDIRECT MEMBER))",
            "swift_code": "BNGRGRAABR4"
        },
        {
            "id": 58,
            "bank": "BANK OF GREECE",
            "city": "ATHENS",
            "branch": "(TREASURY OPERATIONS SUPPORT SECTION)",
            "swift_code": "BNGRGRAAFXD"
        },
        {
            "id": 59,
            "bank": "BANK OF GREECE",
            "city": "ATHENS",
            "branch": null,
            "swift_code": "BNGRGRA1BDF"
        },
        {
            "id": 60,
            "bank": "BANK OF GREECE",
            "city": "ATHENS",
            "branch": null,
            "swift_code": "BNGRGRAA"
        },
        {
            "id": 61,
            "bank": "BANK OF GREECE",
            "city": "ATHENS",
            "branch": null,
            "swift_code": "BNGRGRAAST2"
        },
        {
            "id": 62,
            "bank": "BANK OF GREECE",
            "city": "THESSALONIKI",
            "branch": "(THESSALONIKI BRANCH)",
            "swift_code": "BNGRGRAA121"
        },
        {
            "id": 63,
            "bank": "BANK OF GREECE ON BEHALF OF THE HELLENIC REPUBLIC",
            "city": "ATHENS",
            "branch": null,
            "swift_code": "GBHRGRA1"
        },
        {
            "id": 64,
            "bank": "BANK SADERAT IRAN",
            "city": "ATHENS",
            "branch": null,
            "swift_code": "SDRRGRA1"
        },
        {
            "id": 65,
            "bank": "BETA CHRIMATISTIRIAKI ANONYMI ETAIRIA PAROCHIS EPENDYTIKON YPIRESION",
            "city": "ATHENS",
            "branch": null,
            "swift_code": "BETEGRA1"
        },
        {
            "id": 66,
            "bank": "BLACK SEA TRADE AND DEVELOPMENT BANK",
            "city": "THESSALONIKI",
            "branch": null,
            "swift_code": "BSTDGR2T"
        },
        {
            "id": 67,
            "bank": "BMW AUSTRIA BANK GMBH",
            "city": "ATHENS",
            "branch": null,
            "swift_code": "BMASGRA1"
        },
        {
            "id": 68,
            "bank": "BNP PARIBAS GRECE",
            "city": "ATHENS",
            "branch": "(ATHENS BRANCH)",
            "swift_code": "BNPAGRA1"
        },
        {
            "id": 69,
            "bank": "BNP PARIBAS SECURITIES SERVICES, GREECE",
            "city": "ATHENS",
            "branch": null,
            "swift_code": "PARBGRAX"
        },
        {
            "id": 70,
            "bank": "BNPPARIBAS PRIVATE BANK-GREEK BRANCH",
            "city": "ATHENS",
            "branch": null,
            "swift_code": "BPPBGRA1"
        },
        {
            "id": 71,
            "bank": "CAPITAL SECURITIES S.A.",
            "city": "ATHENS",
            "branch": null,
            "swift_code": "CSEUGRA1"
        },
        {
            "id": 72,
            "bank": "CETELEM SA CETELEM BANK",
            "city": "KALLITHEA",
            "branch": null,
            "swift_code": "CETEGRA1"
        },
        {
            "id": 73,
            "bank": "CFS SECURITIES AND INVESTMENT SERVICES S.A.",
            "city": "ATHENS",
            "branch": null,
            "swift_code": "CSIEGRA1"
        },
        {
            "id": 74,
            "bank": "CITIBANK EUROPE PLC GREECE BRANCH",
            "city": "ATHENS",
            "branch": "(RESTRICTED USE CITIBANK ATHENS TARGET 2)",
            "swift_code": "CITIGRAASEC"
        },
        {
            "id": 75,
            "bank": "CITIBANK EUROPE PLC GREECE BRANCH",
            "city": "ATHENS",
            "branch": null,
            "swift_code": "CITIGRAA"
        },
        {
            "id": 76,
            "bank": "CITIBANK EUROPE PLC GREECE BRANCH",
            "city": "ATHENS",
            "branch": null,
            "swift_code": "CITIGRAA731"
        },
        {
            "id": 77,
            "bank": "CITIBANK EUROPE PLC GREECE BRANCH",
            "city": "PIRAEUS",
            "branch": null,
            "swift_code": "CITIGRAA732"
        },
        {
            "id": 78,
            "bank": "CITIBANK EUROPE PLC GREECE BRANCH",
            "city": "THESSALONIKI",
            "branch": null,
            "swift_code": "CITIGRAA733"
        },
        {
            "id": 79,
            "bank": "CITIBANK N.A.",
            "city": "GLYFADA",
            "branch": null,
            "swift_code": "CITIGR210AG"
        },
        {
            "id": 80,
            "bank": "CITIBANK N.A.",
            "city": "KASTORIA",
            "branch": null,
            "swift_code": "CITIGR21022"
        },
        {
            "id": 81,
            "bank": "CITIBANK N.A.",
            "city": "LARISSA",
            "branch": null,
            "swift_code": "CITIGR21"
        },
        {
            "id": 82,
            "bank": "COMPAGNIE FINANCIERE EUROPEENNE S.A.",
            "city": "ATHENS",
            "branch": null,
            "swift_code": "ECFIGRA1"
        },
        {
            "id": 83,
            "bank": "CONSIGNMENT DEPOSITS AND LOANS FUND",
            "city": "ATHENS",
            "branch": null,
            "swift_code": "CDLFGRA1"
        },
        {
            "id": 84,
            "bank": "COOPERATIVE BANK OF ACHAIA",
            "city": "PATRA",
            "branch": null,
            "swift_code": "STAXGRA1"
        },
        {
            "id": 85,
            "bank": "COOPERATIVE BANK OF CHANIA COOP. L.L.",
            "city": "CHANIA",
            "branch": null,
            "swift_code": "STXAGRA1"
        },
        {
            "id": 86,
            "bank": "COOPERATIVE BANK OF CORINTHIA COOP. L.L.",
            "city": "KORINTHOS",
            "branch": null,
            "swift_code": "STKPGRA1"
        },
        {
            "id": 87,
            "bank": "COOPERATIVE BANK OF DODECANESE",
            "city": "RHODOS",
            "branch": null,
            "swift_code": "STDOGRA1"
        },
        {
            "id": 88,
            "bank": "CO-OPERATIVE BANK OF DRAMA, L.L.C.",
            "city": "DRAMA",
            "branch": null,
            "swift_code": "STDRGR21"
        },
        {
            "id": 89,
            "bank": "COOPERATIVE BANK OF EPIRUS L.T.D.",
            "city": "IOANNINA",
            "branch": null,
            "swift_code": "STIOGR21"
        },
        {
            "id": 90,
            "bank": "CO-OPERATIVE BANK OF EVIA, L.L.C.",
            "city": "CHALKIDA",
            "branch": null,
            "swift_code": "STEBGRA1"
        },
        {
            "id": 91,
            "bank": "CO-OPERATIVE BANK OF EVROS, L.L.C.",
            "city": "ALEXANDROUPOLI",
            "branch": null,
            "swift_code": "STEOGR21"
        },
        {
            "id": 92,
            "bank": "CO-OPERATIVE BANK OF KARDITSA, L.L.C.",
            "city": "KARDITSA",
            "branch": null,
            "swift_code": "STKAGRA1"
        },
        {
            "id": 93,
            "bank": "CO-OPERATIVE BANK OF LAMIA, L.L.C.",
            "city": "LAMIA",
            "branch": null,
            "swift_code": "STLMGRA1"
        },
        {
            "id": 94,
            "bank": "COOPERATIVE BANK OF LESVOS - LIMNOS",
            "city": "MYTILINI",
            "branch": null,
            "swift_code": "STMIGR21"
        },
        {
            "id": 95,
            "bank": "CO-OPERATIVE BANK OF PIERIA, L.L.C.",
            "city": "KATERINI",
            "branch": null,
            "swift_code": "STPIGR21"
        },
        {
            "id": 96,
            "bank": "COOPERATIVE BANK OF SERRES",
            "city": "SERRES",
            "branch": null,
            "swift_code": "COESGR21"
        },
        {
            "id": 97,
            "bank": "COOPERATIVE BANK OF THESSALIA",
            "city": "TRIKALA",
            "branch": null,
            "swift_code": "STTKGR21"
        },
        {
            "id": 98,
            "bank": "CO-OPERATIVE BANK OF WESTERN MACEDONIA",
            "city": "KOZANI",
            "branch": null,
            "swift_code": "STKZGR21"
        },
        {
            "id": 99,
            "bank": "CREDICOM CONSUMER FINANCE BANK S.A.",
            "city": "ATHENS",
            "branch": null,
            "swift_code": "EMCRGRA1"
        },
        {
            "id": 100,
            "bank": "CYCLOS SECURITIES S.A.",
            "city": "ATHENS",
            "branch": null,
            "swift_code": "CYSEGRA1"
        },
        {
            "id": 101,
            "bank": "D.A. TSEKOURAS SECURITIES S.A.",
            "city": "ATHENS",
            "branch": null,
            "swift_code": "TSSCGRA1"
        },
        {
            "id": 102,
            "bank": "DAIMLERCHRYSLER BANK POLSKA SA",
            "city": "ATHENS",
            "branch": null,
            "swift_code": "DAPLGRA1"
        },
        {
            "id": 103,
            "bank": "DIETHNIS CHRIMATISTIRIAKI-INTERSEC",
            "city": "ATHENS",
            "branch": null,
            "swift_code": "DICHGRA1"
        },
        {
            "id": 104,
            "bank": "DIOLKOS ASSET MANAGEMENT S.A.",
            "city": "ATHENS",
            "branch": null,
            "swift_code": "DIAAGRA1"
        },
        {
            "id": 105,
            "bank": "DRAX INVESTMENT SERVICES S.A",
            "city": "ATHENS",
            "branch": null,
            "swift_code": "DSISGRA1"
        },
        {
            "id": 106,
            "bank": "DYNAMIC SECURITIES S A",
            "city": "ATHENS",
            "branch": null,
            "swift_code": "DYCUGRA1"
        },
        {
            "id": 107,
            "bank": "EFFECT S.A.",
            "city": "ATHENS",
            "branch": null,
            "swift_code": "EFFTGRA1"
        },
        {
            "id": 108,
            "bank": "EFG EUROBANK ASSET MANAGEMENT ANONYMI ETAIREIA PAROCHIS EPENDYTIKON YPIRESION",
            "city": "ATHENS",
            "branch": null,
            "swift_code": "EEAMGRA1"
        },
        {
            "id": 109,
            "bank": "EFG TELESIS FINANCE S A",
            "city": "ATHENS",
            "branch": null,
            "swift_code": "EFTFGRA1"
        },
        {
            "id": 110,
            "bank": "EGNATIA SECURITIES S.A.",
            "city": "ATHENS",
            "branch": null,
            "swift_code": "EGNTGRA1"
        },
        {
            "id": 111,
            "bank": "ELIAS A. PETROPOULAKIS SECURITIES AND INVESTMENT SERVICES S.A.",
            "city": "ATHENS",
            "branch": null,
            "swift_code": "EPSIGRA1"
        },
        {
            "id": 112,
            "bank": "EMPORIKI ASSET MANAGEMENT MFMC",
            "city": "ATHENS",
            "branch": null,
            "swift_code": "EAMMGRA1"
        },
        {
            "id": 113,
            "bank": "ENERGON CAPITAL FINANCE INVESTMENT SERVICES S.A.",
            "city": "THESSALONIKI",
            "branch": null,
            "swift_code": "ECFNGR21"
        },
        {
            "id": 114,
            "bank": "EPIC ANONYMI ETAIREIA PAROCHIS EPENDYTIKON YPIRESION",
            "city": "ATHENS",
            "branch": null,
            "swift_code": "EPISGRA1"
        },
        {
            "id": 115,
            "bank": "ERGO SECURITIES",
            "city": "ATHENS",
            "branch": null,
            "swift_code": "ERGRGRA1"
        },
        {
            "id": 116,
            "bank": "ETAIREIA DIACHEIRISIS EIDIKOU KEFALAIOU T.A.P.-O.T.E. ANONYMI ETAIREIA PAROCHIS EPENDYTIKON YPIRESION",
            "city": "ATHENS",
            "branch": null,
            "swift_code": "EDETGRA1"
        },
        {
            "id": 117,
            "bank": "EUROBANK EQUITIES INVESTMENT FIRM S.A.",
            "city": "ATHENS",
            "branch": null,
            "swift_code": "EFESGRA1"
        },
        {
            "id": 118,
            "bank": "EUROBANK ERGASIAS S.A.",
            "city": "ATHENS",
            "branch": "(CUSTODY FOREIGN INSTITUTIONAL INVESTORS DEPT.)",
            "swift_code": "ERBKGRAASEC"
        },
        {
            "id": 119,
            "bank": "EUROBANK ERGASIAS S.A.",
            "city": "ATHENS",
            "branch": null,
            "swift_code": "ERBKGRAA"
        },
        {
            "id": 120,
            "bank": "EUROCORP S.A.",
            "city": "ATHENS",
            "branch": null,
            "swift_code": "EUORGRA1"
        },
        {
            "id": 121,
            "bank": "EUROCORP SECURITIES SA",
            "city": "ATHENS",
            "branch": null,
            "swift_code": "EUEEGRA1"
        },
        {
            "id": 122,
            "bank": "EUROPEAN RELIANCE FINANCE S.A.",
            "city": "KHALANDRI",
            "branch": null,
            "swift_code": "EURNGR21"
        },
        {
            "id": 123,
            "bank": "EUROTRUST SECURITIES S.A.",
            "city": "ATHENS",
            "branch": null,
            "swift_code": "EUECGRA1"
        },
        {
            "id": 124,
            "bank": "EUROXX SECURITIES SA",
            "city": "ATHENS",
            "branch": null,
            "swift_code": "EUSSGRA1"
        },
        {
            "id": 125,
            "bank": "FALCON FINANCE S.A.",
            "city": "ATHENS",
            "branch": null,
            "swift_code": "FAFNGRA1"
        },
        {
            "id": 126,
            "bank": "FCA BANK G.M.B.H HELLENIC BRANCH",
            "city": "ATHENS",
            "branch": null,
            "swift_code": "FIATGRA1"
        },
        {
            "id": 127,
            "bank": "FCE BANK PLC",
            "city": "PERISTERI",
            "branch": null,
            "swift_code": "FOGRGRA1"
        },
        {
            "id": 128,
            "bank": "FORTIUS FINANCE SECURITIES",
            "city": "ATHENS",
            "branch": null,
            "swift_code": "FFISGRA1"
        },
        {
            "id": 129,
            "bank": "G.A. PERVANAS SECURITIES AND INVESTMENT SERVICES COMPANY S.A.",
            "city": "ATHENS",
            "branch": null,
            "swift_code": "PSIEGRA1"
        },
        {
            "id": 130,
            "bank": "GKLOMPAL CHRIMATODOTISEIS EPENDYSEON ANONYMI ETAIREIA SA",
            "city": "ATHENS",
            "branch": null,
            "swift_code": "GLOFGRA1"
        },
        {
            "id": 131,
            "bank": "GLOBAL DIACHEIRISI KEFALAION ANONYMI ETAIREIA PAROCHIS EPENDYTIKON YPIRESION SA",
            "city": "ATHENS",
            "branch": null,
            "swift_code": "GFMAGRA1"
        },
        {
            "id": 132,
            "bank": "GMAC BANK GMBH",
            "city": "MAROUSI",
            "branch": null,
            "swift_code": "OPELGRA1"
        },
        {
            "id": 133,
            "bank": "GREEK GREENHOUSE GAS EMISSIONS REGISTRY",
            "city": "KIFISIA",
            "branch": null,
            "swift_code": "GGGEGR21"
        },
        {
            "id": 134,
            "bank": "GUARDIAN TRUST CHRIMATISTIRIAKI ANONYMI ETAIREIA PAROCHIS EPENDYTIKON YPIRESION SA",
            "city": "ATHENS",
            "branch": null,
            "swift_code": "GUTUGRA1"
        },
        {
            "id": 135,
            "bank": "HELLASFIN INVESTMENT SERVICES S.A.",
            "city": "THESSALONIKI",
            "branch": null,
            "swift_code": "HEIEGR21"
        },
        {
            "id": 136,
            "bank": "HELLENIC EXCHANGES S.A.",
            "city": "ATHENS",
            "branch": "(HELEX ANCILLARY SYSTEM)",
            "swift_code": "HCSDGRAAASI"
        },
        {
            "id": 137,
            "bank": "HELLENIC EXCHANGES S.A.",
            "city": "ATHENS",
            "branch": null,
            "swift_code": "HCSDGRAA"
        },
        {
            "id": 138,
            "bank": "HELLENIC POST OFFICE S A ELTA",
            "city": "ATHENS",
            "branch": null,
            "swift_code": "HEPOGR21"
        },
        {
            "id": 139,
            "bank": "HELLENIC RAILWAYS",
            "city": "ATHENS",
            "branch": null,
            "swift_code": "HRAIGRA1"
        },
        {
            "id": 140,
            "bank": "HELLENIC SECURITIES S.A.",
            "city": "ATHENS",
            "branch": null,
            "swift_code": "HLSEGRA1"
        },
        {
            "id": 141,
            "bank": "HELLENICAMERICAN SECURITIES S.A.",
            "city": "ATHENS",
            "branch": null,
            "swift_code": "HESUGRA1"
        },
        {
            "id": 142,
            "bank": "HERMES SECURITIES S.A..",
            "city": "ATHENS",
            "branch": null,
            "swift_code": "HERMGRA1"
        },
        {
            "id": 143,
            "bank": "HSBC BANK PLC",
            "city": "ATHENS",
            "branch": "(ALL GREEK BRANCHES)",
            "swift_code": "MIDLGRAA"
        },
        {
            "id": 144,
            "bank": "HSBC BANK PLC",
            "city": "ATHENS",
            "branch": "(SEPA DIRECT DEBITS)",
            "swift_code": "MIDLGRAASDD"
        },
        {
            "id": 145,
            "bank": "HSBC BANK PLC",
            "city": "PIRAEUS",
            "branch": "(SECURITIES SERVICES)",
            "swift_code": "MIDLGRAAGSS"
        },
        {
            "id": 146,
            "bank": "HSBC PANTELAKIS SECURITIES S.A.",
            "city": "ATHENS",
            "branch": null,
            "swift_code": "MDPSGRA1"
        },
        {
            "id": 147,
            "bank": "ICAP GROUP",
            "city": "ATHENS",
            "branch": null,
            "swift_code": "ICGOGRA1"
        },
        {
            "id": 148,
            "bank": "INDEX SECURITIES S.A.",
            "city": "ATHENS",
            "branch": null,
            "swift_code": "IDXEGRA1"
        },
        {
            "id": 149,
            "bank": "INTERAC SECURITIES S.A.",
            "city": "ATHENS",
            "branch": null,
            "swift_code": "ITSEGRA1"
        },
        {
            "id": 150,
            "bank": "INTERBANKING SYSTEMS S.A",
            "city": "ATHENS",
            "branch": "(TECHNICAL ACCOUNT FOR MODEL 6)",
            "swift_code": "DIASGRA1MD6"
        },
        {
            "id": 151,
            "bank": "INTERBANKING SYSTEMS S.A",
            "city": "ATHENS",
            "branch": null,
            "swift_code": "DIASGRA1"
        },
        {
            "id": 152,
            "bank": "INTERNATIONAL SECURITIES S.A.",
            "city": "ATHENS",
            "branch": null,
            "swift_code": "INUEGRA1"
        },
        {
            "id": 153,
            "bank": "INTERSEC S.A.",
            "city": "ATHENS",
            "branch": null,
            "swift_code": "ITSCGRA1"
        },
        {
            "id": 154,
            "bank": "INVESTMENT ANALYSIS FINANCIAL SERVICES S.A.",
            "city": "THESSALONIKI",
            "branch": null,
            "swift_code": "INLSGR21"
        },
        {
            "id": 155,
            "bank": "INVESTMENT BANK OF GREECE S.A.",
            "city": "MAROUSI",
            "branch": null,
            "swift_code": "IBOGGRAA"
        },
        {
            "id": 156,
            "bank": "JOHN CHR. MAVRIKIS SECURITIES COMPANY S.A.",
            "city": "ATHENS",
            "branch": null,
            "swift_code": "JCMSGRA1"
        },
        {
            "id": 157,
            "bank": "KAPPA BROKERAGE S.A.",
            "city": "ATHENS",
            "branch": null,
            "swift_code": "KPABGRA1"
        },
        {
            "id": 158,
            "bank": "KARAMANOF SECURITIES AND INVESTMENT SERVICES S.A.",
            "city": "ATHENS",
            "branch": null,
            "swift_code": "KASNGRA1"
        },
        {
            "id": 159,
            "bank": "KMT PAYMENT SERVICES S.A.",
            "city": "ATHENS",
            "branch": null,
            "swift_code": "KMPSGRA1"
        },
        {
            "id": 160,
            "bank": "KYPROU SECURITIES S.A.",
            "city": "ATHENS",
            "branch": null,
            "swift_code": "KYSEGRA1"
        },
        {
            "id": 161,
            "bank": "LAIKI ATTALOS SECURITIES S.A.",
            "city": "ATHENS",
            "branch": null,
            "swift_code": "LAAEGRA1"
        },
        {
            "id": 162,
            "bank": "LAMBRAKIS PRESS SA",
            "city": "ATHENS",
            "branch": null,
            "swift_code": "DOLDGRA1"
        },
        {
            "id": 163,
            "bank": "LAVRENTAKIS STAVROS EMM. SECURITIES S.A.",
            "city": "ATHENS",
            "branch": null,
            "swift_code": "SELCGRA1"
        },
        {
            "id": 164,
            "bank": "LEON DEPOLAS SECURITIES S.A.",
            "city": "ATHENS",
            "branch": null,
            "swift_code": "LEDEGRA1"
        },
        {
            "id": 165,
            "bank": "MAGNA TRUST SECURITIES S.A.",
            "city": "ATHENS",
            "branch": null,
            "swift_code": "MATCGRA1"
        },
        {
            "id": 166,
            "bank": "MARKET SECURITIES S.A.",
            "city": "ATHENS",
            "branch": null,
            "swift_code": "MAUIGRA1"
        },
        {
            "id": 167,
            "bank": "MEGATRUST OLYMPIAKI CHRIMATISTIRIAKI ANONYMI ETAIRIA PAROCHIS EPENDYTIKON YPIRESION",
            "city": "ATHENS",
            "branch": null,
            "swift_code": "MEBVGRA1"
        },
        {
            "id": 168,
            "bank": "MERIT ANONYMI CHRIMATISTIRIAKI ETAIREIA PAROCHIS EPENDYTIKON YPIRESION",
            "city": "ATHENS",
            "branch": null,
            "swift_code": "MEUEGRA1"
        },
        {
            "id": 169,
            "bank": "METOCHIKI SECURITIES S.A.",
            "city": "ATHENS",
            "branch": null,
            "swift_code": "MEETGRA1"
        },
        {
            "id": 170,
            "bank": "MIDAS FINANCIAL SECURITIES S.A.",
            "city": "ATHENS",
            "branch": null,
            "swift_code": "MIFUGRA1"
        },
        {
            "id": 171,
            "bank": "MINISTRY OF ECONOMY AND FINANCE, GENERAL ACCOUNTING OFFICE",
            "city": "ATHENS",
            "branch": "(PUBLIC DEBT ISSUANCE)",
            "swift_code": "MFGAGRAAPDI"
        },
        {
            "id": 172,
            "bank": "MINISTRY OF ECONOMY AND FINANCE, GENERAL ACCOUNTING OFFICE",
            "city": "ATHENS",
            "branch": "(PUBLIC DEBT MANAGEMENT)",
            "swift_code": "MFGAGRAAPDM"
        },
        {
            "id": 173,
            "bank": "MINISTRY OF ECONOMY AND FINANCE, GENERAL ACCOUNTING OFFICE",
            "city": "ATHENS",
            "branch": "(SECRETARIAT OF PUBLIC PROPERTY)",
            "swift_code": "MFGAGRAASPP"
        },
        {
            "id": 174,
            "bank": "MINISTRY OF ECONOMY AND FINANCE, GENERAL ACCOUNTING OFFICE",
            "city": "ATHENS",
            "branch": null,
            "swift_code": "MFGAGRAA"
        },
        {
            "id": 175,
            "bank": "N.CHRYSSOCHOIDIS S.B.S.A",
            "city": "ATHENS",
            "branch": null,
            "swift_code": "CHSKGRA1"
        },
        {
            "id": 176,
            "bank": "NATIONAL BANK OF GREECE S.A.",
            "city": "ATHENS",
            "branch": "(CUSTODIAN FOR FOREIGN INST. INVESTORS)",
            "swift_code": "ETHNGRAACUS"
        },
        {
            "id": 177,
            "bank": "NATIONAL BANK OF GREECE S.A.",
            "city": "ATHENS",
            "branch": "(CUSTODIAN FOR GREEK INST. INVESTORS)",
            "swift_code": "ETHNGRAAGRI"
        },
        {
            "id": 178,
            "bank": "NATIONAL BANK OF GREECE S.A.",
            "city": "ATHENS",
            "branch": null,
            "swift_code": "ETHNGRAA"
        },
        {
            "id": 179,
            "bank": "NATIONAL INVESTMENT BANK FOR INDUSTRIAL DEVELOPMENT S.A.",
            "city": "THESSALONIKI",
            "branch": null,
            "swift_code": "INIDGR21"
        },
        {
            "id": 180,
            "bank": "NATIONAL SECURITIES CO S.A.",
            "city": "ATHENS",
            "branch": null,
            "swift_code": "NASOGRA1"
        },
        {
            "id": 181,
            "bank": "NEUROSOFT SA",
            "city": "ATHENS",
            "branch": null,
            "swift_code": "NEUOGRA1"
        },
        {
            "id": 182,
            "bank": "NEW MELLON ASSET AND WEALTH MANAGEMENT SA",
            "city": "ATHENS",
            "branch": null,
            "swift_code": "NMAWGR21"
        },
        {
            "id": 183,
            "bank": "NIKOS KOMNINOS SECURITIES S.A.",
            "city": "ATHENS",
            "branch": null,
            "swift_code": "NIKCGRA1"
        },
        {
            "id": 184,
            "bank": "NORTHERN GREECE SECURITIES S.A.",
            "city": "ATHENS",
            "branch": null,
            "swift_code": "NOGSGRA1"
        },
        {
            "id": 185,
            "bank": "NORTHERN HELLENIC INVESTMENT SERVICES S.A.",
            "city": "THESSALONIKI",
            "branch": null,
            "swift_code": "NHISGR21"
        },
        {
            "id": 186,
            "bank": "NUNTIUS HELLENIC SECURITIES S A",
            "city": "ATHENS",
            "branch": null,
            "swift_code": "NUNTGRA1"
        },
        {
            "id": 187,
            "bank": "OLAYAN INVESTMENTS COMPANY ESTABLISHMENT",
            "city": "GLYFADA",
            "branch": null,
            "swift_code": "OLAYGR22"
        },
        {
            "id": 188,
            "bank": "OLYMPIA SECURITIES S.A.",
            "city": "ATHENS",
            "branch": null,
            "swift_code": "OLSCGRA1"
        },
        {
            "id": 189,
            "bank": "P K SECURITIES AE",
            "city": "ATHENS",
            "branch": null,
            "swift_code": "PKSEGRA1"
        },
        {
            "id": 190,
            "bank": "PAN. VL. TZEMOS SECURITIES COMPANY S.A.",
            "city": "ATHENS",
            "branch": null,
            "swift_code": "PTECGRA1"
        },
        {
            "id": 191,
            "bank": "PANCRETAN COOPERATIVE BANK LTD",
            "city": "HERAKLION",
            "branch": null,
            "swift_code": "STPGGRA1"
        },
        {
            "id": 192,
            "bank": "PANDK S.A.",
            "city": "ATHENS",
            "branch": null,
            "swift_code": "PADDGRA1"
        },
        {
            "id": 193,
            "bank": "PANDK SECURITIES S.A.",
            "city": "ATHENS",
            "branch": null,
            "swift_code": "PAECGRA1"
        },
        {
            "id": 194,
            "bank": "PEGASUS SECURITIES S.A.",
            "city": "ATHENS",
            "branch": null,
            "swift_code": "PESUGRA1"
        },
        {
            "id": 195,
            "bank": "PENTEDEKAS SECURITIES SA",
            "city": "ATHENS",
            "branch": null,
            "swift_code": "PESRGRA1"
        },
        {
            "id": 196,
            "bank": "PINNACLE FINANCIAL",
            "city": "ATHENS",
            "branch": null,
            "swift_code": "PFEAGRA1"
        },
        {
            "id": 197,
            "bank": "PIRAEUS BANK SA",
            "city": "ATHENS",
            "branch": "(SECURITIES SERVICES)",
            "swift_code": "PIRBGRAASEC"
        },
        {
            "id": 198,
            "bank": "PIRAEUS BANK SA",
            "city": "ATHENS",
            "branch": "(SECURITIES SETTLEMENT)",
            "swift_code": "PIRBGRAACBS"
        },
        {
            "id": 199,
            "bank": "PIRAEUS BANK SA",
            "city": "ATHENS",
            "branch": null,
            "swift_code": "PIRBGRAA"
        },
        {
            "id": 200,
            "bank": "PIRAEUS SECURITIES S.A.",
            "city": "ATHENS",
            "branch": null,
            "swift_code": "SIGSGRA1"
        },
        {
            "id": 201,
            "bank": "PRAXIS INTERNATIONAL SECURITIES AND INVESTMENT SERVICES S.A.",
            "city": "ATHENS",
            "branch": null,
            "swift_code": "PISNGRA1"
        },
        {
            "id": 202,
            "bank": "PRELIUM SECURITIES AND INVESTMENT SERVICES S.A.",
            "city": "ATHENS",
            "branch": null,
            "swift_code": "PSISGRA1"
        },
        {
            "id": 203,
            "bank": "PROCREDIT BANK (BULGARIA) EAD THESSALONIKI BRANCH",
            "city": "THESSALONIKI",
            "branch": null,
            "swift_code": "PRCBGRAA"
        },
        {
            "id": 204,
            "bank": "SAMSUNG ELECTRONICS GREECE S",
            "city": "CHALANDRI",
            "branch": null,
            "swift_code": "SECTGR21"
        },
        {
            "id": 205,
            "bank": "SAMSUNG ELECTRONICS GREECE S",
            "city": "CHALANDRI",
            "branch": null,
            "swift_code": "SECTGR214N2"
        },
        {
            "id": 206,
            "bank": "SARROS SECURITIES SA",
            "city": "ATHENS",
            "branch": null,
            "swift_code": "SARRGRA1"
        },
        {
            "id": 207,
            "bank": "SOCIAL INSURANCE INSTITUTE UNIFIED INSURANCE FUND FOR EMPLOYEES",
            "city": "ATHENS",
            "branch": null,
            "swift_code": "SIIUGRA1"
        },
        {
            "id": 208,
            "bank": "SOCIETE GENERALE BANK AND TRUST (HELLAS)",
            "city": "ATHENS",
            "branch": null,
            "swift_code": "SGBTGRA1"
        },
        {
            "id": 209,
            "bank": "SOCIETE GENERALE GREECE",
            "city": "ATHENS",
            "branch": null,
            "swift_code": "SGGRGRA1"
        },
        {
            "id": 210,
            "bank": "SOLIDUS SECURITIES ANONYMOS CHRIMATISTIRIAKI ETAIREIA PAROCHIS EPENDYTIKON YPIRESION",
            "city": "ATHENS",
            "branch": null,
            "swift_code": "SOSXGRA1"
        },
        {
            "id": 211,
            "bank": "T.C. ZIRAAT BANKASI ATHENS CENTRAL BRANCH",
            "city": "ATHENS",
            "branch": null,
            "swift_code": "TCZBGRAT"
        },
        {
            "id": 212,
            "bank": "TELESIS SECURITIES SA",
            "city": "ATHENS",
            "branch": null,
            "swift_code": "TESCGRA1"
        },
        {
            "id": 213,
            "bank": "THEMIST. SOT. SOTIRIADIS CHRIMATISTIRIAKI ANONYMOS ETAIREIA",
            "city": "ATHENS",
            "branch": null,
            "swift_code": "THSTGRA1"
        },
        {
            "id": 214,
            "bank": "UNICREDIT BANK AG (HYPOVEREINSBANK) ATHENS",
            "city": "ATHENS",
            "branch": "(TARGET2)",
            "swift_code": "HYVEGRAATRS"
        },
        {
            "id": 215,
            "bank": "UNICREDIT BANK AG (HYPOVEREINSBANK) ATHENS",
            "city": "ATHENS",
            "branch": null,
            "swift_code": "HYVEGRAA"
        },
        {
            "id": 216,
            "bank": "UNION DE CREDITOS INMOBILIARIOS S.A. ESTABLECIMIENTO FINANCIERO DE CREDITO",
            "city": "ATHENS",
            "branch": null,
            "swift_code": "UCISGRA1"
        },
        {
            "id": 217,
            "bank": "VIVA PAYMENT SERVICES S.A.",
            "city": "ATHENS",
            "branch": null,
            "swift_code": "VPAYGRAA"
        },
        {
            "id": 218,
            "bank": "VOLKSWAGEN BANK GMBH",
            "city": "ATHENS",
            "branch": null,
            "swift_code": "VOWAGRA1"
        },
        {
            "id": 219,
            "bank": "WORLDBRIDGE-PAYMENT INSTITUTION S.A",
            "city": "ATHENS",
            "branch": null,
            "swift_code": "WOIIGRA1"
        },
        {
            "id": 220,
            "bank": "ZACHARIAS G. PORTALAKIS S.A. BROKERAGE FIRM",
            "city": "ATHENS",
            "branch": null,
            "swift_code": "ZPBFGRA1"
        },
        {
            "id": 221,
            "bank": "ZEUS SECURITIES S.A.",
            "city": "ATHENS",
            "branch": null,
            "swift_code": "ZESEGRA1"
        }
    ]
}
