{
    "country": "Hungary",
    "country_code": "HU",
    "list": [
        {
            "id": 1,
            "bank": "ACCESS INVESTMENT FUND MANAGEMENT COMPANY LTD.",
            "city": "BUDAPEST",
            "branch": null,
            "swift_code": "AIFMHUH1"
        },
        {
            "id": 2,
            "bank": "AEGON HUNGARY INVESTMENT FUND MANAGEMENT COMPANY LTD.",
            "city": "BUDAPEST",
            "branch": null,
            "swift_code": "AHIFHUH1"
        },
        {
            "id": 3,
            "bank": "AEGON MAGYARORSZAG BEFEKTETESI JEGY FORGALMAZO ZRT.",
            "city": "BUDAPEST",
            "branch": null,
            "swift_code": "AMBJHUH1"
        },
        {
            "id": 4,
            "bank": "AGRIBROKER KFT.",
            "city": "BUDAPEST",
            "branch": "(HEAD OFFICE)",
            "swift_code": "AGRFHUH1AAA"
        },
        {
            "id": 5,
            "bank": "AGRIBROKER KFT.",
            "city": "BUDAPEST",
            "branch": null,
            "swift_code": "AGRFHUH1"
        },
        {
            "id": 6,
            "bank": "AGRIMPEX KFT.",
            "city": "BUDAPEST",
            "branch": null,
            "swift_code": "AGKFHUH1"
        },
        {
            "id": 7,
            "bank": "AGROKONT ZRT.",
            "city": "BUDAPEST",
            "branch": "(MANAGEMENT)",
            "swift_code": "AGZRHUH1MMD"
        },
        {
            "id": 8,
            "bank": "AGROKONT ZRT.",
            "city": "BUDAPEST",
            "branch": null,
            "swift_code": "AGZRHUH1"
        },
        {
            "id": 9,
            "bank": "ALAPFORGALMAZO ZRT",
            "city": "BUDAPEST",
            "branch": null,
            "swift_code": "ALZRHUH1"
        },
        {
            "id": 10,
            "bank": "ALLAMADOSSAG KEZELO KOZPONT RT.",
            "city": "BUDAPEST",
            "branch": null,
            "swift_code": "AKKHHUHB"
        },
        {
            "id": 11,
            "bank": "AXA MAGYARORORSZAG BEFEKTETESI ALAPKEZELO ZRT",
            "city": "BUDAPEST",
            "branch": null,
            "swift_code": "AMBLHUH1"
        },
        {
            "id": 12,
            "bank": "BANK OF CHINA (HUNGARY) LTD",
            "city": "BUDAPEST",
            "branch": null,
            "swift_code": "BKCHHUHB"
        },
        {
            "id": 13,
            "bank": "BANK OF CHINA LIMITED HUNGARIAN BRANCH",
            "city": "BUDAPEST",
            "branch": null,
            "swift_code": "BKCHHUHH"
        },
        {
            "id": 14,
            "bank": "BANKAR BEFEKTETESI RT",
            "city": "BUDAPEST",
            "branch": null,
            "swift_code": "BABFHUH1"
        },
        {
            "id": 15,
            "bank": "BIZTONSAG INVEST SECURITIES INC.",
            "city": "BUDAPEST",
            "branch": null,
            "swift_code": "BISIHUH1"
        },
        {
            "id": 16,
            "bank": "BNP DRESDNER ERTEKPAPIR RT",
            "city": "BUDAPEST",
            "branch": null,
            "swift_code": "BDEKHUH1"
        },
        {
            "id": 17,
            "bank": "BNP PARIBAS SECURITIES HUNGARY BRANCH",
            "city": "BUDAPEST",
            "branch": null,
            "swift_code": "PARBHUHX"
        },
        {
            "id": 18,
            "bank": "BNP PARIBAS, HUNGARY BRANCH",
            "city": "BUDAPEST",
            "branch": null,
            "swift_code": "BNPAHUHX"
        },
        {
            "id": 19,
            "bank": "BUDA-CASH BROKERHAZ ZARTKORUEN MUKODO RESZVENYTARSASAG",
            "city": "BUDAPEST",
            "branch": null,
            "swift_code": "BBZMHUH1"
        },
        {
            "id": 20,
            "bank": "BUDAPEST ALAPKEZELO ZRT.",
            "city": "BUDAPEST",
            "branch": null,
            "swift_code": "BUAZHUH1"
        },
        {
            "id": 21,
            "bank": "BUDAPEST BANK RT.",
            "city": "BUDAPEST",
            "branch": null,
            "swift_code": "BUDAHUHB"
        },
        {
            "id": 22,
            "bank": "BUDAPEST COMMODITY EXCHANGE",
            "city": "BUDAPEST",
            "branch": null,
            "swift_code": "XBCEHUH1"
        },
        {
            "id": 23,
            "bank": "BUDAPEST INVESTMENT MANAGEMENT COMPANY LTD.",
            "city": "BUDAPEST",
            "branch": null,
            "swift_code": "BIMCHUH1"
        },
        {
            "id": 24,
            "bank": "BUDAPESTI ERTEKT ZSDE ZARTKOER EN M KOED RESZVENYTARSASAG",
            "city": "BUDAPEST",
            "branch": null,
            "swift_code": "XBUDHUH1"
        },
        {
            "id": 25,
            "bank": "CA IB INVESTMENT FUND MANAGEMENT LTD.",
            "city": "BUDAPEST",
            "branch": null,
            "swift_code": "IFMAHUH1"
        },
        {
            "id": 26,
            "bank": "CASHLINE ERTEKPAPIR ZARTKOER EN M KOED RESZVENYTARSASAG",
            "city": "BUDAPEST",
            "branch": null,
            "swift_code": "CLINHUH1"
        },
        {
            "id": 27,
            "bank": "CE CENTRAL EUROPEAN BROKER LTD.",
            "city": "BUDAPEST",
            "branch": "(HEAD OFFICE)",
            "swift_code": "CEBRHUH1001"
        },
        {
            "id": 28,
            "bank": "CE CENTRAL EUROPEAN BROKER LTD.",
            "city": "BUDAPEST",
            "branch": null,
            "swift_code": "CEBRHUH1"
        },
        {
            "id": 29,
            "bank": "CEE ACTIVE ASSET MANAGEMENT ZRT",
            "city": "BUDAPEST",
            "branch": null,
            "swift_code": "CCSNHUH1"
        },
        {
            "id": 30,
            "bank": "CIB BANK LTD. (FORMERLY CENTRAL-EUROPEAN INT.BANK LTD.)",
            "city": "BUDAPEST",
            "branch": null,
            "swift_code": "CIBHHUHB"
        },
        {
            "id": 31,
            "bank": "CIB INVESTMENT FUND MANAGEMENT COMPANY LTD.",
            "city": "BUDAPEST",
            "branch": null,
            "swift_code": "CINNHUH1"
        },
        {
            "id": 32,
            "bank": "CITIBANK EUROPE PLC HUNGARIAN BRANCH",
            "city": "BUDAPEST",
            "branch": "(CUSTODY DEPARTMENT)",
            "swift_code": "CITIHUHXCUS"
        },
        {
            "id": 33,
            "bank": "CITIBANK EUROPE PLC HUNGARIAN BRANCH",
            "city": "BUDAPEST",
            "branch": "(TRADE SERVICES DEPT.)",
            "swift_code": "CITIHUHXTRD"
        },
        {
            "id": 34,
            "bank": "CITIBANK EUROPE PLC HUNGARIAN BRANCH",
            "city": "BUDAPEST",
            "branch": null,
            "swift_code": "CITIHUHX"
        },
        {
            "id": 35,
            "bank": "CODEX ERTEKTAR ES ERTEKPAPIR ZRT.",
            "city": "BUDAPEST",
            "branch": "(SECURITIES MARKETS)",
            "swift_code": "CEEZHUH1SMK"
        },
        {
            "id": 36,
            "bank": "CODEX ERTEKTAR ES ERTEKPAPIR ZRT.",
            "city": "BUDAPEST",
            "branch": null,
            "swift_code": "CEEZHUH1"
        },
        {
            "id": 37,
            "bank": "COMMERZBANK (BUDAPEST) RT.",
            "city": "BUDAPEST",
            "branch": null,
            "swift_code": "COBAHUHX"
        },
        {
            "id": 38,
            "bank": "CONCORDE ERTEKPAPIR UGYNOKSEG RT",
            "city": "BUDAPEST",
            "branch": null,
            "swift_code": "COEGHUH1"
        },
        {
            "id": 39,
            "bank": "CONCORDE INVESTMENT FUND MANAGEMENT COMPANY LTD.",
            "city": "BUDAPEST",
            "branch": null,
            "swift_code": "CIUAHUH1"
        },
        {
            "id": 40,
            "bank": "CREDIT SUISSE - BUDAPEST",
            "city": "BUDAPEST",
            "branch": null,
            "swift_code": "CSBUHUH1"
        },
        {
            "id": 41,
            "bank": "CREDIT SUISSE ASSET MANAGEMENT HUNGARY INVESTMENT FUND MANAGEMENT COMPANY LTD.",
            "city": "BUDAPEST",
            "branch": null,
            "swift_code": "CSAGHUH1"
        },
        {
            "id": 42,
            "bank": "DEUTSCHE BANK AG HUNGARY BRANCH",
            "city": "BUDAPEST",
            "branch": null,
            "swift_code": "DEUTHU2B"
        },
        {
            "id": 43,
            "bank": "DIOFA ALAPKEZELO ZRT.",
            "city": "BUDAPEST",
            "branch": "(BACK OFFICE)",
            "swift_code": "DIATHUH1BKO"
        },
        {
            "id": 44,
            "bank": "DIOFA ALAPKEZELO ZRT.",
            "city": "BUDAPEST",
            "branch": null,
            "swift_code": "DIATHUH1"
        },
        {
            "id": 45,
            "bank": "DUNA TAKAREK BANK ZRT.",
            "city": "GYOR",
            "branch": null,
            "swift_code": "DTBAHUHB"
        },
        {
            "id": 46,
            "bank": "DUNAKANYAR TAKAREKSZOVETKEZET",
            "city": "DUNABOGDANY",
            "branch": null,
            "swift_code": "DUNAHUH1"
        },
        {
            "id": 47,
            "bank": "EASTBROKERS",
            "city": "BUDAPEST",
            "branch": null,
            "swift_code": "EASBHUH1"
        },
        {
            "id": 48,
            "bank": "EBROKERHAZ ZRT.",
            "city": "BUDAPEST",
            "branch": null,
            "swift_code": "HAMZHUH1"
        },
        {
            "id": 49,
            "bank": "EQUILOR INVESTMENT PLC.",
            "city": "BUDAPEST",
            "branch": null,
            "swift_code": "EQIEHUH1"
        },
        {
            "id": 50,
            "bank": "ERSTE BANK HUNGARY ZRT",
            "city": "BUDAPEST",
            "branch": "(CUSTODY DEPARTMENT)",
            "swift_code": "GIBAHUH1CUS"
        },
        {
            "id": 51,
            "bank": "ERSTE BANK HUNGARY ZRT",
            "city": "BUDAPEST",
            "branch": null,
            "swift_code": "GIBAHUHB"
        },
        {
            "id": 52,
            "bank": "ERSTE BEFEKTETESI ZRT.",
            "city": "BUDAPEST",
            "branch": null,
            "swift_code": "ERSKHUH1"
        },
        {
            "id": 53,
            "bank": "ERSTE INVESTMENT FUND MANAGEMENT COMPANY LTD.",
            "city": "BUDAPEST",
            "branch": null,
            "swift_code": "EIFMHUH1"
        },
        {
            "id": 54,
            "bank": "'EUROPA' INVESTMENT FUND MANAGEMENT COMPANY LIMITED",
            "city": "BUDAPEST",
            "branch": null,
            "swift_code": "EIFAHUH1"
        },
        {
            "id": 55,
            "bank": "FHB KERESKEDELMI BANK ZRT",
            "city": "BUDAPEST",
            "branch": null,
            "swift_code": "FHKBHUHB"
        },
        {
            "id": 56,
            "bank": "FOLDHITEL ES JELZALOGBANK RT",
            "city": "BUDAPEST",
            "branch": null,
            "swift_code": "FHJBHUHB"
        },
        {
            "id": 57,
            "bank": "FUEZES TAKAREK SZOVETKEZETI HITELINTEZET",
            "city": "FUZESABONY",
            "branch": null,
            "swift_code": "FUVTHUH1"
        },
        {
            "id": 58,
            "bank": "FUNDAMENTA-LAKASKASSZA LAKASTAKAREKPENZTAR RT",
            "city": "BUDAPEST",
            "branch": null,
            "swift_code": "FLTPHUHB"
        },
        {
            "id": 59,
            "bank": "FUTUREAL INVESTMENT FUND MANAGEMENT COMPANY LTD.",
            "city": "BUDAPEST",
            "branch": null,
            "swift_code": "FIFMHUH1"
        },
        {
            "id": 60,
            "bank": "GENERALI ALAPKEZELO ZRT",
            "city": "BUDAPEST",
            "branch": null,
            "swift_code": "GEAZHUH1"
        },
        {
            "id": 61,
            "bank": "GENERALI INVESTMENT FUND MANAGEMENT COMPANY LTD.",
            "city": "BUDAPEST",
            "branch": "(ALL BRANCHES)",
            "swift_code": "GIFGHUH1ALL"
        },
        {
            "id": 62,
            "bank": "GENERALI INVESTMENT FUND MANAGEMENT COMPANY LTD.",
            "city": "BUDAPEST",
            "branch": null,
            "swift_code": "GIFGHUH1"
        },
        {
            "id": 63,
            "bank": "GIRO ZRT.",
            "city": "BUDAPEST",
            "branch": null,
            "swift_code": "GHUNHUHB"
        },
        {
            "id": 64,
            "bank": "GIRO ZRT.",
            "city": "BUDAPEST",
            "branch": null,
            "swift_code": "GHUNHUHBGIR"
        },
        {
            "id": 65,
            "bank": "GLENCORE GRAIN HUNGARY KFT.",
            "city": "BUDAPEST",
            "branch": null,
            "swift_code": "GGHKHUH1"
        },
        {
            "id": 66,
            "bank": "GOG SECURITIES LIMITED",
            "city": "BUDAPEST",
            "branch": null,
            "swift_code": "GOSCHUH1"
        },
        {
            "id": 67,
            "bank": "GRANIT BANK ZRT.",
            "city": "BUDAPEST",
            "branch": null,
            "swift_code": "GNBAHUHB"
        },
        {
            "id": 68,
            "bank": "HAJDUDOROG ES VIDEKE TAKAREKSZOEVETKEZET",
            "city": "HAJDUDOROG",
            "branch": null,
            "swift_code": "HAVTHUH1"
        },
        {
            "id": 69,
            "bank": "HATARIDOS TOZSDEIPAR KFT.",
            "city": "BEKESCSABA",
            "branch": "(MONEY MARKETS AND DERIVATIVES)",
            "swift_code": "HATKHUH1MMD"
        },
        {
            "id": 70,
            "bank": "HATARIDOS TOZSDEIPAR KFT.",
            "city": "BEKESCSABA",
            "branch": null,
            "swift_code": "HATKHUH1"
        },
        {
            "id": 71,
            "bank": "HATARIDOS TOZSDEIPAR KFT.",
            "city": "BEKESCSABA",
            "branch": null,
            "swift_code": "HATKHUH1HA1"
        },
        {
            "id": 72,
            "bank": "HUNGARIA ORDER KFT",
            "city": "BUDAPEST",
            "branch": "(COMMODITIES)",
            "swift_code": "HUOKHUH1MMD"
        },
        {
            "id": 73,
            "bank": "HUNGARIA ORDER KFT",
            "city": "BUDAPEST",
            "branch": null,
            "swift_code": "HUOKHUH1"
        },
        {
            "id": 74,
            "bank": "HUNGARIAN DEVELOPMENT BANK PLC",
            "city": "BUDAPEST",
            "branch": null,
            "swift_code": "HBIDHUHB"
        },
        {
            "id": 75,
            "bank": "HUNGARIAN REGISTRY",
            "city": "BUDAPEST",
            "branch": null,
            "swift_code": "HRNWHUH1"
        },
        {
            "id": 76,
            "bank": "HUNGARIAN STATE TREASURY",
            "city": "BUDAPEST",
            "branch": null,
            "swift_code": "HUSTHUHB"
        },
        {
            "id": 77,
            "bank": "HUNGAROGRAIN ZRT",
            "city": "BUDAPEST",
            "branch": null,
            "swift_code": "HUZRHUH1"
        },
        {
            "id": 78,
            "bank": "IE INVESTMENT FUND MANAGEMENT COMPANY LTD.",
            "city": "BUDAPEST",
            "branch": null,
            "swift_code": "IFMCHUH1"
        },
        {
            "id": 79,
            "bank": "IE-NEW YORK BROKER BEFEKTETES ES PENZUEGYI KOEZVETIT ZARKOER EN M KOED RESZVENTYTARSASAG",
            "city": "BUDAPEST",
            "branch": null,
            "swift_code": "NYBBHUH1"
        },
        {
            "id": 80,
            "bank": "IKR-BROKER TOZSDEUGYNOKI KFT.",
            "city": "BABOLNA",
            "branch": "(BACK OFFICE)",
            "swift_code": "IKTKHUH1BKO"
        },
        {
            "id": 81,
            "bank": "IKR-BROKER TOZSDEUGYNOKI KFT.",
            "city": "BABOLNA",
            "branch": null,
            "swift_code": "IKTKHUH1"
        },
        {
            "id": 82,
            "bank": "ING BANK N.V. HUNGARY BRANCH",
            "city": "BUDAPEST",
            "branch": null,
            "swift_code": "INGBHUHB"
        },
        {
            "id": 83,
            "bank": "ING BARING ERTEKPAPIR RT",
            "city": "BUDAPEST",
            "branch": null,
            "swift_code": "IBARHUH1"
        },
        {
            "id": 84,
            "bank": "ING INVESTMENT FUND MANAGEMENT COMPANY LTD.",
            "city": "BUDAPEST",
            "branch": null,
            "swift_code": "IIFMHUH1"
        },
        {
            "id": 85,
            "bank": "K AND H BANK ZRT.(FORMERLY KERESKEDELMI ES HITELBANK RT)",
            "city": "BUDAPEST",
            "branch": null,
            "swift_code": "OKHBHUHB"
        },
        {
            "id": 86,
            "bank": "K AND H EQUITIES TANACSADO ZARTKOER EN M KOED RESZVENYTARSASAG",
            "city": "BUDAPEST",
            "branch": null,
            "swift_code": "AAHTHUH1"
        },
        {
            "id": 87,
            "bank": "K AND H SECURITIES INVESTMENT FUND MANAGEMENT COMPANY LTD.",
            "city": "BUDAPEST",
            "branch": null,
            "swift_code": "SIFNHUH1"
        },
        {
            "id": 88,
            "bank": "KBC EQUITAS ZRT.",
            "city": "BUDAPEST",
            "branch": null,
            "swift_code": "KBEQHUH1"
        },
        {
            "id": 89,
            "bank": "KBC SECURITIES N.V. HUNGARIAN BRANCH OFFICE",
            "city": "BUDAPEST",
            "branch": null,
            "swift_code": "KBSEHUH1"
        },
        {
            "id": 90,
            "bank": "KDB BANK EUROPE LTD.",
            "city": "BUDAPEST",
            "branch": null,
            "swift_code": "KODBHUHB"
        },
        {
            "id": 91,
            "bank": "KELER KOZPONTI ERTEKTAR ZARTKORUEN MUKODO RESZVENYTARSASAG",
            "city": "BUDAPEST",
            "branch": null,
            "swift_code": "KELRHUHA"
        },
        {
            "id": 92,
            "bank": "KELER LTD.",
            "city": "BUDAPEST",
            "branch": null,
            "swift_code": "KELEHUH1"
        },
        {
            "id": 93,
            "bank": "KORMEND ES VIDEKE TAKAREKSZOVETKEZET",
            "city": "KORMEND",
            "branch": null,
            "swift_code": "KOVTHUH1"
        },
        {
            "id": 94,
            "bank": "KOZPONTI ELSZAMOLOHAZ ES ERTEKTAR (BUDAPEST), ZRT.",
            "city": "BUDAPEST",
            "branch": "(COMMUNICATION SERVICES FOR CCP)",
            "swift_code": "KELRHUHBCOM"
        },
        {
            "id": 95,
            "bank": "KOZPONTI ELSZAMOLOHAZ ES ERTEKTAR (BUDAPEST), ZRT.",
            "city": "BUDAPEST",
            "branch": "(VIBER DEPARTMENT)",
            "swift_code": "KELRHUHBABC"
        },
        {
            "id": 96,
            "bank": "KOZPONTI ELSZAMOLOHAZ ES ERTEKTAR (BUDAPEST), ZRT.",
            "city": "BUDAPEST",
            "branch": null,
            "swift_code": "KELRHUHB"
        },
        {
            "id": 97,
            "bank": "MAGNET BANK ZRT.",
            "city": "BUDAPEST",
            "branch": null,
            "swift_code": "HBWEHUHB"
        },
        {
            "id": 98,
            "bank": "MAGYAR CETELEM BANK ZRT.",
            "city": "BUDAPEST",
            "branch": null,
            "swift_code": "MCBHHUHB"
        },
        {
            "id": 99,
            "bank": "MAGYAR EXPORT IMPORT BANK ZRT.",
            "city": "BUDAPEST",
            "branch": null,
            "swift_code": "HEXIHUHB"
        },
        {
            "id": 100,
            "bank": "MAGYAR NEMZETI BANK",
            "city": "BUDAPEST",
            "branch": "(DOMESTIC PAYMENT SYSTEM)",
            "swift_code": "MANEHUHH"
        },
        {
            "id": 101,
            "bank": "MAGYAR NEMZETI BANK",
            "city": "BUDAPEST",
            "branch": null,
            "swift_code": "MANEHUHB"
        },
        {
            "id": 102,
            "bank": "MAGYAR PARIBAS S.A.",
            "city": "BUDAPEST",
            "branch": null,
            "swift_code": "PARBHUH1"
        },
        {
            "id": 103,
            "bank": "MAGYAR POSTA ZRT",
            "city": "BUDAPEST",
            "branch": null,
            "swift_code": "HUPOHUHB"
        },
        {
            "id": 104,
            "bank": "MAGYAR TAKAREKSZOVETKEZETI BANK RT.",
            "city": "BUDAPEST",
            "branch": null,
            "swift_code": "TAKBHUHB"
        },
        {
            "id": 105,
            "bank": "MECSEKKORNYEK HITELSZOVETKEZET",
            "city": "PECS",
            "branch": null,
            "swift_code": "MEHIHUH1"
        },
        {
            "id": 106,
            "bank": "MECSEKVIDEKE TAKAREKSZOEVETKEZET MECSEKNADASD",
            "city": "MECSEKNADASD",
            "branch": null,
            "swift_code": "MEVIHUH1"
        },
        {
            "id": 107,
            "bank": "MERKANTIL VALTO ES VAGYONBEFEKTETO BANK RT.",
            "city": "BUDAPEST",
            "branch": null,
            "swift_code": "MRKBHUHB"
        },
        {
            "id": 108,
            "bank": "MERLITO ZRT.",
            "city": "BUDAPEST",
            "branch": null,
            "swift_code": "MRZRHUH1"
        },
        {
            "id": 109,
            "bank": "MKB BANK ZRT (FORMERLY MAGYAR KULKERESKEDELMI BANK RT.)",
            "city": "BUDAPEST",
            "branch": null,
            "swift_code": "MKKBHUHB"
        },
        {
            "id": 110,
            "bank": "MKB INVESTMENT FUND MANAGEMENT COMPANY LTD.",
            "city": "BUDAPEST",
            "branch": null,
            "swift_code": "MIFNHUH1"
        },
        {
            "id": 111,
            "bank": "MOL HUNGARIAN OIL AND GAS PLC",
            "city": "BUDAPEST",
            "branch": null,
            "swift_code": "MOLHHUHB"
        },
        {
            "id": 112,
            "bank": "NHB GROWTH CREDIT BANK PLC.",
            "city": "BUDAPEST",
            "branch": null,
            "swift_code": "KULBHUHB"
        },
        {
            "id": 113,
            "bank": "NOMURA SECURITIES HUNGARY LTD.",
            "city": "BUDAPEST",
            "branch": null,
            "swift_code": "NOMSHUH1"
        },
        {
            "id": 114,
            "bank": "O.F.SZ. ORSZAGOS FIZETESI SZOLGALTATO ZARTKORUEN  MUKODO RESZVENYTARSASAG",
            "city": "BUDAPEST",
            "branch": null,
            "swift_code": "OFSZHUHB"
        },
        {
            "id": 115,
            "bank": "OBERBANK AG",
            "city": "BUDAPEST",
            "branch": null,
            "swift_code": "OBKLHUHB"
        },
        {
            "id": 116,
            "bank": "OERKENYI TAKAREKSZOEVETKEZET",
            "city": "ORKENY",
            "branch": null,
            "swift_code": "ORTAHUH1"
        },
        {
            "id": 117,
            "bank": "OTP BANK PLC.",
            "city": "BUDAPEST",
            "branch": null,
            "swift_code": "OTPVHUHB"
        },
        {
            "id": 118,
            "bank": "OTP ERTEKPAPIR RT",
            "city": "BUDAPEST",
            "branch": null,
            "swift_code": "OTPEHUH1"
        },
        {
            "id": 119,
            "bank": "OTP INVESTMENT FUND MANAGEMENT COMPANY LTD.",
            "city": "BUDAPEST",
            "branch": null,
            "swift_code": "OIFMHUH1"
        },
        {
            "id": 120,
            "bank": "OTP MORTGAGEBANK LTD",
            "city": "BUDAPEST",
            "branch": null,
            "swift_code": "OTPJHUHB"
        },
        {
            "id": 121,
            "bank": "OTP REAL ESTATE INVESTMENT FUND MANAGEMENT COMPANY LTD.",
            "city": "BUDAPEST",
            "branch": null,
            "swift_code": "OREIHUH1"
        },
        {
            "id": 122,
            "bank": "PILISVOEROESVAR ES VIDEKE TAKAREKSZOEVETKEZET",
            "city": "PILISVOROSVAR",
            "branch": null,
            "swift_code": "PVVTHUH1"
        },
        {
            "id": 123,
            "bank": "PLANINVEST BROKER ZRT.",
            "city": "KESZTHELY",
            "branch": null,
            "swift_code": "PLBZHU21"
        },
        {
            "id": 124,
            "bank": "POLGARI BANK ZRT",
            "city": "POLGAR",
            "branch": null,
            "swift_code": "POLBHU22"
        },
        {
            "id": 125,
            "bank": "PORSCHE BANK HUNGARIA ZRT",
            "city": "BUDAPEST",
            "branch": null,
            "swift_code": "POHZHUHB"
        },
        {
            "id": 126,
            "bank": "PRUDENT-INVEST INVESTMENT FUND MANAGEMENT COMPANY LTD.",
            "city": "BUDAPEST",
            "branch": null,
            "swift_code": "PIFMHUH1"
        },
        {
            "id": 127,
            "bank": "QUAESTOR ERTEKPAPIR NYRT.",
            "city": "BUDAPEST",
            "branch": null,
            "swift_code": "QUENHUH1"
        },
        {
            "id": 128,
            "bank": "QUAESTOR ERTEKPAPIR NYRT.",
            "city": "BUDAPEST",
            "branch": null,
            "swift_code": "QUENHUH1STY"
        },
        {
            "id": 129,
            "bank": "QUAESTOR INVESTMENT FUND MANAGEMENT COMPANY LTD.",
            "city": "BUDAPEST",
            "branch": null,
            "swift_code": "QIFMHUH1"
        },
        {
            "id": 130,
            "bank": "QUAESTOR PENZUEGYI TANACSADO ZARTKOER EN M KOED RESZVENYTARSASAG",
            "city": "BUDAPEST",
            "branch": null,
            "swift_code": "WEIVHUH1"
        },
        {
            "id": 131,
            "bank": "QUANTIS ALPHA BEFEKTETESI ZRT.",
            "city": "BUDAPEST",
            "branch": null,
            "swift_code": "QAWMHUH1"
        },
        {
            "id": 132,
            "bank": "QUOTE MTF LTD.",
            "city": "BUDAORS",
            "branch": null,
            "swift_code": "QUMTHUH1"
        },
        {
            "id": 133,
            "bank": "RAIFFEISEN BANK ZRT.",
            "city": "BUDAPEST",
            "branch": null,
            "swift_code": "UBRTHUHB"
        },
        {
            "id": 134,
            "bank": "RAIFFEISEN GAZDASAGI SZOLGALTATO ZARTKOER EN M KOED RESZVENTYTARSASAG",
            "city": "BUDAPEST",
            "branch": null,
            "swift_code": "REBKHUH1"
        },
        {
            "id": 135,
            "bank": "RAIFFEISEN INVESTMENT FUND MANAGEMENT COMPANY LTD.",
            "city": "BUDAPEST",
            "branch": null,
            "swift_code": "RIFMHUH1"
        },
        {
            "id": 136,
            "bank": "RANDOM CAPITAL ZRT",
            "city": "BUDAPEST",
            "branch": null,
            "swift_code": "RACZHUH1"
        },
        {
            "id": 137,
            "bank": "REALSZISZTEMA INVESTMENT FUND MANAGEMENT COMPANY LTD.",
            "city": "BUDAPEST",
            "branch": null,
            "swift_code": "RIFNHUH1"
        },
        {
            "id": 138,
            "bank": "REALSZISZTEMA SECURITIES TRADING AND INVESTMENTS LTD",
            "city": "BUDAPEST",
            "branch": null,
            "swift_code": "RSTIHUH1"
        },
        {
            "id": 139,
            "bank": "SAMSUNG ELECTRONICS HUNGRIAN",
            "city": "JASZFENYSZARU",
            "branch": "(SEH)",
            "swift_code": "SECTHUH1490"
        },
        {
            "id": 140,
            "bank": "SAMSUNG ELECTRONICS HUNGRIAN",
            "city": "JASZFENYSZARU",
            "branch": null,
            "swift_code": "SECTHUH1"
        },
        {
            "id": 141,
            "bank": "SBERBANK MAGYARORSZAG ZRT",
            "city": "BUDAPEST",
            "branch": null,
            "swift_code": "MAVOHUHB"
        },
        {
            "id": 142,
            "bank": "SOLAR CAPITA MARKETS ZRT.",
            "city": "BUDAPEST",
            "branch": null,
            "swift_code": "SCAZHUH1"
        },
        {
            "id": 143,
            "bank": "SOPRON BANK BURGENLAND ZRT.",
            "city": "SOPRON",
            "branch": null,
            "swift_code": "EHBBHUHS"
        },
        {
            "id": 144,
            "bank": "SPB BEFEKTETESI ZRT.",
            "city": "BUDAPEST",
            "branch": null,
            "swift_code": "SPBZHUH1"
        },
        {
            "id": 145,
            "bank": "STRATEGON SECURITIES CO.",
            "city": "BUDAPEST",
            "branch": null,
            "swift_code": "STEEHUH1"
        },
        {
            "id": 146,
            "bank": "SWAP ZRT.",
            "city": "BUDAPEST",
            "branch": null,
            "swift_code": "SWZRHUH1"
        },
        {
            "id": 147,
            "bank": "SZARVAS ES VIDEKE KOERZETI TAKAREKSZOEVETKEZET",
            "city": "SZARVAS",
            "branch": null,
            "swift_code": "SZTAHUH1"
        },
        {
            "id": 148,
            "bank": "SZECHENYI ISTVAN HITELSZOVETKEZET",
            "city": "ZALAEGERSZEG",
            "branch": null,
            "swift_code": "SZIHHUH1"
        },
        {
            "id": 149,
            "bank": "SZEGVAR ES VIDEKE TAKAREKSZOVETKEZET",
            "city": "SZEGVAR",
            "branch": null,
            "swift_code": "SZGTHUH1"
        },
        {
            "id": 150,
            "bank": "TAKAREK BROKER RT",
            "city": "BUDAPEST",
            "branch": null,
            "swift_code": "TAKRHUH1"
        },
        {
            "id": 151,
            "bank": "TAKAREK FUND MANAGEMENT PLC.",
            "city": "BUDAPEST",
            "branch": null,
            "swift_code": "TAFMHUH1"
        },
        {
            "id": 152,
            "bank": "TESZT BROKER",
            "city": "BUDAPEST",
            "branch": null,
            "swift_code": "TEBRHUH1"
        },
        {
            "id": 153,
            "bank": "TISZAFOELDVAR ES VIDEKE TAKAREKSZOEVETKEZET",
            "city": "TISZAFOLDVAR",
            "branch": null,
            "swift_code": "TISZHUH1"
        },
        {
            "id": 154,
            "bank": "TISZANTULI ELSOE HITELSZOEVETKEZET",
            "city": "DEBRECEN",
            "branch": null,
            "swift_code": "TEHDHUH1"
        },
        {
            "id": 155,
            "bank": "UNICREDIT BANK HUNGARY ZRT.",
            "city": "BUDAPEST",
            "branch": "(CUSTODIAN SERVICES)",
            "swift_code": "BACXHUHBCUS"
        },
        {
            "id": 156,
            "bank": "UNICREDIT BANK HUNGARY ZRT.",
            "city": "BUDAPEST",
            "branch": "(SECURITIES SETTLEMENT)",
            "swift_code": "BACXHUHBINM"
        },
        {
            "id": 157,
            "bank": "UNICREDIT BANK HUNGARY ZRT.",
            "city": "BUDAPEST",
            "branch": null,
            "swift_code": "BACXHUHB"
        },
        {
            "id": 158,
            "bank": "UNIQA ASSET MANAGEMENT COMPANY LTD.",
            "city": "BUDAPEST",
            "branch": null,
            "swift_code": "UAMCHUH1"
        },
        {
            "id": 159,
            "bank": "VIRPAY PAYMENT SERVICE PROVIDER KFT",
            "city": "BUDAPEST",
            "branch": null,
            "swift_code": "VIRPHUHB"
        },
        {
            "id": 160,
            "bank": "WOOD AND COMPANY TANACSADO RT.",
            "city": "BUDAPEST",
            "branch": null,
            "swift_code": "WOODHUH1"
        }
    ]
}
