{
    "country": "Isle of Man",
    "country_code": "IM",
    "list": [
        {
            "id": 1,
            "bank": "ABBEY NATIONAL TREASURY INTERNATIONAL LIMITED, ISLE OF MAN",
            "city": "DOUGLAS",
            "branch": null,
            "swift_code": "ANILIMDX"
        },
        {
            "id": 2,
            "bank": "BALOISE (IOM) LIMITED",
            "city": "DOUGLAS",
            "branch": null,
            "swift_code": "BAOMIMD1"
        },
        {
            "id": 3,
            "bank": "BANK OF SCOTLAND",
            "city": "DOUGLAS",
            "branch": "(DOUGLAS (IOM) (R) 12.47.51)",
            "swift_code": "BOFSIM21007"
        },
        {
            "id": 4,
            "bank": "BANK OF SCOTLAND",
            "city": "DOUGLAS",
            "branch": "(INTERNATIONAL, ISLE OF MAN)",
            "swift_code": "BOFSIM21IOM"
        },
        {
            "id": 5,
            "bank": "BANK OF SCOTLAND",
            "city": "DOUGLAS",
            "branch": "(ISLE OF MAN MTGS NO 2)",
            "swift_code": "BOFSIM21001"
        },
        {
            "id": 6,
            "bank": "BANK OF SCOTLAND",
            "city": "DOUGLAS",
            "branch": "(MORTGAGES)",
            "swift_code": "BOFSIM21IMM"
        },
        {
            "id": 7,
            "bank": "BANK OF SCOTLAND",
            "city": "DOUGLAS",
            "branch": null,
            "swift_code": "BOFSIM21"
        },
        {
            "id": 8,
            "bank": "BANK OF SCOTLAND",
            "city": "DOUGLAS",
            "branch": null,
            "swift_code": "BOFSIMA1"
        },
        {
            "id": 9,
            "bank": "BARCLAYS BANK PLC",
            "city": "DOUGLAS",
            "branch": "(BARCLAYS BANK PLC IOM)",
            "swift_code": "BARCIMD10D6"
        },
        {
            "id": 10,
            "bank": "BARCLAYS BANK PLC",
            "city": "DOUGLAS",
            "branch": "(BPCI LIMITED WOOLWICH IOM)",
            "swift_code": "BARCIMD10WI"
        },
        {
            "id": 11,
            "bank": "BARCLAYS BANK PLC",
            "city": "DOUGLAS",
            "branch": "(ISLE OF MAN KNIGHTSBRIDGE INTERNATIONAL BANKING CENTRE)",
            "swift_code": "BARCIMD10D7"
        },
        {
            "id": 12,
            "bank": "BARCLAYS BANK PLC",
            "city": "DOUGLAS",
            "branch": "(PERSONAL BANKING INTERNATIONAL - CUST. A-F (ISLE OF MAN))",
            "swift_code": "BARCIMD10D3"
        },
        {
            "id": 13,
            "bank": "BARCLAYS BANK PLC",
            "city": "DOUGLAS",
            "branch": "(PERSONAL BANKING INTERNATIONAL - CUST. G-M (ISLE OF MAN))",
            "swift_code": "BARCIMD10D4"
        },
        {
            "id": 14,
            "bank": "BARCLAYS BANK PLC",
            "city": "DOUGLAS",
            "branch": "(PERSONAL BANKING INTERNATIONAL - CUST. N-Z (ISLE OF MAN))",
            "swift_code": "BARCIMD10D5"
        },
        {
            "id": 15,
            "bank": "BARCLAYS BANK PLC",
            "city": "DOUGLAS",
            "branch": "(PERSONAL BANKING INTERNATIONAL - ISLE OF MAN)",
            "swift_code": "BARCIMD10D2"
        },
        {
            "id": 16,
            "bank": "BARCLAYS BANK PLC",
            "city": "DOUGLAS",
            "branch": null,
            "swift_code": "BARCIMD1"
        },
        {
            "id": 17,
            "bank": "BARCLAYS PRIVATE BANK AND TRUST (ISLE OF MAN) LIMITED",
            "city": "DOUGLAS",
            "branch": null,
            "swift_code": "BPBLIMD1"
        },
        {
            "id": 18,
            "bank": "BARCLAYS PRIVATE CLIENTS INTERNATIONAL LIMITED",
            "city": "DOUGLAS",
            "branch": null,
            "swift_code": "BFIMIMD1"
        },
        {
            "id": 19,
            "bank": "CAPITAL INTERNATIONAL LIMTED",
            "city": "DOUGLAS",
            "branch": "(CAPITAL FINANCIAL MARKETS)",
            "swift_code": "CIGLIMDDCFM"
        },
        {
            "id": 20,
            "bank": "CAPITAL INTERNATIONAL LIMTED",
            "city": "DOUGLAS",
            "branch": "(CAPITAL FUND SERVICES)",
            "swift_code": "CIGLIMDDCFS"
        },
        {
            "id": 21,
            "bank": "CAPITAL INTERNATIONAL LIMTED",
            "city": "DOUGLAS",
            "branch": "(CAPITAL TREASURY SERVICES)",
            "swift_code": "CIGLIMDDCTS"
        },
        {
            "id": 22,
            "bank": "CAPITAL INTERNATIONAL LIMTED",
            "city": "DOUGLAS",
            "branch": null,
            "swift_code": "CIGLIMDD"
        },
        {
            "id": 23,
            "bank": "CAPITAL INTERNATIONAL LIMTED",
            "city": "DOUGLAS",
            "branch": null,
            "swift_code": "CIGLIMDDCIL"
        },
        {
            "id": 24,
            "bank": "CAPITAL INTERNATIONAL LTD",
            "city": "CASTLETOWN",
            "branch": null,
            "swift_code": "CAITIMD1"
        },
        {
            "id": 25,
            "bank": "CAPITAL INTERNATIONAL LTD - ISLE OF MAN",
            "city": "CASTLETOWN",
            "branch": null,
            "swift_code": "CAITIMD1001"
        },
        {
            "id": 26,
            "bank": "CAYMAN NATIONAL BANK AND TRUST COMPANY (ISLE OF MAN) LIMITED",
            "city": "DOUGLAS",
            "branch": null,
            "swift_code": "CNBTIMDD"
        },
        {
            "id": 27,
            "bank": "CELTIC BANK LTD",
            "city": "DOUGLAS",
            "branch": null,
            "swift_code": "CELBIMD1"
        },
        {
            "id": 28,
            "bank": "CHARLEMAGNE CAPITAL (IOM) LTD",
            "city": "DOUGLAS",
            "branch": null,
            "swift_code": "CHPMIMD1"
        },
        {
            "id": 29,
            "bank": "CLYDESDALE BANK PLC",
            "city": "DOUGLAS",
            "branch": null,
            "swift_code": "CLYDIMD1"
        },
        {
            "id": 30,
            "bank": "CONISTER BANK LIMITED",
            "city": "DOUGLAS",
            "branch": null,
            "swift_code": "CNNIIMD2"
        },
        {
            "id": 31,
            "bank": "EQUILIBRIUM SOLUTIONS LTD",
            "city": "DOUGLAS",
            "branch": null,
            "swift_code": "EQSOIMD1"
        },
        {
            "id": 32,
            "bank": "FINANTECH LIMITED",
            "city": "DOUGLAS",
            "branch": null,
            "swift_code": "FIHTIMD1"
        },
        {
            "id": 33,
            "bank": "FLEMING (JERSEY) LIMITED",
            "city": "DOUGLAS",
            "branch": null,
            "swift_code": "FLJEIMD1"
        },
        {
            "id": 34,
            "bank": "FORTIS (ISLE OF MAN) LIMITED",
            "city": "DOUGLAS",
            "branch": null,
            "swift_code": "MPIEIMD1"
        },
        {
            "id": 35,
            "bank": "HALIFAX PLC",
            "city": "DOUGLAS",
            "branch": "(HALIFAX INT)",
            "swift_code": "HLFXIMD1001"
        },
        {
            "id": 36,
            "bank": "HALIFAX PLC",
            "city": "DOUGLAS",
            "branch": "(ISLE OF MAN (R))",
            "swift_code": "HLFXIMD1002"
        },
        {
            "id": 37,
            "bank": "HALIFAX PLC",
            "city": "DOUGLAS",
            "branch": null,
            "swift_code": "HLFXIMD1"
        },
        {
            "id": 38,
            "bank": "HSBC BANK PLC",
            "city": "DOUGLAS",
            "branch": null,
            "swift_code": "MIDLIM21"
        },
        {
            "id": 39,
            "bank": "HSBC TRUST CORPORATION (ISLE OF MAN) LIMITED",
            "city": "DOUGLAS",
            "branch": null,
            "swift_code": "MIDLIMD1"
        },
        {
            "id": 40,
            "bank": "ISLE OF MAN BANK",
            "city": "DOUGLAS",
            "branch": "(ATHOL STREET)",
            "swift_code": "RBOSIM41ATH"
        },
        {
            "id": 41,
            "bank": "ISLE OF MAN BANK",
            "city": "DOUGLAS",
            "branch": "(EAST REGION)",
            "swift_code": "RBOSIM41EST"
        },
        {
            "id": 42,
            "bank": "ISLE OF MAN BANK",
            "city": "DOUGLAS",
            "branch": "(PEEL BRANCH)",
            "swift_code": "RBOSIM41PEL"
        },
        {
            "id": 43,
            "bank": "ISLE OF MAN BANK",
            "city": "DOUGLAS",
            "branch": "(RAMSEY BRANCH)",
            "swift_code": "RBOSIM41RAM"
        },
        {
            "id": 44,
            "bank": "ISLE OF MAN BANK",
            "city": "DOUGLAS",
            "branch": "(SOUTH REGION)",
            "swift_code": "RBOSIM41STH"
        },
        {
            "id": 45,
            "bank": "ISLE OF MAN BANK",
            "city": "DOUGLAS",
            "branch": null,
            "swift_code": "RBOSIMD2"
        },
        {
            "id": 46,
            "bank": "KKB LIMITED",
            "city": "DOUGLAS",
            "branch": null,
            "swift_code": "KKBBIMD1"
        },
        {
            "id": 47,
            "bank": "LAXEY",
            "city": "DOUGLAS",
            "branch": null,
            "swift_code": "LAXEIMD1"
        },
        {
            "id": 48,
            "bank": "LLOYDS BANK INTERNATIONAL LIMITED",
            "city": "CASTLETOWN",
            "branch": "(CASTLETOWN (771749))",
            "swift_code": "LOYDIMD1005"
        },
        {
            "id": 49,
            "bank": "LLOYDS BANK INTERNATIONAL LIMITED",
            "city": "DOUGLAS",
            "branch": "(ISLE OF MAN OFFSHORE CENTRE)",
            "swift_code": "LOYDIMD1002"
        },
        {
            "id": 50,
            "bank": "LLOYDS BANK INTERNATIONAL LIMITED",
            "city": "DOUGLAS",
            "branch": "(STRAND STREET, DOUGLAS)",
            "swift_code": "LOYDIMD1003"
        },
        {
            "id": 51,
            "bank": "LLOYDS BANK INTERNATIONAL LIMITED",
            "city": "DOUGLAS",
            "branch": "(VICTORY HOUSE, DOUGLAS)",
            "swift_code": "LOYDIMD1001"
        },
        {
            "id": 52,
            "bank": "LLOYDS BANK INTERNATIONAL LIMITED",
            "city": "DOUGLAS",
            "branch": null,
            "swift_code": "LOYDIMD1"
        },
        {
            "id": 53,
            "bank": "LLOYDS BANK INTERNATIONAL LIMITED",
            "city": "RAMSEY",
            "branch": "(RAMSEY (771746))",
            "swift_code": "LOYDIMD1004"
        },
        {
            "id": 54,
            "bank": "NATWEST - ISLE OF MAN",
            "city": "DOUGLAS",
            "branch": null,
            "swift_code": "RBOSIM31"
        },
        {
            "id": 55,
            "bank": "NATWEST - ISLE OF MAN",
            "city": "DOUGLAS",
            "branch": null,
            "swift_code": "RBOSIMDD"
        },
        {
            "id": 56,
            "bank": "NEDBANK PRIVATE WEALTH LTD.",
            "city": "DOUGLAS",
            "branch": null,
            "swift_code": "RFLCIMDX"
        },
        {
            "id": 57,
            "bank": "OLD MUTUAL INTERNATIONAL IOM LIMITED",
            "city": "ONCHAN",
            "branch": "(BRANCH OPERATIONS)",
            "swift_code": "ROKLIMDIOPS"
        },
        {
            "id": 58,
            "bank": "OLD MUTUAL INTERNATIONAL IOM LIMITED",
            "city": "ONCHAN",
            "branch": null,
            "swift_code": "ROKLIMDI"
        },
        {
            "id": 59,
            "bank": "R.L. STOTT",
            "city": "DOUGLAS",
            "branch": null,
            "swift_code": "RLSTIMD1"
        },
        {
            "id": 60,
            "bank": "RAMSEY CROOKALL AND CO. LTD.",
            "city": "DOUGLAS",
            "branch": null,
            "swift_code": "RAYCIMD1"
        },
        {
            "id": 61,
            "bank": "ROYAL BANK OF CANADA",
            "city": "DOUGLAS",
            "branch": null,
            "swift_code": "ROYCIMD1"
        },
        {
            "id": 62,
            "bank": "ROYAL BANK OF SCOTLAND INTERNATIONAL LIMITED, THE",
            "city": "DOUGLAS",
            "branch": null,
            "swift_code": "RBOSIMDX"
        },
        {
            "id": 63,
            "bank": "ROYAL BANK OF SCOTLAND ISLE OF MAN (PLC)",
            "city": "DOUGLAS",
            "branch": null,
            "swift_code": "RBOSIMD1"
        },
        {
            "id": 64,
            "bank": "ROYAL BANK OF SCOTLAND ISLE OF MAN (PLC)",
            "city": "DOUGLAS",
            "branch": null,
            "swift_code": "RBOSIMD1571"
        },
        {
            "id": 65,
            "bank": "ROYAL SKANDIA TREASURY",
            "city": "DOUGLAS",
            "branch": null,
            "swift_code": "ROKTIMD1"
        },
        {
            "id": 66,
            "bank": "SHEARWATER SECURITIES LIMITED",
            "city": "CASTLETOWN",
            "branch": null,
            "swift_code": "SHSRIMD1"
        },
        {
            "id": 67,
            "bank": "STANDARD BANK INVESTMENT CORP.",
            "city": "DOUGLAS",
            "branch": null,
            "swift_code": "SBICIMD1"
        },
        {
            "id": 68,
            "bank": "STANDARD BANK ISLE OF MAN LIMITED",
            "city": "DOUGLAS",
            "branch": null,
            "swift_code": "SBICIMDX"
        },
        {
            "id": 69,
            "bank": "STANDARD BANK OF SOUTH AFRICA LTD, ISLE OF MAN BRANCH",
            "city": "DOUGLAS",
            "branch": null,
            "swift_code": "SBZAIMDD"
        },
        {
            "id": 70,
            "bank": "STANDARD BANK STOCKBROKERS (IOM) LTD.",
            "city": "DOUGLAS",
            "branch": null,
            "swift_code": "STBTIMD1"
        },
        {
            "id": 71,
            "bank": "STANDARD FINANCE (ISLE OF MAN) LTD",
            "city": "DOUGLAS",
            "branch": null,
            "swift_code": "STFIIMD1"
        },
        {
            "id": 72,
            "bank": "STARS INTERACTIVE LIMITED",
            "city": "ONCHAN",
            "branch": null,
            "swift_code": "RTNLIMDD"
        },
        {
            "id": 73,
            "bank": "SUN LIFE GLOBAL MANAGEMENT LIMITED",
            "city": "CASTLETOWN",
            "branch": null,
            "swift_code": "SLGNIMD1"
        },
        {
            "id": 74,
            "bank": "THOMAS MILLER INVESTMENT (ISLE OF MAN) LIMITED",
            "city": "DOUGLAS",
            "branch": null,
            "swift_code": "MIMIIMD1"
        },
        {
            "id": 75,
            "bank": "TIBRA STRUCTURED PRODUCTS LIMITED",
            "city": "DOUGLAS",
            "branch": null,
            "swift_code": "TISRIMD1"
        },
        {
            "id": 76,
            "bank": "TUFTON OCEANIC (ISLE OF MAN) LIMITED",
            "city": "DOUGLAS",
            "branch": null,
            "swift_code": "TOSNIMD1"
        },
        {
            "id": 77,
            "bank": "ULSTER BANK (I.O.M.) LIMITED",
            "city": "DOUGLAS",
            "branch": null,
            "swift_code": "ULSBIMD1"
        },
        {
            "id": 78,
            "bank": "W H IRELAND (IOM) LIMITED",
            "city": "DOUGLAS",
            "branch": null,
            "swift_code": "IRIOIMD1"
        }
    ]
}
