{
    "country": "Jersey",
    "country_code": "JE",
    "list": [
        {
            "id": 1,
            "bank": "ABN AMRO TRUST COMPANY (JERSEY) LIMITED",
            "city": "ST. HELIER",
            "branch": null,
            "swift_code": "ATCJJES1"
        },
        {
            "id": 2,
            "bank": "ABU DHABI COMMERCIAL BANK PJSC, JERSEY BRANCH",
            "city": "ST. HELIER",
            "branch": null,
            "swift_code": "ADCBJESH"
        },
        {
            "id": 3,
            "bank": "ALPHA BANK JERSEY LIMITED",
            "city": "ST. HELIER",
            "branch": null,
            "swift_code": "ALJEJES1"
        },
        {
            "id": 4,
            "bank": "ASAHI LIFE INVESTMENT EUROPE LIMITED",
            "city": "ST. HELIER",
            "branch": null,
            "swift_code": "ALIEJES1"
        },
        {
            "id": 5,
            "bank": "ASHBURTON (JERSEY) LIMITED",
            "city": "ST. HELIER",
            "branch": null,
            "swift_code": "ASHMJES1"
        },
        {
            "id": 6,
            "bank": "B.A.I.I. TRUST LTD",
            "city": "ST. HELIER",
            "branch": null,
            "swift_code": "BTRUJES1"
        },
        {
            "id": 7,
            "bank": "BALOISE FINANCE (JERSEY) LIMITED",
            "city": "ST. HELIER",
            "branch": null,
            "swift_code": "BAFJJES1"
        },
        {
            "id": 8,
            "bank": "BANK LEUMI JERSEY LIMITED",
            "city": "ST. HELIER",
            "branch": null,
            "swift_code": "LUMIJES1"
        },
        {
            "id": 9,
            "bank": "BANK OF INDIA, JERSEY BRANCH",
            "city": "ST. HELIER",
            "branch": null,
            "swift_code": "BKIDJESH"
        },
        {
            "id": 10,
            "bank": "BANK OF SCOTLAND - JERSEY TREASURY",
            "city": "ST. HELIER",
            "branch": "(DON ROAD OFFSHORE)",
            "swift_code": "BOFSJES1DRO"
        },
        {
            "id": 11,
            "bank": "BANK OF SCOTLAND - JERSEY TREASURY",
            "city": "ST. HELIER",
            "branch": "(INTERNATIONAL , JERSEY)",
            "swift_code": "BOFSJES1JER"
        },
        {
            "id": 12,
            "bank": "BANK OF SCOTLAND - JERSEY TREASURY",
            "city": "ST. HELIER",
            "branch": "(JERSEY (R) 12.47.53)",
            "swift_code": "BOFSJES1011"
        },
        {
            "id": 13,
            "bank": "BANK OF SCOTLAND - JERSEY TREASURY",
            "city": "ST. HELIER",
            "branch": "(JERSEY MONEY MKT A\/C CTRE (R) 12.47.54)",
            "swift_code": "BOFSJES1012"
        },
        {
            "id": 14,
            "bank": "BANK OF SCOTLAND - JERSEY TREASURY",
            "city": "ST. HELIER",
            "branch": null,
            "swift_code": "BOFSJES1"
        },
        {
            "id": 15,
            "bank": "BANK OF SCOTLAND (JERSEY) LIMITED",
            "city": "ST. HELIER",
            "branch": "(JERSEY MONEY MARKET ACCOUNTS CENTRE)",
            "swift_code": "BOFSJES1001"
        },
        {
            "id": 16,
            "bank": "BANK OF SCOTLAND (JERSEY) LIMITED",
            "city": "ST. HELIER",
            "branch": "(PERSONAL FINANCIAL SERVICES JERSEY)",
            "swift_code": "BOFSJES1002"
        },
        {
            "id": 17,
            "bank": "BANK OF SCOTLAND (JERSEY) LIMITED",
            "city": "ST. HELIER",
            "branch": "(SPEIRS AND JEFFREY JERSEY BRANCH)",
            "swift_code": "BOFSJES1SPJ"
        },
        {
            "id": 18,
            "bank": "BANK OF SCOTLAND (JERSEY) LIMITED",
            "city": "ST. HELIER",
            "branch": "(TURCAN CONNELL OFFSHORE BRANCH)",
            "swift_code": "BOFSJES1TCO"
        },
        {
            "id": 19,
            "bank": "BANQUE NATIONALE DE PARIS",
            "city": "ST. HELIER",
            "branch": null,
            "swift_code": "BNPAJESH"
        },
        {
            "id": 20,
            "bank": "BARCLAYS BANK PLC",
            "city": "GEORGETOWN",
            "branch": "(PERSONAL BANKING INTERNATIONAL - CUST. A-J (JERSEY))",
            "swift_code": "BARCJES1022"
        },
        {
            "id": 21,
            "bank": "BARCLAYS BANK PLC",
            "city": "GEORGETOWN",
            "branch": "(PERSONAL BANKING INTERNATIONAL - CUST. K-Z (JERSEY))",
            "swift_code": "BARCJES1023"
        },
        {
            "id": 22,
            "bank": "BARCLAYS BANK PLC",
            "city": "GEORGETOWN",
            "branch": "(PERSONAL BANKING INTERNATIONAL - JERSEY)",
            "swift_code": "BARCJES1026"
        },
        {
            "id": 23,
            "bank": "BARCLAYS BANK PLC",
            "city": "ST. HELIER",
            "branch": "(BARCLAYS BANK PLC JERSEY)",
            "swift_code": "BARCJES10S3"
        },
        {
            "id": 24,
            "bank": "BARCLAYS BANK PLC",
            "city": "ST. HELIER",
            "branch": "(BPCI LIMITED WOOLWICH JERSEY)",
            "swift_code": "BARCJES10WJ"
        },
        {
            "id": 25,
            "bank": "BARCLAYS BANK PLC",
            "city": "ST. HELIER",
            "branch": null,
            "swift_code": "BARCJES1"
        },
        {
            "id": 26,
            "bank": "BARCLAYS BANK PLC FIDUCIARY DEPOSIT BUSINESS",
            "city": "ST. HELIER",
            "branch": null,
            "swift_code": "BARCJESX"
        },
        {
            "id": 27,
            "bank": "BARCLAYS BANK PLC, JERSEY BRANCH",
            "city": "ST. HELIER",
            "branch": null,
            "swift_code": "BARCJESA"
        },
        {
            "id": 28,
            "bank": "BARCLAYS PRIVATE BANK AND TRUST LTD",
            "city": "ST. HELIER",
            "branch": null,
            "swift_code": "BPBLJES1"
        },
        {
            "id": 29,
            "bank": "BEDELL TRUST COMPANY LIMITED",
            "city": "ST. HELIER",
            "branch": null,
            "swift_code": "BEDLJESH"
        },
        {
            "id": 30,
            "bank": "BNP PARIBAS SECURITIES SERVICES JERSEY BRANCH",
            "city": "ST. HELIER",
            "branch": "(GLOBAL CUSTODY)",
            "swift_code": "PARBJESHISI"
        },
        {
            "id": 31,
            "bank": "BNP PARIBAS SECURITIES SERVICES JERSEY BRANCH",
            "city": "ST. HELIER",
            "branch": "(JERSEY)",
            "swift_code": "PARBJESHFDA"
        },
        {
            "id": 32,
            "bank": "BNP PARIBAS SECURITIES SERVICES JERSEY BRANCH",
            "city": "ST. HELIER",
            "branch": "(ST. HELIER)",
            "swift_code": "PARBJEH1000"
        },
        {
            "id": 33,
            "bank": "BNP PARIBAS SECURITIES SERVICES JERSEY BRANCH",
            "city": "ST. HELIER",
            "branch": "(ST. HELIER)",
            "swift_code": "PARBJEH1001"
        },
        {
            "id": 34,
            "bank": "BNP PARIBAS SECURITIES SERVICES JERSEY BRANCH",
            "city": "ST. HELIER",
            "branch": "(ST. HELIER)",
            "swift_code": "PARBJEH1002"
        },
        {
            "id": 35,
            "bank": "BNP PARIBAS SECURITIES SERVICES JERSEY BRANCH",
            "city": "ST. HELIER",
            "branch": "(ST. HELIER)",
            "swift_code": "PARBJEH1003"
        },
        {
            "id": 36,
            "bank": "BNP PARIBAS SECURITIES SERVICES JERSEY BRANCH",
            "city": "ST. HELIER",
            "branch": "(ST. HELIER)",
            "swift_code": "PARBJEH1004"
        },
        {
            "id": 37,
            "bank": "BNP PARIBAS SECURITIES SERVICES JERSEY BRANCH",
            "city": "ST. HELIER",
            "branch": "(ST. HELIER)",
            "swift_code": "PARBJEH1005"
        },
        {
            "id": 38,
            "bank": "BNP PARIBAS SECURITIES SERVICES JERSEY BRANCH",
            "city": "ST. HELIER",
            "branch": "(ST. HELIER)",
            "swift_code": "PARBJEH1006"
        },
        {
            "id": 39,
            "bank": "BNP PARIBAS SECURITIES SERVICES JERSEY BRANCH",
            "city": "ST. HELIER",
            "branch": "(ST. HELIER)",
            "swift_code": "PARBJEH1007"
        },
        {
            "id": 40,
            "bank": "BNP PARIBAS SECURITIES SERVICES JERSEY BRANCH",
            "city": "ST. HELIER",
            "branch": "(ST. HELIER)",
            "swift_code": "PARBJEH1008"
        },
        {
            "id": 41,
            "bank": "BNP PARIBAS SECURITIES SERVICES JERSEY BRANCH",
            "city": "ST. HELIER",
            "branch": "(ST. HELIER)",
            "swift_code": "PARBJEH1009"
        },
        {
            "id": 42,
            "bank": "BNP PARIBAS SECURITIES SERVICES JERSEY BRANCH",
            "city": "ST. HELIER",
            "branch": "(ST. HELIER)",
            "swift_code": "PARBJEH1010"
        },
        {
            "id": 43,
            "bank": "BNP PARIBAS SECURITIES SERVICES JERSEY BRANCH",
            "city": "ST. HELIER",
            "branch": "(ST. HELIER)",
            "swift_code": "PARBJEH1011"
        },
        {
            "id": 44,
            "bank": "BNP PARIBAS SECURITIES SERVICES JERSEY BRANCH",
            "city": "ST. HELIER",
            "branch": "(ST. HELIER)",
            "swift_code": "PARBJEH1012"
        },
        {
            "id": 45,
            "bank": "BNP PARIBAS SECURITIES SERVICES JERSEY BRANCH",
            "city": "ST. HELIER",
            "branch": "(ST. HELIER)",
            "swift_code": "PARBJEH1013"
        },
        {
            "id": 46,
            "bank": "BNP PARIBAS SECURITIES SERVICES JERSEY BRANCH",
            "city": "ST. HELIER",
            "branch": "(ST. HELIER)",
            "swift_code": "PARBJEH1014"
        },
        {
            "id": 47,
            "bank": "BNP PARIBAS SECURITIES SERVICES JERSEY BRANCH",
            "city": "ST. HELIER",
            "branch": "(ST. HELIER)",
            "swift_code": "PARBJEH1015"
        },
        {
            "id": 48,
            "bank": "BNP PARIBAS SECURITIES SERVICES JERSEY BRANCH",
            "city": "ST. HELIER",
            "branch": "(ST. HELIER)",
            "swift_code": "PARBJEH1016"
        },
        {
            "id": 49,
            "bank": "BNP PARIBAS SECURITIES SERVICES JERSEY BRANCH",
            "city": "ST. HELIER",
            "branch": "(ST. HELIER)",
            "swift_code": "PARBJEH1017"
        },
        {
            "id": 50,
            "bank": "BNP PARIBAS SECURITIES SERVICES JERSEY BRANCH",
            "city": "ST. HELIER",
            "branch": "(ST. HELIER)",
            "swift_code": "PARBJEH1018"
        },
        {
            "id": 51,
            "bank": "BNP PARIBAS SECURITIES SERVICES JERSEY BRANCH",
            "city": "ST. HELIER",
            "branch": "(ST. HELIER)",
            "swift_code": "PARBJEH1019"
        },
        {
            "id": 52,
            "bank": "BNP PARIBAS SECURITIES SERVICES JERSEY BRANCH",
            "city": "ST. HELIER",
            "branch": "(ST. HELIER)",
            "swift_code": "PARBJEH1020"
        },
        {
            "id": 53,
            "bank": "BNP PARIBAS SECURITIES SERVICES JERSEY BRANCH",
            "city": "ST. HELIER",
            "branch": "(ST. HELIER)",
            "swift_code": "PARBJEH1021"
        },
        {
            "id": 54,
            "bank": "BNP PARIBAS SECURITIES SERVICES JERSEY BRANCH",
            "city": "ST. HELIER",
            "branch": "(ST. HELIER)",
            "swift_code": "PARBJEH1022"
        },
        {
            "id": 55,
            "bank": "BNP PARIBAS SECURITIES SERVICES JERSEY BRANCH",
            "city": "ST. HELIER",
            "branch": "(ST. HELIER)",
            "swift_code": "PARBJEH1023"
        },
        {
            "id": 56,
            "bank": "BNP PARIBAS SECURITIES SERVICES JERSEY BRANCH",
            "city": "ST. HELIER",
            "branch": "(ST. HELIER)",
            "swift_code": "PARBJEH1024"
        },
        {
            "id": 57,
            "bank": "BNP PARIBAS SECURITIES SERVICES JERSEY BRANCH",
            "city": "ST. HELIER",
            "branch": "(ST. HELIER)",
            "swift_code": "PARBJEH1025"
        },
        {
            "id": 58,
            "bank": "BNP PARIBAS SECURITIES SERVICES JERSEY BRANCH",
            "city": "ST. HELIER",
            "branch": "(ST. HELIER)",
            "swift_code": "PARBJEH1026"
        },
        {
            "id": 59,
            "bank": "BNP PARIBAS SECURITIES SERVICES JERSEY BRANCH",
            "city": "ST. HELIER",
            "branch": "(ST. HELIER)",
            "swift_code": "PARBJEH1027"
        },
        {
            "id": 60,
            "bank": "BNP PARIBAS SECURITIES SERVICES JERSEY BRANCH",
            "city": "ST. HELIER",
            "branch": "(ST. HELIER)",
            "swift_code": "PARBJEH1028"
        },
        {
            "id": 61,
            "bank": "BNP PARIBAS SECURITIES SERVICES JERSEY BRANCH",
            "city": "ST. HELIER",
            "branch": "(ST. HELIER)",
            "swift_code": "PARBJEH1029"
        },
        {
            "id": 62,
            "bank": "BNP PARIBAS SECURITIES SERVICES JERSEY BRANCH",
            "city": "ST. HELIER",
            "branch": "(ST. HELIER)",
            "swift_code": "PARBJEH1030"
        },
        {
            "id": 63,
            "bank": "BNP PARIBAS SECURITIES SERVICES JERSEY BRANCH",
            "city": "ST. HELIER",
            "branch": "(ST. HELIER)",
            "swift_code": "PARBJEH1031"
        },
        {
            "id": 64,
            "bank": "BNP PARIBAS SECURITIES SERVICES JERSEY BRANCH",
            "city": "ST. HELIER",
            "branch": "(ST. HELIER)",
            "swift_code": "PARBJEH1032"
        },
        {
            "id": 65,
            "bank": "BNP PARIBAS SECURITIES SERVICES JERSEY BRANCH",
            "city": "ST. HELIER",
            "branch": "(ST. HELIER)",
            "swift_code": "PARBJEH1033"
        },
        {
            "id": 66,
            "bank": "BNP PARIBAS SECURITIES SERVICES JERSEY BRANCH",
            "city": "ST. HELIER",
            "branch": "(ST. HELIER)",
            "swift_code": "PARBJEH1034"
        },
        {
            "id": 67,
            "bank": "BNP PARIBAS SECURITIES SERVICES JERSEY BRANCH",
            "city": "ST. HELIER",
            "branch": "(ST. HELIER)",
            "swift_code": "PARBJEH1035"
        },
        {
            "id": 68,
            "bank": "BNP PARIBAS SECURITIES SERVICES JERSEY BRANCH",
            "city": "ST. HELIER",
            "branch": "(ST. HELIER)",
            "swift_code": "PARBJEH1036"
        },
        {
            "id": 69,
            "bank": "BNP PARIBAS SECURITIES SERVICES JERSEY BRANCH",
            "city": "ST. HELIER",
            "branch": "(ST. HELIER)",
            "swift_code": "PARBJEH1037"
        },
        {
            "id": 70,
            "bank": "BNP PARIBAS SECURITIES SERVICES JERSEY BRANCH",
            "city": "ST. HELIER",
            "branch": "(ST. HELIER)",
            "swift_code": "PARBJEH1038"
        },
        {
            "id": 71,
            "bank": "BNP PARIBAS SECURITIES SERVICES JERSEY BRANCH",
            "city": "ST. HELIER",
            "branch": "(ST. HELIER)",
            "swift_code": "PARBJEH1039"
        },
        {
            "id": 72,
            "bank": "BNP PARIBAS SECURITIES SERVICES JERSEY BRANCH",
            "city": "ST. HELIER",
            "branch": "(ST. HELIER)",
            "swift_code": "PARBJEH1040"
        },
        {
            "id": 73,
            "bank": "BNP PARIBAS SECURITIES SERVICES JERSEY BRANCH",
            "city": "ST. HELIER",
            "branch": "(ST. HELIER)",
            "swift_code": "PARBJEH1041"
        },
        {
            "id": 74,
            "bank": "BNP PARIBAS SECURITIES SERVICES JERSEY BRANCH",
            "city": "ST. HELIER",
            "branch": "(ST. HELIER)",
            "swift_code": "PARBJEH1042"
        },
        {
            "id": 75,
            "bank": "BNP PARIBAS SECURITIES SERVICES JERSEY BRANCH",
            "city": "ST. HELIER",
            "branch": "(ST. HELIER)",
            "swift_code": "PARBJEH1043"
        },
        {
            "id": 76,
            "bank": "BNP PARIBAS SECURITIES SERVICES JERSEY BRANCH",
            "city": "ST. HELIER",
            "branch": "(ST. HELIER)",
            "swift_code": "PARBJEH1044"
        },
        {
            "id": 77,
            "bank": "BNP PARIBAS SECURITIES SERVICES JERSEY BRANCH",
            "city": "ST. HELIER",
            "branch": "(ST. HELIER)",
            "swift_code": "PARBJEH1045"
        },
        {
            "id": 78,
            "bank": "BNP PARIBAS SECURITIES SERVICES JERSEY BRANCH",
            "city": "ST. HELIER",
            "branch": "(ST. HELIER)",
            "swift_code": "PARBJEH1046"
        },
        {
            "id": 79,
            "bank": "BNP PARIBAS SECURITIES SERVICES JERSEY BRANCH",
            "city": "ST. HELIER",
            "branch": "(ST. HELIER)",
            "swift_code": "PARBJEH1047"
        },
        {
            "id": 80,
            "bank": "BNP PARIBAS SECURITIES SERVICES JERSEY BRANCH",
            "city": "ST. HELIER",
            "branch": "(ST. HELIER)",
            "swift_code": "PARBJEH1048"
        },
        {
            "id": 81,
            "bank": "BNP PARIBAS SECURITIES SERVICES JERSEY BRANCH",
            "city": "ST. HELIER",
            "branch": "(ST. HELIER)",
            "swift_code": "PARBJEH1049"
        },
        {
            "id": 82,
            "bank": "BNP PARIBAS SECURITIES SERVICES JERSEY BRANCH",
            "city": "ST. HELIER",
            "branch": "(ST. HELIER)",
            "swift_code": "PARBJEH1050"
        },
        {
            "id": 83,
            "bank": "BNP PARIBAS SECURITIES SERVICES JERSEY BRANCH",
            "city": "ST. HELIER",
            "branch": "(ST. HELIER)",
            "swift_code": "PARBJEH1051"
        },
        {
            "id": 84,
            "bank": "BNP PARIBAS SECURITIES SERVICES JERSEY BRANCH",
            "city": "ST. HELIER",
            "branch": "(ST. HELIER)",
            "swift_code": "PARBJEH1052"
        },
        {
            "id": 85,
            "bank": "BNP PARIBAS SECURITIES SERVICES JERSEY BRANCH",
            "city": "ST. HELIER",
            "branch": "(ST. HELIER)",
            "swift_code": "PARBJEH1053"
        },
        {
            "id": 86,
            "bank": "BNP PARIBAS SECURITIES SERVICES JERSEY BRANCH",
            "city": "ST. HELIER",
            "branch": "(ST. HELIER)",
            "swift_code": "PARBJEH1054"
        },
        {
            "id": 87,
            "bank": "BNP PARIBAS SECURITIES SERVICES JERSEY BRANCH",
            "city": "ST. HELIER",
            "branch": "(ST. HELIER)",
            "swift_code": "PARBJEH1055"
        },
        {
            "id": 88,
            "bank": "BNP PARIBAS SECURITIES SERVICES JERSEY BRANCH",
            "city": "ST. HELIER",
            "branch": "(ST. HELIER)",
            "swift_code": "PARBJEH1056"
        },
        {
            "id": 89,
            "bank": "BNP PARIBAS SECURITIES SERVICES JERSEY BRANCH",
            "city": "ST. HELIER",
            "branch": "(ST. HELIER)",
            "swift_code": "PARBJEH1057"
        },
        {
            "id": 90,
            "bank": "BNP PARIBAS SECURITIES SERVICES JERSEY BRANCH",
            "city": "ST. HELIER",
            "branch": "(ST. HELIER)",
            "swift_code": "PARBJEH1058"
        },
        {
            "id": 91,
            "bank": "BNP PARIBAS SECURITIES SERVICES JERSEY BRANCH",
            "city": "ST. HELIER",
            "branch": "(ST. HELIER)",
            "swift_code": "PARBJEH1059"
        },
        {
            "id": 92,
            "bank": "BNP PARIBAS SECURITIES SERVICES JERSEY BRANCH",
            "city": "ST. HELIER",
            "branch": "(ST. HELIER)",
            "swift_code": "PARBJEH1060"
        },
        {
            "id": 93,
            "bank": "BNP PARIBAS SECURITIES SERVICES JERSEY BRANCH",
            "city": "ST. HELIER",
            "branch": "(ST. HELIER)",
            "swift_code": "PARBJEH1061"
        },
        {
            "id": 94,
            "bank": "BNP PARIBAS SECURITIES SERVICES JERSEY BRANCH",
            "city": "ST. HELIER",
            "branch": "(ST. HELIER)",
            "swift_code": "PARBJEH1062"
        },
        {
            "id": 95,
            "bank": "BNP PARIBAS SECURITIES SERVICES JERSEY BRANCH",
            "city": "ST. HELIER",
            "branch": "(ST. HELIER)",
            "swift_code": "PARBJEH1063"
        },
        {
            "id": 96,
            "bank": "BNP PARIBAS SECURITIES SERVICES JERSEY BRANCH",
            "city": "ST. HELIER",
            "branch": "(ST. HELIER)",
            "swift_code": "PARBJEH1064"
        },
        {
            "id": 97,
            "bank": "BNP PARIBAS SECURITIES SERVICES JERSEY BRANCH",
            "city": "ST. HELIER",
            "branch": "(ST. HELIER)",
            "swift_code": "PARBJEH1065"
        },
        {
            "id": 98,
            "bank": "BNP PARIBAS SECURITIES SERVICES JERSEY BRANCH",
            "city": "ST. HELIER",
            "branch": "(ST. HELIER)",
            "swift_code": "PARBJEH1066"
        },
        {
            "id": 99,
            "bank": "BNP PARIBAS SECURITIES SERVICES JERSEY BRANCH",
            "city": "ST. HELIER",
            "branch": "(ST. HELIER)",
            "swift_code": "PARBJEH1067"
        },
        {
            "id": 100,
            "bank": "BNP PARIBAS SECURITIES SERVICES JERSEY BRANCH",
            "city": "ST. HELIER",
            "branch": "(ST. HELIER)",
            "swift_code": "PARBJEH1068"
        },
        {
            "id": 101,
            "bank": "BNP PARIBAS SECURITIES SERVICES JERSEY BRANCH",
            "city": "ST. HELIER",
            "branch": "(ST. HELIER)",
            "swift_code": "PARBJEH1069"
        },
        {
            "id": 102,
            "bank": "BNP PARIBAS SECURITIES SERVICES JERSEY BRANCH",
            "city": "ST. HELIER",
            "branch": "(ST. HELIER)",
            "swift_code": "PARBJEH1070"
        },
        {
            "id": 103,
            "bank": "BNP PARIBAS SECURITIES SERVICES JERSEY BRANCH",
            "city": "ST. HELIER",
            "branch": "(ST. HELIER)",
            "swift_code": "PARBJEH1071"
        },
        {
            "id": 104,
            "bank": "BNP PARIBAS SECURITIES SERVICES JERSEY BRANCH",
            "city": "ST. HELIER",
            "branch": "(ST. HELIER)",
            "swift_code": "PARBJEH1072"
        },
        {
            "id": 105,
            "bank": "BNP PARIBAS SECURITIES SERVICES JERSEY BRANCH",
            "city": "ST. HELIER",
            "branch": "(ST. HELIER)",
            "swift_code": "PARBJEH1073"
        },
        {
            "id": 106,
            "bank": "BNP PARIBAS SECURITIES SERVICES JERSEY BRANCH",
            "city": "ST. HELIER",
            "branch": "(ST. HELIER)",
            "swift_code": "PARBJEH1074"
        },
        {
            "id": 107,
            "bank": "BNP PARIBAS SECURITIES SERVICES JERSEY BRANCH",
            "city": "ST. HELIER",
            "branch": "(ST. HELIER)",
            "swift_code": "PARBJEH1075"
        },
        {
            "id": 108,
            "bank": "BNP PARIBAS SECURITIES SERVICES JERSEY BRANCH",
            "city": "ST. HELIER",
            "branch": "(ST. HELIER)",
            "swift_code": "PARBJEH1076"
        },
        {
            "id": 109,
            "bank": "BNP PARIBAS SECURITIES SERVICES JERSEY BRANCH",
            "city": "ST. HELIER",
            "branch": "(ST. HELIER)",
            "swift_code": "PARBJEH1077"
        },
        {
            "id": 110,
            "bank": "BNP PARIBAS SECURITIES SERVICES JERSEY BRANCH",
            "city": "ST. HELIER",
            "branch": "(ST. HELIER)",
            "swift_code": "PARBJEH1078"
        },
        {
            "id": 111,
            "bank": "BNP PARIBAS SECURITIES SERVICES JERSEY BRANCH",
            "city": "ST. HELIER",
            "branch": "(ST. HELIER)",
            "swift_code": "PARBJEH1079"
        },
        {
            "id": 112,
            "bank": "BNP PARIBAS SECURITIES SERVICES JERSEY BRANCH",
            "city": "ST. HELIER",
            "branch": "(ST. HELIER)",
            "swift_code": "PARBJEH1080"
        },
        {
            "id": 113,
            "bank": "BNP PARIBAS SECURITIES SERVICES JERSEY BRANCH",
            "city": "ST. HELIER",
            "branch": "(ST. HELIER)",
            "swift_code": "PARBJEH1081"
        },
        {
            "id": 114,
            "bank": "BNP PARIBAS SECURITIES SERVICES JERSEY BRANCH",
            "city": "ST. HELIER",
            "branch": "(ST. HELIER)",
            "swift_code": "PARBJEH1082"
        },
        {
            "id": 115,
            "bank": "BNP PARIBAS SECURITIES SERVICES JERSEY BRANCH",
            "city": "ST. HELIER",
            "branch": "(ST. HELIER)",
            "swift_code": "PARBJEH1083"
        },
        {
            "id": 116,
            "bank": "BNP PARIBAS SECURITIES SERVICES JERSEY BRANCH",
            "city": "ST. HELIER",
            "branch": "(ST. HELIER)",
            "swift_code": "PARBJEH1084"
        },
        {
            "id": 117,
            "bank": "BNP PARIBAS SECURITIES SERVICES JERSEY BRANCH",
            "city": "ST. HELIER",
            "branch": "(ST. HELIER)",
            "swift_code": "PARBJEH1085"
        },
        {
            "id": 118,
            "bank": "BNP PARIBAS SECURITIES SERVICES JERSEY BRANCH",
            "city": "ST. HELIER",
            "branch": "(ST. HELIER)",
            "swift_code": "PARBJEH1086"
        },
        {
            "id": 119,
            "bank": "BNP PARIBAS SECURITIES SERVICES JERSEY BRANCH",
            "city": "ST. HELIER",
            "branch": "(ST. HELIER)",
            "swift_code": "PARBJEH1087"
        },
        {
            "id": 120,
            "bank": "BNP PARIBAS SECURITIES SERVICES JERSEY BRANCH",
            "city": "ST. HELIER",
            "branch": "(ST. HELIER)",
            "swift_code": "PARBJEH1088"
        },
        {
            "id": 121,
            "bank": "BNP PARIBAS SECURITIES SERVICES JERSEY BRANCH",
            "city": "ST. HELIER",
            "branch": "(ST. HELIER)",
            "swift_code": "PARBJEH1089"
        },
        {
            "id": 122,
            "bank": "BNP PARIBAS SECURITIES SERVICES JERSEY BRANCH",
            "city": "ST. HELIER",
            "branch": "(ST. HELIER)",
            "swift_code": "PARBJEH1090"
        },
        {
            "id": 123,
            "bank": "BNP PARIBAS SECURITIES SERVICES JERSEY BRANCH",
            "city": "ST. HELIER",
            "branch": "(ST. HELIER)",
            "swift_code": "PARBJEH1091"
        },
        {
            "id": 124,
            "bank": "BNP PARIBAS SECURITIES SERVICES JERSEY BRANCH",
            "city": "ST. HELIER",
            "branch": "(ST. HELIER)",
            "swift_code": "PARBJEH1092"
        },
        {
            "id": 125,
            "bank": "BNP PARIBAS SECURITIES SERVICES JERSEY BRANCH",
            "city": "ST. HELIER",
            "branch": "(ST. HELIER)",
            "swift_code": "PARBJEH1093"
        },
        {
            "id": 126,
            "bank": "BNP PARIBAS SECURITIES SERVICES JERSEY BRANCH",
            "city": "ST. HELIER",
            "branch": "(ST. HELIER)",
            "swift_code": "PARBJEH1094"
        },
        {
            "id": 127,
            "bank": "BNP PARIBAS SECURITIES SERVICES JERSEY BRANCH",
            "city": "ST. HELIER",
            "branch": "(ST. HELIER)",
            "swift_code": "PARBJEH1095"
        },
        {
            "id": 128,
            "bank": "BNP PARIBAS SECURITIES SERVICES JERSEY BRANCH",
            "city": "ST. HELIER",
            "branch": "(ST. HELIER)",
            "swift_code": "PARBJEH1096"
        },
        {
            "id": 129,
            "bank": "BNP PARIBAS SECURITIES SERVICES JERSEY BRANCH",
            "city": "ST. HELIER",
            "branch": "(ST. HELIER)",
            "swift_code": "PARBJEH1097"
        },
        {
            "id": 130,
            "bank": "BNP PARIBAS SECURITIES SERVICES JERSEY BRANCH",
            "city": "ST. HELIER",
            "branch": "(ST. HELIER)",
            "swift_code": "PARBJEH1098"
        },
        {
            "id": 131,
            "bank": "BNP PARIBAS SECURITIES SERVICES JERSEY BRANCH",
            "city": "ST. HELIER",
            "branch": "(ST. HELIER)",
            "swift_code": "PARBJEH1099"
        },
        {
            "id": 132,
            "bank": "BNP PARIBAS SECURITIES SERVICES JERSEY BRANCH",
            "city": "ST. HELIER",
            "branch": "(ST. HELIER)",
            "swift_code": "PARBJEH1100"
        },
        {
            "id": 133,
            "bank": "BNP PARIBAS SECURITIES SERVICES JERSEY BRANCH",
            "city": "ST. HELIER",
            "branch": "(ST. HELIER)",
            "swift_code": "PARBJEH1101"
        },
        {
            "id": 134,
            "bank": "BNP PARIBAS SECURITIES SERVICES JERSEY BRANCH",
            "city": "ST. HELIER",
            "branch": "(ST. HELIER)",
            "swift_code": "PARBJEH1102"
        },
        {
            "id": 135,
            "bank": "BNP PARIBAS SECURITIES SERVICES JERSEY BRANCH",
            "city": "ST. HELIER",
            "branch": "(ST. HELIER)",
            "swift_code": "PARBJEH1103"
        },
        {
            "id": 136,
            "bank": "BNP PARIBAS SECURITIES SERVICES JERSEY BRANCH",
            "city": "ST. HELIER",
            "branch": "(ST. HELIER)",
            "swift_code": "PARBJEH1104"
        },
        {
            "id": 137,
            "bank": "BNP PARIBAS SECURITIES SERVICES JERSEY BRANCH",
            "city": "ST. HELIER",
            "branch": "(ST. HELIER)",
            "swift_code": "PARBJEH1105"
        },
        {
            "id": 138,
            "bank": "BNP PARIBAS SECURITIES SERVICES JERSEY BRANCH",
            "city": "ST. HELIER",
            "branch": "(ST. HELIER)",
            "swift_code": "PARBJEH1106"
        },
        {
            "id": 139,
            "bank": "BNP PARIBAS SECURITIES SERVICES JERSEY BRANCH",
            "city": "ST. HELIER",
            "branch": "(ST. HELIER)",
            "swift_code": "PARBJEH1107"
        },
        {
            "id": 140,
            "bank": "BNP PARIBAS SECURITIES SERVICES JERSEY BRANCH",
            "city": "ST. HELIER",
            "branch": "(ST. HELIER)",
            "swift_code": "PARBJEH1108"
        },
        {
            "id": 141,
            "bank": "BNP PARIBAS SECURITIES SERVICES JERSEY BRANCH",
            "city": "ST. HELIER",
            "branch": "(ST. HELIER)",
            "swift_code": "PARBJEH1109"
        },
        {
            "id": 142,
            "bank": "BNP PARIBAS SECURITIES SERVICES JERSEY BRANCH",
            "city": "ST. HELIER",
            "branch": "(ST. HELIER)",
            "swift_code": "PARBJEH1110"
        },
        {
            "id": 143,
            "bank": "BNP PARIBAS SECURITIES SERVICES JERSEY BRANCH",
            "city": "ST. HELIER",
            "branch": "(ST. HELIER)",
            "swift_code": "PARBJEH1111"
        },
        {
            "id": 144,
            "bank": "BNP PARIBAS SECURITIES SERVICES JERSEY BRANCH",
            "city": "ST. HELIER",
            "branch": "(ST. HELIER)",
            "swift_code": "PARBJEH1112"
        },
        {
            "id": 145,
            "bank": "BNP PARIBAS SECURITIES SERVICES JERSEY BRANCH",
            "city": "ST. HELIER",
            "branch": "(ST. HELIER)",
            "swift_code": "PARBJEH1113"
        },
        {
            "id": 146,
            "bank": "BNP PARIBAS SECURITIES SERVICES JERSEY BRANCH",
            "city": "ST. HELIER",
            "branch": "(ST. HELIER)",
            "swift_code": "PARBJEH1114"
        },
        {
            "id": 147,
            "bank": "BNP PARIBAS SECURITIES SERVICES JERSEY BRANCH",
            "city": "ST. HELIER",
            "branch": "(ST. HELIER)",
            "swift_code": "PARBJEH1115"
        },
        {
            "id": 148,
            "bank": "BNP PARIBAS SECURITIES SERVICES JERSEY BRANCH",
            "city": "ST. HELIER",
            "branch": "(ST. HELIER)",
            "swift_code": "PARBJEH1116"
        },
        {
            "id": 149,
            "bank": "BNP PARIBAS SECURITIES SERVICES JERSEY BRANCH",
            "city": "ST. HELIER",
            "branch": "(ST. HELIER)",
            "swift_code": "PARBJEH1117"
        },
        {
            "id": 150,
            "bank": "BNP PARIBAS SECURITIES SERVICES JERSEY BRANCH",
            "city": "ST. HELIER",
            "branch": "(ST. HELIER)",
            "swift_code": "PARBJEH1118"
        },
        {
            "id": 151,
            "bank": "BNP PARIBAS SECURITIES SERVICES JERSEY BRANCH",
            "city": "ST. HELIER",
            "branch": "(ST. HELIER)",
            "swift_code": "PARBJEH1119"
        },
        {
            "id": 152,
            "bank": "BNP PARIBAS SECURITIES SERVICES JERSEY BRANCH",
            "city": "ST. HELIER",
            "branch": "(ST. HELIER)",
            "swift_code": "PARBJEH1120"
        },
        {
            "id": 153,
            "bank": "BNP PARIBAS SECURITIES SERVICES JERSEY BRANCH",
            "city": "ST. HELIER",
            "branch": null,
            "swift_code": "PARBJEH1"
        },
        {
            "id": 154,
            "bank": "BNP PARIBAS SECURITIES SERVICES JERSEY BRANCH",
            "city": "ST. HELIER",
            "branch": null,
            "swift_code": "PARBJEH1THR"
        },
        {
            "id": 155,
            "bank": "BNP PARIBAS SECURITIES SERVICES JERSEY BRANCH",
            "city": "ST. HELIER",
            "branch": null,
            "swift_code": "PARBJESH"
        },
        {
            "id": 156,
            "bank": "BREVAN HOWARD INVESTMENT PRODUCTS LIMITED",
            "city": "ST. HELIER",
            "branch": null,
            "swift_code": "BHIRJES1"
        },
        {
            "id": 157,
            "bank": "CAPITA FIDUCIARY GROUP LIMITED",
            "city": "ST. HELIER",
            "branch": "(CLIENT 1)",
            "swift_code": "CFGRJES1CL1"
        },
        {
            "id": 158,
            "bank": "CAPITA FIDUCIARY GROUP LIMITED",
            "city": "ST. HELIER",
            "branch": null,
            "swift_code": "CFGRJES1"
        },
        {
            "id": 159,
            "bank": "CAPITA FIDUCIARY GROUP LIMITED",
            "city": "ST. HELIER",
            "branch": null,
            "swift_code": "CFGRJES1AVM"
        },
        {
            "id": 160,
            "bank": "CAPITA FIDUCIARY GROUP LIMITED",
            "city": "ST. HELIER",
            "branch": null,
            "swift_code": "CFGRJES1LVM"
        },
        {
            "id": 161,
            "bank": "CATER ALLEN STOCKBROKERS LIMITED",
            "city": "ST. HELIER",
            "branch": null,
            "swift_code": "JEFEJES1"
        },
        {
            "id": 162,
            "bank": "CAZENOVE PORTFOLIO MANAGEMENT JERSEY",
            "city": "ST. HELIER",
            "branch": null,
            "swift_code": "CAZEJES1"
        },
        {
            "id": 163,
            "bank": "CFP ENERGY LIMITED",
            "city": "ST. HELIER",
            "branch": null,
            "swift_code": "CFPEJES1"
        },
        {
            "id": 164,
            "bank": "CITIBANK N.A.",
            "city": "ST. HELIER",
            "branch": "(CITIBANK JERSEY EMFX CONFIRMATIONS)",
            "swift_code": "CITIJESXEFX"
        },
        {
            "id": 165,
            "bank": "CITIBANK N.A.",
            "city": "ST. HELIER",
            "branch": "(PRIVATE BANKING GROUP)",
            "swift_code": "CITIJESXLPN"
        },
        {
            "id": 166,
            "bank": "CITIBANK N.A.",
            "city": "ST. HELIER",
            "branch": null,
            "swift_code": "CITIJESX"
        },
        {
            "id": 167,
            "bank": "CITICORP BANKING CORPORATION",
            "city": "ST. HELIER",
            "branch": null,
            "swift_code": "CITIJEHX"
        },
        {
            "id": 168,
            "bank": "CITIGROUP (CHANNEL ISLANDS) LIMITED",
            "city": "ST. HELIER",
            "branch": null,
            "swift_code": "CITIJEJX"
        },
        {
            "id": 169,
            "bank": "COLLINS STEWART (OFFSHORE) LIMITED",
            "city": "ST. HELIER",
            "branch": null,
            "swift_code": "MATSJES1"
        },
        {
            "id": 170,
            "bank": "DEUTSCHE BANK INTERNATIONAL LIMITED",
            "city": "ST. HELIER",
            "branch": null,
            "swift_code": "MGCOJESH"
        },
        {
            "id": 171,
            "bank": "DEUTSCHE INTERNATIONAL CORPORATE SERVICES LTD",
            "city": "ST. HELIER",
            "branch": null,
            "swift_code": "DICEJES1"
        },
        {
            "id": 172,
            "bank": "EBC TRUST COMPANY (JERSEY) LIMITED",
            "city": "ST. HELIER",
            "branch": null,
            "swift_code": "EBCJJES1"
        },
        {
            "id": 173,
            "bank": "EFG PRIVATE BANK (C.I.) LT, JERSEY BRANCH",
            "city": "ST. HELIER",
            "branch": null,
            "swift_code": "EFGBJESH"
        },
        {
            "id": 174,
            "bank": "FENCHURCH TRUST LTD.",
            "city": "ST. HELIER",
            "branch": null,
            "swift_code": "FETRJES1"
        },
        {
            "id": 175,
            "bank": "FERGUSON PLC",
            "city": "ST. HELIER",
            "branch": null,
            "swift_code": "FRGSJESH"
        },
        {
            "id": 176,
            "bank": "FORTEN ASSET MANAGEMENT LIMITED",
            "city": "ST. HELIER",
            "branch": null,
            "swift_code": "FOSNJES1"
        },
        {
            "id": 177,
            "bank": "GARTMORE FUND MANAGERS INTERNATIONAL LIMITED",
            "city": "ST. HELIER",
            "branch": null,
            "swift_code": "GRTLJES1"
        },
        {
            "id": 178,
            "bank": "GOLDMAN SACHS JERSEY LIMITED",
            "city": "ST. HELIER",
            "branch": null,
            "swift_code": "GOSYJES1"
        },
        {
            "id": 179,
            "bank": "HSBC BANK INTERNATIONAL LIMITED",
            "city": "ST. HELIER",
            "branch": null,
            "swift_code": "MIDLJESH"
        },
        {
            "id": 180,
            "bank": "HSBC BANK INTERNATIONAL LIMITED",
            "city": "ST. HELIER",
            "branch": null,
            "swift_code": "MIDLJESH01A"
        },
        {
            "id": 181,
            "bank": "HSBC BANK PLC",
            "city": "ST. HELIER",
            "branch": "(402533)",
            "swift_code": "MIDLJEH104A"
        },
        {
            "id": 182,
            "bank": "HSBC BANK PLC",
            "city": "ST. HELIER",
            "branch": "(FIVE OAKS, JERSEY)",
            "swift_code": "MIDLJEH106A"
        },
        {
            "id": 183,
            "bank": "HSBC BANK PLC",
            "city": "ST. HELIER",
            "branch": "(HALKETT STREET, JERSEY)",
            "swift_code": "MIDLJEH105A"
        },
        {
            "id": 184,
            "bank": "HSBC BANK PLC",
            "city": "ST. HELIER",
            "branch": null,
            "swift_code": "MIDLJEH1"
        },
        {
            "id": 185,
            "bank": "HSBC GLOBAL ASSET MANAGEMENT (INTERNATIONAL) LIMITED",
            "city": "ST. HELIER",
            "branch": null,
            "swift_code": "JCCLJES1"
        },
        {
            "id": 186,
            "bank": "HSBC JERSEY ST. BRELADE",
            "city": "ST. BRELADE",
            "branch": null,
            "swift_code": "MIDLJEJ1"
        },
        {
            "id": 187,
            "bank": "INCOME PARTNERS",
            "city": "ST. HELIER",
            "branch": null,
            "swift_code": "ICMEJES1"
        },
        {
            "id": 188,
            "bank": "J. P. MORGAN INTERNATIONAL DERIVATIVES LTD.",
            "city": "ST. HELIER",
            "branch": null,
            "swift_code": "MOIEJES1"
        },
        {
            "id": 189,
            "bank": "JPMORGAN CHASE BANK, N.A., JERSEY BRANCH",
            "city": "ST. HELIER",
            "branch": "(TELEX AND S.W.I.F.T. MESSAGE ENQUIRIES)",
            "swift_code": "CHASJESXENQ"
        },
        {
            "id": 190,
            "bank": "JPMORGAN CHASE BANK, N.A., JERSEY BRANCH",
            "city": "ST. HELIER",
            "branch": "(TEST KEY AND BKE ADMINISTRATION)",
            "swift_code": "CHASJESXKEY"
        },
        {
            "id": 191,
            "bank": "JPMORGAN CHASE BANK, N.A., JERSEY BRANCH",
            "city": "ST. HELIER",
            "branch": null,
            "swift_code": "CHASJESX"
        },
        {
            "id": 192,
            "bank": "L.B.I. FINANCE (JERSEY) LTD",
            "city": "ST. HELIER",
            "branch": null,
            "swift_code": "LBFJJES1"
        },
        {
            "id": 193,
            "bank": "LLOYDS BANK INTERNATIONAL LIMITED",
            "city": "ST. HELIER",
            "branch": null,
            "swift_code": "HSAMJESH"
        },
        {
            "id": 194,
            "bank": "LLOYDS BANK INTERNATIONAL LIMITED",
            "city": "ST. HELIER",
            "branch": null,
            "swift_code": "LOYDJEH1"
        },
        {
            "id": 195,
            "bank": "LLOYDS BANK PLC",
            "city": "ST. HELIER",
            "branch": null,
            "swift_code": "LLCMJESHMKT"
        },
        {
            "id": 196,
            "bank": "LLOYDS BANK PLC-JERSEY",
            "city": "ST. BRELADE",
            "branch": "(ST. BRELADE (774702))",
            "swift_code": "LOYDJES1003"
        },
        {
            "id": 197,
            "bank": "LLOYDS BANK PLC-JERSEY",
            "city": "ST. HELIER",
            "branch": "(FIVE OAKS (774703))",
            "swift_code": "LOYDJES1004"
        },
        {
            "id": 198,
            "bank": "LLOYDS BANK PLC-JERSEY",
            "city": "ST. HELIER",
            "branch": "(FIVE OAKS (774704))",
            "swift_code": "LOYDJES1005"
        },
        {
            "id": 199,
            "bank": "LLOYDS BANK PLC-JERSEY",
            "city": "ST. HELIER",
            "branch": "(JERSEY OFFSHORE CENTRE - 301642 )",
            "swift_code": "LOYDJES1006"
        },
        {
            "id": 200,
            "bank": "LLOYDS BANK PLC-JERSEY",
            "city": "ST. HELIER",
            "branch": "(JERSEY OFFSHORE CENTRE - 774709)",
            "swift_code": "LOYDJES1007"
        },
        {
            "id": 201,
            "bank": "LLOYDS BANK PLC-JERSEY",
            "city": "ST. HELIER",
            "branch": "(ST. HELIER (309461))",
            "swift_code": "LOYDJES1001"
        },
        {
            "id": 202,
            "bank": "LLOYDS BANK PLC-JERSEY",
            "city": "ST. HELIER",
            "branch": "(ST. HELIER (774701))",
            "swift_code": "LOYDJES1002"
        },
        {
            "id": 203,
            "bank": "LLOYDS BANK PLC-JERSEY",
            "city": "ST. HELIER",
            "branch": null,
            "swift_code": "LOYDJEJ1"
        },
        {
            "id": 204,
            "bank": "LLOYDS BANK PLC-JERSEY",
            "city": "ST. HELIER",
            "branch": null,
            "swift_code": "LOYDJESH"
        },
        {
            "id": 205,
            "bank": "LOMBARD ODIER DARIER HENTSCH (JERSEY) LIMITED",
            "city": "ST. HELIER",
            "branch": null,
            "swift_code": "LOCYJES1"
        },
        {
            "id": 206,
            "bank": "LYXOR\/BLACK DIAMOND ARBITRAGE",
            "city": "ST. HELIER",
            "branch": null,
            "swift_code": "LYDAJES1"
        },
        {
            "id": 207,
            "bank": "MINERVA TRUST AND CORPORATE SERVICES LIMITED",
            "city": "ST. HELIER",
            "branch": null,
            "swift_code": "MTCSJESH"
        },
        {
            "id": 208,
            "bank": "MORGAN GUARANTY TRUST CO. OF NEW YORK",
            "city": "ST. HELIER",
            "branch": null,
            "swift_code": "MGTCJES1"
        },
        {
            "id": 209,
            "bank": "MOURANT AND CO. LIMITED",
            "city": "ST. HELIER",
            "branch": null,
            "swift_code": "MOURJES1"
        },
        {
            "id": 210,
            "bank": "NATWEST OFFSHORE - JERSEY",
            "city": "ST. HELIER",
            "branch": null,
            "swift_code": "RBOSJE41"
        },
        {
            "id": 211,
            "bank": "NATWEST-JERSEY",
            "city": "ST. HELIER",
            "branch": null,
            "swift_code": "RBOSJESH"
        },
        {
            "id": 212,
            "bank": "NEDBANK PRIVATE WEALTH LTD",
            "city": "ST. HELIER",
            "branch": null,
            "swift_code": "RFLCJESX"
        },
        {
            "id": 213,
            "bank": "NET-GOLD SERVICES LTD",
            "city": "ST. HELIER",
            "branch": null,
            "swift_code": "GMNYJESH"
        },
        {
            "id": 214,
            "bank": "NEWTON FUND MANAGERS (C.I.) LIMITED",
            "city": "ST. HELIER",
            "branch": null,
            "swift_code": "NEFAJEH1"
        },
        {
            "id": 215,
            "bank": "PALA ASSETS HOLDINGS LIMITED",
            "city": "ST. HELIER",
            "branch": null,
            "swift_code": "PASDJES1"
        },
        {
            "id": 216,
            "bank": "PALA INVESTMENTS LIMITED",
            "city": "ST. HELIER",
            "branch": null,
            "swift_code": "PAVVJES1"
        },
        {
            "id": 217,
            "bank": "PERSHING (CHANNEL ISLANDS) LIMITED",
            "city": "ST. HELIER",
            "branch": null,
            "swift_code": "PERLJESH"
        },
        {
            "id": 218,
            "bank": "PLATFORM SECURITIES INTERNATIONAL LIMITED",
            "city": "ST. HELIER",
            "branch": null,
            "swift_code": "PLSIJEJ1"
        },
        {
            "id": 219,
            "bank": "QUILTER AND CO CHANNEL ISLANDS",
            "city": "ST. HELIER",
            "branch": null,
            "swift_code": "QUITJES1"
        },
        {
            "id": 220,
            "bank": "R AND H FUND SERVICES (JERSEY) LIMITED",
            "city": "ST. HELIER",
            "branch": null,
            "swift_code": "FUSJJES1"
        },
        {
            "id": 221,
            "bank": "RBS INTERNATIONAL",
            "city": "ST. HELIER",
            "branch": null,
            "swift_code": "RBOSJESJ"
        },
        {
            "id": 222,
            "bank": "ROYAL BANK OF SCOTLAND INTERNATIONAL LIMITED, THE",
            "city": "ST. HELIER",
            "branch": null,
            "swift_code": "RBOSJESX"
        },
        {
            "id": 223,
            "bank": "ROYAL BANK OF SCOTLAND JERSEY ST. HELIER (PLC)",
            "city": "ST. HELIER",
            "branch": "(JERSEY ST. HELIER BRANCH)",
            "swift_code": "RBOSJES1028"
        },
        {
            "id": 224,
            "bank": "ROYAL BANK OF SCOTLAND JERSEY ST. HELIER (PLC)",
            "city": "ST. HELIER",
            "branch": "(JERSEY ST. HELIER BRANCH)",
            "swift_code": "RBOSJES1891"
        },
        {
            "id": 225,
            "bank": "ROYAL BANK OF SCOTLAND JERSEY ST. HELIER (PLC)",
            "city": "ST. HELIER",
            "branch": "(JERSEY ST. HELIER BRANCH)",
            "swift_code": "RBOSJES1893"
        },
        {
            "id": 226,
            "bank": "ROYAL BANK OF SCOTLAND JERSEY ST. HELIER (PLC)",
            "city": "ST. HELIER",
            "branch": null,
            "swift_code": "RBOSJES1"
        },
        {
            "id": 227,
            "bank": "ROYAL BANK OF SCOTLAND JERSEY ST. HELIER (PLC)",
            "city": "ST. HELIER",
            "branch": null,
            "swift_code": "RBOSJES1560"
        },
        {
            "id": 228,
            "bank": "SANNE FIDUCIARY SERVICES LIMITED",
            "city": "ST. HELIER",
            "branch": null,
            "swift_code": "SNLTJESH"
        },
        {
            "id": 229,
            "bank": "SANTANDER UK PLC",
            "city": "ST. HELIER",
            "branch": "(TREASURY OPERATIONS)",
            "swift_code": "ANILJESHTSY"
        },
        {
            "id": 230,
            "bank": "SANTANDER UK PLC",
            "city": "ST. HELIER",
            "branch": null,
            "swift_code": "ANILJESH"
        },
        {
            "id": 231,
            "bank": "SG KLEINWORT HAMBROS BANK (CI) LIMITED",
            "city": "ST. HELIER",
            "branch": null,
            "swift_code": "HAMBJESX"
        },
        {
            "id": 232,
            "bank": "SOCIETE GENERAL INVESTMENT MANAGEMENT (CHANNEL IS LANDS) LIMITED",
            "city": "ST. HELIER",
            "branch": null,
            "swift_code": "SGIMJES1"
        },
        {
            "id": 233,
            "bank": "SODITIC AND CO. LTD",
            "city": "ST. HELIER",
            "branch": null,
            "swift_code": "SOFLJES1"
        },
        {
            "id": 234,
            "bank": "STANDARD BANK JERSEY LTD.",
            "city": "ST. HELIER",
            "branch": null,
            "swift_code": "SBICJESH"
        },
        {
            "id": 235,
            "bank": "STANDARD BANK STOCKBROKERS (C.I.) LTD",
            "city": "ST. HELIER",
            "branch": null,
            "swift_code": "SBICJES1"
        },
        {
            "id": 236,
            "bank": "STANDARD BANK STOCKBROKERS (C.I.) LTD",
            "city": "ST. HELIER",
            "branch": null,
            "swift_code": "SBICJES1243"
        },
        {
            "id": 237,
            "bank": "STANDARD CHARTERED BANK, JERSEY BRANCH",
            "city": "ST. HELIER",
            "branch": null,
            "swift_code": "SCBLJESH"
        },
        {
            "id": 238,
            "bank": "STANDARD CHARTERED TRUST CO.",
            "city": "ST. HELIER",
            "branch": null,
            "swift_code": "SDCTJES1"
        },
        {
            "id": 239,
            "bank": "STATE STREET BANK AND TRUST COMPANY",
            "city": "ST. HELIER",
            "branch": null,
            "swift_code": "SBOSJESH"
        },
        {
            "id": 240,
            "bank": "STONEHAGE FLEMING DEALING AND TREASURY SERVICES (JERSEY) LTD",
            "city": "ST. HELIER",
            "branch": null,
            "swift_code": "SDTSJESH"
        },
        {
            "id": 241,
            "bank": "STONEHAGE FLEMING TRUST HOLDINGS (JERSEY) LIMITED",
            "city": "ST. HELIER",
            "branch": null,
            "swift_code": "SFSHJESH"
        },
        {
            "id": 242,
            "bank": "TINTRADE LTD",
            "city": "ST. HELIER",
            "branch": null,
            "swift_code": "TINRJES1"
        },
        {
            "id": 243,
            "bank": "TRIDENT TRUST COMPANY LIMITED",
            "city": "ST. HELIER",
            "branch": null,
            "swift_code": "TDENJESH"
        },
        {
            "id": 244,
            "bank": "UBS AG JERSEY BRANCH",
            "city": "ST. HELIER",
            "branch": "(JERSEY BRANCH)",
            "swift_code": "UBSWJESH"
        },
        {
            "id": 245,
            "bank": "UNION BANCAIRE PRIVEE, UBP",
            "city": "ST. HELIER",
            "branch": null,
            "swift_code": "UBPGJESX"
        },
        {
            "id": 246,
            "bank": "VISTRA (JERSEY) LIMITED",
            "city": "ST. HELIER",
            "branch": null,
            "swift_code": "VISTJESH"
        }
    ]
}
