{
    "country": "Kenya",
    "country_code": "KE",
    "list": [
        {
            "id": 1,
            "bank": "AFRICAN BANKING CORPORATION LTD",
            "city": "NAIROBI",
            "branch": null,
            "swift_code": "ABCLKENA"
        },
        {
            "id": 2,
            "bank": "AFRICAN DEVELOPMENT BANK",
            "city": "NAIROBI",
            "branch": null,
            "swift_code": "AFDBKEN1"
        },
        {
            "id": 3,
            "bank": "AFRIKA INVESTMENT BANK LTD",
            "city": "NAIROBI",
            "branch": null,
            "swift_code": "ASHSKEN1"
        },
        {
            "id": 4,
            "bank": "BANK OF AFRICA KENYA LTD",
            "city": "MOMBASA",
            "branch": "(MOMBASA BRANCH)",
            "swift_code": "AFRIKENX002"
        },
        {
            "id": 5,
            "bank": "BANK OF AFRICA KENYA LTD",
            "city": "NAIROBI",
            "branch": null,
            "swift_code": "AFRIKENX"
        },
        {
            "id": 6,
            "bank": "BANK OF BARODA (KENYA) LTD",
            "city": "ELDORET",
            "branch": "(ELDORET BRANCH)",
            "swift_code": "BARBKENAELD"
        },
        {
            "id": 7,
            "bank": "BANK OF BARODA (KENYA) LTD",
            "city": "KAKAMEGA",
            "branch": "(KAKAMEGA BRANCH)",
            "swift_code": "BARBKENAKAK"
        },
        {
            "id": 8,
            "bank": "BANK OF BARODA (KENYA) LTD",
            "city": "KISUMU",
            "branch": "(KISUMU BRANCH)",
            "swift_code": "BARBKENAKIS"
        },
        {
            "id": 9,
            "bank": "BANK OF BARODA (KENYA) LTD",
            "city": "MERU",
            "branch": "(MERU BRANCH)",
            "swift_code": "BARBKENAMER"
        },
        {
            "id": 10,
            "bank": "BANK OF BARODA (KENYA) LTD",
            "city": "MOMBASA",
            "branch": "(DIGO ROAD, MOMBASA)",
            "swift_code": "BARBKENAMOM"
        },
        {
            "id": 11,
            "bank": "BANK OF BARODA (KENYA) LTD",
            "city": "MOMBASA",
            "branch": "(MOMBASA ROAD BRANCH)",
            "swift_code": "BARBKENAMRN"
        },
        {
            "id": 12,
            "bank": "BANK OF BARODA (KENYA) LTD",
            "city": "MOMBASA",
            "branch": "(NYALI BRANCH, MOMBASA, KENYA)",
            "swift_code": "BARBKENANYA"
        },
        {
            "id": 13,
            "bank": "BANK OF BARODA (KENYA) LTD",
            "city": "NAIROBI",
            "branch": "(DIAMOND PLAZA)",
            "swift_code": "BARBKENADIA"
        },
        {
            "id": 14,
            "bank": "BANK OF BARODA (KENYA) LTD",
            "city": "NAIROBI",
            "branch": "(INDUSTRIAL AREA BR.)",
            "swift_code": "BARBKENAIND"
        },
        {
            "id": 15,
            "bank": "BANK OF BARODA (KENYA) LTD",
            "city": "NAIROBI",
            "branch": "(NAIROBI MAIN)",
            "swift_code": "BARBKENANMO"
        },
        {
            "id": 16,
            "bank": "BANK OF BARODA (KENYA) LTD",
            "city": "NAIROBI",
            "branch": "(SARIT CENTRE)",
            "swift_code": "BARBKENASAR"
        },
        {
            "id": 17,
            "bank": "BANK OF BARODA (KENYA) LTD",
            "city": "NAIROBI",
            "branch": null,
            "swift_code": "BARBKENA"
        },
        {
            "id": 18,
            "bank": "BANK OF BARODA (KENYA) LTD",
            "city": "NAKURU",
            "branch": "(NAKURU BRANCH)",
            "swift_code": "BARBKENANAK"
        },
        {
            "id": 19,
            "bank": "BANK OF BARODA (KENYA) LTD",
            "city": "THIKA",
            "branch": "(THIKA BRANCH)",
            "swift_code": "BARBKENATHI"
        },
        {
            "id": 20,
            "bank": "BANK OF INDIA",
            "city": "ELDORET",
            "branch": "(ELDORET)",
            "swift_code": "BKIDKENAELD"
        },
        {
            "id": 21,
            "bank": "BANK OF INDIA",
            "city": "KISUMU",
            "branch": "(KISUMU)",
            "swift_code": "BKIDKENAKSM"
        },
        {
            "id": 22,
            "bank": "BANK OF INDIA",
            "city": "MOMBASA",
            "branch": "(MOMBASA BR)",
            "swift_code": "BKIDKENAMSA"
        },
        {
            "id": 23,
            "bank": "BANK OF INDIA",
            "city": "MOMBASA",
            "branch": null,
            "swift_code": "BKIDKEM1"
        },
        {
            "id": 24,
            "bank": "BANK OF INDIA",
            "city": "NAIROBI",
            "branch": "(INDUSTRIAL AREA BR)",
            "swift_code": "BKIDKENAIAB"
        },
        {
            "id": 25,
            "bank": "BANK OF INDIA",
            "city": "NAIROBI",
            "branch": "(WESTLANDS BR)",
            "swift_code": "BKIDKENAWST"
        },
        {
            "id": 26,
            "bank": "BANK OF INDIA",
            "city": "NAIROBI",
            "branch": null,
            "swift_code": "BKIDKEM10NA"
        },
        {
            "id": 27,
            "bank": "BANK OF INDIA",
            "city": "NAIROBI",
            "branch": null,
            "swift_code": "BKIDKENA"
        },
        {
            "id": 28,
            "bank": "BARCLAYS BANK OF KENYA, LTD.",
            "city": "ELDORET",
            "branch": "(ELDORET BRANCH)",
            "swift_code": "BARCKENXELD"
        },
        {
            "id": 29,
            "bank": "BARCLAYS BANK OF KENYA, LTD.",
            "city": "MOMBASA",
            "branch": "(DIGO ROAD MOMBASA)",
            "swift_code": "BARCKENXMDR"
        },
        {
            "id": 30,
            "bank": "BARCLAYS BANK OF KENYA, LTD.",
            "city": "MOMBASA",
            "branch": "(NKRUMAH ROAD BRANCH)",
            "swift_code": "BARCKENXMNR"
        },
        {
            "id": 31,
            "bank": "BARCLAYS BANK OF KENYA, LTD.",
            "city": "NAIROBI",
            "branch": "(BACK OFFICE PROCESSING CENTRE, BANK HOUSE)",
            "swift_code": "BARCKENXOCB"
        },
        {
            "id": 32,
            "bank": "BARCLAYS BANK OF KENYA, LTD.",
            "city": "NAIROBI",
            "branch": "(CARD CENTRE NAIROBI)",
            "swift_code": "BARCKENXNCC"
        },
        {
            "id": 33,
            "bank": "BARCLAYS BANK OF KENYA, LTD.",
            "city": "NAIROBI",
            "branch": "(DEALERS DEPARTMENT H\/O)",
            "swift_code": "BARCKENXDLR"
        },
        {
            "id": 34,
            "bank": "BARCLAYS BANK OF KENYA, LTD.",
            "city": "NAIROBI",
            "branch": "(NAIROBI DISTRIBUTION CENTRE)",
            "swift_code": "BARCKENXNDC"
        },
        {
            "id": 35,
            "bank": "BARCLAYS BANK OF KENYA, LTD.",
            "city": "NAIROBI",
            "branch": "(PAYMENTS AND INTERNATIONAL SERVICES)",
            "swift_code": "BARCKENXPIS"
        },
        {
            "id": 36,
            "bank": "BARCLAYS BANK OF KENYA, LTD.",
            "city": "NAIROBI",
            "branch": "(PLAZA BUSINESS CENTRE)",
            "swift_code": "BARCKENXNPB"
        },
        {
            "id": 37,
            "bank": "BARCLAYS BANK OF KENYA, LTD.",
            "city": "NAIROBI",
            "branch": "(TRADE PROCESSING CENTRE)",
            "swift_code": "BARCKENXTPC"
        },
        {
            "id": 38,
            "bank": "BARCLAYS BANK OF KENYA, LTD.",
            "city": "NAIROBI",
            "branch": "(VOUCHER PROCESSING CENTRE)",
            "swift_code": "BARCKENXVPC"
        },
        {
            "id": 39,
            "bank": "BARCLAYS BANK OF KENYA, LTD.",
            "city": "NAIROBI",
            "branch": null,
            "swift_code": "BARCKENX"
        },
        {
            "id": 40,
            "bank": "BARCLAYTRUST INVESTMENT SERVICES LIMITED",
            "city": "NAIROBI",
            "branch": null,
            "swift_code": "BAIVKEN1"
        },
        {
            "id": 41,
            "bank": "BIASHARA BANK OF KENYA LTD.",
            "city": "MOMBASA",
            "branch": null,
            "swift_code": "BIBKKEN10MB"
        },
        {
            "id": 42,
            "bank": "BIASHARA BANK OF KENYA LTD.",
            "city": "NAIROBI",
            "branch": null,
            "swift_code": "BIBKKEN1"
        },
        {
            "id": 43,
            "bank": "BRITISH AMERICAN TOBACCO AREA LTD",
            "city": "NAIROBI",
            "branch": null,
            "swift_code": "BATSKE31"
        },
        {
            "id": 44,
            "bank": "BRITISH AMERICAN TOBACCO KENYA LTD",
            "city": "NAIROBI",
            "branch": null,
            "swift_code": "BATSKEN1"
        },
        {
            "id": 45,
            "bank": "CARITAS MICROFINANCE BANK LIMITED",
            "city": "NAIROBI",
            "branch": null,
            "swift_code": "CRMFKENA"
        },
        {
            "id": 46,
            "bank": "CENTRAL BANK OF KENYA",
            "city": "ELDORET",
            "branch": "(ELDORET BRANCH)",
            "swift_code": "CBKEKEN1ELD"
        },
        {
            "id": 47,
            "bank": "CENTRAL BANK OF KENYA",
            "city": "KISUMU",
            "branch": "(KISUMU BRANCH)",
            "swift_code": "CBKEKEN1KSM"
        },
        {
            "id": 48,
            "bank": "CENTRAL BANK OF KENYA",
            "city": "MOMBASA",
            "branch": "(MOMBASA BRANCH)",
            "swift_code": "CBKEKEN1MSA"
        },
        {
            "id": 49,
            "bank": "CENTRAL BANK OF KENYA",
            "city": "NAIROBI",
            "branch": "(BANKING DIVISION)",
            "swift_code": "CBKEKENXBKG"
        },
        {
            "id": 50,
            "bank": "CENTRAL BANK OF KENYA",
            "city": "NAIROBI",
            "branch": "(CURRENCY DIVISION)",
            "swift_code": "CBKEKENXCNY"
        },
        {
            "id": 51,
            "bank": "CENTRAL BANK OF KENYA",
            "city": "NAIROBI",
            "branch": "(NATIONAL DEBT DIVISION)",
            "swift_code": "CBKEKENXNDO"
        },
        {
            "id": 52,
            "bank": "CENTRAL BANK OF KENYA",
            "city": "NAIROBI",
            "branch": null,
            "swift_code": "CBKEKENX"
        },
        {
            "id": 53,
            "bank": "CENTRAL DEPOSITORY AND SETTLEMENT CORPORATION",
            "city": "NAIROBI",
            "branch": null,
            "swift_code": "CDSNKENA"
        },
        {
            "id": 54,
            "bank": "CFC FINANCIAL SERVICES LIMITED",
            "city": "NAIROBI",
            "branch": null,
            "swift_code": "CFFSKEN1"
        },
        {
            "id": 55,
            "bank": "CHARTERHOUSE BANK LIMITED",
            "city": "NAIROBI",
            "branch": null,
            "swift_code": "CHBLKEN1"
        },
        {
            "id": 56,
            "bank": "CHASE BANK (KENYA) LIMITED",
            "city": "NAIROBI",
            "branch": null,
            "swift_code": "CKENKENA"
        },
        {
            "id": 57,
            "bank": "CITIBANK N.A. NAIROBI",
            "city": "NAIROBI",
            "branch": "(TRADE SERVICES DEPARTMENT)",
            "swift_code": "CITIKENATRD"
        },
        {
            "id": 58,
            "bank": "CITIBANK N.A. NAIROBI",
            "city": "NAIROBI",
            "branch": null,
            "swift_code": "CITIKENA"
        },
        {
            "id": 59,
            "bank": "COMMERCIAL BANK OF AFRICA LTD.",
            "city": "NAIROBI",
            "branch": null,
            "swift_code": "CBAFKENX"
        },
        {
            "id": 60,
            "bank": "CONSOLIDATED BANK OF KENYA LTD",
            "city": "NAIROBI",
            "branch": null,
            "swift_code": "CONKKENA"
        },
        {
            "id": 61,
            "bank": "CREDIT BANK LIMITED",
            "city": "NAIROBI",
            "branch": null,
            "swift_code": "CRBTKENA"
        },
        {
            "id": 62,
            "bank": "CROSSFIELD SECURITIES LTD",
            "city": "NAIROBI",
            "branch": null,
            "swift_code": "CRORKEN1"
        },
        {
            "id": 63,
            "bank": "DEVELOPMENT BANK OF KENYA LIMITED",
            "city": "NAIROBI",
            "branch": null,
            "swift_code": "DEVKKENA"
        },
        {
            "id": 64,
            "bank": "DIAMOND TRUST BANK KENYA LIMITED",
            "city": "NAIROBI",
            "branch": "(HEAD OFFICE)",
            "swift_code": "DTKEKENA"
        },
        {
            "id": 65,
            "bank": "DIB BANK KENYA LTD",
            "city": "NAIROBI",
            "branch": null,
            "swift_code": "DUIBKENA"
        },
        {
            "id": 66,
            "bank": "DISCOUNT SECURITIES LIMITED",
            "city": "NAIROBI",
            "branch": null,
            "swift_code": "DISRKEN1"
        },
        {
            "id": 67,
            "bank": "DRUMMOND INVESTMENT BANK LIMITED",
            "city": "NAIROBI",
            "branch": null,
            "swift_code": "FRDRKEN1"
        },
        {
            "id": 68,
            "bank": "DYER AND BLAIR LIMITED",
            "city": "NAIROBI",
            "branch": null,
            "swift_code": "DYBRKEN1"
        },
        {
            "id": 69,
            "bank": "EAST AFRICAN DEVELOPMENT BANK",
            "city": "NAIROBI",
            "branch": null,
            "swift_code": "EADBKEN1"
        },
        {
            "id": 70,
            "bank": "EASTERN AND SOUTHERN AFRICAN TRADE AND DEVELOPMENTBANK",
            "city": "NAIROBI",
            "branch": null,
            "swift_code": "ESATKENA"
        },
        {
            "id": 71,
            "bank": "ECOBANK KENYA LTD",
            "city": "NAIROBI",
            "branch": null,
            "swift_code": "ECOCKENA"
        },
        {
            "id": 72,
            "bank": "EFG HERMES KENYA LIMITED",
            "city": "NAIROBI",
            "branch": null,
            "swift_code": "EFHKKEN1"
        },
        {
            "id": 73,
            "bank": "EQUITY BANK (KENYA) LIMITED",
            "city": "NAIROBI",
            "branch": null,
            "swift_code": "EQBLKENA"
        },
        {
            "id": 74,
            "bank": "EQUITY STOCKBROKERS LIMITED",
            "city": "NAIROBI",
            "branch": null,
            "swift_code": "EQSTKEN1"
        },
        {
            "id": 75,
            "bank": "EURO BANK",
            "city": "NAIROBI",
            "branch": null,
            "swift_code": "EUOOKEN1"
        },
        {
            "id": 76,
            "bank": "FAIDA INVESTMENT BANK LTD",
            "city": "NAIROBI",
            "branch": null,
            "swift_code": "FASRKEN1"
        },
        {
            "id": 77,
            "bank": "FAMILY BANK LIMITED",
            "city": "NAIROBI",
            "branch": null,
            "swift_code": "FABLKENA"
        },
        {
            "id": 78,
            "bank": "FAULU MICROFINANCE BANK LIMITED",
            "city": "NAIROBI",
            "branch": null,
            "swift_code": "FAUMKENA"
        },
        {
            "id": 79,
            "bank": "FIRST COMMUNITY BANK LIMITED",
            "city": "NAIROBI",
            "branch": null,
            "swift_code": "IFCBKENA"
        },
        {
            "id": 80,
            "bank": "GIRO COMMERCIAL BANK LTD",
            "city": "NAIROBI",
            "branch": null,
            "swift_code": "GIROKENX"
        },
        {
            "id": 81,
            "bank": "GUARANTY TRUST BANK (KENYA) LTD",
            "city": "NAIROBI",
            "branch": null,
            "swift_code": "GTBIKENA"
        },
        {
            "id": 82,
            "bank": "GUARDIAN BANK LIMITED",
            "city": "NAIROBI",
            "branch": null,
            "swift_code": "GUARKENA"
        },
        {
            "id": 83,
            "bank": "GULF AFRICAN BANK LTD",
            "city": "NAIROBI",
            "branch": null,
            "swift_code": "GAFRKENA"
        },
        {
            "id": 84,
            "bank": "HABIB BANK AG ZURICH",
            "city": "MOMBASA",
            "branch": null,
            "swift_code": "HBZUKEN1MSA"
        },
        {
            "id": 85,
            "bank": "HABIB BANK AG ZURICH",
            "city": "NAIROBI",
            "branch": null,
            "swift_code": "HBZUKENA"
        },
        {
            "id": 86,
            "bank": "HAK SECURITIES LTD",
            "city": "NAIROBI",
            "branch": null,
            "swift_code": "HAKSKEN1"
        },
        {
            "id": 87,
            "bank": "HFC LIMITED",
            "city": "NAIROBI",
            "branch": null,
            "swift_code": "HFCOKENA"
        },
        {
            "id": 88,
            "bank": "I AND M BANK LTD",
            "city": "NAIROBI",
            "branch": "(FUNDS TRANSFER DEPARTMENT)",
            "swift_code": "IMBLKENAFTR"
        },
        {
            "id": 89,
            "bank": "I AND M BANK LTD",
            "city": "NAIROBI",
            "branch": "(SETTLEMENT DEPARTMENT)",
            "swift_code": "IMBLKENASTL"
        },
        {
            "id": 90,
            "bank": "I AND M BANK LTD",
            "city": "NAIROBI",
            "branch": "(TRADE FINANCE DEPARTMENT)",
            "swift_code": "IMBLKENATRD"
        },
        {
            "id": 91,
            "bank": "I AND M BANK LTD",
            "city": "NAIROBI",
            "branch": null,
            "swift_code": "IMBLKENA"
        },
        {
            "id": 92,
            "bank": "IMPERIAL BANK LIMITED",
            "city": "NAIROBI",
            "branch": null,
            "swift_code": "IMPLKENA"
        },
        {
            "id": 93,
            "bank": "JAMII BORA BANK LTD",
            "city": "NAIROBI",
            "branch": null,
            "swift_code": "CIFIKENA"
        },
        {
            "id": 94,
            "bank": "KCB BANK KENYA LIMITED",
            "city": "MOMBASA",
            "branch": "(TREASURY SQUARE)",
            "swift_code": "KCBLKENX080"
        },
        {
            "id": 95,
            "bank": "KCB BANK KENYA LIMITED",
            "city": "NAIROBI",
            "branch": "(DOMESTIC MONEY MARKET UNIT)",
            "swift_code": "KCBLKENXDMM"
        },
        {
            "id": 96,
            "bank": "KCB BANK KENYA LIMITED",
            "city": "NAIROBI",
            "branch": "(GIGIRI-UNEP BRANCH)",
            "swift_code": "KCBLKENX012"
        },
        {
            "id": 97,
            "bank": "KCB BANK KENYA LIMITED",
            "city": "NAIROBI",
            "branch": "(HEAD OFFICE)",
            "swift_code": "KCBLKENX"
        },
        {
            "id": 98,
            "bank": "KCB BANK KENYA LIMITED",
            "city": "NAIROBI",
            "branch": "(INDUSTRIAL AREA)",
            "swift_code": "KCBLKENX002"
        },
        {
            "id": 99,
            "bank": "KCB BANK KENYA LIMITED",
            "city": "NAIROBI",
            "branch": "(KIPANDE HOUSE)",
            "swift_code": "KCBLKENX005"
        },
        {
            "id": 100,
            "bank": "KCB BANK KENYA LIMITED",
            "city": "NAIROBI",
            "branch": "(KISUMU MAIN)",
            "swift_code": "KCBLKENX077"
        },
        {
            "id": 101,
            "bank": "KCB BANK KENYA LIMITED",
            "city": "NAIROBI",
            "branch": "(MOI AVENUE)",
            "swift_code": "KCBLKENX017"
        },
        {
            "id": 102,
            "bank": "KCB BANK KENYA LIMITED",
            "city": "NAIROBI",
            "branch": "(TREASURY)",
            "swift_code": "KCBLKENXTMK"
        },
        {
            "id": 103,
            "bank": "KCB BANK KENYA LIMITED",
            "city": "NAIROBI",
            "branch": null,
            "swift_code": "KCBLKENXCUS"
        },
        {
            "id": 104,
            "bank": "KCB BANK KENYA LIMITED",
            "city": "NAIROBI",
            "branch": null,
            "swift_code": "KCBLKENXTFS"
        },
        {
            "id": 105,
            "bank": "KENYA POST OFFICE SAVINGS BANK",
            "city": "NAIROBI",
            "branch": null,
            "swift_code": "KPOBKEN1"
        },
        {
            "id": 106,
            "bank": "KENYA WIDE SECURITIES LIMITED",
            "city": "NAIROBI",
            "branch": null,
            "swift_code": "KEWSKEN1"
        },
        {
            "id": 107,
            "bank": "KENYA WOMEN MICROFINANCE BANK",
            "city": "NAIROBI",
            "branch": null,
            "swift_code": "KWMIKENX"
        },
        {
            "id": 108,
            "bank": "KESTREL CAPITAL EAST AFRICA LTD.",
            "city": "NAIROBI",
            "branch": null,
            "swift_code": "KCEAKEN1"
        },
        {
            "id": 109,
            "bank": "MAYFAIR BANK LIMITED",
            "city": "NAIROBI",
            "branch": null,
            "swift_code": "MYBKKENA"
        },
        {
            "id": 110,
            "bank": "MIDDLE EAST BANK KENYA LTD",
            "city": "NAIROBI",
            "branch": null,
            "swift_code": "MIEKKENA"
        },
        {
            "id": 111,
            "bank": "M-ORIENTAL BANK LTD",
            "city": "NAIROBI",
            "branch": null,
            "swift_code": "MORBKENA"
        },
        {
            "id": 112,
            "bank": "NAIROBI STOCK EXCHANGE",
            "city": "NAIROBI",
            "branch": null,
            "swift_code": "XNAIKEN1"
        },
        {
            "id": 113,
            "bank": "NATIONAL BANK OF KENYA LTD.",
            "city": "NAIROBI",
            "branch": "(AWENDO BRANCH)",
            "swift_code": "NBKEKENX302"
        },
        {
            "id": 114,
            "bank": "NATIONAL BANK OF KENYA LTD.",
            "city": "NAIROBI",
            "branch": "(BUNGOMA BRANCH)",
            "swift_code": "NBKEKENX957"
        },
        {
            "id": 115,
            "bank": "NATIONAL BANK OF KENYA LTD.",
            "city": "NAIROBI",
            "branch": "(BUSIA BRANCH)",
            "swift_code": "NBKEKENX828"
        },
        {
            "id": 116,
            "bank": "NATIONAL BANK OF KENYA LTD.",
            "city": "NAIROBI",
            "branch": "(CORPORATE DIVISION)",
            "swift_code": "NBKEKENX310"
        },
        {
            "id": 117,
            "bank": "NATIONAL BANK OF KENYA LTD.",
            "city": "NAIROBI",
            "branch": "(ELDORET BRANCH)",
            "swift_code": "NBKEKENX789"
        },
        {
            "id": 118,
            "bank": "NATIONAL BANK OF KENYA LTD.",
            "city": "NAIROBI",
            "branch": "(HARAMBEE AVENUE BRANCH)",
            "swift_code": "NBKEKENX711"
        },
        {
            "id": 119,
            "bank": "NATIONAL BANK OF KENYA LTD.",
            "city": "NAIROBI",
            "branch": "(HILL PLAZA BRANCH)",
            "swift_code": "NBKEKENX808"
        },
        {
            "id": 120,
            "bank": "NATIONAL BANK OF KENYA LTD.",
            "city": "NAIROBI",
            "branch": "(HOSPITAL BRANCH)",
            "swift_code": "NBKEKENX329"
        },
        {
            "id": 121,
            "bank": "NATIONAL BANK OF KENYA LTD.",
            "city": "NAIROBI",
            "branch": "(KAPSABET BRANCH)",
            "swift_code": "NBKEKENX965"
        },
        {
            "id": 122,
            "bank": "NATIONAL BANK OF KENYA LTD.",
            "city": "NAIROBI",
            "branch": "(KARATINA BRANCH)",
            "swift_code": "NBKEKENX841"
        },
        {
            "id": 123,
            "bank": "NATIONAL BANK OF KENYA LTD.",
            "city": "NAIROBI",
            "branch": "(KENYATTA AVENUE BRANCH)",
            "swift_code": "NBKEKENX725"
        },
        {
            "id": 124,
            "bank": "NATIONAL BANK OF KENYA LTD.",
            "city": "NAIROBI",
            "branch": "(KISII BRANCH)",
            "swift_code": "NBKEKENX815"
        },
        {
            "id": 125,
            "bank": "NATIONAL BANK OF KENYA LTD.",
            "city": "NAIROBI",
            "branch": "(KISUMU BRANCH)",
            "swift_code": "NBKEKENX761"
        },
        {
            "id": 126,
            "bank": "NATIONAL BANK OF KENYA LTD.",
            "city": "NAIROBI",
            "branch": "(KITALE BRANCH)",
            "swift_code": "NBKEKENX884"
        },
        {
            "id": 127,
            "bank": "NATIONAL BANK OF KENYA LTD.",
            "city": "NAIROBI",
            "branch": "(KITUI BRANCH)",
            "swift_code": "NBKEKENX930"
        },
        {
            "id": 128,
            "bank": "NATIONAL BANK OF KENYA LTD.",
            "city": "NAIROBI",
            "branch": "(LIMURU BRANCH)",
            "swift_code": "NBKEKENX922"
        },
        {
            "id": 129,
            "bank": "NATIONAL BANK OF KENYA LTD.",
            "city": "NAIROBI",
            "branch": "(MERU BRANCH)",
            "swift_code": "NBKEKENX833"
        },
        {
            "id": 130,
            "bank": "NATIONAL BANK OF KENYA LTD.",
            "city": "NAIROBI",
            "branch": "(MOI AVENUE BRANCH)",
            "swift_code": "NBKEKENX743"
        },
        {
            "id": 131,
            "bank": "NATIONAL BANK OF KENYA LTD.",
            "city": "NAIROBI",
            "branch": "(MOLO BRANCH)",
            "swift_code": "NBKEKENX949"
        },
        {
            "id": 132,
            "bank": "NATIONAL BANK OF KENYA LTD.",
            "city": "NAIROBI",
            "branch": "(MOMBASA MOI BRANCH)",
            "swift_code": "NBKEKENX973"
        },
        {
            "id": 133,
            "bank": "NATIONAL BANK OF KENYA LTD.",
            "city": "NAIROBI",
            "branch": "(MOMBASA NKURUMAH BRANCH)",
            "swift_code": "NBKEKENX739"
        },
        {
            "id": 134,
            "bank": "NATIONAL BANK OF KENYA LTD.",
            "city": "NAIROBI",
            "branch": "(NAKURU BRANCH)",
            "swift_code": "NBKEKENX757"
        },
        {
            "id": 135,
            "bank": "NATIONAL BANK OF KENYA LTD.",
            "city": "NAIROBI",
            "branch": "(NAROK BRANCH)",
            "swift_code": "NBKEKENX868"
        },
        {
            "id": 136,
            "bank": "NATIONAL BANK OF KENYA LTD.",
            "city": "NAIROBI",
            "branch": "(NYERI BRANCH)",
            "swift_code": "NBKEKENX876"
        },
        {
            "id": 137,
            "bank": "NATIONAL BANK OF KENYA LTD.",
            "city": "NAIROBI",
            "branch": null,
            "swift_code": "NBKEKENX"
        },
        {
            "id": 138,
            "bank": "NATIONAL BANK OF KENYA LTD.",
            "city": "RUIRU",
            "branch": "(RUIRU BRANCH)",
            "swift_code": "NBKEKENX337"
        },
        {
            "id": 139,
            "bank": "NGENYE KARIUKI AND CO. LTD.",
            "city": "NAIROBI",
            "branch": null,
            "swift_code": "NGKAKEN1"
        },
        {
            "id": 140,
            "bank": "NIC BANK LIMITED",
            "city": "NAIROBI",
            "branch": "(HEAD OFFICE)",
            "swift_code": "NINCKENA"
        },
        {
            "id": 141,
            "bank": "PANAFRICAN BANK LIMITED",
            "city": "NAIROBI",
            "branch": null,
            "swift_code": "PABLKEN1"
        },
        {
            "id": 142,
            "bank": "PARAMOUNT BANK LIMITED",
            "city": "NAIROBI",
            "branch": null,
            "swift_code": "PAUTKENA"
        },
        {
            "id": 143,
            "bank": "PRIME BANK LTD.",
            "city": "NAIROBI",
            "branch": null,
            "swift_code": "PRIEKENX"
        },
        {
            "id": 144,
            "bank": "RAFIKI MICROFINANCE BANK",
            "city": "NAIROBI",
            "branch": null,
            "swift_code": "RMFBKENA"
        },
        {
            "id": 145,
            "bank": "RELIABLE SECURITIES LIMITED",
            "city": "NAIROBI",
            "branch": null,
            "swift_code": "RELSKEN1"
        },
        {
            "id": 146,
            "bank": "RENAISSANCE CAPITAL (KENYA) LIMITED",
            "city": "NAIROBI",
            "branch": null,
            "swift_code": "RECYKEN1"
        },
        {
            "id": 147,
            "bank": "SABMILLER KENYA",
            "city": "NAIROBI",
            "branch": null,
            "swift_code": "SABMKEN1"
        },
        {
            "id": 148,
            "bank": "SABMILLER KENYA",
            "city": "NAIROBI",
            "branch": null,
            "swift_code": "SABMKEN1CBL"
        },
        {
            "id": 149,
            "bank": "SBM BANK (KENYA) LIMITED",
            "city": "NAIROBI",
            "branch": null,
            "swift_code": "FCBLKENA"
        },
        {
            "id": 150,
            "bank": "SHAH MUNGE AND PARTNERS LTD",
            "city": "NAIROBI",
            "branch": null,
            "swift_code": "SHMPKEN1"
        },
        {
            "id": 151,
            "bank": "SIDIAN BANK LIMITED",
            "city": "NAIROBI",
            "branch": null,
            "swift_code": "SIDNKENA"
        },
        {
            "id": 152,
            "bank": "SMEP MICROFINANCE BANK",
            "city": "NAIROBI",
            "branch": null,
            "swift_code": "SMEPKENA"
        },
        {
            "id": 153,
            "bank": "SOLID INVESTMENT SECURITIES LTD",
            "city": "NAIROBI",
            "branch": null,
            "swift_code": "SOISKEN1"
        },
        {
            "id": 154,
            "bank": "SPIRE BANK LTD",
            "city": "NAIROBI",
            "branch": null,
            "swift_code": "EQUAKENA"
        },
        {
            "id": 155,
            "bank": "STANBIC BANK KENYA LIMITED",
            "city": "MOMBASA",
            "branch": null,
            "swift_code": "SBICKEN10MB"
        },
        {
            "id": 156,
            "bank": "STANBIC BANK KENYA LIMITED",
            "city": "NAIROBI",
            "branch": "(STRUCTURED PAYMENTS)",
            "swift_code": "SBICKENXSSP"
        },
        {
            "id": 157,
            "bank": "STANBIC BANK KENYA LIMITED",
            "city": "NAIROBI",
            "branch": null,
            "swift_code": "SBICKENX"
        },
        {
            "id": 158,
            "bank": "STANDARD CHARTERED BANK KENYA LIMITED",
            "city": "NAIROBI",
            "branch": "(SECURITIES SERVICES UNIT)",
            "swift_code": "SCBLKENXSSU"
        },
        {
            "id": 159,
            "bank": "STANDARD CHARTERED BANK KENYA LIMITED",
            "city": "NAIROBI",
            "branch": "(TRADE)",
            "swift_code": "SCBLKENXTRD"
        },
        {
            "id": 160,
            "bank": "STANDARD CHARTERED BANK KENYA LIMITED",
            "city": "NAIROBI",
            "branch": null,
            "swift_code": "SCBLKENX"
        },
        {
            "id": 161,
            "bank": "STANDARD INVESTMENT BANK LTD",
            "city": "NAIROBI",
            "branch": null,
            "swift_code": "STSKKEN1"
        },
        {
            "id": 162,
            "bank": "SUNTRA INVESTMENT BANK LTD",
            "city": "NAIROBI",
            "branch": null,
            "swift_code": "SUSTKEN1"
        },
        {
            "id": 163,
            "bank": "THE CO-OPERATIVE BANK OF KENYA LTD",
            "city": "NAIROBI",
            "branch": null,
            "swift_code": "KCOOKENA"
        },
        {
            "id": 164,
            "bank": "TRANS-NATIONAL BANK LIMITED",
            "city": "NAIROBI",
            "branch": null,
            "swift_code": "TNBLKENA"
        },
        {
            "id": 165,
            "bank": "UBA KENYA BANK LIMITED",
            "city": "NAIROBI",
            "branch": null,
            "swift_code": "UNAFKENA"
        },
        {
            "id": 166,
            "bank": "VICTORIA COMMERCIAL BANK LIMITED",
            "city": "NAIROBI",
            "branch": null,
            "swift_code": "VICMKENA"
        }
    ]
}
