{
    "country": "Kyrgyzstan",
    "country_code": "KG",
    "list": [
        {
            "id": 1,
            "bank": "AMANBANK (JOINT-STOCK RUSSIAN-KYRGYZ AMANBANK)",
            "city": "BISHKEK",
            "branch": null,
            "swift_code": "AJRAKG22"
        },
        {
            "id": 2,
            "bank": "BAI-TUSHUM BANK CJSC",
            "city": "BISHKEK",
            "branch": null,
            "swift_code": "BBTPKG22"
        },
        {
            "id": 3,
            "bank": "BAKAI BANK OJSC",
            "city": "BISHKEK",
            "branch": null,
            "swift_code": "BAKAKG22"
        },
        {
            "id": 4,
            "bank": "BANK OF ASIA CJSC",
            "city": "BISHKEK",
            "branch": null,
            "swift_code": "ASCJKG22"
        },
        {
            "id": 5,
            "bank": "BTA BANK CJSC (FORMERLY INEXIMBANK CJSC), BISHKEK,KG",
            "city": "BISHKEK",
            "branch": null,
            "swift_code": "EIMBKG22"
        },
        {
            "id": 6,
            "bank": "CJSC ECOISLAMICBANK",
            "city": "BISHKEK",
            "branch": null,
            "swift_code": "ECBIKG22"
        },
        {
            "id": 7,
            "bank": "CJSC FINCA BANK",
            "city": "BISHKEK",
            "branch": null,
            "swift_code": "FBANKG22"
        },
        {
            "id": 8,
            "bank": "DEMIR KYRGYZ INTERNATIONAL BANK",
            "city": "BISHKEK",
            "branch": null,
            "swift_code": "DEMIKG22"
        },
        {
            "id": 9,
            "bank": "DOS-CREDOBANK OJSC",
            "city": "BISHKEK",
            "branch": null,
            "swift_code": "DOSSKG22"
        },
        {
            "id": 10,
            "bank": "EURASIAN SAVINGS BANK, OJSC",
            "city": "BISHKEK",
            "branch": null,
            "swift_code": "KYRGKG22"
        },
        {
            "id": 11,
            "bank": "FINANCECREDITBANK KAB",
            "city": "BISHKEK",
            "branch": null,
            "swift_code": "FIKBKG22"
        },
        {
            "id": 12,
            "bank": "INVESTMENT BANK CHANG AN OJSC",
            "city": "BISHKEK",
            "branch": null,
            "swift_code": "IBCHKG22"
        },
        {
            "id": 13,
            "bank": "KOMPANION BANK CLOSED JOINT-STOCK COMPANY",
            "city": "BISHKEK",
            "branch": null,
            "swift_code": "KOMPKG22"
        },
        {
            "id": 14,
            "bank": "KYRGYZ INVESTMENT AND CREDIT BANK",
            "city": "BISHKEK",
            "branch": null,
            "swift_code": "KICBKG22"
        },
        {
            "id": 15,
            "bank": "KYRGYZ-SWISS BANK CJSC",
            "city": "BISHKEK",
            "branch": null,
            "swift_code": "KSBCKG22"
        },
        {
            "id": 16,
            "bank": "NATIONAL BANK OF PAKISTAN BISHKEK BRANCH",
            "city": "BISHKEK",
            "branch": null,
            "swift_code": "NBPAKG22"
        },
        {
            "id": 17,
            "bank": "NATIONAL BANK OF THE KYRGYZ REPUBLIC",
            "city": "BISHKEK",
            "branch": null,
            "swift_code": "NBKIKG22"
        },
        {
            "id": 18,
            "bank": "OJSC AIYL BANK",
            "city": "BISHKEK",
            "branch": null,
            "swift_code": "AIYLKG22"
        },
        {
            "id": 19,
            "bank": "OJSC COMMERCIAL BANK KYRGYZSTAN",
            "city": "BISHKEK",
            "branch": null,
            "swift_code": "KYRSKG22"
        },
        {
            "id": 20,
            "bank": "OJSC HALYK BANK KYRGYZSTAN",
            "city": "BISHKEK",
            "branch": null,
            "swift_code": "MAKAKG22"
        },
        {
            "id": 21,
            "bank": "OJSC KYRGYZKOMMERTSBANK",
            "city": "BISHKEK",
            "branch": null,
            "swift_code": "KAKYKG22"
        },
        {
            "id": 22,
            "bank": "OJSC RSK BANK",
            "city": "BISHKEK",
            "branch": null,
            "swift_code": "SESVKG22"
        },
        {
            "id": 23,
            "bank": "OJSC RUSSIAN INVESTMENT BANK",
            "city": "BISHKEK",
            "branch": null,
            "swift_code": "RINBKG22"
        },
        {
            "id": 24,
            "bank": "OPTIMA BANK OJSC",
            "city": "BISHKEK",
            "branch": null,
            "swift_code": "ENEJKG22"
        },
        {
            "id": 25,
            "bank": "THE OPEN JOINT-STOCK COMPANY CAPITAL BANK",
            "city": "BISHKEK",
            "branch": null,
            "swift_code": "AKILKG22"
        },
        {
            "id": 26,
            "bank": "TOLUBAY BANK - CLOSED JOINT STOCK COMPANY",
            "city": "BISHKEK",
            "branch": null,
            "swift_code": "TOLUKG22"
        }
    ]
}
