{
    "country": "North Korea",
    "country_code": "KP",
    "list": [
        {
            "id": 1,
            "bank": "BANK OF EAST LAND, PYONGYANG",
            "city": "PYONGYANG",
            "branch": null,
            "swift_code": "BOELKPP1"
        },
        {
            "id": 2,
            "bank": "BRILLIANCE BANKING CORPORATION LTD.",
            "city": "PYONGYANG",
            "branch": null,
            "swift_code": "BRBKKPP1"
        },
        {
            "id": 3,
            "bank": "DAEDONG CREDIT BANK",
            "city": "PYONGYANG",
            "branch": null,
            "swift_code": "DCBKKPP1"
        },
        {
            "id": 4,
            "bank": "FOREIGN TRADE BANK OF THE D.P.R. OF KOREA",
            "city": "PYONGYANG",
            "branch": null,
            "swift_code": "FTBDKPP1"
        },
        {
            "id": 5,
            "bank": "FOREIGN TRADE BANK OF THE D.P.R. OF KOREA",
            "city": "PYONGYANG",
            "branch": null,
            "swift_code": "FTBDKPP1KBC"
        },
        {
            "id": 6,
            "bank": "GOLDEN TRIANGLE BANK",
            "city": "NAMSAN",
            "branch": null,
            "swift_code": "KGTBKPP1"
        },
        {
            "id": 7,
            "bank": "KOREA DAESONG BANK",
            "city": "PYONGYANG",
            "branch": null,
            "swift_code": "KDBKKPP1"
        },
        {
            "id": 8,
            "bank": "KOREA KWANGSON BANKING CORP.",
            "city": "PYONGYANG",
            "branch": null,
            "swift_code": "KKBCKPP1"
        },
        {
            "id": 9,
            "bank": "KORYO COMMERCIAL BANK LTD.",
            "city": "PYONGYANG",
            "branch": null,
            "swift_code": "KCBKKPP1"
        },
        {
            "id": 10,
            "bank": "KORYO CREDIT DEVELOPMENT BANK",
            "city": "PYONGYANG",
            "branch": null,
            "swift_code": "KGCBKPP1"
        },
        {
            "id": 11,
            "bank": "KUMGANG BANK",
            "city": "PYONGYANG",
            "branch": null,
            "swift_code": "KMBKKPP1"
        },
        {
            "id": 12,
            "bank": "NORTH EAST ASIA BANK",
            "city": "PYONGYANG",
            "branch": null,
            "swift_code": "NEABKPP1"
        }
    ]
}
