{
    "country": "South Korea",
    "country_code": "KR",
    "list": [
        {
            "id": 1,
            "bank": "AGRICULTURAL BANK OF CHINA SEOUL BRANCH",
            "city": "SEOUL",
            "branch": null,
            "swift_code": "ABOCKRSE"
        },
        {
            "id": 2,
            "bank": "AIA INTERNATIONAL, KOREA BRANCH",
            "city": "SEOUL",
            "branch": null,
            "swift_code": "AIKRKRS1"
        },
        {
            "id": 3,
            "bank": "ANG INVESTMENT TRUST MANAGEMENT COMPANY",
            "city": "SEOUL",
            "branch": null,
            "swift_code": "AITMKRS1"
        },
        {
            "id": 4,
            "bank": "AUDI VOLKSWAGEN KOREA LTD.",
            "city": "SEOUL",
            "branch": null,
            "swift_code": "AUVKKRS1"
        },
        {
            "id": 5,
            "bank": "AUSTRALIA AND NEW ZEALAND BANKING GROUP LIMITED",
            "city": "SEOUL",
            "branch": null,
            "swift_code": "ANZBKRSX"
        },
        {
            "id": 6,
            "bank": "BANK MELLAT, SEOUL BRANCH",
            "city": "SEOUL",
            "branch": null,
            "swift_code": "BKMTKRSE"
        },
        {
            "id": 7,
            "bank": "BANK NEGARA INDONESIA SEOUL BRANCH",
            "city": "SEOUL",
            "branch": null,
            "swift_code": "BNINKRSE"
        },
        {
            "id": 8,
            "bank": "BANK OF AMERICA, N.A. PUSAN",
            "city": "PUSAN",
            "branch": null,
            "swift_code": "BOFAKR2102P"
        },
        {
            "id": 9,
            "bank": "BANK OF AMERICA, N.A. SEOUL BRANCH",
            "city": "SEOUL",
            "branch": null,
            "swift_code": "BOFAKR2X"
        },
        {
            "id": 10,
            "bank": "BANK OF CHINA SEOUL BRANCH",
            "city": "ANSAN",
            "branch": "(ANSAN BRANCH)",
            "swift_code": "BKCHKRSEANS"
        },
        {
            "id": 11,
            "bank": "BANK OF CHINA SEOUL BRANCH",
            "city": "DAEGU",
            "branch": "(DAEGU BRANCH)",
            "swift_code": "BKCHKRSEDAE"
        },
        {
            "id": 12,
            "bank": "BANK OF CHINA SEOUL BRANCH",
            "city": "INCHEON",
            "branch": "(INCHEON BRANCH)",
            "swift_code": "BKCHKRSEICN"
        },
        {
            "id": 13,
            "bank": "BANK OF CHINA SEOUL BRANCH",
            "city": "SEOUL",
            "branch": "(GURO BRANCH)",
            "swift_code": "BKCHKRSEGRO"
        },
        {
            "id": 14,
            "bank": "BANK OF CHINA SEOUL BRANCH",
            "city": "SEOUL",
            "branch": "(GURO BRANCH)",
            "swift_code": "BKCHKRSEGUR"
        },
        {
            "id": 15,
            "bank": "BANK OF CHINA SEOUL BRANCH",
            "city": "SEOUL",
            "branch": null,
            "swift_code": "BKCHKRSE"
        },
        {
            "id": 16,
            "bank": "BANK OF COMMUNICATIONS CO. LTD SEOUL BRANCH",
            "city": "SEOUL",
            "branch": "(SEOUL BRANCH (RMB CLEARING BANK))",
            "swift_code": "COMMKRSE888"
        },
        {
            "id": 17,
            "bank": "BANK OF COMMUNICATIONS CO. LTD SEOUL BRANCH",
            "city": "SEOUL",
            "branch": null,
            "swift_code": "COMMKRSE"
        },
        {
            "id": 18,
            "bank": "BANK OF KOREA",
            "city": "SEOUL",
            "branch": null,
            "swift_code": "BOKRKRST"
        },
        {
            "id": 19,
            "bank": "BANK OF KOREA, THE",
            "city": "SEOUL",
            "branch": null,
            "swift_code": "BOKRKRSE"
        },
        {
            "id": 20,
            "bank": "BANK OF NOVA SCOTIA, THE, SEOUL BRANCH",
            "city": "SEOUL",
            "branch": null,
            "swift_code": "NOSCKRSE"
        },
        {
            "id": 21,
            "bank": "BANK OF TOKYO-MITSUBISHI UFJ, LTD., THE",
            "city": "SEOUL",
            "branch": "(SEOUL BRANCH)",
            "swift_code": "BOTKKRSX"
        },
        {
            "id": 22,
            "bank": "BANKERS TRUST INTERNATIONAL",
            "city": "SEOUL",
            "branch": null,
            "swift_code": "BKTIKRS1"
        },
        {
            "id": 23,
            "bank": "BARCLAYS DE ZOETE WEDD SECURITIES LTD.",
            "city": "SEOUL",
            "branch": null,
            "swift_code": "BZWSKRS1"
        },
        {
            "id": 24,
            "bank": "BARO INVESTMENT SECURITIES",
            "city": "SEOUL",
            "branch": null,
            "swift_code": "BRIUKRS1"
        },
        {
            "id": 25,
            "bank": "BAT KOREA MANUFACTURING LTD",
            "city": "SACHEON-SI",
            "branch": null,
            "swift_code": "BATSKR21"
        },
        {
            "id": 26,
            "bank": "BNP PARIBAS SECURITIES KOREA CO., LTD.",
            "city": "SEOUL",
            "branch": null,
            "swift_code": "BPPSKRS1"
        },
        {
            "id": 27,
            "bank": "BNP PARIBAS SEOUL BRANCH",
            "city": "SEOUL",
            "branch": null,
            "swift_code": "BNPAKRSE"
        },
        {
            "id": 28,
            "bank": "BOOKOOK SECURITIES CO LTD",
            "city": "SEOUL",
            "branch": null,
            "swift_code": "BOOSKRS1"
        },
        {
            "id": 29,
            "bank": "BRITISH AMERICAN TOBACCO KOREA",
            "city": "SEOUL",
            "branch": null,
            "swift_code": "BATSKRS1"
        },
        {
            "id": 30,
            "bank": "BUSAN BANK",
            "city": "BUSAN",
            "branch": null,
            "swift_code": "PUSBKR2P"
        },
        {
            "id": 31,
            "bank": "BUSAN BANK",
            "city": "MASAN",
            "branch": "(MASAN BRANCH)",
            "swift_code": "PUSBKR2PMAS"
        },
        {
            "id": 32,
            "bank": "BUSAN BANK",
            "city": "SEOUL",
            "branch": "(INTERNATIONAL DEPARTMENT SEOUL)",
            "swift_code": "PUSBKR2PINT"
        },
        {
            "id": 33,
            "bank": "BUSAN BANK",
            "city": "SEOUL",
            "branch": "(SEOUL BRANCH)",
            "swift_code": "PUSBKR2PSEL"
        },
        {
            "id": 34,
            "bank": "BZW SECURITIES LTD.",
            "city": "SEOUL",
            "branch": null,
            "swift_code": "BZSEKRS1"
        },
        {
            "id": 35,
            "bank": "CHEIL WORLDWIDE, INC",
            "city": "SEOUL",
            "branch": null,
            "swift_code": "CIWWKRSE"
        },
        {
            "id": 36,
            "bank": "CHINA CONSTRUCTION BANK SEOUL BRANCH",
            "city": "SEOUL",
            "branch": null,
            "swift_code": "PCBCKRSE"
        },
        {
            "id": 37,
            "bank": "CHINA EVERBRIGHT BANK SEOUL BRANCH",
            "city": "SEOUL",
            "branch": null,
            "swift_code": "EVERKRSE"
        },
        {
            "id": 38,
            "bank": "CHO HUNG SECURITIES CORPORATION",
            "city": "SEOUL",
            "branch": null,
            "swift_code": "CHHEKRS1"
        },
        {
            "id": 39,
            "bank": "CIMB SECURITIES LTD., KOREA BRANCH",
            "city": "SEOUL",
            "branch": null,
            "swift_code": "CSKRKRS1"
        },
        {
            "id": 40,
            "bank": "CITIBANK KOREA INC",
            "city": "SEOUL",
            "branch": "(CITI KR KAKAO)",
            "swift_code": "CITIKRSXKAK"
        },
        {
            "id": 41,
            "bank": "CITIBANK KOREA INC",
            "city": "SEOUL",
            "branch": "(CITIBANK KOREA INC  K BANK)",
            "swift_code": "CITIKRSXKBA"
        },
        {
            "id": 42,
            "bank": "CITIBANK KOREA INC",
            "city": "SEOUL",
            "branch": "(WORLDLINK OPERATION)",
            "swift_code": "CITIKRSXWLS"
        },
        {
            "id": 43,
            "bank": "CITIBANK KOREA INC",
            "city": "SEOUL",
            "branch": null,
            "swift_code": "CITIKRSX"
        },
        {
            "id": 44,
            "bank": "CITIGROUP GLOBAL MARKETS KOREA SECURITIES LIMITED",
            "city": "SEOUL",
            "branch": null,
            "swift_code": "KBSSKRS1"
        },
        {
            "id": 45,
            "bank": "CJ CHEILJEDANG CORPORATION",
            "city": "SEOUL",
            "branch": null,
            "swift_code": "CJCCKRSS"
        },
        {
            "id": 46,
            "bank": "CLSA SECURITIES KOREA LTD.",
            "city": "SEOUL",
            "branch": null,
            "swift_code": "CLSAKRS1"
        },
        {
            "id": 47,
            "bank": "CONSTRUCTION GUARANTEE COOPERATIVE",
            "city": "SEOUL",
            "branch": null,
            "swift_code": "KCGCKRSE"
        },
        {
            "id": 48,
            "bank": "CREDIT AGRICOLE CIB",
            "city": "SEOUL",
            "branch": null,
            "swift_code": "CRLYKRSE"
        },
        {
            "id": 49,
            "bank": "CREDIT SUISSE AG, SEOUL BRANCH",
            "city": "SEOUL",
            "branch": null,
            "swift_code": "CRESKRSE"
        },
        {
            "id": 50,
            "bank": "CREDIT SUISSE SECURITIES (EUROPE) LIMITED, SEOUL BRANCH",
            "city": "SEOUL",
            "branch": null,
            "swift_code": "CSFBKRSE"
        },
        {
            "id": 51,
            "bank": "DAE HAN SECURITIES CO LTD",
            "city": "SEOUL",
            "branch": null,
            "swift_code": "DAHUKRS1"
        },
        {
            "id": 52,
            "bank": "DAE YU SECURITIES CO. LTD.",
            "city": "SEOUL",
            "branch": null,
            "swift_code": "DAECKRS1"
        },
        {
            "id": 53,
            "bank": "DAEGU BANK, LTD.,THE",
            "city": "DAEGU",
            "branch": null,
            "swift_code": "DAEBKR22"
        },
        {
            "id": 54,
            "bank": "DAEGU BANK, LTD.,THE",
            "city": "SEOUL",
            "branch": null,
            "swift_code": "DAEBKR22SEL"
        },
        {
            "id": 55,
            "bank": "DAIMLER TRUCKS KOREA LTD.",
            "city": "SEOUL",
            "branch": null,
            "swift_code": "DTKRKRSE"
        },
        {
            "id": 56,
            "bank": "DAISHIN ASSET MANAGEMENT",
            "city": "SEOUL",
            "branch": null,
            "swift_code": "DAMSKRS1"
        },
        {
            "id": 57,
            "bank": "DAISHIN SECURITES CO., LTD",
            "city": "SEOUL",
            "branch": null,
            "swift_code": "DSSCKRSE"
        },
        {
            "id": 58,
            "bank": "DAIWA SECURITIES CAPITAL MARKETS KOREA CO.,LTD.",
            "city": "SEOUL",
            "branch": null,
            "swift_code": "DSCCKRS1"
        },
        {
            "id": 59,
            "bank": "DBS BANK LTD, SEOUL BRANCH",
            "city": "SEOUL",
            "branch": "(SEOUL BRANCH)",
            "swift_code": "DBSSKRSEIBD"
        },
        {
            "id": 60,
            "bank": "DBS BANK LTD, SEOUL BRANCH",
            "city": "SEOUL",
            "branch": null,
            "swift_code": "DBSSKRSE"
        },
        {
            "id": 61,
            "bank": "DEUTSCHE BANK AG",
            "city": "PUSAN",
            "branch": null,
            "swift_code": "DEUTKRS102P"
        },
        {
            "id": 62,
            "bank": "DEUTSCHE BANK AG, SEOUL BRANCH",
            "city": "SEOUL",
            "branch": null,
            "swift_code": "DEUTKRSE"
        },
        {
            "id": 63,
            "bank": "DEUTSCHE SECURITIES KOREA CO.",
            "city": "SEOUL",
            "branch": null,
            "swift_code": "DSALKRS1"
        },
        {
            "id": 64,
            "bank": "DONG BU SECURITIES CO. LTD.",
            "city": "SEOUL",
            "branch": null,
            "swift_code": "DSEUKRS1"
        },
        {
            "id": 65,
            "bank": "DONGBU ASSET MANAGEMENT",
            "city": "SEOUL",
            "branch": null,
            "swift_code": "DAMGKRS1"
        },
        {
            "id": 66,
            "bank": "DONGSUH SECURITIES CO LTD.",
            "city": "SEOUL",
            "branch": null,
            "swift_code": "DOSEKRS1"
        },
        {
            "id": 67,
            "bank": "DONGWON SECURITIES",
            "city": "SEOUL",
            "branch": "(INTERNATIONAL INVESTMENT DEPARTMENT)",
            "swift_code": "DOSUKRS1186"
        },
        {
            "id": 68,
            "bank": "DONGWON SECURITIES",
            "city": "SEOUL",
            "branch": null,
            "swift_code": "DOSUKRS1"
        },
        {
            "id": 69,
            "bank": "DREAM ASSET MANAGEMENT CO., LTD",
            "city": "SEOUL",
            "branch": null,
            "swift_code": "DASGKRS1"
        },
        {
            "id": 70,
            "bank": "E TRADE KOREA CO., LTD.",
            "city": "SEOUL",
            "branch": null,
            "swift_code": "ETSIKRS1"
        },
        {
            "id": 71,
            "bank": "E9PAY CO. LTD",
            "city": "SEOUL",
            "branch": null,
            "swift_code": "NINPKRSE"
        },
        {
            "id": 72,
            "bank": "ELAND WORLD LIMITED",
            "city": "SEOUL",
            "branch": null,
            "swift_code": "ELGTKRSE"
        },
        {
            "id": 73,
            "bank": "EPAYKOREA CO.,LTD.",
            "city": "SEOUL",
            "branch": null,
            "swift_code": "EPACKRSE"
        },
        {
            "id": 74,
            "bank": "EUGENE INVESTMENT AND SECURITIES CO.,LTD.",
            "city": "SEOUL",
            "branch": null,
            "swift_code": "SEOSKRS1"
        },
        {
            "id": 75,
            "bank": "FIRST SECURITIES CO LTD",
            "city": "SEOUL",
            "branch": null,
            "swift_code": "FIRSKRS1"
        },
        {
            "id": 76,
            "bank": "FITCH RATINGS LTD (KOREA BRANCH)",
            "city": "SEOUL",
            "branch": null,
            "swift_code": "FRIPKRS1"
        },
        {
            "id": 77,
            "bank": "FPB ASIA LIMITED",
            "city": "SEOUL",
            "branch": null,
            "swift_code": "FPASKRS1"
        },
        {
            "id": 78,
            "bank": "GOLDMAN SACHS (ASIA) L.L.C. SEOUL BRANCH",
            "city": "SEOUL",
            "branch": null,
            "swift_code": "GSALKRSE"
        },
        {
            "id": 79,
            "bank": "GOLDMAN SACHS INTERNATIONAL BANK, SEOUL BRANCH",
            "city": "SEOUL",
            "branch": null,
            "swift_code": "GSIBKRSE"
        },
        {
            "id": 80,
            "bank": "HAN YANG SECURITY CO. LTD.",
            "city": "SEOUL",
            "branch": null,
            "swift_code": "HAYSKRS1"
        },
        {
            "id": 81,
            "bank": "HANA FINANCIAL INVESTMENT CO., LTD.",
            "city": "SEOUL",
            "branch": null,
            "swift_code": "HAFVKRS1"
        },
        {
            "id": 82,
            "bank": "HANA FINANCIAL INVESTMENT CO., LTD.",
            "city": "SEOUL",
            "branch": null,
            "swift_code": "HAFVKRS3"
        },
        {
            "id": 83,
            "bank": "HANIL SECURITIES CO. LTD",
            "city": "SEOUL",
            "branch": null,
            "swift_code": "HANEKRS1"
        },
        {
            "id": 84,
            "bank": "HANMAG SECURITIES CORPORATION",
            "city": "SEOUL",
            "branch": null,
            "swift_code": "HASNKRS1"
        },
        {
            "id": 85,
            "bank": "HANSHIN SECURITIES CO. LTD.",
            "city": "SEOUL",
            "branch": null,
            "swift_code": "HNSEKRS1"
        },
        {
            "id": 86,
            "bank": "HANWHA INVESTMENT TRUST MANAGEMENT",
            "city": "SEOUL",
            "branch": null,
            "swift_code": "HAITKRS1"
        },
        {
            "id": 87,
            "bank": "HANWHA LIFE INSURANCE",
            "city": "SEOUL",
            "branch": null,
            "swift_code": "HWLIKRSE"
        },
        {
            "id": 88,
            "bank": "HANWHA SECURITIES SEOUL",
            "city": "SEOUL",
            "branch": null,
            "swift_code": "HNWSKRS1"
        },
        {
            "id": 89,
            "bank": "HANYANG SECURITIES CO. LTD.",
            "city": "SEOUL",
            "branch": null,
            "swift_code": "HSECKRS1"
        },
        {
            "id": 90,
            "bank": "HEUNGKUK SECURITIES",
            "city": "SEOUL",
            "branch": null,
            "swift_code": "HESTKRS1"
        },
        {
            "id": 91,
            "bank": "HEWLETT-PACKARD KOREA LTD.",
            "city": "SEOUL",
            "branch": null,
            "swift_code": "HEKOKRS1"
        },
        {
            "id": 92,
            "bank": "HI ASSET MANAGEMENT",
            "city": "SEOUL",
            "branch": null,
            "swift_code": "ASNMKRS1"
        },
        {
            "id": 93,
            "bank": "HMC INVESTMENT SECURITIES CO., LTD.",
            "city": "SEOUL",
            "branch": null,
            "swift_code": "SHHEKRS1"
        },
        {
            "id": 94,
            "bank": "HOTEL LOTTE CO.,LTD. (DUTY FREE)",
            "city": "SEOUL",
            "branch": null,
            "swift_code": "LDFSKRSE"
        },
        {
            "id": 95,
            "bank": "HSBC FUND SERVICES (KOREA) LIMITED",
            "city": "SEOUL",
            "branch": null,
            "swift_code": "HIFKKRSE"
        },
        {
            "id": 96,
            "bank": "HYUNDAI ASSET MANAGEMENT",
            "city": "SEOUL",
            "branch": null,
            "swift_code": "HYAMKRS1"
        },
        {
            "id": 97,
            "bank": "HYUNDAI MOBIS, CO., LTD.",
            "city": "SEOUL",
            "branch": null,
            "swift_code": "HYMOKRSE"
        },
        {
            "id": 98,
            "bank": "IBK SECURITIES CO., LTD.",
            "city": "SEOUL",
            "branch": null,
            "swift_code": "IBKSKRS1"
        },
        {
            "id": 99,
            "bank": "INDIAN OVERSEAS BANK, SEOUL BRANCH",
            "city": "SEOUL",
            "branch": null,
            "swift_code": "IOBAKRSE"
        },
        {
            "id": 100,
            "bank": "INDUSTRIAL AND COMMERCIAL BANK OF CHINA SEOUL BRANCH",
            "city": "SEOUL",
            "branch": null,
            "swift_code": "ICBKKRSE"
        },
        {
            "id": 101,
            "bank": "INDUSTRIAL BANK OF KOREA",
            "city": "SEOUL",
            "branch": "(HEAD OFFICE SEOUL)",
            "swift_code": "IBKOKRSE"
        },
        {
            "id": 102,
            "bank": "ING BANK N.V.",
            "city": "SEOUL",
            "branch": null,
            "swift_code": "INGBKRSE"
        },
        {
            "id": 103,
            "bank": "ING BANK N.V., SEOUL SECURITIES",
            "city": "SEOUL",
            "branch": null,
            "swift_code": "INGBKRSS"
        },
        {
            "id": 104,
            "bank": "J. HENRY SCHRODER WAGG AND CO LTD",
            "city": "SEOUL",
            "branch": null,
            "swift_code": "JHSWKRS1"
        },
        {
            "id": 105,
            "bank": "J.P. MORGAN SECURITIES (FAR EAST) LTD",
            "city": "SEOUL",
            "branch": "(TELEX AND S.W.I.F.T. MESSAGE ENQUIRIES)",
            "swift_code": "CHASKRSEENQ"
        },
        {
            "id": 106,
            "bank": "J.P. MORGAN SECURITIES (FAR EAST) LTD",
            "city": "SEOUL",
            "branch": "(TEST KEY AND BKE ADMINISTRATION)",
            "swift_code": "CHASKRSEKEY"
        },
        {
            "id": 107,
            "bank": "J.P. MORGAN SECURITIES (FAR EAST) LTD",
            "city": "SEOUL",
            "branch": null,
            "swift_code": "CHASKRSE"
        },
        {
            "id": 108,
            "bank": "J.P. MORGAN SECURITIES ASIA LTD",
            "city": "SEOUL",
            "branch": null,
            "swift_code": "JMSAKRS1"
        },
        {
            "id": 109,
            "bank": "JEJU BANK",
            "city": "JEJU",
            "branch": null,
            "swift_code": "JJBKKR22"
        },
        {
            "id": 110,
            "bank": "JEONBUK BANK",
            "city": "JEONJU",
            "branch": null,
            "swift_code": "JEONKRS1022"
        },
        {
            "id": 111,
            "bank": "JEONBUK BANK",
            "city": "SEOUL",
            "branch": "(CLS DIVISION)",
            "swift_code": "JEONKRSECLS"
        },
        {
            "id": 112,
            "bank": "JEONBUK BANK",
            "city": "SEOUL",
            "branch": null,
            "swift_code": "JEONKRSE"
        },
        {
            "id": 113,
            "bank": "JPMORGAN CHASE BANK, N.A., SEOUL BRANCH",
            "city": "SEOUL",
            "branch": "(TELEX AND S.W.I.F.T. MESSAGE ENQUIRIES)",
            "swift_code": "CHASKRSXENQ"
        },
        {
            "id": 114,
            "bank": "JPMORGAN CHASE BANK, N.A., SEOUL BRANCH",
            "city": "SEOUL",
            "branch": "(TEST KEY AND BKE ADMINISTRATION)",
            "swift_code": "CHASKRSXKEY"
        },
        {
            "id": 115,
            "bank": "JPMORGAN CHASE BANK, N.A., SEOUL BRANCH",
            "city": "SEOUL",
            "branch": null,
            "swift_code": "CHASKRSX"
        },
        {
            "id": 116,
            "bank": "KB ASSET MANAGEMENT",
            "city": "SEOUL",
            "branch": null,
            "swift_code": "KBAMKRS1"
        },
        {
            "id": 117,
            "bank": "KB INVESTMENT AND SECURITIES CO., LTD.",
            "city": "SEOUL",
            "branch": null,
            "swift_code": "HISOKRS1"
        },
        {
            "id": 118,
            "bank": "KB SECURITIES CO., LTD.",
            "city": "SEOUL",
            "branch": null,
            "swift_code": "HYSEKRSE"
        },
        {
            "id": 119,
            "bank": "KDB ASSET MANAGEMENT",
            "city": "SEOUL",
            "branch": null,
            "swift_code": "KDAMKRS1"
        },
        {
            "id": 120,
            "bank": "KDB SECURITIES CO. LTD.",
            "city": "SEOUL",
            "branch": null,
            "swift_code": "KDBSKRS1"
        },
        {
            "id": 121,
            "bank": "KEB HANA BANK",
            "city": "SEOUL",
            "branch": "(CLS CONTROL DESK)",
            "swift_code": "KOEXKRSECLS"
        },
        {
            "id": 122,
            "bank": "KEB HANA BANK",
            "city": "SEOUL",
            "branch": "(KOREA EXCHANGE BANK FCL DIVISION)",
            "swift_code": "KOEXKRSEFCL"
        },
        {
            "id": 123,
            "bank": "KEB HANA BANK",
            "city": "SEOUL",
            "branch": "(KOREA EXCHANGE BANK FCN DIVISION)",
            "swift_code": "KOEXKRSEFCN"
        },
        {
            "id": 124,
            "bank": "KEB HANA BANK",
            "city": "SEOUL",
            "branch": null,
            "swift_code": "KOEXKRSE"
        },
        {
            "id": 125,
            "bank": "KEIMYUNG UNIVERSITY",
            "city": "DAEGU",
            "branch": null,
            "swift_code": "KEUNKR21"
        },
        {
            "id": 126,
            "bank": "KFB SECURITIES CO. LTD.",
            "city": "SEOUL",
            "branch": null,
            "swift_code": "SANSKRS1"
        },
        {
            "id": 127,
            "bank": "KIWOOM SECURITIES",
            "city": "SEOUL",
            "branch": null,
            "swift_code": "KIWSKRS1"
        },
        {
            "id": 128,
            "bank": "KIWOOM SECURITIES CO,. LTD.",
            "city": "SEOUL",
            "branch": null,
            "swift_code": "KIWCKRS1"
        },
        {
            "id": 129,
            "bank": "KLEINWORT BENSON LTD",
            "city": "SEOUL",
            "branch": null,
            "swift_code": "KLBCKRS1"
        },
        {
            "id": 130,
            "bank": "KOOKMIN BANK",
            "city": "SEOUL",
            "branch": "(CLS DIVISION)",
            "swift_code": "CZNBKRSECLS"
        },
        {
            "id": 131,
            "bank": "KOOKMIN BANK",
            "city": "SEOUL",
            "branch": "(CUSTODY DEPARTMENT)",
            "swift_code": "CZNBKRSECTD"
        },
        {
            "id": 132,
            "bank": "KOOKMIN BANK",
            "city": "SEOUL",
            "branch": "(HEAD OFFICE)",
            "swift_code": "CZNBKRSE"
        },
        {
            "id": 133,
            "bank": "KOOKMIN BANK",
            "city": "SEOUL",
            "branch": "(WLS DIVISION)",
            "swift_code": "CZNBKRSEWLS"
        },
        {
            "id": 134,
            "bank": "KOREA DEVELOPMENT BANK, THE",
            "city": "SEOUL",
            "branch": "(INTERNATIONAL DEPARTMENT)",
            "swift_code": "KODBKRSE001"
        },
        {
            "id": 135,
            "bank": "KOREA DEVELOPMENT BANK, THE",
            "city": "SEOUL",
            "branch": null,
            "swift_code": "KODBKRSE"
        },
        {
            "id": 136,
            "bank": "KOREA EXCHANGE",
            "city": "BUSAN",
            "branch": null,
            "swift_code": "KORXKR21"
        },
        {
            "id": 137,
            "bank": "KOREA FINANCIAL TELECOMMUNICATIONS AND CLEARING INSTITUTE",
            "city": "SEOUL",
            "branch": null,
            "swift_code": "KFTCKRS1"
        },
        {
            "id": 138,
            "bank": "KOREA INVESTMENT AND SECURITIES CO., LTD.",
            "city": "SEOUL",
            "branch": null,
            "swift_code": "KISEKRSE"
        },
        {
            "id": 139,
            "bank": "KOREA INVESTMENT TRUST MANAGEMENT CO",
            "city": "SEOUL",
            "branch": null,
            "swift_code": "KITNKRS1"
        },
        {
            "id": 140,
            "bank": "KOREA LONG TERM BANK SECURITIES",
            "city": "SEOUL",
            "branch": null,
            "swift_code": "KLTEKRS1"
        },
        {
            "id": 141,
            "bank": "KOREA SECURITIES DEPOSITORY",
            "city": "SEOUL",
            "branch": "(FUND SETTLEMENT TEAM)",
            "swift_code": "KSDCKRSEFUN"
        },
        {
            "id": 142,
            "bank": "KOREA SECURITIES DEPOSITORY",
            "city": "SEOUL",
            "branch": "(FUNDOPERATIOM TEAM)",
            "swift_code": "KSDCKRSEFOT"
        },
        {
            "id": 143,
            "bank": "KOREA SECURITIES DEPOSITORY",
            "city": "SEOUL",
            "branch": "(KDR TEAM)",
            "swift_code": "KSDCKRSEKDR"
        },
        {
            "id": 144,
            "bank": "KOREA SECURITIES DEPOSITORY",
            "city": "SEOUL",
            "branch": "(SECURITIES LENDING AND BORROWING)",
            "swift_code": "KSDCKRSESLB"
        },
        {
            "id": 145,
            "bank": "KOREA SECURITIES DEPOSITORY",
            "city": "SEOUL",
            "branch": null,
            "swift_code": "KSDCKRSE"
        },
        {
            "id": 146,
            "bank": "KOREA SECURITIES FINANCE CORPORATION (KSFC)",
            "city": "SEOUL",
            "branch": null,
            "swift_code": "KOSFKRS1"
        },
        {
            "id": 147,
            "bank": "KOREA TRADE INSURANCE CORPORATION",
            "city": "SEOUL",
            "branch": null,
            "swift_code": "KEXIKRSE"
        },
        {
            "id": 148,
            "bank": "KTB ASSET MANAGEMENT",
            "city": "SEOUL",
            "branch": null,
            "swift_code": "KTAMKRS1"
        },
        {
            "id": 149,
            "bank": "KTB INVESTMENT AND SECURITIES CO., LTD",
            "city": "SEOUL",
            "branch": null,
            "swift_code": "BRNAKRS1"
        },
        {
            "id": 150,
            "bank": "KWANGJU BANK LTD, THE",
            "city": "SEOUL",
            "branch": null,
            "swift_code": "KWABKRSE"
        },
        {
            "id": 151,
            "bank": "KYOBO AXA INVESTMENT MANAGERS CO., LTD.",
            "city": "SEOUL",
            "branch": null,
            "swift_code": "KAIGKRS1"
        },
        {
            "id": 152,
            "bank": "KYOBO LIFE INSURANCE CO., LTD.",
            "city": "SEOUL",
            "branch": null,
            "swift_code": "KYBOKRSE"
        },
        {
            "id": 153,
            "bank": "KYOBO SECURITIES CO., LTD.",
            "city": "SEOUL",
            "branch": null,
            "swift_code": "KYOBKRS1"
        },
        {
            "id": 154,
            "bank": "KYONGNAM BANK",
            "city": "CHANGWON",
            "branch": null,
            "swift_code": "KYNAKR22"
        },
        {
            "id": 155,
            "bank": "KYONGNAM BANK",
            "city": "SEOUL",
            "branch": "(INTERNATIONAL DEPARTMENT SEOUL)",
            "swift_code": "KYNAKR22ITL"
        },
        {
            "id": 156,
            "bank": "LANDESBANK BADEN-WUERTTEMBERG, SEOUL",
            "city": "SEOUL",
            "branch": null,
            "swift_code": "SOLAKRSE"
        },
        {
            "id": 157,
            "bank": "LEADING INVESTMENT AND SECURITIES C O., LTD",
            "city": "SEOUL",
            "branch": null,
            "swift_code": "LISCKRS1"
        },
        {
            "id": 158,
            "bank": "LG CNS CO.,LTD",
            "city": "SEOUL",
            "branch": null,
            "swift_code": "LGCNKRS1"
        },
        {
            "id": 159,
            "bank": "LG DISPLAY",
            "city": "SEOUL",
            "branch": null,
            "swift_code": "LGDTKRSE"
        },
        {
            "id": 160,
            "bank": "LG ELECTRONICS INC.",
            "city": "SEOUL",
            "branch": null,
            "swift_code": "LGETKRSE"
        },
        {
            "id": 161,
            "bank": "LLOYDS BANK PLC",
            "city": "SEOUL",
            "branch": null,
            "swift_code": "LOYDKRS1"
        },
        {
            "id": 162,
            "bank": "LOTTE ADVANCED MATERIALS CO. LTD.",
            "city": "UIWANG-SI",
            "branch": null,
            "swift_code": "LADMKR22"
        },
        {
            "id": 163,
            "bank": "LOTTE CHEMICAL CORPORATION",
            "city": "SEOUL",
            "branch": null,
            "swift_code": "LTCHKRSE"
        },
        {
            "id": 164,
            "bank": "LUCKY SECURITIES CO. LTD.",
            "city": "SEOUL",
            "branch": null,
            "swift_code": "LUSEKRS1"
        },
        {
            "id": 165,
            "bank": "MACQUARIE BANK LIMITED, SEOUL BRANCH",
            "city": "SEOUL",
            "branch": null,
            "swift_code": "MACQKRSE"
        },
        {
            "id": 166,
            "bank": "MACQUARIE SECURITIES KOREA LIMITED",
            "city": "SEOUL",
            "branch": null,
            "swift_code": "BSKLKRS1"
        },
        {
            "id": 167,
            "bank": "MERCEDES-BENZ FINANCIAL SERVICES KOREA LTD.",
            "city": "SEOUL",
            "branch": null,
            "swift_code": "MBFKKRSE"
        },
        {
            "id": 168,
            "bank": "MERCEDES-BENZ KOREA LIMITED",
            "city": "SEOUL",
            "branch": null,
            "swift_code": "MBKRKRSE"
        },
        {
            "id": 169,
            "bank": "MERITZ ASSET MANAGEMENT",
            "city": "SEOUL",
            "branch": null,
            "swift_code": "MEEMKRS1"
        },
        {
            "id": 170,
            "bank": "MERITZ SECURITIES CO.,LTD",
            "city": "SEOUL",
            "branch": null,
            "swift_code": "KFBCKRSE"
        },
        {
            "id": 171,
            "bank": "MERRILL LYNCH AND COMPANY INC.",
            "city": "SEOUL",
            "branch": null,
            "swift_code": "MLCOKRS1"
        },
        {
            "id": 172,
            "bank": "MERRILL LYNCH INTERNATIONAL LLC, SEOUL BRANCH",
            "city": "SEOUL",
            "branch": null,
            "swift_code": "MLKRKRSE"
        },
        {
            "id": 173,
            "bank": "MERRILL LYNCH INTERNATIONAL, SEOUL OFFICE",
            "city": "SEOUL",
            "branch": null,
            "swift_code": "MLKRKRS1"
        },
        {
            "id": 174,
            "bank": "METROPOLITAN BANK AND TRUST COMPANY",
            "city": "SEOUL",
            "branch": null,
            "swift_code": "MBTCKRSE"
        },
        {
            "id": 175,
            "bank": "MIRAE ASSET DAEWOO CO., LTD.",
            "city": "SEOUL",
            "branch": null,
            "swift_code": "MIAEKRSE"
        },
        {
            "id": 176,
            "bank": "MIRAE ASSET FUND SERVICES",
            "city": "SEOUL",
            "branch": null,
            "swift_code": "MRFSKRSE"
        },
        {
            "id": 177,
            "bank": "MIRAE ASSET GLOBAL INVESTMENTS",
            "city": "SEOUL",
            "branch": null,
            "swift_code": "MAONKRS1"
        },
        {
            "id": 178,
            "bank": "MIRAE ASSET INVESTMENT MANAGEMENT CO LTD.",
            "city": "SEOUL",
            "branch": null,
            "swift_code": "MAVAKRS1"
        },
        {
            "id": 179,
            "bank": "MIRAE ASSET MAPS GLOBAL INVESTMENTS",
            "city": "SEOUL",
            "branch": null,
            "swift_code": "MALSKRS1"
        },
        {
            "id": 180,
            "bank": "MIZUHO BANK, LTD., SEOUL BRANCH",
            "city": "SEOUL",
            "branch": null,
            "swift_code": "MHCBKRSE"
        },
        {
            "id": 181,
            "bank": "MORGAN GRENFELL",
            "city": "SEOUL",
            "branch": null,
            "swift_code": "MGCOKRS1"
        },
        {
            "id": 182,
            "bank": "MORGAN STANLEY AND CO INC.",
            "city": "SEOUL",
            "branch": null,
            "swift_code": "MSNYKRS1"
        },
        {
            "id": 183,
            "bank": "MORGAN STANLEY AND CO. INTERNATIONAL PLC, SEOUL BRANCH",
            "city": "SEOUL",
            "branch": "(GLOBAL PAYROLL)",
            "swift_code": "MSKRKRSXGPR"
        },
        {
            "id": 184,
            "bank": "MORGAN STANLEY AND CO. INTERNATIONAL PLC, SEOUL BRANCH",
            "city": "SEOUL",
            "branch": null,
            "swift_code": "MSKRKRSX"
        },
        {
            "id": 185,
            "bank": "MORGAN STANLEY AND CO. INTERNATIONAL PLC, SEOUL BRANCH",
            "city": "SEOUL",
            "branch": null,
            "swift_code": "MSKRKRSXTSY"
        },
        {
            "id": 186,
            "bank": "MORGAN STANLEY BANK INTERNATIONAL LIMITED, SEOUL BRANCH",
            "city": "SEOUL",
            "branch": null,
            "swift_code": "MSBKKRSE"
        },
        {
            "id": 187,
            "bank": "NACFCA ITMC",
            "city": "SEOUL",
            "branch": null,
            "swift_code": "NACIKRS1"
        },
        {
            "id": 188,
            "bank": "NATIONAL AGRICUTURAL COOPERATIVE FEDERATION",
            "city": "SEOUL",
            "branch": null,
            "swift_code": "NACEKRS1"
        },
        {
            "id": 189,
            "bank": "NATIONAL BANK OF PAKISTAN, SEOUL BRANCH KOREA",
            "city": "SEOUL",
            "branch": null,
            "swift_code": "NBPAKRSI"
        },
        {
            "id": 190,
            "bank": "NATIONAL PENSION SERVICE FUND MANAGEMENT CENTER MANAGEMENT CENTER",
            "city": "SEOUL",
            "branch": null,
            "swift_code": "NPSFKRS1"
        },
        {
            "id": 191,
            "bank": "NEW JAPAN SECURITIES CO LTD",
            "city": "SEOUL",
            "branch": null,
            "swift_code": "NJSCKRS1"
        },
        {
            "id": 192,
            "bank": "NH INVESTMENT AND SECURITIES CO.,LTD",
            "city": "SEOUL",
            "branch": null,
            "swift_code": "HNISKRS1"
        },
        {
            "id": 193,
            "bank": "NH INVESTMENT AND SECURITIES CO.,LTD.",
            "city": "SEOUL",
            "branch": null,
            "swift_code": "WISHKRSE"
        },
        {
            "id": 194,
            "bank": "NH-CA ASSET MANAGEMENT",
            "city": "SEOUL",
            "branch": null,
            "swift_code": "NHAMKRS1"
        },
        {
            "id": 195,
            "bank": "NIKE SPORTS KOREA CO., LTD.",
            "city": "SEOUL",
            "branch": null,
            "swift_code": "NIKEKRS1"
        },
        {
            "id": 196,
            "bank": "NOMURA FINANCIAL INVESTMENT (KOREA) CO., LTD.",
            "city": "SEOUL",
            "branch": null,
            "swift_code": "NFIKKRSE"
        },
        {
            "id": 197,
            "bank": "NONGHYUP BANK (FORMERLY KNOWN AS NATIONAL AGRICULTURAL COOPERATIVE FEDERATION)",
            "city": "SEOUL",
            "branch": null,
            "swift_code": "NACFKRSE"
        },
        {
            "id": 198,
            "bank": "OVERSEA-CHINESE BANKING COPORATION LIMITED, SEOUL BRANCH",
            "city": "SEOUL",
            "branch": null,
            "swift_code": "OCBCKRSE"
        },
        {
            "id": 199,
            "bank": "PAN-PACIFIC CO., LTD.",
            "city": "SEOUL",
            "branch": null,
            "swift_code": "PAPFKRSE"
        },
        {
            "id": 200,
            "bank": "PAYGATE CO., LTD.",
            "city": "SEOUL",
            "branch": null,
            "swift_code": "PCORKRSS"
        },
        {
            "id": 201,
            "bank": "PRUDENTIAL SECURITIES INC.",
            "city": "SEOUL",
            "branch": null,
            "swift_code": "PBSIKRS1"
        },
        {
            "id": 202,
            "bank": "ROTHMANS FAR EAST B.V. KOREA",
            "city": "SEOUL",
            "branch": null,
            "swift_code": "BATSKR31"
        },
        {
            "id": 203,
            "bank": "SAMSUNG ASSET MANAGEMENT CO., LTD.",
            "city": "SEOUL",
            "branch": null,
            "swift_code": "SITAKRS1"
        },
        {
            "id": 204,
            "bank": "SAMSUNG ASSET MANAGEMENT CO.,LTD.",
            "city": "SEOUL",
            "branch": null,
            "swift_code": "SITAKRS2"
        },
        {
            "id": 205,
            "bank": "SAMSUNG C AND T CORPORATION",
            "city": "SEOUL",
            "branch": null,
            "swift_code": "SCNTKRSE"
        },
        {
            "id": 206,
            "bank": "SAMSUNG C AND T CORPORATION TRADING AND INVESTMENT",
            "city": "SEOUL",
            "branch": null,
            "swift_code": "SCNTKRST"
        },
        {
            "id": 207,
            "bank": "SAMSUNG ELECTRO-MECHANICS CO., LTD",
            "city": "SUWON-SI",
            "branch": null,
            "swift_code": "SEMTKR22"
        },
        {
            "id": 208,
            "bank": "SAMSUNG ELECTRONICS CO., LTD.",
            "city": "SEOUL",
            "branch": null,
            "swift_code": "SECTKRSE"
        },
        {
            "id": 209,
            "bank": "SAMSUNG ENGINEERING CO., LTD",
            "city": "SEOUL",
            "branch": null,
            "swift_code": "SMSGKRSE"
        },
        {
            "id": 210,
            "bank": "SAMSUNG FIRE AND MARINE INSURANCE CO., LTD",
            "city": "SEOUL",
            "branch": null,
            "swift_code": "SFMIKRSE"
        },
        {
            "id": 211,
            "bank": "SAMSUNG HEAVY INDUSTRIES",
            "city": "SEOUL",
            "branch": null,
            "swift_code": "SSHIKRSE"
        },
        {
            "id": 212,
            "bank": "SAMSUNG LIFE INSURANCE CO., LTD",
            "city": "SEOUL",
            "branch": null,
            "swift_code": "SSLIKRSE"
        },
        {
            "id": 213,
            "bank": "SAMSUNG SDI CO.,LTD.",
            "city": "YONGIN-SI",
            "branch": null,
            "swift_code": "SSDIKR22"
        },
        {
            "id": 214,
            "bank": "SAMSUNG SDS CO., LTD.",
            "city": "SEOUL",
            "branch": null,
            "swift_code": "SSDSKRSE"
        },
        {
            "id": 215,
            "bank": "SAMSUNG SECURITIES CO.,LTD",
            "city": "SEOUL",
            "branch": null,
            "swift_code": "SAMCKRSL"
        },
        {
            "id": 216,
            "bank": "SAMSUNG SECURITIES CO.,LTD.",
            "city": "SEOUL",
            "branch": "(DERIVATES SALES TEAM)",
            "swift_code": "SAMCKRS1DER"
        },
        {
            "id": 217,
            "bank": "SAMSUNG SECURITIES CO.,LTD.",
            "city": "SEOUL",
            "branch": "(PROPRIETARY TRADING)",
            "swift_code": "SAMCKRS1PRT"
        },
        {
            "id": 218,
            "bank": "SAMSUNG SECURITIES CO.,LTD.",
            "city": "SEOUL",
            "branch": null,
            "swift_code": "SAMCKRS1"
        },
        {
            "id": 219,
            "bank": "SAMSUNG TECHWIN CO., LTD.",
            "city": "SEONGNAM",
            "branch": null,
            "swift_code": "SSTWKR22"
        },
        {
            "id": 220,
            "bank": "SAMSUNG WELSTORY INCORPORATED",
            "city": "SEOUL",
            "branch": null,
            "swift_code": "SWEIKRSE"
        },
        {
            "id": 221,
            "bank": "SEOUL GUARANTEE INSURANCE COMPANY",
            "city": "SEOUL",
            "branch": null,
            "swift_code": "KSGIKRSE"
        },
        {
            "id": 222,
            "bank": "SG SECURITIES KOREA CO LTD",
            "city": "SEOUL",
            "branch": null,
            "swift_code": "SGSEKRS1"
        },
        {
            "id": 223,
            "bank": "SG SECURITIES KOREA CO., LTD.",
            "city": "SEOUL",
            "branch": null,
            "swift_code": "SGSEKRSL"
        },
        {
            "id": 224,
            "bank": "SHEARSON LEHMAN BROTHERS",
            "city": "SEOUL",
            "branch": null,
            "swift_code": "SHLBKRS1"
        },
        {
            "id": 225,
            "bank": "SHIN HAN SECURITIES CO. LTD.",
            "city": "SEOUL",
            "branch": null,
            "swift_code": "SHHSKRS1"
        },
        {
            "id": 226,
            "bank": "SHINAN BNP PARIBAS ASSET MANAGEMENT CO., LTD.",
            "city": "SEOUL",
            "branch": null,
            "swift_code": "SBPAKRS1"
        },
        {
            "id": 227,
            "bank": "SHINHAN AITAS CO., LTD.",
            "city": "SEOUL",
            "branch": null,
            "swift_code": "SHFAKRSE"
        },
        {
            "id": 228,
            "bank": "SHINHAN BANK",
            "city": "SEOUL",
            "branch": "(KOREA POST OFFICE)",
            "swift_code": "SHBKKRSEKPO"
        },
        {
            "id": 229,
            "bank": "SHINHAN BANK",
            "city": "SEOUL",
            "branch": "(TST)",
            "swift_code": "SHBKKRSETST"
        },
        {
            "id": 230,
            "bank": "SHINHAN BANK",
            "city": "SEOUL",
            "branch": null,
            "swift_code": "SHBKKRSE"
        },
        {
            "id": 231,
            "bank": "SHINHAN BANK",
            "city": "SEOUL",
            "branch": null,
            "swift_code": "SHBKKRSECLS"
        },
        {
            "id": 232,
            "bank": "SHINHAN BANK",
            "city": "SEOUL",
            "branch": null,
            "swift_code": "SHBKKRSECUS"
        },
        {
            "id": 233,
            "bank": "SHINHAN INVESTMENT CORP.",
            "city": "SEOUL",
            "branch": "(BACK OFFICE)",
            "swift_code": "SSISKRS1BKO"
        },
        {
            "id": 234,
            "bank": "SHINHAN INVESTMENT CORP.",
            "city": "SEOUL",
            "branch": "(GENERAL)",
            "swift_code": "SSISKRS1GEB"
        },
        {
            "id": 235,
            "bank": "SHINHAN INVESTMENT CORP.",
            "city": "SEOUL",
            "branch": "(MANAGEMENT)",
            "swift_code": "SSISKRS1MGT"
        },
        {
            "id": 236,
            "bank": "SHINHAN INVESTMENT CORP.",
            "city": "SEOUL",
            "branch": null,
            "swift_code": "SSISKRS1"
        },
        {
            "id": 237,
            "bank": "SHINHAN INVESTMENT CORP.",
            "city": "SEOUL",
            "branch": null,
            "swift_code": "SSISKRSS"
        },
        {
            "id": 238,
            "bank": "SHINYOUNG SECURITIES CO. LTD.",
            "city": "SEOUL",
            "branch": null,
            "swift_code": "SHSEKRS1"
        },
        {
            "id": 239,
            "bank": "SK SECURITIES CO., LTD",
            "city": "SEOUL",
            "branch": null,
            "swift_code": "SKSEKRS1"
        },
        {
            "id": 240,
            "bank": "SOCIETE GENERALE, SEOUL BRANCH",
            "city": "SEOUL",
            "branch": null,
            "swift_code": "SOGEKRSE"
        },
        {
            "id": 241,
            "bank": "STANDARD CHARTERED BANK KOREA LIMITED",
            "city": "SEOUL",
            "branch": "(CUSTODIAL SERVICES DEPARTMENT)",
            "swift_code": "SCBLKRSEEQI"
        },
        {
            "id": 242,
            "bank": "STANDARD CHARTERED BANK KOREA LIMITED",
            "city": "SEOUL",
            "branch": null,
            "swift_code": "SCBLKRSE"
        },
        {
            "id": 243,
            "bank": "STANDARD CHARTERED SECURITIES KOREA LIMITED",
            "city": "SEOUL",
            "branch": null,
            "swift_code": "SCKRKRS1"
        },
        {
            "id": 244,
            "bank": "STATE BANK OF INDIA",
            "city": "SEOUL",
            "branch": null,
            "swift_code": "SBINKRSE"
        },
        {
            "id": 245,
            "bank": "STATE STREET BANK AND TRUST COMPANY, KOREA BRANCH",
            "city": "SEOUL",
            "branch": null,
            "swift_code": "SBOSKRSE"
        },
        {
            "id": 246,
            "bank": "SUHYUP BANK",
            "city": "SEOUL",
            "branch": null,
            "swift_code": "NFFCKRSE"
        },
        {
            "id": 247,
            "bank": "SUMITOMO MITSUI BANKING CORPORATION",
            "city": "SEOUL",
            "branch": null,
            "swift_code": "SMBCKRSE"
        },
        {
            "id": 248,
            "bank": "THE BANK OF NEW YORK MELLON, SEOUL BRANCH",
            "city": "SEOUL",
            "branch": null,
            "swift_code": "IRVTKRSX"
        },
        {
            "id": 249,
            "bank": "THE EXPORT-IMPORT BANK OF KOREA",
            "city": "SEOUL",
            "branch": "(FOREIGH EXCHANGE EQUILIZATION FUND)",
            "swift_code": "EXIKKRSEFEF"
        },
        {
            "id": 250,
            "bank": "THE EXPORT-IMPORT BANK OF KOREA",
            "city": "SEOUL",
            "branch": "(KEXIM INTERANTIONAL FINANCE DEPARTMENT)",
            "swift_code": "EXIKKRSEIFD"
        },
        {
            "id": 251,
            "bank": "THE EXPORT-IMPORT BANK OF KOREA",
            "city": "SEOUL",
            "branch": null,
            "swift_code": "EXIKKRSE"
        },
        {
            "id": 252,
            "bank": "THE HONGKONG AND SHANGHAI BANKING CORPORATION LIMITED",
            "city": "SEOUL",
            "branch": null,
            "swift_code": "HJCEKRS1"
        },
        {
            "id": 253,
            "bank": "THE HONGKONG AND SHANGHAI BANKING CORPORATION LIMITED, SEOUL BRANCH",
            "city": "BUSAN",
            "branch": "(BUSAN BRANCH)",
            "swift_code": "HSBCKRSEBSN"
        },
        {
            "id": 254,
            "bank": "THE HONGKONG AND SHANGHAI BANKING CORPORATION LIMITED, SEOUL BRANCH",
            "city": "SEOUL",
            "branch": null,
            "swift_code": "HSBCKRSE"
        },
        {
            "id": 255,
            "bank": "THE HONGKONG AND SHANGHAI BANKING CORPORATION LIMITED, SEOUL BRANCH",
            "city": "SEOUL",
            "branch": null,
            "swift_code": "HSBCKRSECLS"
        },
        {
            "id": 256,
            "bank": "THE KOREA POST",
            "city": "SEOUL",
            "branch": null,
            "swift_code": "KOPOKRS1"
        },
        {
            "id": 257,
            "bank": "THE NORTHERN TRUST COMPANY, SEOUL BRANCH",
            "city": "SEOUL",
            "branch": null,
            "swift_code": "CNORKRSE"
        },
        {
            "id": 258,
            "bank": "TONG YANG ASSET MANAGEMENT CORP.",
            "city": "SEOUL",
            "branch": null,
            "swift_code": "TYAMKRS1"
        },
        {
            "id": 259,
            "bank": "TONG YANG INVESTMENT BANK",
            "city": "SEOUL",
            "branch": null,
            "swift_code": "TYSEKRS1"
        },
        {
            "id": 260,
            "bank": "TONG YANG INVESTMENT TRUST MANAGEMENT",
            "city": "SEOUL",
            "branch": null,
            "swift_code": "TOYIKRS1"
        },
        {
            "id": 261,
            "bank": "TONG YANG INVESTMENT TRUST MANAGEMENT COMPANY",
            "city": "SEOUL",
            "branch": null,
            "swift_code": "TYITKRS1"
        },
        {
            "id": 262,
            "bank": "TRUSTON ASSET MANAGEMENT",
            "city": "SEOUL",
            "branch": null,
            "swift_code": "TRTMKRS1"
        },
        {
            "id": 263,
            "bank": "U.B.A.F.-UNION DE BANQUES ARABES ET FRANCAISES",
            "city": "SEOUL",
            "branch": null,
            "swift_code": "UBAFKRSX"
        },
        {
            "id": 264,
            "bank": "UBS AG SEOUL BRANCH",
            "city": "SEOUL",
            "branch": null,
            "swift_code": "UBSWKRSE"
        },
        {
            "id": 265,
            "bank": "UBS SECURITIES PTE. LTD. SEOUL BRANCH",
            "city": "SEOUL",
            "branch": "(SEOUL BRANCH)",
            "swift_code": "WAREKRS1"
        },
        {
            "id": 266,
            "bank": "UNITED OVERSEAS BANK LIMITED, SEOUL BRANCH",
            "city": "SEOUL",
            "branch": null,
            "swift_code": "UOVBKRSE"
        },
        {
            "id": 267,
            "bank": "W.I. CARR (FAR EAST) LIMITED",
            "city": "SEOUL",
            "branch": null,
            "swift_code": "WICAKRS1"
        },
        {
            "id": 268,
            "bank": "WELLS FARGO BANK, N.A., SEOUL BRANCH",
            "city": "SEOUL",
            "branch": null,
            "swift_code": "PNBPKRSX"
        },
        {
            "id": 269,
            "bank": "WOORI BANK, SEOUL",
            "city": "SEOUL",
            "branch": null,
            "swift_code": "HVBKKRSE"
        },
        {
            "id": 270,
            "bank": "WOORI INVESTMENT BANK",
            "city": "SEOUL",
            "branch": null,
            "swift_code": "KHMBKRSE"
        },
        {
            "id": 271,
            "bank": "YAMAGUCHI BANK, LTD., THE, BUSAN BRANCH",
            "city": "PUSAN",
            "branch": null,
            "swift_code": "YMBKKR2P"
        },
        {
            "id": 272,
            "bank": "YUANTA SECURITIES KOREA CO.,LTD",
            "city": "SEOUL",
            "branch": null,
            "swift_code": "TYMBKRSE"
        }
    ]
}
