{
    "country": "Kuwait",
    "country_code": "KW",
    "list": [
        {
            "id": 1,
            "bank": "AHLI UNITED BANK K.S.C.P.",
            "city": "KUWAIT",
            "branch": null,
            "swift_code": "BKMEKWKW"
        },
        {
            "id": 2,
            "bank": "AL AHLI BANK OF KUWAIT K.S.C.P",
            "city": "KUWAIT",
            "branch": null,
            "swift_code": "ABKKKWKW"
        },
        {
            "id": 3,
            "bank": "AL MAL INVESTMENT COMPANY K.S.C. (CLOSED)",
            "city": "SAFAT",
            "branch": null,
            "swift_code": "AMKCKWK1"
        },
        {
            "id": 4,
            "bank": "AL MULLA INTERNATIONAL EXCHANGE CO",
            "city": "KUWAIT",
            "branch": "(ALMULLA2)",
            "swift_code": "AMIEKWKW1ME"
        },
        {
            "id": 5,
            "bank": "AL MULLA INTERNATIONAL EXCHANGE CO",
            "city": "KUWAIT",
            "branch": "(ALMULLA3)",
            "swift_code": "AMIEKWKW2ME"
        },
        {
            "id": 6,
            "bank": "AL MULLA INTERNATIONAL EXCHANGE CO",
            "city": "KUWAIT",
            "branch": null,
            "swift_code": "AMIEKWKW"
        },
        {
            "id": 7,
            "bank": "AL RAJHI BANK, KUWAIT",
            "city": "KUWAIT",
            "branch": null,
            "swift_code": "RJHIKWKW"
        },
        {
            "id": 8,
            "bank": "ALMUZAINI EXCHANGE COMPANY KSC (CLOSED)",
            "city": "KUWAIT",
            "branch": null,
            "swift_code": "AAACKWKW"
        },
        {
            "id": 9,
            "bank": "AMAN EXCHANGE CO. WLL",
            "city": "KUWAIT",
            "branch": null,
            "swift_code": "AXCWKWKW"
        },
        {
            "id": 10,
            "bank": "ARAB FUND FOR ECONOMIC AND SOCIAL DEVELOPMENT",
            "city": "KUWAIT",
            "branch": null,
            "swift_code": "AFEDKWKW"
        },
        {
            "id": 11,
            "bank": "ARZAN FINANCIAL GROUP FOR FINANCING AND INVESTMENTS K.P.S.C",
            "city": "KUWAIT",
            "branch": null,
            "swift_code": "AFGPKWKW"
        },
        {
            "id": 12,
            "bank": "BAHRAIN EXCHANGE COMPANY WLL",
            "city": "SAFAT",
            "branch": null,
            "swift_code": "BECXKWKW"
        },
        {
            "id": 13,
            "bank": "BANKMUSCAT",
            "city": "KUWAIT",
            "branch": null,
            "swift_code": "BMUSKWKW"
        },
        {
            "id": 14,
            "bank": "BAYT AL MAL INVESTMENT COMPANY",
            "city": "SAFAT",
            "branch": null,
            "swift_code": "BAYTKWK1"
        },
        {
            "id": 15,
            "bank": "BBK",
            "city": "KUWAIT",
            "branch": null,
            "swift_code": "BBKUKWKW"
        },
        {
            "id": 16,
            "bank": "BNP PARIBAS KUWAIT",
            "city": "KUWAIT",
            "branch": null,
            "swift_code": "BNPAKWKW"
        },
        {
            "id": 17,
            "bank": "BOUBYAN BANK (K.S.C)",
            "city": "KUWAIT",
            "branch": null,
            "swift_code": "BBYNKWKW"
        },
        {
            "id": 18,
            "bank": "BURGAN BANK K.P.S.C",
            "city": "KUWAIT",
            "branch": null,
            "swift_code": "BRGNKWKW"
        },
        {
            "id": 19,
            "bank": "CENTRAL BANK OF KUWAIT",
            "city": "KUWAIT",
            "branch": "(BANKING OPERATIONS DEPARTMENT - KWD ONLY)",
            "swift_code": "CBKUKWKWBOD"
        },
        {
            "id": 20,
            "bank": "CENTRAL BANK OF KUWAIT",
            "city": "KUWAIT",
            "branch": "(TREASURY PAYMENTS)",
            "swift_code": "CBKUKWKWTRE"
        },
        {
            "id": 21,
            "bank": "CENTRAL BANK OF KUWAIT",
            "city": "SAFAT",
            "branch": null,
            "swift_code": "CBKUKWKW"
        },
        {
            "id": 22,
            "bank": "CITIBANK N.A.",
            "city": "SAFAT",
            "branch": null,
            "swift_code": "CITIKWKW"
        },
        {
            "id": 23,
            "bank": "COMMERCIAL BANK OF KUWAIT KPSC,THE",
            "city": "AHMADI",
            "branch": "(EA. AHMADI BRANCH)",
            "swift_code": "COMBKWKWA14"
        },
        {
            "id": 24,
            "bank": "COMMERCIAL BANK OF KUWAIT KPSC,THE",
            "city": "ARDHIYA",
            "branch": "(ARDHIYA BRANCH)",
            "swift_code": "COMBKWKWA19"
        },
        {
            "id": 25,
            "bank": "COMMERCIAL BANK OF KUWAIT KPSC,THE",
            "city": "FAHAHEEL",
            "branch": "(AJIAL COMPLEX BRANCH)",
            "swift_code": "COMBKWKWA11"
        },
        {
            "id": 26,
            "bank": "COMMERCIAL BANK OF KUWAIT KPSC,THE",
            "city": "FAHAHEEL",
            "branch": "(FAHAHEEL BRANCH)",
            "swift_code": "COMBKWKWA06"
        },
        {
            "id": 27,
            "bank": "COMMERCIAL BANK OF KUWAIT KPSC,THE",
            "city": "FAHAHEEL",
            "branch": null,
            "swift_code": "COMBKWKWA66"
        },
        {
            "id": 28,
            "bank": "COMMERCIAL BANK OF KUWAIT KPSC,THE",
            "city": "FARWANIA",
            "branch": "(AIRPORT BRANCH)",
            "swift_code": "COMBKWKWA04"
        },
        {
            "id": 29,
            "bank": "COMMERCIAL BANK OF KUWAIT KPSC,THE",
            "city": "FARWANIA",
            "branch": "(FARWANIA COOP. BRANCH)",
            "swift_code": "COMBKWKWA27"
        },
        {
            "id": 30,
            "bank": "COMMERCIAL BANK OF KUWAIT KPSC,THE",
            "city": "FARWANIA",
            "branch": "(SIXTH RING ROAD BRANCH)",
            "swift_code": "COMBKWKWA34"
        },
        {
            "id": 31,
            "bank": "COMMERCIAL BANK OF KUWAIT KPSC,THE",
            "city": "HAWALLI",
            "branch": "(BEIRUT STREET BRANCH)",
            "swift_code": "COMBKWKWA2O"
        },
        {
            "id": 32,
            "bank": "COMMERCIAL BANK OF KUWAIT KPSC,THE",
            "city": "HAWALLI",
            "branch": "(HAWALLI BRANCH)",
            "swift_code": "COMBKWKWA16"
        },
        {
            "id": 33,
            "bank": "COMMERCIAL BANK OF KUWAIT KPSC,THE",
            "city": "JABRIYA",
            "branch": "(JABRIYA BRANCH)",
            "swift_code": "COMBKWKWA35"
        },
        {
            "id": 34,
            "bank": "COMMERCIAL BANK OF KUWAIT KPSC,THE",
            "city": "JAHRA",
            "branch": "(JAHRA BRANCH)",
            "swift_code": "COMBKWKWA07"
        },
        {
            "id": 35,
            "bank": "COMMERCIAL BANK OF KUWAIT KPSC,THE",
            "city": "KHAITAN",
            "branch": "(KHAITAN BRANCH)",
            "swift_code": "COMBKWKWA08"
        },
        {
            "id": 36,
            "bank": "COMMERCIAL BANK OF KUWAIT KPSC,THE",
            "city": "KHALDIYA",
            "branch": "(KHALDIYA BRANCH)",
            "swift_code": "COMBKWKWA15"
        },
        {
            "id": 37,
            "bank": "COMMERCIAL BANK OF KUWAIT KPSC,THE",
            "city": "KUWAIT",
            "branch": "(ABDULLAH AL-SALEM STREET BRANCH)",
            "swift_code": "COMBKWKWA02"
        },
        {
            "id": 38,
            "bank": "COMMERCIAL BANK OF KUWAIT KPSC,THE",
            "city": "KUWAIT",
            "branch": "(AL ANDALUS BRANCH)",
            "swift_code": "COMBKWKWA36"
        },
        {
            "id": 39,
            "bank": "COMMERCIAL BANK OF KUWAIT KPSC,THE",
            "city": "KUWAIT",
            "branch": "(AL MUHALAB CENTER BRANCH)",
            "swift_code": "COMBKWKWA25"
        },
        {
            "id": 40,
            "bank": "COMMERCIAL BANK OF KUWAIT KPSC,THE",
            "city": "KUWAIT",
            "branch": "(AL NAEEM)",
            "swift_code": "COMBKWKWA56"
        },
        {
            "id": 41,
            "bank": "COMMERCIAL BANK OF KUWAIT KPSC,THE",
            "city": "KUWAIT",
            "branch": "(AL SOUR STREET BRANCH)",
            "swift_code": "COMBKWKWA60"
        },
        {
            "id": 42,
            "bank": "COMMERCIAL BANK OF KUWAIT KPSC,THE",
            "city": "KUWAIT",
            "branch": "(AL-DHOW)",
            "swift_code": "COMBKWKWA58"
        },
        {
            "id": 43,
            "bank": "COMMERCIAL BANK OF KUWAIT KPSC,THE",
            "city": "KUWAIT",
            "branch": "(AL-RABIA BRANCH)",
            "swift_code": "COMBKWKWA57"
        },
        {
            "id": 44,
            "bank": "COMMERCIAL BANK OF KUWAIT KPSC,THE",
            "city": "KUWAIT",
            "branch": "(AL-RAI)",
            "swift_code": "COMBKWKWA45"
        },
        {
            "id": 45,
            "bank": "COMMERCIAL BANK OF KUWAIT KPSC,THE",
            "city": "KUWAIT",
            "branch": "(AL-YARMOUK BRANCH)",
            "swift_code": "COMBKWKWA32"
        },
        {
            "id": 46,
            "bank": "COMMERCIAL BANK OF KUWAIT KPSC,THE",
            "city": "KUWAIT",
            "branch": "(BEIRUT ST. BRANCH)",
            "swift_code": "COMBKWKWA20"
        },
        {
            "id": 47,
            "bank": "COMMERCIAL BANK OF KUWAIT KPSC,THE",
            "city": "KUWAIT",
            "branch": "(BNEID AL GAR BRANCH)",
            "swift_code": "COMBKWKWA52"
        },
        {
            "id": 48,
            "bank": "COMMERCIAL BANK OF KUWAIT KPSC,THE",
            "city": "KUWAIT",
            "branch": "(COMMERCIAL SERVICES DEPARTMENT)",
            "swift_code": "COMBKWKWCOM"
        },
        {
            "id": 49,
            "bank": "COMMERCIAL BANK OF KUWAIT KPSC,THE",
            "city": "KUWAIT",
            "branch": "(CUSTODY DEPARTMENT)",
            "swift_code": "COMBKWKWSEC"
        },
        {
            "id": 50,
            "bank": "COMMERCIAL BANK OF KUWAIT KPSC,THE",
            "city": "KUWAIT",
            "branch": "(DASMA)",
            "swift_code": "COMBKWKWA62"
        },
        {
            "id": 51,
            "bank": "COMMERCIAL BANK OF KUWAIT KPSC,THE",
            "city": "KUWAIT",
            "branch": "(DHAHER BRANCH)",
            "swift_code": "COMBKWKWA41"
        },
        {
            "id": 52,
            "bank": "COMMERCIAL BANK OF KUWAIT KPSC,THE",
            "city": "KUWAIT",
            "branch": "(FAHD AL SALEM BR.)",
            "swift_code": "COMBKWKWA09"
        },
        {
            "id": 53,
            "bank": "COMMERCIAL BANK OF KUWAIT KPSC,THE",
            "city": "KUWAIT",
            "branch": "(FOREIGN EXCHANGE DEPARTMENT)",
            "swift_code": "COMBKWKWFXS"
        },
        {
            "id": 54,
            "bank": "COMMERCIAL BANK OF KUWAIT KPSC,THE",
            "city": "KUWAIT",
            "branch": "(FREE TRADE ZONE BRANCH)",
            "swift_code": "COMBKWKWA38"
        },
        {
            "id": 55,
            "bank": "COMMERCIAL BANK OF KUWAIT KPSC,THE",
            "city": "KUWAIT",
            "branch": "(GUARANTEES DEPARTMENT)",
            "swift_code": "COMBKWKWGTT"
        },
        {
            "id": 56,
            "bank": "COMMERCIAL BANK OF KUWAIT KPSC,THE",
            "city": "KUWAIT",
            "branch": "(HADIYA)",
            "swift_code": "COMBKWKWA64"
        },
        {
            "id": 57,
            "bank": "COMMERCIAL BANK OF KUWAIT KPSC,THE",
            "city": "KUWAIT",
            "branch": "(INTERNATIONAL DIVISION)",
            "swift_code": "COMBKWKWINT"
        },
        {
            "id": 58,
            "bank": "COMMERCIAL BANK OF KUWAIT KPSC,THE",
            "city": "KUWAIT",
            "branch": "(JELEEB SHOYOKH)",
            "swift_code": "COMBKWKWA63"
        },
        {
            "id": 59,
            "bank": "COMMERCIAL BANK OF KUWAIT KPSC,THE",
            "city": "KUWAIT",
            "branch": "(KUWAIT MAGIC)",
            "swift_code": "COMBKWKWA43"
        },
        {
            "id": 60,
            "bank": "COMMERCIAL BANK OF KUWAIT KPSC,THE",
            "city": "KUWAIT",
            "branch": "(LETTERS OF CREDIT DEPARTMENT)",
            "swift_code": "COMBKWKWLCS"
        },
        {
            "id": 61,
            "bank": "COMMERCIAL BANK OF KUWAIT KPSC,THE",
            "city": "KUWAIT",
            "branch": "(MANSOURIYA)",
            "swift_code": "COMBKWKWA44"
        },
        {
            "id": 62,
            "bank": "COMMERCIAL BANK OF KUWAIT KPSC,THE",
            "city": "KUWAIT",
            "branch": "(MINISTRIES COMPLEX BRANCH)",
            "swift_code": "COMBKWKWA31"
        },
        {
            "id": 63,
            "bank": "COMMERCIAL BANK OF KUWAIT KPSC,THE",
            "city": "KUWAIT",
            "branch": "(PHONE BANKING SERVICES)",
            "swift_code": "COMBKWKWA47"
        },
        {
            "id": 64,
            "bank": "COMMERCIAL BANK OF KUWAIT KPSC,THE",
            "city": "KUWAIT",
            "branch": "(PRIVATE BANKING UNIT)",
            "swift_code": "COMBKWKWA40"
        },
        {
            "id": 65,
            "bank": "COMMERCIAL BANK OF KUWAIT KPSC,THE",
            "city": "KUWAIT",
            "branch": "(S.W.I.F.T. SUPPORT DEPARTMENT)",
            "swift_code": "COMBKWKWSWI"
        },
        {
            "id": 66,
            "bank": "COMMERCIAL BANK OF KUWAIT KPSC,THE",
            "city": "KUWAIT",
            "branch": "(SABAH AL SALEM)",
            "swift_code": "COMBKWKWA54"
        },
        {
            "id": 67,
            "bank": "COMMERCIAL BANK OF KUWAIT KPSC,THE",
            "city": "KUWAIT",
            "branch": "(SALWA BRANCH)",
            "swift_code": "COMBKWKWA51"
        },
        {
            "id": 68,
            "bank": "COMMERCIAL BANK OF KUWAIT KPSC,THE",
            "city": "KUWAIT",
            "branch": "(SOUTH SURRA)",
            "swift_code": "COMBKWKWA55"
        },
        {
            "id": 69,
            "bank": "COMMERCIAL BANK OF KUWAIT KPSC,THE",
            "city": "KUWAIT",
            "branch": "(TELEX DEPARTMENT)",
            "swift_code": "COMBKWKWTLX"
        },
        {
            "id": 70,
            "bank": "COMMERCIAL BANK OF KUWAIT KPSC,THE",
            "city": "KUWAIT",
            "branch": "(TRADERS MALL)",
            "swift_code": "COMBKWKWA53"
        },
        {
            "id": 71,
            "bank": "COMMERCIAL BANK OF KUWAIT KPSC,THE",
            "city": "KUWAIT",
            "branch": "(UM AL HAIMAN BRANCH)",
            "swift_code": "COMBKWKWA42"
        },
        {
            "id": 72,
            "bank": "COMMERCIAL BANK OF KUWAIT KPSC,THE",
            "city": "KUWAIT",
            "branch": null,
            "swift_code": "COMBKWKW"
        },
        {
            "id": 73,
            "bank": "COMMERCIAL BANK OF KUWAIT KPSC,THE",
            "city": "MESSILAH",
            "branch": "(MESSILAH BRANCH)",
            "swift_code": "COMBKWKWA24"
        },
        {
            "id": 74,
            "bank": "COMMERCIAL BANK OF KUWAIT KPSC,THE",
            "city": "MESSILAH",
            "branch": null,
            "swift_code": "COMBKWKWA65"
        },
        {
            "id": 75,
            "bank": "COMMERCIAL BANK OF KUWAIT KPSC,THE",
            "city": "MINA ABDULLA",
            "branch": "(MINA ABDULLA BRANCH)",
            "swift_code": "COMBKWKWA17"
        },
        {
            "id": 76,
            "bank": "COMMERCIAL BANK OF KUWAIT KPSC,THE",
            "city": "OMARIA",
            "branch": "(OMARIYA BRANCH)",
            "swift_code": "COMBKWKWA10"
        },
        {
            "id": 77,
            "bank": "COMMERCIAL BANK OF KUWAIT KPSC,THE",
            "city": "REGAEE",
            "branch": null,
            "swift_code": "COMBKWKWA67"
        },
        {
            "id": 78,
            "bank": "COMMERCIAL BANK OF KUWAIT KPSC,THE",
            "city": "RUMAITHIYA",
            "branch": "(RUMAITHIYA BRANCH)",
            "swift_code": "COMBKWKWA18"
        },
        {
            "id": 79,
            "bank": "COMMERCIAL BANK OF KUWAIT KPSC,THE",
            "city": "SABAHIYA",
            "branch": "(SABAHIYA BRANCH)",
            "swift_code": "COMBKWKWA12"
        },
        {
            "id": 80,
            "bank": "COMMERCIAL BANK OF KUWAIT KPSC,THE",
            "city": "SAFAT",
            "branch": "(ABD. MUBARAK BRANCH)",
            "swift_code": "COMBKWKWA05"
        },
        {
            "id": 81,
            "bank": "COMMERCIAL BANK OF KUWAIT KPSC,THE",
            "city": "SAFAT",
            "branch": "(HEAD OFFICE BRANCH)",
            "swift_code": "COMBKWKWA01"
        },
        {
            "id": 82,
            "bank": "COMMERCIAL BANK OF KUWAIT KPSC,THE",
            "city": "SAFAT",
            "branch": "(NEW HEAD OFFICE BRANCH)",
            "swift_code": "COMBKWKWB00"
        },
        {
            "id": 83,
            "bank": "COMMERCIAL BANK OF KUWAIT KPSC,THE",
            "city": "SAFAT",
            "branch": "(SALHIYA BRANCH)",
            "swift_code": "COMBKWKWA30"
        },
        {
            "id": 84,
            "bank": "COMMERCIAL BANK OF KUWAIT KPSC,THE",
            "city": "SALMIYA",
            "branch": "(RAS SALMIYA BRANCH)",
            "swift_code": "COMBKWKWA33"
        },
        {
            "id": 85,
            "bank": "COMMERCIAL BANK OF KUWAIT KPSC,THE",
            "city": "SALMIYA",
            "branch": "(SALMIYA BRANCH)",
            "swift_code": "COMBKWKWA23"
        },
        {
            "id": 86,
            "bank": "COMMERCIAL BANK OF KUWAIT KPSC,THE",
            "city": "SALMIYA",
            "branch": "(SOUK AL SALMIYA BRANCH)",
            "swift_code": "COMBKWKWA48"
        },
        {
            "id": 87,
            "bank": "COMMERCIAL BANK OF KUWAIT KPSC,THE",
            "city": "SHARQ",
            "branch": "(AHMAD AL JABER STREET)",
            "swift_code": "COMBKWKWA26"
        },
        {
            "id": 88,
            "bank": "COMMERCIAL BANK OF KUWAIT KPSC,THE",
            "city": "SHARQ",
            "branch": "(SOUK SHARQ BRANCH)",
            "swift_code": "COMBKWKWA39"
        },
        {
            "id": 89,
            "bank": "COMMERCIAL BANK OF KUWAIT KPSC,THE",
            "city": "SHUWAIKH",
            "branch": "(SHUWAIKH BRANCH)",
            "swift_code": "COMBKWKWA21"
        },
        {
            "id": 90,
            "bank": "COMMERCIAL BANK OF KUWAIT KPSC,THE",
            "city": "SHUWAIKH",
            "branch": "(VEGETABLE MARKET BRANCH)",
            "swift_code": "COMBKWKWA28"
        },
        {
            "id": 91,
            "bank": "COMMERCIAL BANK OF KUWAIT KPSC,THE",
            "city": "SULAIBIKHAT",
            "branch": "(SULAIBIKHAT BRANCH)",
            "swift_code": "COMBKWKWA13"
        },
        {
            "id": 92,
            "bank": "COMMERCIAL BANK OF KUWAIT KPSC,THE",
            "city": "WEST MISHRIF",
            "branch": "(WEST MISHRIF BRANCH)",
            "swift_code": "COMBKWKWA46"
        },
        {
            "id": 93,
            "bank": "DOHA BANK",
            "city": "KUWAIT",
            "branch": null,
            "swift_code": "DOHBKWKW"
        },
        {
            "id": 94,
            "bank": "EFG HERMES IFA",
            "city": "KUWAIT",
            "branch": null,
            "swift_code": "EFHIKWK1"
        },
        {
            "id": 95,
            "bank": "EQUATE PETROCHEMICAL COMPANY KSCC",
            "city": "SALMIYA",
            "branch": null,
            "swift_code": "EQPCKWKW"
        },
        {
            "id": 96,
            "bank": "ETEMADCO EXCHANGE COMPANY W.L.L.",
            "city": "KUWAIT",
            "branch": null,
            "swift_code": "ETEMKWKW"
        },
        {
            "id": 97,
            "bank": "FIRST ABU DHABI BANK (FORMERLY NATIONAL BANK OF ABU DHABI)",
            "city": "SAFAT",
            "branch": "(TRADE FINANCE DEPARTMENT, NATIONAL BANK OF ABU DHABI, KUWAIT)",
            "swift_code": "NBADKWKWTFO"
        },
        {
            "id": 98,
            "bank": "FIRST ABU DHABI BANK (FORMERLY NATIONAL BANK OF ABU DHABI)",
            "city": "SAFAT",
            "branch": null,
            "swift_code": "NBADKWKW"
        },
        {
            "id": 99,
            "bank": "FIRST SECURITIES BROKERAGE COMPANY K.S.C.C",
            "city": "KUWAIT",
            "branch": null,
            "swift_code": "FSBOKWK1"
        },
        {
            "id": 100,
            "bank": "GLOBAL INVESTMENT HOUSE",
            "city": "KUWAIT",
            "branch": "(GLOBAL INVESTMENT HOUSE - CLIENT ACCOUNT)",
            "swift_code": "GIHKKWKWCLT"
        },
        {
            "id": 101,
            "bank": "GLOBAL INVESTMENT HOUSE",
            "city": "SAFAT",
            "branch": null,
            "swift_code": "GIHKKWKW"
        },
        {
            "id": 102,
            "bank": "GULF BANK, K.S.C.",
            "city": "KUWAIT",
            "branch": "(TRADE FINANCE)",
            "swift_code": "GULBKWKWTFS"
        },
        {
            "id": 103,
            "bank": "GULF BANK, K.S.C.",
            "city": "KUWAIT",
            "branch": "(TREASURY OPERATIONS)",
            "swift_code": "GULBKWKWTRO"
        },
        {
            "id": 104,
            "bank": "GULF BANK, K.S.C.",
            "city": "KUWAIT",
            "branch": "(VOSTRO\/KD DEPARTMENT)",
            "swift_code": "GULBKWKWVOS"
        },
        {
            "id": 105,
            "bank": "GULF BANK, K.S.C.",
            "city": "KUWAIT",
            "branch": null,
            "swift_code": "GULBKWKW"
        },
        {
            "id": 106,
            "bank": "GULF CUSTODY COMPANY",
            "city": "SAFAT",
            "branch": null,
            "swift_code": "GCCOKWKW"
        },
        {
            "id": 107,
            "bank": "GULF INVESTMENT CORPORATION",
            "city": "KUWAIT",
            "branch": null,
            "swift_code": "GCORKWKW"
        },
        {
            "id": 108,
            "bank": "HSBC BANK MIDDLE EAST LIMITED",
            "city": "KUWAIT",
            "branch": null,
            "swift_code": "HBMEKWKW"
        },
        {
            "id": 109,
            "bank": "ICBC KUWAIT BRANCH",
            "city": "KUWAIT",
            "branch": null,
            "swift_code": "ICBKKWKW"
        },
        {
            "id": 110,
            "bank": "INDEPENDENT PETROLEUM GROUP",
            "city": "JABRIYA",
            "branch": null,
            "swift_code": "IPGHKWKW"
        },
        {
            "id": 111,
            "bank": "INDUSTRIAL BANK OF KUWAIT K.S.C., THE",
            "city": "KUWAIT",
            "branch": null,
            "swift_code": "IBKUKWKW"
        },
        {
            "id": 112,
            "bank": "INTERNATIONAL FINANCIAL LINE EXCHANGE CO.K.S.C.(CLOSED)",
            "city": "SAFAT",
            "branch": null,
            "swift_code": "IFLCKWKW"
        },
        {
            "id": 113,
            "bank": "INVESTMENT DAR COMPANY K.S.C.C, THE",
            "city": "KUWAIT",
            "branch": null,
            "swift_code": "TIDCKWKW"
        },
        {
            "id": 114,
            "bank": "KAMCO INVESTMENT COMPANY K.S.C. (PUBLIC)",
            "city": "SAFAT",
            "branch": null,
            "swift_code": "KMCOKWKW"
        },
        {
            "id": 115,
            "bank": "KFIC FINANCIAL BROKERAGE",
            "city": "KUWAIT",
            "branch": null,
            "swift_code": "KFFBKWK1"
        },
        {
            "id": 116,
            "bank": "KUWAIT AIRWAYS CORPORATION",
            "city": "SAFAT",
            "branch": null,
            "swift_code": "KACCKWKW"
        },
        {
            "id": 117,
            "bank": "KUWAIT BAHRAIN INTERNATIONAL EXCHANGE COMPANY KSC, KUWAIT",
            "city": "KUWAIT",
            "branch": null,
            "swift_code": "KBEXKWKF"
        },
        {
            "id": 118,
            "bank": "KUWAIT CLEARING COMPANY S.A.K.",
            "city": "KUWAIT",
            "branch": null,
            "swift_code": "KCCKKWKW"
        },
        {
            "id": 119,
            "bank": "KUWAIT FINANCE HOUSE (K.S.C.)",
            "city": "SAFAT",
            "branch": null,
            "swift_code": "KFHOKWKW"
        },
        {
            "id": 120,
            "bank": "KUWAIT FINANCIAL CENTRE S.A.K.",
            "city": "KUWAIT",
            "branch": null,
            "swift_code": "KFCEKWKW"
        },
        {
            "id": 121,
            "bank": "KUWAIT FUND FOR ARAB ECONOMIC DEVELOPMENT",
            "city": "KUWAIT",
            "branch": null,
            "swift_code": "KFAEKWKW"
        },
        {
            "id": 122,
            "bank": "KUWAIT INDIA INTERNATIONAL EXCHANGE COMPANY",
            "city": "SAFAT",
            "branch": null,
            "swift_code": "KIICKWK1"
        },
        {
            "id": 123,
            "bank": "KUWAIT INTERNATIONAL BANK",
            "city": "KUWAIT",
            "branch": null,
            "swift_code": "KWIBKWKW"
        },
        {
            "id": 124,
            "bank": "KUWAIT INTERNATIONAL FINANCE CO. S.A.K.",
            "city": "KUWAIT",
            "branch": null,
            "swift_code": "KUIFKWK1"
        },
        {
            "id": 125,
            "bank": "KUWAIT INVESTMENT AUTHORITY",
            "city": "KUWAIT",
            "branch": null,
            "swift_code": "KIAKKWKW"
        },
        {
            "id": 126,
            "bank": "KUWAIT INVESTMENT AUTHORITY",
            "city": "SAFAT",
            "branch": null,
            "swift_code": "KIAKKWKB"
        },
        {
            "id": 127,
            "bank": "KUWAIT INVESTMENT COMPANY (S.A.K.)",
            "city": "KUWAIT",
            "branch": null,
            "swift_code": "KICOKWKW"
        },
        {
            "id": 128,
            "bank": "KUWAIT PETROLEUM CORPORATION",
            "city": "SAFAT",
            "branch": null,
            "swift_code": "KPCOKWKW"
        },
        {
            "id": 129,
            "bank": "KUWAIT STOCK EXCHANGE",
            "city": "SAFAT",
            "branch": null,
            "swift_code": "XKUWKWK1"
        },
        {
            "id": 130,
            "bank": "MASHREQBANK PSC.",
            "city": "KUWAIT",
            "branch": null,
            "swift_code": "MSHQKWKW"
        },
        {
            "id": 131,
            "bank": "NATIONAL BANK OF KUWAIT S.A.K.P.",
            "city": "KUWAIT",
            "branch": null,
            "swift_code": "NBOKKWKW"
        },
        {
            "id": 132,
            "bank": "NATIONAL INVESTMENTS COMPANY K.S.C. (CLOSED)",
            "city": "SAFAT",
            "branch": null,
            "swift_code": "NICKKWKW"
        },
        {
            "id": 133,
            "bank": "NOOR FINANCIAL INVESTMENT COMPANY",
            "city": "KUWAIT",
            "branch": null,
            "swift_code": "NFICKWKW"
        },
        {
            "id": 134,
            "bank": "OMAN EXCHANGE CO. WLL",
            "city": "SAFAT",
            "branch": null,
            "swift_code": "OMANKWKW"
        },
        {
            "id": 135,
            "bank": "PUBLIC INSTITUTION FOR SOCIAL SECURITY,THE",
            "city": "KUWAIT",
            "branch": null,
            "swift_code": "PISUKWKW"
        },
        {
            "id": 136,
            "bank": "QATAR NATIONAL BANK",
            "city": "KUWAIT",
            "branch": null,
            "swift_code": "QNBAKWKW"
        },
        {
            "id": 137,
            "bank": "SAVINGS AND CREDIT BANK",
            "city": "SAFAT",
            "branch": null,
            "swift_code": "SACBKWK1"
        },
        {
            "id": 138,
            "bank": "SHARQ FINANCIAL BROKERAGE CO.",
            "city": "KUWAIT",
            "branch": null,
            "swift_code": "SHFBKWK1"
        },
        {
            "id": 139,
            "bank": "UAE EXCHANGE CENTRE WLL",
            "city": "SAFAT",
            "branch": null,
            "swift_code": "UAEXKWKW"
        },
        {
            "id": 140,
            "bank": "UNION NATIONAL BANK-KUWAIT",
            "city": "KUWAIT",
            "branch": null,
            "swift_code": "UNBEKWKW"
        },
        {
            "id": 141,
            "bank": "UNION SECURITIES BROKERAGE. CO",
            "city": "KUWAIT",
            "branch": null,
            "swift_code": "UNSOKWK1"
        },
        {
            "id": 142,
            "bank": "UNITED ARAB SHIPPING COMPANY S.A.G",
            "city": "SAFAT",
            "branch": null,
            "swift_code": "UASCKWKW"
        },
        {
            "id": 143,
            "bank": "UNITED INTERNATIONAL AVIATION SERVICES CO. W.L.L",
            "city": "SHUWAIKH",
            "branch": null,
            "swift_code": "UIAWKWKW"
        },
        {
            "id": 144,
            "bank": "WARBA BANK",
            "city": "KUWAIT",
            "branch": null,
            "swift_code": "WRBAKWKW"
        },
        {
            "id": 145,
            "bank": "YUSUF AHMED ALGHANIM AND SONS WLL",
            "city": "SHUWAIKH",
            "branch": null,
            "swift_code": "ALGWKWKW"
        }
    ]
}
