{
    "country": "Cayman Islands",
    "country_code": "KY",
    "list": [
        {
            "id": 1,
            "bank": "3 CAPITAL HOLDINGS LTD",
            "city": "GEORGETOWN",
            "branch": null,
            "swift_code": "CAHLKYK1"
        },
        {
            "id": 2,
            "bank": "ABC FINANCIAL MARKETS",
            "city": "GRAND CAYMAN",
            "branch": null,
            "swift_code": "ABFKKYKY"
        },
        {
            "id": 3,
            "bank": "ADCB MARKETS (CAYMAN) LIMITED",
            "city": "GRAND CAYMAN",
            "branch": null,
            "swift_code": "ADCBKYKY"
        },
        {
            "id": 4,
            "bank": "AHP UMBRELLA FUND SPC LIMITED",
            "city": "GRAND CAYMAN",
            "branch": null,
            "swift_code": "AUFPKYK1"
        },
        {
            "id": 5,
            "bank": "AIB BANK",
            "city": "GEORGETOWN",
            "branch": "(TREASURY DEPT)",
            "swift_code": "AIBKKYK1TMK"
        },
        {
            "id": 6,
            "bank": "AIB BANK",
            "city": "GEORGETOWN",
            "branch": null,
            "swift_code": "AIBKKYK1"
        },
        {
            "id": 7,
            "bank": "ALTAJIR BANK",
            "city": "GEORGETOWN",
            "branch": null,
            "swift_code": "ABNKKYK1"
        },
        {
            "id": 8,
            "bank": "ANB GLOBAL MARKETS LIMITED",
            "city": "GRAND CAYMAN",
            "branch": null,
            "swift_code": "ARNBKYKY"
        },
        {
            "id": 9,
            "bank": "ARETE MACRO FUND",
            "city": "GRAND CAYMAN",
            "branch": null,
            "swift_code": "ARRFKYK1"
        },
        {
            "id": 10,
            "bank": "ARGENTARIA CAPITAL FUNDING LIMITED",
            "city": "GEORGETOWN",
            "branch": null,
            "swift_code": "ARCFKYK1"
        },
        {
            "id": 11,
            "bank": "ARNOTT CAPITAL",
            "city": "GEORGETOWN",
            "branch": null,
            "swift_code": "ARNCKYK1"
        },
        {
            "id": 12,
            "bank": "ARROWGRASS CAPITAL PARTNERS LLP",
            "city": "GEORGETOWN",
            "branch": null,
            "swift_code": "ACPLKYK1"
        },
        {
            "id": 13,
            "bank": "ARROWGRASS MASTER FUND LTD",
            "city": "GRAND CAYMAN",
            "branch": null,
            "swift_code": "ARMUKYK1"
        },
        {
            "id": 14,
            "bank": "ATC TRUSTEES (CAYMAN) LIMITED",
            "city": "GEORGETOWN",
            "branch": null,
            "swift_code": "ATTRKYK1"
        },
        {
            "id": 15,
            "bank": "ATLANTIC SECURITY BANK",
            "city": "GEORGETOWN",
            "branch": null,
            "swift_code": "ATSEKYKY"
        },
        {
            "id": 16,
            "bank": "BANCO ABC BRASIL S.A. - CAYMAN ISLANDS BRANCH",
            "city": "GEORGETOWN",
            "branch": null,
            "swift_code": "ABCBKYKX"
        },
        {
            "id": 17,
            "bank": "BANCO BOZANO, SIMONSEN SA, GRAND CAYMAN BRANCH",
            "city": "GEORGETOWN",
            "branch": null,
            "swift_code": "BBSIKYK1"
        },
        {
            "id": 18,
            "bank": "BANCO BPI",
            "city": "GEORGETOWN",
            "branch": null,
            "swift_code": "BBPIKYKY"
        },
        {
            "id": 19,
            "bank": "BANCO BPI CAYMAN LTD",
            "city": "GEORGETOWN",
            "branch": null,
            "swift_code": "BCYLKYKY"
        },
        {
            "id": 20,
            "bank": "BANCO BRADESCO S.A.",
            "city": "GEORGETOWN",
            "branch": null,
            "swift_code": "BBDEKYKY"
        },
        {
            "id": 21,
            "bank": "BANCO BRADESCO S.A. - GRAND CAYMAN (FORMERLY KIRTON BANK BRASIL S.A. - GRAND CAYMAN BRANCH)",
            "city": "GEORGETOWN",
            "branch": null,
            "swift_code": "BCBBKYKY"
        },
        {
            "id": 22,
            "bank": "BANCO BTG PACTUAL SA CAYMAN BRANCH",
            "city": "GEORGETOWN",
            "branch": null,
            "swift_code": "BPABKYKG"
        },
        {
            "id": 23,
            "bank": "BANCO COLPATRIA CAYMAN",
            "city": "GRAND CAYMAN",
            "branch": null,
            "swift_code": "COLPKYKY"
        },
        {
            "id": 24,
            "bank": "BANCO DAYCOVAL S\/A",
            "city": "GEORGETOWN",
            "branch": null,
            "swift_code": "DAYCKYKY"
        },
        {
            "id": 25,
            "bank": "BANCO DE LA NACION ARGENTINA, GRAND CAYMAN BRANCH",
            "city": "GEORGETOWN",
            "branch": null,
            "swift_code": "NACNKYKY"
        },
        {
            "id": 26,
            "bank": "BANCO DO BRASIL S.A.",
            "city": "GEORGETOWN",
            "branch": null,
            "swift_code": "BRASKYKY"
        },
        {
            "id": 27,
            "bank": "BANCO DO ESTADO DO RIO GRANDE DO SUL GRAND CAYMAN BRANCH",
            "city": "GEORGETOWN",
            "branch": null,
            "swift_code": "BRGSKYK1"
        },
        {
            "id": 28,
            "bank": "BANCO ESPIRITO SANTO S.A.",
            "city": "GEORGETOWN",
            "branch": null,
            "swift_code": "BESCKYKX"
        },
        {
            "id": 29,
            "bank": "BANCO FIBRA S\/A - GRAND CAYMAN BRANCH",
            "city": "GEORGETOWN",
            "branch": null,
            "swift_code": "FIBIKYKY"
        },
        {
            "id": 30,
            "bank": "BANCO FRANCES (CAYMAN) LTD.",
            "city": "GEORGETOWN",
            "branch": null,
            "swift_code": "BFGCKYK1"
        },
        {
            "id": 31,
            "bank": "BANCO GENERAL (OVERSEAS) INC.",
            "city": "GRAND CAYMAN",
            "branch": null,
            "swift_code": "BGOSKYKY"
        },
        {
            "id": 32,
            "bank": "BANCO INDUSVAL SA",
            "city": "GRAND CAYMAN",
            "branch": null,
            "swift_code": "IDVLKYKY"
        },
        {
            "id": 33,
            "bank": "BANCO MERCANTIL DO BRASIL S.A",
            "city": "GEORGETOWN",
            "branch": null,
            "swift_code": "BMBRKYKY"
        },
        {
            "id": 34,
            "bank": "BANCO MODAL S.A.",
            "city": "GRAND CAYMAN",
            "branch": null,
            "swift_code": "MODAKYKY"
        },
        {
            "id": 35,
            "bank": "BANCO NACIONAL DE COMERCIO EXTERIOR",
            "city": "GEORGETOWN",
            "branch": null,
            "swift_code": "BNCEKYKX"
        },
        {
            "id": 36,
            "bank": "BANCO ORIGINAL S.A.",
            "city": "GEORGETOWN",
            "branch": null,
            "swift_code": "BORIKYKY"
        },
        {
            "id": 37,
            "bank": "BANCO PINE S.A",
            "city": "GEORGETOWN",
            "branch": null,
            "swift_code": "PBBRKYKY"
        },
        {
            "id": 38,
            "bank": "BANCO PRIVADO PORTUGUES (CAYMAN) LIMITED",
            "city": "GEORGETOWN",
            "branch": null,
            "swift_code": "BPPOKYK1"
        },
        {
            "id": 39,
            "bank": "BANCO REAL GRAND CAYMAN BRANCH",
            "city": "GEORGETOWN",
            "branch": null,
            "swift_code": "REALKYK1"
        },
        {
            "id": 40,
            "bank": "BANCO SAFRA S.A",
            "city": "GRAND CAYMAN",
            "branch": null,
            "swift_code": "SAFRKYKY"
        },
        {
            "id": 41,
            "bank": "BANCO SANTANDER (BRASIL) SA GRAND CAYMAN BRANCH",
            "city": "GEORGETOWN",
            "branch": null,
            "swift_code": "BSCHKYKX"
        },
        {
            "id": 42,
            "bank": "BANCO SANTANDER (BRASIL) SA GRAND CAYMAN BRANCH",
            "city": "GEORGETOWN",
            "branch": null,
            "swift_code": "BSCHKYKXCAY"
        },
        {
            "id": 43,
            "bank": "BANCO SANTANDER (BRASIL) SA GRAND CAYMAN BRANCH",
            "city": "GEORGETOWN",
            "branch": null,
            "swift_code": "BSCHKYKXGEB"
        },
        {
            "id": 44,
            "bank": "BANCO SUMITOMO MITSUI BRASILEIRO S.A.",
            "city": "GEORGETOWN",
            "branch": null,
            "swift_code": "SUBRKYKY"
        },
        {
            "id": 45,
            "bank": "BANGKOK BANK PUBLIC COMPANY LIMITED",
            "city": "GEORGETOWN",
            "branch": null,
            "swift_code": "BKKBKYKY"
        },
        {
            "id": 46,
            "bank": "BANK DAGANG NASIONAL INDONESIA",
            "city": "GEORGETOWN",
            "branch": null,
            "swift_code": "DANIKYK1"
        },
        {
            "id": 47,
            "bank": "BANK ESPIRITO SANTO (INTERNATIONAL) LTD",
            "city": "GEORGETOWN",
            "branch": null,
            "swift_code": "BESKKYKY"
        },
        {
            "id": 48,
            "bank": "BANK HAPOALIM (CAYMAN) LIMITED",
            "city": "GEORGETOWN",
            "branch": null,
            "swift_code": "POALKYK1"
        },
        {
            "id": 49,
            "bank": "BANK OF CHINA, GRAND CAYMAN BRANCH",
            "city": "GEORGETOWN",
            "branch": null,
            "swift_code": "BKCHKYKY"
        },
        {
            "id": 50,
            "bank": "BANK OF NOVA SCOTIA",
            "city": "GEORGETOWN",
            "branch": null,
            "swift_code": "NOSCKYKG"
        },
        {
            "id": 51,
            "bank": "BANK RAKYAT INDONESIA",
            "city": "GEORGETOWN",
            "branch": null,
            "swift_code": "BRINKYKX"
        },
        {
            "id": 52,
            "bank": "BANKAMERICA TRUST AND BANKING CORPORATION (CAYMAN) LIMITED",
            "city": "GEORGETOWN",
            "branch": null,
            "swift_code": "BOFAKYK1"
        },
        {
            "id": 53,
            "bank": "BANPAIS S.A.",
            "city": "GEORGETOWN",
            "branch": null,
            "swift_code": "BANPKYK1"
        },
        {
            "id": 54,
            "bank": "BANQUE MULTI-COMMERCIALE",
            "city": "GEORGETOWN",
            "branch": null,
            "swift_code": "MCBAKYK1"
        },
        {
            "id": 55,
            "bank": "BASSO CAPITAL MANAGEMENT",
            "city": "GEORGETOWN",
            "branch": null,
            "swift_code": "BAPGKYK1"
        },
        {
            "id": 56,
            "bank": "BBVA BANCOMER, S.A.",
            "city": "GEORGETOWN",
            "branch": null,
            "swift_code": "BCMRKYK1"
        },
        {
            "id": 57,
            "bank": "BEG BANK (CAYMAN ISLANDS)",
            "city": "GEORGETOWN",
            "branch": null,
            "swift_code": "BBCIKYK1"
        },
        {
            "id": 58,
            "bank": "BFC BANK (CAYMAN) LTD.",
            "city": "GEORGETOWN",
            "branch": null,
            "swift_code": "BFCGKYK1"
        },
        {
            "id": 59,
            "bank": "BIE BANK AND TRUST LTD.",
            "city": "GEORGETOWN",
            "branch": null,
            "swift_code": "ITAUKYK1"
        },
        {
            "id": 60,
            "bank": "BLACKSTONE",
            "city": "GEORGETOWN",
            "branch": null,
            "swift_code": "BLAOKYK1"
        },
        {
            "id": 61,
            "bank": "BRASILIAN AMERICAN MERCHANT BANK (BAMB)",
            "city": "GEORGETOWN",
            "branch": null,
            "swift_code": "BAMBKYKX"
        },
        {
            "id": 62,
            "bank": "BUTTERFIELD BANK (CAYMAN) LIMITED",
            "city": "GEORGETOWN",
            "branch": null,
            "swift_code": "BNTBKYKY"
        },
        {
            "id": 63,
            "bank": "CAINVEST BANK AND TRUST LIMITED",
            "city": "GRAND CAYMAN",
            "branch": null,
            "swift_code": "BKCAKYKY"
        },
        {
            "id": 64,
            "bank": "CAIXA GERAL DE DEPOSITOS, GRAND CAYMAN BRANCH",
            "city": "GRAND CAYMAN",
            "branch": null,
            "swift_code": "CGDIKYKY"
        },
        {
            "id": 65,
            "bank": "CAPULA GLOBAL RELATIVE VALUE MASTER LIMITED",
            "city": "GEORGETOWN",
            "branch": null,
            "swift_code": "CGRVKYK1"
        },
        {
            "id": 66,
            "bank": "CAPULA TAIL RISK MASTER FUND LIMITED",
            "city": "GEORGETOWN",
            "branch": null,
            "swift_code": "CTRRKYK1"
        },
        {
            "id": 67,
            "bank": "CARLSON CAPITAL LLP",
            "city": "GEORGETOWN",
            "branch": null,
            "swift_code": "CRTPKYK1"
        },
        {
            "id": 68,
            "bank": "CAYMAN ISLANDS MONETARY AUTHORITY",
            "city": "GEORGETOWN",
            "branch": null,
            "swift_code": "CIMGKYKY"
        },
        {
            "id": 69,
            "bank": "CAYMAN NATIONAL BANK LTD.",
            "city": "GEORGETOWN",
            "branch": null,
            "swift_code": "CNATKYKY"
        },
        {
            "id": 70,
            "bank": "CC ARBITRAGE LTD",
            "city": "GEORGETOWN",
            "branch": null,
            "swift_code": "ARBGKYK1"
        },
        {
            "id": 71,
            "bank": "CHINA CONSTRUCTION BANK (BRASIL) BANCO MULTIPLO S \/A",
            "city": "GEORGETOWN",
            "branch": null,
            "swift_code": "BICBKYKY"
        },
        {
            "id": 72,
            "bank": "CIBC BANK AND TRUST COMPANY (CAYMAN) LTD",
            "city": "GRAND CAYMAN",
            "branch": null,
            "swift_code": "CIBCKYKC"
        },
        {
            "id": 73,
            "bank": "CIBC CAYMAN BANK LIMITED",
            "city": "GEORGETOWN",
            "branch": null,
            "swift_code": "COBVKYKY"
        },
        {
            "id": 74,
            "bank": "CITCO BANK AND TRUST COMPANY",
            "city": "GEORGETOWN",
            "branch": null,
            "swift_code": "CITCKYKY"
        },
        {
            "id": 75,
            "bank": "CITIBANK N.A.",
            "city": "GEORGETOWN",
            "branch": null,
            "swift_code": "CITIKYK1"
        },
        {
            "id": 76,
            "bank": "COMMERCIAL BANK (GRAND CAYMAN), LTD.",
            "city": "GEORGETOWN",
            "branch": null,
            "swift_code": "CBKPKYK1"
        },
        {
            "id": 77,
            "bank": "COMMERZBANK AG,CAYMAN ISLANDS BRANCH",
            "city": "GRAND CAYMAN",
            "branch": null,
            "swift_code": "COBAKYKX"
        },
        {
            "id": 78,
            "bank": "CREDIT AGRICOLE (FORMERLY BANQUE INDOSUEZ)",
            "city": "GEORGETOWN",
            "branch": null,
            "swift_code": "BSUIKYK1"
        },
        {
            "id": 79,
            "bank": "CREDIT SUISSE AG, CAYMAN ISLANDS BRANCH",
            "city": "GEORGETOWN",
            "branch": "(CAYMAN ISLANDS BRANCH)",
            "swift_code": "CSFBKYKX"
        },
        {
            "id": 80,
            "bank": "CREDIT SUISSE AG, CAYMAN ISLANDS BRANCH",
            "city": "GEORGETOWN",
            "branch": null,
            "swift_code": "CSFBKYKXEQD"
        },
        {
            "id": 81,
            "bank": "DEUTSCHE BANK (CAYMAN) LIMITED",
            "city": "GEORGETOWN",
            "branch": null,
            "swift_code": "DEUTKY22"
        },
        {
            "id": 82,
            "bank": "DEUTSCHE BANK AG",
            "city": "GEORGETOWN",
            "branch": null,
            "swift_code": "DEUTKYKX"
        },
        {
            "id": 83,
            "bank": "DIAMOND HEAD CAPITAL MANAGEMENT",
            "city": "GEORGETOWN",
            "branch": null,
            "swift_code": "DHCGKYK1"
        },
        {
            "id": 84,
            "bank": "DIAMOND NOTCH ASSET MANAGEMENT",
            "city": "GEORGETOWN",
            "branch": null,
            "swift_code": "DNANKYK1"
        },
        {
            "id": 85,
            "bank": "DLJ CAYMAN ISLANDS LDC",
            "city": "GEORGETOWN",
            "branch": null,
            "swift_code": "DCILKYK1"
        },
        {
            "id": 86,
            "bank": "DMS BANK AND TRUST LTD",
            "city": "GEORGETOWN",
            "branch": null,
            "swift_code": "CAYIKYKY"
        },
        {
            "id": 87,
            "bank": "DNB BANK ASA, GRAND CAYMAN BRANCH",
            "city": "GEORGETOWN",
            "branch": null,
            "swift_code": "DNBAKYKX"
        },
        {
            "id": 88,
            "bank": "DORIC CAPITAL CORPORATION",
            "city": "GEORGETOWN",
            "branch": null,
            "swift_code": "DOCTKYK1"
        },
        {
            "id": 89,
            "bank": "DOUBLE RIVER INVESTMENTS LIMITED",
            "city": "GRAND CAYMAN",
            "branch": null,
            "swift_code": "DORVKYK1"
        },
        {
            "id": 90,
            "bank": "EFG BANK, CAYMAN BRANCH",
            "city": "GRAND CAYMAN",
            "branch": null,
            "swift_code": "EFGBKYKY"
        },
        {
            "id": 91,
            "bank": "EMIRATES NBD GLOBAL MARKETS LLC",
            "city": "GRAND CAYMAN",
            "branch": null,
            "swift_code": "EBILKYKY"
        },
        {
            "id": 92,
            "bank": "EURO CANADIAN BANK AND TRUST COMPANY LIMITED",
            "city": "GEORGETOWN",
            "branch": null,
            "swift_code": "ECBTKYK1"
        },
        {
            "id": 93,
            "bank": "EUROWIRE CLEARING CORPORATION",
            "city": "GEORGETOWN",
            "branch": null,
            "swift_code": "EUCIKYK1"
        },
        {
            "id": 94,
            "bank": "EVERETT OPPORTUNITIES MASTER FUND",
            "city": "GEORGETOWN",
            "branch": null,
            "swift_code": "EOMFKYK1"
        },
        {
            "id": 95,
            "bank": "FEROX MASTER FUND LIMITED",
            "city": "GEORGETOWN",
            "branch": null,
            "swift_code": "FEMFKYK1"
        },
        {
            "id": 96,
            "bank": "FGB GLOBAL MARKETS CAYMAN LIMITED",
            "city": "GRAND CAYMAN",
            "branch": null,
            "swift_code": "FGBMKYKY"
        },
        {
            "id": 97,
            "bank": "FIDELITY BANK (CAYMAN) LTD",
            "city": "GEORGETOWN",
            "branch": null,
            "swift_code": "FIYCKYKY"
        },
        {
            "id": 98,
            "bank": "FIDELTIY BANK (CAYMAN) LIMITED",
            "city": "GRAND CAYMAN",
            "branch": null,
            "swift_code": "FICYKYK1"
        },
        {
            "id": 99,
            "bank": "FIRST HOME BANKING LTD.",
            "city": "GEORGETOWN",
            "branch": null,
            "swift_code": "FHOMKYK1"
        },
        {
            "id": 100,
            "bank": "FIRSTCARIBBEAN INTERNATIONAL BANK (CAYMAN) LIMITED",
            "city": "GEORGETOWN",
            "branch": null,
            "swift_code": "FCIBKYKY"
        },
        {
            "id": 101,
            "bank": "G.S. FINANCIAL PRODUCTS U.S., L.P.",
            "city": "GEORGETOWN",
            "branch": null,
            "swift_code": "GSFPKYKY"
        },
        {
            "id": 102,
            "bank": "GAIACORP TRADING LIMITED",
            "city": "GEORGETOWN",
            "branch": null,
            "swift_code": "GATRKYK1"
        },
        {
            "id": 103,
            "bank": "GALAXY ASSET MANAGEMENT (HONG KONG) LIMITED",
            "city": "GEORGETOWN",
            "branch": null,
            "swift_code": "GAMHKYK1"
        },
        {
            "id": 104,
            "bank": "GIB MARKETS LIMITED",
            "city": "GRAND CAYMAN",
            "branch": null,
            "swift_code": "GIMKKYKY"
        },
        {
            "id": 105,
            "bank": "GINGER CAPITAL MANAGEMENT LIMITED",
            "city": "GEORGETOWN",
            "branch": null,
            "swift_code": "GICMKYK1"
        },
        {
            "id": 106,
            "bank": "GLOBAL FIDELITY BANK, LTD",
            "city": "GEORGETOWN",
            "branch": null,
            "swift_code": "GLFDKYKY"
        },
        {
            "id": 107,
            "bank": "GREENWOODS ASSET MANAGEMENT LIMITED",
            "city": "GEORGETOWN",
            "branch": null,
            "swift_code": "GRSGKYK1"
        },
        {
            "id": 108,
            "bank": "GULF INTERNATIONAL BANK",
            "city": "GEORGETOWN",
            "branch": null,
            "swift_code": "GULFKYK1"
        },
        {
            "id": 109,
            "bank": "HAITONG BANCO DE INVESTIMENTO DO BRASIL S.A.",
            "city": "GRAND CAYMAN",
            "branch": null,
            "swift_code": "BESBKYKY"
        },
        {
            "id": 110,
            "bank": "HBK MASTER FUND L.P.",
            "city": "GEORGETOWN",
            "branch": null,
            "swift_code": "HBMFKYK1"
        },
        {
            "id": 111,
            "bank": "HENDERSON UK EQUITY LONG SHORT FUND LIMITED",
            "city": "GEORGETOWN",
            "branch": null,
            "swift_code": "HELHKYK1"
        },
        {
            "id": 112,
            "bank": "HSBC BANK USA N.A.",
            "city": "GEORGETOWN",
            "branch": null,
            "swift_code": "HSBCKYK1"
        },
        {
            "id": 113,
            "bank": "IMPERIAL DRAGON ASSET MANAGEMENT LIMITED",
            "city": "GEORGETOWN",
            "branch": null,
            "swift_code": "IDANKYK1"
        },
        {
            "id": 114,
            "bank": "INCHAUSPE BANK CORPORATION",
            "city": "GEORGETOWN",
            "branch": null,
            "swift_code": "IEBCKYK1"
        },
        {
            "id": 115,
            "bank": "INCOBANK AND TRUST CORPORATION",
            "city": "GEORGETOWN",
            "branch": null,
            "swift_code": "INCTKYK1"
        },
        {
            "id": 116,
            "bank": "INVESTCORP TRADING LIMITED",
            "city": "GEORGETOWN",
            "branch": null,
            "swift_code": "INVCKYKY"
        },
        {
            "id": 117,
            "bank": "INVESTCORP TRADING LIMITED",
            "city": "GRAND CAYMAN",
            "branch": "(BOUNDARY HALL BRANCH)",
            "swift_code": "INVCKYKYISA"
        },
        {
            "id": 118,
            "bank": "ISRAEL DISCOUNT BANK LTD.",
            "city": "GEORGETOWN",
            "branch": null,
            "swift_code": "IDBLKYK1"
        },
        {
            "id": 119,
            "bank": "ITAU BANK, LIMITED",
            "city": "GEORGETOWN",
            "branch": null,
            "swift_code": "ITAUKYKT"
        },
        {
            "id": 120,
            "bank": "ITAU UNIBANCO S.A., GRAND CAYMAN BRANCH",
            "city": "GEORGETOWN",
            "branch": "(CURRENT ACCOUNT)",
            "swift_code": "ITAUKYKCIGC"
        },
        {
            "id": 121,
            "bank": "ITAU UNIBANCO S.A., GRAND CAYMAN BRANCH",
            "city": "GEORGETOWN",
            "branch": null,
            "swift_code": "ITAUKYKC"
        },
        {
            "id": 122,
            "bank": "J. ROTHSCHILD PPG SECURITIES AND CIE",
            "city": "GRAND CAYMAN",
            "branch": null,
            "swift_code": "ROPRKYK1"
        },
        {
            "id": 123,
            "bank": "K2 EMSO LIQUID EM CREDIT MASTER FUND LTD",
            "city": "GEORGETOWN",
            "branch": null,
            "swift_code": "ELCSKYK1"
        },
        {
            "id": 124,
            "bank": "KADORA INVESTMENTS SA",
            "city": "GEORGETOWN",
            "branch": null,
            "swift_code": "KAIVKYK1"
        },
        {
            "id": 125,
            "bank": "KBC FINANCIAL PRODUCTS (CAYMAN ISLANDS) LTD.",
            "city": "GEORGETOWN",
            "branch": null,
            "swift_code": "KBCFKYKX"
        },
        {
            "id": 126,
            "bank": "KBC INVESTMENTS CAYMAN ISLANDS V LTD",
            "city": "GEORGETOWN",
            "branch": null,
            "swift_code": "KBCFKYKZ"
        },
        {
            "id": 127,
            "bank": "KYTE FUNDS SPC",
            "city": "GRAND CAYMAN",
            "branch": null,
            "swift_code": "KYFSKYK1"
        },
        {
            "id": 128,
            "bank": "LANDESBANK HESSEN-THUERINGEN GIROZENTRALE, CAYMAN BRANCH",
            "city": "GEORGETOWN",
            "branch": null,
            "swift_code": "HELAKYKX"
        },
        {
            "id": 129,
            "bank": "LEUMI CAYMAN FINANCE AND TRUST CORP",
            "city": "GEORGETOWN",
            "branch": null,
            "swift_code": "LCFTKYK1"
        },
        {
            "id": 130,
            "bank": "LIM JAPAN FUND",
            "city": "GEORGETOWN",
            "branch": null,
            "swift_code": "LIJFKYK1"
        },
        {
            "id": 131,
            "bank": "LIM JAPAN MASTER FUND",
            "city": "GEORGETOWN",
            "branch": null,
            "swift_code": "LJMFKYK1"
        },
        {
            "id": 132,
            "bank": "LIM OPPORTUNISTIC CREDIT MASTER FUND",
            "city": "GRAND CAYMAN",
            "branch": null,
            "swift_code": "LOCSKYK1"
        },
        {
            "id": 133,
            "bank": "LINMAT CAPITAL INVESTMENT MANAGEMENT",
            "city": "GEORGETOWN",
            "branch": null,
            "swift_code": "LCIAKYK1"
        },
        {
            "id": 134,
            "bank": "MARCO POLO PURE ASSET MANAGEMENT (CAYMAN ISLANDS)",
            "city": "GEORGETOWN",
            "branch": null,
            "swift_code": "MPPAKYK1"
        },
        {
            "id": 135,
            "bank": "MEESPIERSON (CAYMAN) LIMITED",
            "city": "GEORGETOWN",
            "branch": null,
            "swift_code": "PHPEKYK1"
        },
        {
            "id": 136,
            "bank": "MERCURY BANK AND TRUST LIMITED",
            "city": "GEORGETOWN",
            "branch": null,
            "swift_code": "MTRLKYK1"
        },
        {
            "id": 137,
            "bank": "MERRILL LYNCH BANK AND TRUST COMPANY (CAYMAN) LTD",
            "city": "GEORGETOWN",
            "branch": null,
            "swift_code": "MLBCKYKX"
        },
        {
            "id": 138,
            "bank": "METAGE CAPITAL MANAGEMENT",
            "city": "GEORGETOWN",
            "branch": null,
            "swift_code": "MEPMKYK1"
        },
        {
            "id": 139,
            "bank": "MILLENNIUM BCP BANK AND TRUST",
            "city": "GEORGETOWN",
            "branch": null,
            "swift_code": "BCOMKYKX"
        },
        {
            "id": 140,
            "bank": "MIZUHO DO BRASIL CAYMAN LIMITED",
            "city": "GEORGETOWN",
            "branch": null,
            "swift_code": "MHCBKYKX"
        },
        {
            "id": 141,
            "bank": "MORVAL BANK AND TRUST CAYMAN LTD.",
            "city": "GEORGETOWN",
            "branch": null,
            "swift_code": "MORVKYKY"
        },
        {
            "id": 142,
            "bank": "MUFG ALTERNATIVE FUND SERVICES (CAYMAN) LIMITED",
            "city": "GEORGETOWN",
            "branch": null,
            "swift_code": "UBSWKYKY"
        },
        {
            "id": 143,
            "bank": "NATIONAL BUILDING SOCIETY OF CAYMAN",
            "city": "GEORGETOWN",
            "branch": null,
            "swift_code": "NBCSKYK1"
        },
        {
            "id": 144,
            "bank": "NBAD FINANCIAL MARKETS (CAYMAN) LIMITED",
            "city": "GRAND CAYMAN",
            "branch": null,
            "swift_code": "NBADKYKY"
        },
        {
            "id": 145,
            "bank": "NIPPON CREDIT BANK GRAND CAYMAN",
            "city": "GEORGETOWN",
            "branch": null,
            "swift_code": "NCGAKYK1"
        },
        {
            "id": 146,
            "bank": "OCEAN CAPITAL MANAGEMENT (CAYMAN) LIMITED",
            "city": "GEORGETOWN",
            "branch": null,
            "swift_code": "OCMCKYK1"
        },
        {
            "id": 147,
            "bank": "OCTAGON CAPITAL MANAGEMENT PTE LTD",
            "city": "GEORGETOWN",
            "branch": null,
            "swift_code": "OCMPKYK1"
        },
        {
            "id": 148,
            "bank": "OCTIS ASSET MANAGEMENT CAYMEN LIMITED",
            "city": "GEORGETOWN",
            "branch": null,
            "swift_code": "OAMAKYK1"
        },
        {
            "id": 149,
            "bank": "PARHELION, LTD.",
            "city": "GEORGETOWN",
            "branch": null,
            "swift_code": "PAHHKYK1"
        },
        {
            "id": 150,
            "bank": "PARHELION, LTD.",
            "city": "GEORGETOWN",
            "branch": null,
            "swift_code": "PARHKYK1"
        },
        {
            "id": 151,
            "bank": "PIVOT CAPITAL MANAGEMENT LIMITED",
            "city": "GEORGETOWN",
            "branch": null,
            "swift_code": "PICAKYK1"
        },
        {
            "id": 152,
            "bank": "PORTIGON AG, GRAND CAYMAN",
            "city": "GEORGETOWN",
            "branch": null,
            "swift_code": "WELAKYK1"
        },
        {
            "id": 153,
            "bank": "PS ASSET CORPORATION",
            "city": "GEORGETOWN",
            "branch": null,
            "swift_code": "ASCOKYK1"
        },
        {
            "id": 154,
            "bank": "PT BANK MANDIRI (PERSERO)TBK CAYMAN ISLANDS BRANCH",
            "city": "GEORGETOWN",
            "branch": null,
            "swift_code": "BMRIKYKY"
        },
        {
            "id": 155,
            "bank": "RADISH INVESTMENT CORPORATION",
            "city": "GEORGETOWN",
            "branch": null,
            "swift_code": "RAIOKYK1"
        },
        {
            "id": 156,
            "bank": "RBC ROYAL BANK (CAYMAN) LIMITED (FORMERLY KNOWN AS ROYAL BANK OF CANADA GRAND CAYMAN)",
            "city": "GEORGETOWN",
            "branch": null,
            "swift_code": "ROYCKYKY"
        },
        {
            "id": 157,
            "bank": "RBC ROYAL BANK (CAYMAN) LIMITED (FORMERLY KNOWN AS ROYAL BANK OF CANADA GRAND CAYMAN)",
            "city": "GEORGETOWN",
            "branch": null,
            "swift_code": "ROYCKYKYKYQ"
        },
        {
            "id": 158,
            "bank": "RIBBLE INVESTMENT LIMITED",
            "city": "GEORGETOWN",
            "branch": null,
            "swift_code": "RIBIKYK1"
        },
        {
            "id": 159,
            "bank": "ROFIN INTERNATIONAL BANK AND TRUST",
            "city": "GEORGETOWN",
            "branch": null,
            "swift_code": "ROIBKYK1"
        },
        {
            "id": 160,
            "bank": "RP CAPITAL UK LTD",
            "city": "GEORGETOWN",
            "branch": null,
            "swift_code": "CPLTKYK1"
        },
        {
            "id": 161,
            "bank": "RUSSIAN RENAISSANCE INVESTMENT COMPANY LIMITED",
            "city": "GEORGETOWN",
            "branch": null,
            "swift_code": "RRICKYK1"
        },
        {
            "id": 162,
            "bank": "SALOMON PARTNERS WRS WERNER ROTHSCHILD AND  CIE",
            "city": "GRAND CAYMAN",
            "branch": null,
            "swift_code": "SAWWKYK1"
        },
        {
            "id": 163,
            "bank": "SAMBA GLOBAL MARKETS LIMITED",
            "city": "GRAND CAYMAN",
            "branch": null,
            "swift_code": "SAGMKYKY"
        },
        {
            "id": 164,
            "bank": "SAMENA CAPITAL MANAGEMENT LLP",
            "city": "GRAND CAYMAN",
            "branch": null,
            "swift_code": "SCNPKYK1"
        },
        {
            "id": 165,
            "bank": "SARK MASTER FUND",
            "city": "GEORGETOWN",
            "branch": null,
            "swift_code": "SAAFKYK1"
        },
        {
            "id": 166,
            "bank": "SCHRODER CAYMAN BANK AND TRUST CO. LTD.",
            "city": "GEORGETOWN",
            "branch": null,
            "swift_code": "SCBTKYK1"
        },
        {
            "id": 167,
            "bank": "SCOTIABANK AND TRUST (CAYMAN) LTD.",
            "city": "GEORGETOWN",
            "branch": "(TRUST DEPARTMENT)",
            "swift_code": "NOSCKYKXTRU"
        },
        {
            "id": 168,
            "bank": "SCOTIABANK AND TRUST (CAYMAN) LTD.",
            "city": "GEORGETOWN",
            "branch": null,
            "swift_code": "NOSCKYKX"
        },
        {
            "id": 169,
            "bank": "SFC INVESTMENT MANAGEMENT LIMITED",
            "city": "GEORGETOWN",
            "branch": null,
            "swift_code": "SFINKYK1"
        },
        {
            "id": 170,
            "bank": "SIAM COMMERCIAL BANK PCL., THE",
            "city": "GRAND CAYMAN",
            "branch": null,
            "swift_code": "SICOKYKY"
        },
        {
            "id": 171,
            "bank": "SQUAREPOINT MASTER FUND LIMITED C\/O MAPLES CORPORATE SERVICES LIMIT",
            "city": "GRAND CAYMAN",
            "branch": null,
            "swift_code": "SMFAKYK1"
        },
        {
            "id": 172,
            "bank": "ST. GEORGES BANK AND TRUST COMPANY (CAYMAN) LTD.",
            "city": "GRAND CAYMAN",
            "branch": null,
            "swift_code": "GBTCKYKY"
        },
        {
            "id": 173,
            "bank": "STATE STREET CAYMAN TRUST COMPANY LTD",
            "city": "GEORGETOWN",
            "branch": null,
            "swift_code": "SSCTKYK1"
        },
        {
            "id": 174,
            "bank": "STRATEGIS CAPITAL MANAGMENT CAYMAN LIMITED",
            "city": "GEORGETOWN",
            "branch": null,
            "swift_code": "SCAYKYK1"
        },
        {
            "id": 175,
            "bank": "SUNSET MESA FUND LTD",
            "city": "GEORGETOWN",
            "branch": null,
            "swift_code": "SMECKYK1"
        },
        {
            "id": 176,
            "bank": "SWEDBANK",
            "city": "GEORGETOWN",
            "branch": null,
            "swift_code": "SWEDKYK1"
        },
        {
            "id": 177,
            "bank": "SYMMETRY MASTER FUND LIMITED",
            "city": "GRAND CAYMAN",
            "branch": null,
            "swift_code": "SYMFKYK1"
        },
        {
            "id": 178,
            "bank": "TAIREN CAPITAL LIMITED",
            "city": "GEORGETOWN",
            "branch": null,
            "swift_code": "TACTKYK1"
        },
        {
            "id": 179,
            "bank": "TECH DATA GLOBAL FINANCE L.P.",
            "city": "GEORGETOWN",
            "branch": null,
            "swift_code": "TDGFKYK1"
        },
        {
            "id": 180,
            "bank": "TELLURIDE ASSET MANAGEMENT",
            "city": "GEORGETOWN",
            "branch": null,
            "swift_code": "TEAEKYK1"
        },
        {
            "id": 181,
            "bank": "TIR (HOLDINGS) LIMITED",
            "city": "GEORGETOWN",
            "branch": null,
            "swift_code": "STIRKYK1"
        },
        {
            "id": 182,
            "bank": "TOWERBANK, LTD",
            "city": "GEORGETOWN",
            "branch": null,
            "swift_code": "TOWEKYKY"
        },
        {
            "id": 183,
            "bank": "TRADE AND COMMERCE BANK",
            "city": "GEORGETOWN",
            "branch": null,
            "swift_code": "TCEBKYK1"
        },
        {
            "id": 184,
            "bank": "TRANSCORP BANK",
            "city": "GEORGETOWN",
            "branch": null,
            "swift_code": "TPBAKYK1"
        },
        {
            "id": 185,
            "bank": "TRANSOCEAN BANK AND TRUST, LTD",
            "city": "GEORGETOWN",
            "branch": null,
            "swift_code": "TRBTKYK1"
        },
        {
            "id": 186,
            "bank": "UNICREDIT BANK CAYMAN ISLANDS LTD.",
            "city": "GEORGETOWN",
            "branch": null,
            "swift_code": "BKAUKYK1"
        },
        {
            "id": 187,
            "bank": "VBT BANK AND TRUST,LTD.",
            "city": "GRAND CAYMAN",
            "branch": null,
            "swift_code": "VBTBKYKY"
        },
        {
            "id": 188,
            "bank": "VENEZOLANO DE CREDITO,CAYMAN BRANCH,BANCO UNIVERSAL",
            "city": "GEORGETOWN",
            "branch": null,
            "swift_code": "VZCRKYKY"
        },
        {
            "id": 189,
            "bank": "VICIS CAPITAL MASTER FUND",
            "city": "GEORGETOWN",
            "branch": null,
            "swift_code": "VCMFKYK1"
        },
        {
            "id": 190,
            "bank": "VR ADVISORY SERVICES",
            "city": "GEORGETOWN",
            "branch": null,
            "swift_code": "ADSRKYK1"
        },
        {
            "id": 191,
            "bank": "WESTPAC BANKING CORPORATION",
            "city": "GEORGETOWN",
            "branch": null,
            "swift_code": "WPACKYKX"
        },
        {
            "id": 192,
            "bank": "WG TRADING INTERNATIONAL CORPORATION",
            "city": "GEORGETOWN",
            "branch": null,
            "swift_code": "TRIRKYK1"
        },
        {
            "id": 193,
            "bank": "WIM ASSET MANAGEMENT (CAYMAN) LTD",
            "city": "GEORGETOWN",
            "branch": null,
            "swift_code": "WAMCKYK1"
        },
        {
            "id": 194,
            "bank": "XLIT LTD",
            "city": "GRAND CAYMAN",
            "branch": null,
            "swift_code": "GROPKYKY"
        }
    ]
}
