{
    "country": "Lebanon",
    "country_code": "LB",
    "list": [
        {
            "id": 1,
            "bank": "AL BARAKA BANK S.A.L.",
            "city": "BEIRUT",
            "branch": null,
            "swift_code": "ALCVLBBE"
        },
        {
            "id": 2,
            "bank": "AL BILAD ISLAMIC BANK FOR INVESTMENT AND FINANCE PSC",
            "city": "BEIRUT",
            "branch": null,
            "swift_code": "AIIFLBBE"
        },
        {
            "id": 3,
            "bank": "AL MAWARID BANK S.A.L.",
            "city": "BEIRUT",
            "branch": null,
            "swift_code": "MABALBBE"
        },
        {
            "id": 4,
            "bank": "ARAB AFRICAN INTERNATIONAL BANK",
            "city": "BEIRUT",
            "branch": null,
            "swift_code": "ARAILBBE"
        },
        {
            "id": 5,
            "bank": "ARAB BANK PLC",
            "city": "BEIRUT",
            "branch": "(BEIRUT BRANCH)",
            "swift_code": "ARABLBB10B6"
        },
        {
            "id": 6,
            "bank": "ARAB BANK PLC",
            "city": "BEIRUT",
            "branch": "(DORA BRANCH)",
            "swift_code": "ARABLBB10B2"
        },
        {
            "id": 7,
            "bank": "ARAB BANK PLC",
            "city": "BEIRUT",
            "branch": "(HAZMIEH)",
            "swift_code": "ARABLBBX0B9"
        },
        {
            "id": 8,
            "bank": "ARAB BANK PLC",
            "city": "BEIRUT",
            "branch": "(LEBANON BRANCHES CENTRE)",
            "swift_code": "ARABLBBX"
        },
        {
            "id": 9,
            "bank": "ARAB BANK PLC",
            "city": "BEIRUT",
            "branch": "(MAZRA'A BRANCH)",
            "swift_code": "ARABLBB10B3"
        },
        {
            "id": 10,
            "bank": "ARAB BANK PLC",
            "city": "BEIRUT",
            "branch": "(RAS BEIRUT BRANCH)",
            "swift_code": "ARABLBB10B4"
        },
        {
            "id": 11,
            "bank": "ARAB BANK PLC",
            "city": "BEIRUT",
            "branch": "(TREASURY BACKOFFICE)",
            "swift_code": "ARABLBBXTBO"
        },
        {
            "id": 12,
            "bank": "ARAB BANK PLC",
            "city": "BEIRUT",
            "branch": "(VERDUN BRANCH)",
            "swift_code": "ARABLBB10B5"
        },
        {
            "id": 13,
            "bank": "ARAB BANK PLC",
            "city": "CHTOURA",
            "branch": "(CHTOURA BRANCH)",
            "swift_code": "ARABLBB1024"
        },
        {
            "id": 14,
            "bank": "ARAB BANK PLC",
            "city": "JBEIL",
            "branch": "(MINA BRANCH)",
            "swift_code": "ARABLBB1026"
        },
        {
            "id": 15,
            "bank": "ARAB BANK PLC",
            "city": "JBEIL",
            "branch": "(TAL BRANCH)",
            "swift_code": "ARABLBB1022"
        },
        {
            "id": 16,
            "bank": "ARAB BANK PLC",
            "city": "JBEIL",
            "branch": "(ZAHREIH BRANCH)",
            "swift_code": "ARABLBB1025"
        },
        {
            "id": 17,
            "bank": "ARAB BANK PLC",
            "city": "SAIDA",
            "branch": null,
            "swift_code": "ARABLBB1023"
        },
        {
            "id": 18,
            "bank": "ARAB BANK PLC",
            "city": "SHYAH",
            "branch": "(SHYAH BRANCH)",
            "swift_code": "ARABLBBX0B7"
        },
        {
            "id": 19,
            "bank": "ARAB BANK PLC",
            "city": "SIN EL-FIL",
            "branch": "(SIN EL-FIL BRANCH)",
            "swift_code": "ARABLBBX0B8"
        },
        {
            "id": 20,
            "bank": "ARAB FINANCE CORPORATION SAL",
            "city": "BEIRUT",
            "branch": null,
            "swift_code": "AFCOLBBE"
        },
        {
            "id": 21,
            "bank": "ARAB FINANCE HOUSE SAL (ISLAMIC BANK)",
            "city": "BEIRUT",
            "branch": null,
            "swift_code": "AFHOLBBE"
        },
        {
            "id": 22,
            "bank": "ARAB INVESTMENT BANK SAL",
            "city": "BEIRUT",
            "branch": null,
            "swift_code": "ARBVLBBE"
        },
        {
            "id": 23,
            "bank": "AUDI INVESTMENT BANK S.A.L.",
            "city": "BEIRUT",
            "branch": null,
            "swift_code": "AUSILBBE"
        },
        {
            "id": 24,
            "bank": "AUDI INVESTMENT BANK SAL",
            "city": "BEIRUT",
            "branch": null,
            "swift_code": "INFSLBB1"
        },
        {
            "id": 25,
            "bank": "AUDI PRIVATE BANK S.A.L.",
            "city": "BEIRUT",
            "branch": null,
            "swift_code": "BSARLBBX"
        },
        {
            "id": 26,
            "bank": "B.L.C. BANK S.A.L.",
            "city": "BEIRUT",
            "branch": null,
            "swift_code": "LICOLBBX"
        },
        {
            "id": 27,
            "bank": "BANK AL MADINA SAL.",
            "city": "BEIRUT",
            "branch": null,
            "swift_code": "MADILBL1"
        },
        {
            "id": 28,
            "bank": "BANK AUDI S.A.L.",
            "city": "BEIRUT",
            "branch": null,
            "swift_code": "AUDBLBBX"
        },
        {
            "id": 29,
            "bank": "BANK OF BAGHDAD",
            "city": "BEIRUT",
            "branch": null,
            "swift_code": "BABILBBE"
        },
        {
            "id": 30,
            "bank": "BANK OF BEIRUT INVEST S.A.L",
            "city": "BEIRUT",
            "branch": null,
            "swift_code": "BOBPLBBE"
        },
        {
            "id": 31,
            "bank": "BANK OF BEIRUT S.A.L.",
            "city": "BEIRUT",
            "branch": null,
            "swift_code": "BABELBBE"
        },
        {
            "id": 32,
            "bank": "BANKMED,SAL",
            "city": "BEIRUT",
            "branch": null,
            "swift_code": "MEDLLBBX"
        },
        {
            "id": 33,
            "bank": "BANQUE BEMO SAL",
            "city": "BEIRUT",
            "branch": null,
            "swift_code": "EUMOLBBE"
        },
        {
            "id": 34,
            "bank": "BANQUE DE CREDIT NATIONAL S.A.L.",
            "city": "BEIRUT",
            "branch": null,
            "swift_code": "BCNBLBBE"
        },
        {
            "id": 35,
            "bank": "BANQUE DE L'HABITAT S.A.L.",
            "city": "BEIRUT",
            "branch": null,
            "swift_code": "LHBALBBX"
        },
        {
            "id": 36,
            "bank": "BANQUE DU CREDIT POPULAIRE S A L",
            "city": "BEIRUT",
            "branch": null,
            "swift_code": "NUDTLBB1"
        },
        {
            "id": 37,
            "bank": "BANQUE DU LIBAN",
            "city": "BEIRUT",
            "branch": "(ACCOUNTING DEPARTMENT)",
            "swift_code": "BDLCLBBXACD"
        },
        {
            "id": 38,
            "bank": "BANQUE DU LIBAN",
            "city": "BEIRUT",
            "branch": "(CURRENT OPERATIONS DEPARTMENT)",
            "swift_code": "BDLCLBBXCOD"
        },
        {
            "id": 39,
            "bank": "BANQUE DU LIBAN",
            "city": "BEIRUT",
            "branch": "(FINANCIAL OPERATIONS DEPARTMENT)",
            "swift_code": "BDLCLBBXFOD"
        },
        {
            "id": 40,
            "bank": "BANQUE DU LIBAN",
            "city": "BEIRUT",
            "branch": "(FOREIGN EXCHANGE DEPARTMENT)",
            "swift_code": "BDLCLBBXFXD"
        },
        {
            "id": 41,
            "bank": "BANQUE DU LIBAN",
            "city": "BEIRUT",
            "branch": "(MINISTRY OF FINANCE - TREASURY AND PUBLIC DEBT DIRECTORATE)",
            "swift_code": "BDLCLBBXMOF"
        },
        {
            "id": 42,
            "bank": "BANQUE DU LIBAN",
            "city": "BEIRUT",
            "branch": null,
            "swift_code": "BDLCLBBA"
        },
        {
            "id": 43,
            "bank": "BANQUE DU LIBAN",
            "city": "BEIRUT",
            "branch": null,
            "swift_code": "BDLCLBBC"
        },
        {
            "id": 44,
            "bank": "BANQUE DU LIBAN",
            "city": "BEIRUT",
            "branch": null,
            "swift_code": "BDLCLBBF"
        },
        {
            "id": 45,
            "bank": "BANQUE DU LIBAN",
            "city": "BEIRUT",
            "branch": null,
            "swift_code": "BDLCLBBG"
        },
        {
            "id": 46,
            "bank": "BANQUE DU LIBAN",
            "city": "BEIRUT",
            "branch": null,
            "swift_code": "BDLCLBBX"
        },
        {
            "id": 47,
            "bank": "BANQUE DU LIBAN",
            "city": "BEIRUT",
            "branch": null,
            "swift_code": "BDLCLBBXASA"
        },
        {
            "id": 48,
            "bank": "BANQUE DU LIBAN",
            "city": "BEIRUT",
            "branch": null,
            "swift_code": "BDLCLBBXTIA"
        },
        {
            "id": 49,
            "bank": "BANQUE JOSEPH GEAGEA S A L",
            "city": "BEIRUT",
            "branch": null,
            "swift_code": "BJGELBB1"
        },
        {
            "id": 50,
            "bank": "BANQUE LIBANO FRANCAISE",
            "city": "BEIRUT",
            "branch": null,
            "swift_code": "BLFSLBBX"
        },
        {
            "id": 51,
            "bank": "BANQUE MISR LIBAN S.A.L.",
            "city": "BEIRUT",
            "branch": "(MAR ELIAS STREET BRANCH)",
            "swift_code": "BMISLBB10B2"
        },
        {
            "id": 52,
            "bank": "BANQUE MISR LIBAN S.A.L.",
            "city": "BEIRUT",
            "branch": null,
            "swift_code": "BMISLBBE"
        },
        {
            "id": 53,
            "bank": "BANQUE MISR LIBAN S.A.L.",
            "city": "CHTOURA",
            "branch": null,
            "swift_code": "BMISLBB1025"
        },
        {
            "id": 54,
            "bank": "BANQUE MISR LIBAN S.A.L.",
            "city": "JOUNIEH",
            "branch": null,
            "swift_code": "BMISLBB1026"
        },
        {
            "id": 55,
            "bank": "BANQUE MISR LIBAN S.A.L.",
            "city": "SAIDA",
            "branch": null,
            "swift_code": "BMISLBB1023"
        },
        {
            "id": 56,
            "bank": "BANQUE MISR LIBAN S.A.L.",
            "city": "TRIPOLI",
            "branch": null,
            "swift_code": "BMISLBB1022"
        },
        {
            "id": 57,
            "bank": "BANQUE MISR LIBAN S.A.L.",
            "city": "ZAHLE",
            "branch": null,
            "swift_code": "BMISLBB1024"
        },
        {
            "id": 58,
            "bank": "BBAC SAL",
            "city": "BEIRUT",
            "branch": null,
            "swift_code": "BBACLBBX"
        },
        {
            "id": 59,
            "bank": "BEIRUT STOCK EXCHANGE",
            "city": "BEIRUT",
            "branch": null,
            "swift_code": "XBEYLBB1"
        },
        {
            "id": 60,
            "bank": "BEMO SECURITISATION SAL",
            "city": "BEIRUT",
            "branch": null,
            "swift_code": "BEMSLBB1"
        },
        {
            "id": 61,
            "bank": "BLOM BANK S.A.L.",
            "city": "BEIRUT",
            "branch": null,
            "swift_code": "BLOMLBBX"
        },
        {
            "id": 62,
            "bank": "BLOM DEVELOPMENT BANK S.A.L.",
            "city": "BEIRUT",
            "branch": null,
            "swift_code": "BDBLLBBE"
        },
        {
            "id": 63,
            "bank": "BLOMINVEST BANK S.A.L.",
            "city": "BEIRUT",
            "branch": null,
            "swift_code": "BLINLBBE"
        },
        {
            "id": 64,
            "bank": "BSL BANK S.A.L.",
            "city": "BEIRUT",
            "branch": null,
            "swift_code": "SONBLBBE"
        },
        {
            "id": 65,
            "bank": "BYBLOS BANK S.A.L.",
            "city": "BEIRUT",
            "branch": null,
            "swift_code": "BYBALBBX"
        },
        {
            "id": 66,
            "bank": "BYBLOS INVEST BANK S.A.L.",
            "city": "BEIRUT",
            "branch": null,
            "swift_code": "BYBILBBX"
        },
        {
            "id": 67,
            "bank": "CEDRUS BANK S.A.L.",
            "city": "BEIRUT",
            "branch": null,
            "swift_code": "CEDXLBBE"
        },
        {
            "id": 68,
            "bank": "CEDRUS INVEST BANK S.A.L",
            "city": "ACHRAFIEH",
            "branch": null,
            "swift_code": "CIBXLBB2"
        },
        {
            "id": 69,
            "bank": "CEDRUS INVEST BANK S.A.L",
            "city": "BEIRUT",
            "branch": null,
            "swift_code": "CIBXLBBE"
        },
        {
            "id": 70,
            "bank": "CITIBANK NA-BEIRUT BRANCH",
            "city": "BEIRUT",
            "branch": null,
            "swift_code": "CITILBBE"
        },
        {
            "id": 71,
            "bank": "COUNCIL FOR DEVELOPMENT AND RECONSTRUCTION",
            "city": "BEIRUT",
            "branch": null,
            "swift_code": "CDRALBB1"
        },
        {
            "id": 72,
            "bank": "CREDIT COMMERCIAL ET FONCIER SAL",
            "city": "BEIRUT",
            "branch": null,
            "swift_code": "CCFXLBBE"
        },
        {
            "id": 73,
            "bank": "CREDIT FINANCIER INVEST S.A.L",
            "city": "BEIRUT",
            "branch": null,
            "swift_code": "CEFVLBB1"
        },
        {
            "id": 74,
            "bank": "CREDIT FINANCIER SAL.",
            "city": "BEIRUT",
            "branch": null,
            "swift_code": "CRFCLBBE"
        },
        {
            "id": 75,
            "bank": "CREDIT LIBANAIS INVESTMENT BANK SAL",
            "city": "BEIRUT",
            "branch": null,
            "swift_code": "LIBNLBBE"
        },
        {
            "id": 76,
            "bank": "CREDIT LIBANAIS S.A.L.",
            "city": "BEIRUT",
            "branch": null,
            "swift_code": "CLIBLBBX"
        },
        {
            "id": 77,
            "bank": "CREDITBANK SAL",
            "city": "BEIRUT",
            "branch": null,
            "swift_code": "CBCBLBBE"
        },
        {
            "id": 78,
            "bank": "CSCBANK SAL",
            "city": "BEIRUT",
            "branch": null,
            "swift_code": "CCSCLBBE"
        },
        {
            "id": 79,
            "bank": "EMIRATES LEBANON BANK SAL",
            "city": "BEIRUT",
            "branch": null,
            "swift_code": "ELBKLBBX"
        },
        {
            "id": 80,
            "bank": "FEDERAL BANK OF LEBANON S A L",
            "city": "BEIRUT",
            "branch": null,
            "swift_code": "FBLELBBX"
        },
        {
            "id": 81,
            "bank": "FENICIA BANK S.A.L.",
            "city": "BEIRUT",
            "branch": null,
            "swift_code": "BKAWLBBE"
        },
        {
            "id": 82,
            "bank": "FFA PRIVATE BANK S.A.L.",
            "city": "BEIRUT",
            "branch": null,
            "swift_code": "FFAILBBE"
        },
        {
            "id": 83,
            "bank": "FIDUS SAL GROUPE SOCIETE GENERALE DE BANQUE AU LIBAN",
            "city": "BEIRUT",
            "branch": null,
            "swift_code": "FIDRLBB1"
        },
        {
            "id": 84,
            "bank": "FIDUS SAL GROUPE SOCIETE GENERALE DE BANQUE AU LIBAN",
            "city": "BEIRUT",
            "branch": null,
            "swift_code": "FIDRLBBX"
        },
        {
            "id": 85,
            "bank": "FINANCE BANK",
            "city": "BEIRUT",
            "branch": null,
            "swift_code": "FBLBLBBX"
        },
        {
            "id": 86,
            "bank": "FIRST NATIONAL BANK S.A.L.",
            "city": "BEIRUT",
            "branch": null,
            "swift_code": "FINKLBBE"
        },
        {
            "id": 87,
            "bank": "FRANSA INVEST BANK",
            "city": "BEIRUT",
            "branch": null,
            "swift_code": "FRAILBBE"
        },
        {
            "id": 88,
            "bank": "FRANSABANK SAL",
            "city": "BEIRUT",
            "branch": null,
            "swift_code": "FSABLBBX"
        },
        {
            "id": 89,
            "bank": "HABIB BANK LIMITED",
            "city": "BEIRUT",
            "branch": null,
            "swift_code": "HABBLBBE"
        },
        {
            "id": 90,
            "bank": "IBL BANK S.A.L.(FORMERLY INTERCONTINENTAL BANK OF LEBANON S.A.L.)",
            "city": "BEIRUT",
            "branch": null,
            "swift_code": "INLELBBE"
        },
        {
            "id": 91,
            "bank": "IBL INVESTMENT BANK SAL",
            "city": "BEIRUT",
            "branch": null,
            "swift_code": "IBLVLBBE"
        },
        {
            "id": 92,
            "bank": "INVEST BANK (P.S.C.)",
            "city": "BEIRUT",
            "branch": null,
            "swift_code": "IBTFLBBE"
        },
        {
            "id": 93,
            "bank": "JAMMAL TRUST BANK SAL",
            "city": "BEIRUT",
            "branch": null,
            "swift_code": "JTBKLBBE"
        },
        {
            "id": 94,
            "bank": "KAFALAT S.A.L. GUARANTEES FOR SMALL AND MEDIUM ENTERPRISES",
            "city": "BEIRUT",
            "branch": null,
            "swift_code": "KAFALBBE"
        },
        {
            "id": 95,
            "bank": "LEBANESE ISLAMIC BANK S.A.L.",
            "city": "BEIRUT",
            "branch": null,
            "swift_code": "LIBBLBBE"
        },
        {
            "id": 96,
            "bank": "LEBANESE SWISS BANK SAL",
            "city": "BEIRUT",
            "branch": null,
            "swift_code": "LEBSLBBX"
        },
        {
            "id": 97,
            "bank": "LEBANON AND GULF BANK SAL",
            "city": "BEIRUT",
            "branch": null,
            "swift_code": "LGBALBBE"
        },
        {
            "id": 98,
            "bank": "LEBANON INVEST S.A.L",
            "city": "BEIRUT",
            "branch": null,
            "swift_code": "LINVLBB1"
        },
        {
            "id": 99,
            "bank": "LIBANK S.A.L. (LEVANT INVESTMENT BANK)",
            "city": "BEIRUT",
            "branch": null,
            "swift_code": "LIBKLBBE"
        },
        {
            "id": 100,
            "bank": "LITEX BANK S A L",
            "city": "BEIRUT",
            "branch": null,
            "swift_code": "LITELBB1"
        },
        {
            "id": 101,
            "bank": "LUCID INVESTMENT BANK S.A.L.",
            "city": "BEIRUT",
            "branch": null,
            "swift_code": "LUCILBBX"
        },
        {
            "id": 102,
            "bank": "MEAB SAL",
            "city": "BEIRUT",
            "branch": null,
            "swift_code": "BAMOLBBE"
        },
        {
            "id": 103,
            "bank": "MECATTAF S.A.L",
            "city": "AWKAR EL METN",
            "branch": null,
            "swift_code": "MECALBBE"
        },
        {
            "id": 104,
            "bank": "MEDINVESTMENT BANK SAL",
            "city": "BEIRUT",
            "branch": null,
            "swift_code": "MIBLLBBX"
        },
        {
            "id": 105,
            "bank": "MEDSECURITIES INVESTMENT SAL",
            "city": "BEIRUT",
            "branch": null,
            "swift_code": "MENVLBB1"
        },
        {
            "id": 106,
            "bank": "MERRILL LYNCH PIERCE FENNER AND SMITH (ME) S.A.L.",
            "city": "BEIRUT",
            "branch": null,
            "swift_code": "MPFSLBB1"
        },
        {
            "id": 107,
            "bank": "MIDCLEAR S.A.L.",
            "city": "BEIRUT",
            "branch": null,
            "swift_code": "MIDRLBBE"
        },
        {
            "id": 108,
            "bank": "MIDCLEAR S.A.L.",
            "city": "BEIRUT",
            "branch": null,
            "swift_code": "MIDRLBBEASA"
        },
        {
            "id": 109,
            "bank": "MIDDLE EAST AIRLINES-AIRLIBAN",
            "city": "BEIRUT",
            "branch": null,
            "swift_code": "MEALLBBE"
        },
        {
            "id": 110,
            "bank": "MIDDLE EAST CAPITAL GROUP",
            "city": "BEIRUT",
            "branch": null,
            "swift_code": "MECXLBBE"
        },
        {
            "id": 111,
            "bank": "MIDDLE EAST CAPITAL GROUP S.A.L",
            "city": "BEIRUT",
            "branch": null,
            "swift_code": "MIDDLBB1"
        },
        {
            "id": 112,
            "bank": "MINISTRY OF FINANCE",
            "city": "BEIRUT",
            "branch": null,
            "swift_code": "MINFLBBE"
        },
        {
            "id": 113,
            "bank": "NATIONAL BANK OF ABU DHABI",
            "city": "BEIRUT",
            "branch": null,
            "swift_code": "NBADLBB1"
        },
        {
            "id": 114,
            "bank": "NATIONAL BANK OF KUWAIT (LEBANON) SAL",
            "city": "BEIRUT",
            "branch": null,
            "swift_code": "NBOKLBBE"
        },
        {
            "id": 115,
            "bank": "NORTH AFRICA COMMERCIAL BANK S.A.L.",
            "city": "BEIRUT",
            "branch": null,
            "swift_code": "NACBLBBE"
        },
        {
            "id": 116,
            "bank": "OPTIMUM INVEST SAL",
            "city": "BEIRUT",
            "branch": null,
            "swift_code": "OPTILBBE"
        },
        {
            "id": 117,
            "bank": "PARIBAS",
            "city": "BEIRUT",
            "branch": null,
            "swift_code": "PARBLBB1"
        },
        {
            "id": 118,
            "bank": "QATAR NATIONAL BANK",
            "city": "BEIRUT",
            "branch": null,
            "swift_code": "QNBALBBE"
        },
        {
            "id": 119,
            "bank": "RAFIDAIN BANK",
            "city": "BEIRUT",
            "branch": null,
            "swift_code": "RAFBLBBE"
        },
        {
            "id": 120,
            "bank": "SARADAR BANK S.A.L.",
            "city": "ACHRAFIEH",
            "branch": null,
            "swift_code": "BTLVLBBE"
        },
        {
            "id": 121,
            "bank": "SAUDI LEBANESE BANK SAL.",
            "city": "BEIRUT",
            "branch": "(HEAD OFFICE)",
            "swift_code": "SLBLLBBX"
        },
        {
            "id": 122,
            "bank": "SOCIETE D'INVESTISSEMENTS FINANCIER S SAL",
            "city": "SIN EL-FIL",
            "branch": null,
            "swift_code": "SODALBB1"
        },
        {
            "id": 123,
            "bank": "SOCIETE FINANCIERE DU LIBAN SAL",
            "city": "BEIRUT",
            "branch": null,
            "swift_code": "LISFLBBE"
        },
        {
            "id": 124,
            "bank": "SOCIETE GENERALE DE BANQUE AU LIBAN S.A.L.",
            "city": "BEIRUT",
            "branch": null,
            "swift_code": "SGLILBBX"
        },
        {
            "id": 125,
            "bank": "SYRIAN LEBANESE COMMERCIAL BANK SAL.",
            "city": "BEIRUT",
            "branch": null,
            "swift_code": "SYLCLBBE"
        },
        {
            "id": 126,
            "bank": "UNITED BANK OF SAUDI AND LEBANON",
            "city": "BEIRUT",
            "branch": null,
            "swift_code": "UBSLLBB1"
        }
    ]
}
