{
    "country": "Liechtenstein",
    "country_code": "LI",
    "list": [
        {
            "id": 1,
            "bank": "BALOISE LIFE LIECHTENSTEIN AG",
            "city": "BALZERS",
            "branch": null,
            "swift_code": "BAIHLI21"
        },
        {
            "id": 2,
            "bank": "BANK ALPINUM AG",
            "city": "VADUZ",
            "branch": null,
            "swift_code": "BALPLI22"
        },
        {
            "id": 3,
            "bank": "BANK FRICK AND CO AKTIENGESELLSCHAFT",
            "city": "BALZERS",
            "branch": null,
            "swift_code": "BFRILI22"
        },
        {
            "id": 4,
            "bank": "BANQUE HAVILLAND (LIECHTENSTEIN) AG",
            "city": "VADUZ",
            "branch": null,
            "swift_code": "SFBALI22"
        },
        {
            "id": 5,
            "bank": "BENDURA BANK AG",
            "city": "GAMPRIN-BENDERN",
            "branch": null,
            "swift_code": "HYIBLI22"
        },
        {
            "id": 6,
            "bank": "CS LIFE AND PENSIONS",
            "city": "VADUZ",
            "branch": null,
            "swift_code": "LPENLI21"
        },
        {
            "id": 7,
            "bank": "CS TRUST LIECHTENSTEIN",
            "city": "VADUZ",
            "branch": null,
            "swift_code": "TLIELI21"
        },
        {
            "id": 8,
            "bank": "EFG BANK VON ERNST AG",
            "city": "VADUZ",
            "branch": null,
            "swift_code": "EFGBLI22"
        },
        {
            "id": 9,
            "bank": "EMCORE AG",
            "city": "VADUZ",
            "branch": null,
            "swift_code": "EMCOLI21"
        },
        {
            "id": 10,
            "bank": "FDS FINANCIAL DATA SERVICES AG",
            "city": "VADUZ",
            "branch": null,
            "swift_code": "FDSFLI22"
        },
        {
            "id": 11,
            "bank": "GWS CONSULTING GMBH",
            "city": "BALZERS",
            "branch": null,
            "swift_code": "GWCGLI21"
        },
        {
            "id": 12,
            "bank": "HILTI CORPORATION",
            "city": "SCHAAN",
            "branch": null,
            "swift_code": "HILTLI22"
        },
        {
            "id": 13,
            "bank": "INTEROGO TREASURY AG",
            "city": "VADUZ",
            "branch": null,
            "swift_code": "INUYLI21"
        },
        {
            "id": 14,
            "bank": "INTEROGO TREASURY AG",
            "city": "VADUZ",
            "branch": null,
            "swift_code": "INUYLI21TRE"
        },
        {
            "id": 15,
            "bank": "J AND T INTERNATIONAL ANSTALT",
            "city": "RUGGELL",
            "branch": null,
            "swift_code": "ITATLI21"
        },
        {
            "id": 16,
            "bank": "KAISER RITTER PARTNER PRIVATBANK AG",
            "city": "VADUZ",
            "branch": null,
            "swift_code": "SERBLI22"
        },
        {
            "id": 17,
            "bank": "LGT BANK AG",
            "city": "VADUZ",
            "branch": null,
            "swift_code": "BLFLLI2X"
        },
        {
            "id": 18,
            "bank": "LGT BANK AG",
            "city": "VADUZ",
            "branch": "(AGX FUNDS)",
            "swift_code": "BLFLLI2XAGX"
        },
        {
            "id": 19,
            "bank": "LGT BANK AG",
            "city": "VADUZ",
            "branch": "(CONV SHAREKLASSE GBP)",
            "swift_code": "BLFLLI2X224"
        },
        {
            "id": 20,
            "bank": "LGT BANK AG",
            "city": "VADUZ",
            "branch": "(EQ NAM SHAREKLASSE EUR)",
            "swift_code": "BLFLLI2X225"
        },
        {
            "id": 21,
            "bank": "LGT BANK AG",
            "city": "VADUZ",
            "branch": "(LGT SLC EQ JP USD B)",
            "swift_code": "BLFLLI2X252"
        },
        {
            "id": 22,
            "bank": "LGT BANK AG",
            "city": "VADUZ",
            "branch": "(LGT SLC EQ JP USD I1)",
            "swift_code": "BLFLLI2X253"
        },
        {
            "id": 23,
            "bank": "LGT BANK AG",
            "city": "VADUZ",
            "branch": "(LGT SELECT CONVERTIBLE CHF C)",
            "swift_code": "BLFLLI2X275"
        },
        {
            "id": 24,
            "bank": "LGT BANK AG",
            "city": "VADUZ",
            "branch": "(LGT SELECT CONVERTIBLE CHF I1)",
            "swift_code": "BLFLLI2X276"
        },
        {
            "id": 25,
            "bank": "LGT BANK AG",
            "city": "VADUZ",
            "branch": "(LGT SELECT CONVERTIBLE EUR C)",
            "swift_code": "BLFLLI2X279"
        },
        {
            "id": 26,
            "bank": "LGT BANK AG",
            "city": "VADUZ",
            "branch": "(LGT SELECT CONVERTIBLE EUR I1)",
            "swift_code": "BLFLLI2X281"
        },
        {
            "id": 27,
            "bank": "LGT BANK AG",
            "city": "VADUZ",
            "branch": "(LGT SELECT CONVERTIBLE GBP C)",
            "swift_code": "BLFLLI2X283"
        },
        {
            "id": 28,
            "bank": "LGT BANK AG",
            "city": "VADUZ",
            "branch": "(LGT SELECT CONVERTIBLE GBP I1)",
            "swift_code": "BLFLLI2X314"
        },
        {
            "id": 29,
            "bank": "LGT BANK AG",
            "city": "VADUZ",
            "branch": "(LGT SELECT EQUITY JAPAN USD C)",
            "swift_code": "BLFLLI2X315"
        },
        {
            "id": 30,
            "bank": "LGT BANK AG",
            "city": "VADUZ",
            "branch": "(M-M CONV. SHAREKLASSE EUR)",
            "swift_code": "BLFLLI2X495"
        },
        {
            "id": 31,
            "bank": "LGT BANK AG",
            "city": "VADUZ",
            "branch": "(M-M CONV. SHAREKLASSE CHF)",
            "swift_code": "BLFLLI2X496"
        },
        {
            "id": 32,
            "bank": "LGT BANK AG",
            "city": "VADUZ",
            "branch": "(EX CUSTODY)",
            "swift_code": "BLFLLI2XEXC"
        },
        {
            "id": 33,
            "bank": "LIECHTENSTEINISCHE LANDESBANK AKTIENGESELLSCHAFT",
            "city": "VADUZ",
            "branch": null,
            "swift_code": "LILALI2X"
        },
        {
            "id": 34,
            "bank": "NEUE BANK AG",
            "city": "VADUZ",
            "branch": null,
            "swift_code": "NBANLI22"
        },
        {
            "id": 35,
            "bank": "RAIFFEISEN BANK (LIECHTENSTEIN) AG",
            "city": "VADUZ",
            "branch": null,
            "swift_code": "RAIBLI22"
        },
        {
            "id": 36,
            "bank": "SWISS LIFE (LIECHTENSTEIN) AG",
            "city": "SCHAAN",
            "branch": null,
            "swift_code": "SWLCLI22"
        },
        {
            "id": 37,
            "bank": "THE NATIONAL EMISSIONS TRADING REGISTRY OF LIECHTENSTEIN",
            "city": "VADUZ",
            "branch": null,
            "swift_code": "NETILI21"
        },
        {
            "id": 38,
            "bank": "UNION BANK AG",
            "city": "VADUZ",
            "branch": null,
            "swift_code": "UNIVLI22"
        },
        {
            "id": 39,
            "bank": "VOLKSBANK AG",
            "city": "SCHAAN",
            "branch": null,
            "swift_code": "VOAGLI22"
        },
        {
            "id": 40,
            "bank": "VP BANK AG",
            "city": "TRIESEN",
            "branch": "(BUSINESS UNIT LIECHTENSTEIN)",
            "swift_code": "VPBVLI2XLIC"
        },
        {
            "id": 41,
            "bank": "VP BANK AG",
            "city": "VADUZ",
            "branch": null,
            "swift_code": "VPBVLI2X"
        },
        {
            "id": 42,
            "bank": "WILLIAM BLAIR AND COMPANY",
            "city": "VADUZ",
            "branch": null,
            "swift_code": "WIBCLI21"
        }
    ]
}
