{
    "country": "Libya",
    "country_code": "LY",
    "list": [
        {
            "id": 1,
            "bank": "AL WAFA BANK",
            "city": "TRIPOLI",
            "branch": null,
            "swift_code": "ALWFLYLT"
        },
        {
            "id": 2,
            "bank": "ALEJMA'A ALARABI BANK",
            "city": "BENGHAZI",
            "branch": null,
            "swift_code": "EJABLYLX"
        },
        {
            "id": 3,
            "bank": "ALWAHA BANK - TRIPOLI LY",
            "city": "TRIPOLI",
            "branch": null,
            "swift_code": "WAHALYLX"
        },
        {
            "id": 4,
            "bank": "AMAN BANK FOR COMMERCE AND INVESTMENT",
            "city": "BENGHAZI",
            "branch": "(BENGHAZI BRANCH)",
            "swift_code": "ABCNLYLT015"
        },
        {
            "id": 5,
            "bank": "AMAN BANK FOR COMMERCE AND INVESTMENT",
            "city": "TRIPOLI",
            "branch": null,
            "swift_code": "ABCNLYLT"
        },
        {
            "id": 6,
            "bank": "AMAN BANK FOR COMMERCE AND INVESTMENT",
            "city": "TRIPOLI",
            "branch": null,
            "swift_code": "ABCNLYLT017"
        },
        {
            "id": 7,
            "bank": "ARAB COMMERCIAL BANK",
            "city": "TRIPOLI",
            "branch": null,
            "swift_code": "ACOMLYLT"
        },
        {
            "id": 8,
            "bank": "ASSARAY TRADE AND INVESTMENT BANK",
            "city": "TRIPOLI",
            "branch": null,
            "swift_code": "ATIBLYLT"
        },
        {
            "id": 9,
            "bank": "BANK OF COMMERCE AND DEVELOPMENT (L.J.S.C.)",
            "city": "AL KHUMS",
            "branch": "(AL KOMS BRANCH)",
            "swift_code": "CDBLLYLT101"
        },
        {
            "id": 10,
            "bank": "BANK OF COMMERCE AND DEVELOPMENT (L.J.S.C.)",
            "city": "BENGHAZI",
            "branch": "(AL HAWARY)",
            "swift_code": "CDBLLYLT114"
        },
        {
            "id": 11,
            "bank": "BANK OF COMMERCE AND DEVELOPMENT (L.J.S.C.)",
            "city": "BENGHAZI",
            "branch": "(BENGHAZI MAIN BRANCH)",
            "swift_code": "CDBLLYLT011"
        },
        {
            "id": 12,
            "bank": "BANK OF COMMERCE AND DEVELOPMENT (L.J.S.C.)",
            "city": "BENGHAZI",
            "branch": "(BENINA AIRPORT AGENCY)",
            "swift_code": "CDBLLYLT013"
        },
        {
            "id": 13,
            "bank": "BANK OF COMMERCE AND DEVELOPMENT (L.J.S.C.)",
            "city": "BENGHAZI",
            "branch": "(CHILDREN AGENCY)",
            "swift_code": "CDBLLYLT018"
        },
        {
            "id": 14,
            "bank": "BANK OF COMMERCE AND DEVELOPMENT (L.J.S.C.)",
            "city": "BENGHAZI",
            "branch": "(EL BERKA AGENCY)",
            "swift_code": "CDBLLYLT015"
        },
        {
            "id": 15,
            "bank": "BANK OF COMMERCE AND DEVELOPMENT (L.J.S.C.)",
            "city": "BENGHAZI",
            "branch": "(EL FOHIT AGENCY)",
            "swift_code": "CDBLLYLT111"
        },
        {
            "id": 16,
            "bank": "BANK OF COMMERCE AND DEVELOPMENT (L.J.S.C.)",
            "city": "BENGHAZI",
            "branch": "(EL FOROSIA AGENCY)",
            "swift_code": "CDBLLYLT012"
        },
        {
            "id": 17,
            "bank": "BANK OF COMMERCE AND DEVELOPMENT (L.J.S.C.)",
            "city": "BENGHAZI",
            "branch": "(GARDEN CITY AGENCY)",
            "swift_code": "CDBLLYLT017"
        },
        {
            "id": 18,
            "bank": "BANK OF COMMERCE AND DEVELOPMENT (L.J.S.C.)",
            "city": "BENGHAZI",
            "branch": "(ISLAMIC CALL AGENCY)",
            "swift_code": "CDBLLYLT014"
        },
        {
            "id": 19,
            "bank": "BANK OF COMMERCE AND DEVELOPMENT (L.J.S.C.)",
            "city": "BENGHAZI",
            "branch": "(MOBILE BANK)",
            "swift_code": "CDBLLYLT124"
        },
        {
            "id": 20,
            "bank": "BANK OF COMMERCE AND DEVELOPMENT (L.J.S.C.)",
            "city": "BENGHAZI",
            "branch": "(TWENTY STREET AGENCY)",
            "swift_code": "CDBLLYLT112"
        },
        {
            "id": 21,
            "bank": "BANK OF COMMERCE AND DEVELOPMENT (L.J.S.C.)",
            "city": "BENGHAZI",
            "branch": null,
            "swift_code": "CDBLLYLT"
        },
        {
            "id": 22,
            "bank": "BANK OF COMMERCE AND DEVELOPMENT (L.J.S.C.)",
            "city": "DERNA",
            "branch": "(DRNA BRANCH)",
            "swift_code": "CDBLLYLT091"
        },
        {
            "id": 23,
            "bank": "BANK OF COMMERCE AND DEVELOPMENT (L.J.S.C.)",
            "city": "EJDABIA",
            "branch": "(EJDABIA BRANCH)",
            "swift_code": "CDBLLYLT019"
        },
        {
            "id": 24,
            "bank": "BANK OF COMMERCE AND DEVELOPMENT (L.J.S.C.)",
            "city": "EL BIEDA",
            "branch": "(EL BIEDA MAIN BRANCH)",
            "swift_code": "CDBLLYLT061"
        },
        {
            "id": 25,
            "bank": "BANK OF COMMERCE AND DEVELOPMENT (L.J.S.C.)",
            "city": "EL ZAWIA",
            "branch": "(EL ZAWIA MAIN BRANCH)",
            "swift_code": "CDBLLYLT051"
        },
        {
            "id": 26,
            "bank": "BANK OF COMMERCE AND DEVELOPMENT (L.J.S.C.)",
            "city": "EMSSAED",
            "branch": "(EMSSAED AGENCY)",
            "swift_code": "CDBLLYLT042"
        },
        {
            "id": 27,
            "bank": "BANK OF COMMERCE AND DEVELOPMENT (L.J.S.C.)",
            "city": "MISURATA",
            "branch": "(AFRICA AGENCY)",
            "swift_code": "CDBLLYLT032"
        },
        {
            "id": 28,
            "bank": "BANK OF COMMERCE AND DEVELOPMENT (L.J.S.C.)",
            "city": "MISURATA",
            "branch": "(MISURATA MAIN BRANCH)",
            "swift_code": "CDBLLYLT031"
        },
        {
            "id": 29,
            "bank": "BANK OF COMMERCE AND DEVELOPMENT (L.J.S.C.)",
            "city": "SIRTE",
            "branch": "(SIRTE MAIN BRANCH)",
            "swift_code": "CDBLLYLT081"
        },
        {
            "id": 30,
            "bank": "BANK OF COMMERCE AND DEVELOPMENT (L.J.S.C.)",
            "city": "TOBRUK",
            "branch": "(TOBRUK MAIN BRANCH)",
            "swift_code": "CDBLLYLT041"
        },
        {
            "id": 31,
            "bank": "BANK OF COMMERCE AND DEVELOPMENT (L.J.S.C.)",
            "city": "TRIPOLI",
            "branch": "(BEN ASHOWR)",
            "swift_code": "CDBLLYLT223"
        },
        {
            "id": 32,
            "bank": "BANK OF COMMERCE AND DEVELOPMENT (L.J.S.C.)",
            "city": "TRIPOLI",
            "branch": "(DAT EL IMAD AGENCY)",
            "swift_code": "CDBLLYLT026"
        },
        {
            "id": 33,
            "bank": "BANK OF COMMERCE AND DEVELOPMENT (L.J.S.C.)",
            "city": "TRIPOLI",
            "branch": "(EL FATEH TOWER AGENCY)",
            "swift_code": "CDBLLYLT023"
        },
        {
            "id": 34,
            "bank": "BANK OF COMMERCE AND DEVELOPMENT (L.J.S.C.)",
            "city": "TRIPOLI",
            "branch": "(EL MADAR AGENCY)",
            "swift_code": "CDBLLYLT029"
        },
        {
            "id": 35,
            "bank": "BANK OF COMMERCE AND DEVELOPMENT (L.J.S.C.)",
            "city": "TRIPOLI",
            "branch": "(GERGARISH AGENCY)",
            "swift_code": "CDBLLYLT025"
        },
        {
            "id": 36,
            "bank": "BANK OF COMMERCE AND DEVELOPMENT (L.J.S.C.)",
            "city": "TRIPOLI",
            "branch": "(GOUT AL SHAAL AGENCY)",
            "swift_code": "CDBLLYLT022"
        },
        {
            "id": 37,
            "bank": "BANK OF COMMERCE AND DEVELOPMENT (L.J.S.C.)",
            "city": "TRIPOLI",
            "branch": "(GRAND HOTEL AGENCY)",
            "swift_code": "CDBLLYLT027"
        },
        {
            "id": 38,
            "bank": "BANK OF COMMERCE AND DEVELOPMENT (L.J.S.C.)",
            "city": "TRIPOLI",
            "branch": "(SOUK EL GOUMA AGENCY)",
            "swift_code": "CDBLLYLT221"
        },
        {
            "id": 39,
            "bank": "BANK OF COMMERCE AND DEVELOPMENT (L.J.S.C.)",
            "city": "TRIPOLI",
            "branch": "(TAGORA BRANCH)",
            "swift_code": "CDBLLYLT222"
        },
        {
            "id": 40,
            "bank": "BANK OF COMMERCE AND DEVELOPMENT (L.J.S.C.)",
            "city": "TRIPOLI",
            "branch": "(TRIPOLI MAIN BRANCH)",
            "swift_code": "CDBLLYLT021"
        },
        {
            "id": 41,
            "bank": "BANK OF COMMERCE AND DEVELOPMENT (L.J.S.C.)",
            "city": "ZLITEN",
            "branch": "(ZLITEN MAIN BRANCH)",
            "swift_code": "CDBLLYLT071"
        },
        {
            "id": 42,
            "bank": "BANK OF COMMERCE AND DEVELOPMENT (L.J.S.C.)",
            "city": "ZWARA",
            "branch": "(ZWARA MAIN BRANCH)",
            "swift_code": "CDBLLYLT052"
        },
        {
            "id": 43,
            "bank": "BANQUE SAHELO-SAHARIENNE POUR L'INVESTISSEMENT ET LE COMMERCE (TRIPOLI)",
            "city": "TRIPOLI",
            "branch": null,
            "swift_code": "BSAHLYLX"
        },
        {
            "id": 44,
            "bank": "CENTRAL BANK OF LIBYA",
            "city": "BENGHAZI",
            "branch": "(BENGHAZI BRANCH)",
            "swift_code": "CBLJLYLX001"
        },
        {
            "id": 45,
            "bank": "CENTRAL BANK OF LIBYA",
            "city": "SEBHA",
            "branch": "(SEBHA BRANCH)",
            "swift_code": "CBLJLYLX002"
        },
        {
            "id": 46,
            "bank": "CENTRAL BANK OF LIBYA",
            "city": "TRIPOLI",
            "branch": "(OPERATION DEPARTMENT)",
            "swift_code": "CBLJLYLX004"
        },
        {
            "id": 47,
            "bank": "CENTRAL BANK OF LIBYA",
            "city": "TRIPOLI",
            "branch": null,
            "swift_code": "CBLJLYLX"
        },
        {
            "id": 48,
            "bank": "CENTRAL BANK OF LIBYA",
            "city": "TRIPOLI",
            "branch": null,
            "swift_code": "CBLJLYLY"
        },
        {
            "id": 49,
            "bank": "DEVELOPMENT BANK",
            "city": "TRIPOLI",
            "branch": null,
            "swift_code": "DEVOLYLT"
        },
        {
            "id": 50,
            "bank": "FIRST GULF LIBYAN BANK",
            "city": "TRIPOLI",
            "branch": null,
            "swift_code": "FGBLLYLT"
        },
        {
            "id": 51,
            "bank": "GENERAL NATIONAL MARITIME TRANSPORT COMPANY",
            "city": "TRIPOLI",
            "branch": null,
            "swift_code": "GNMTLYL1"
        },
        {
            "id": 52,
            "bank": "JUMHOURIA BANK",
            "city": "AJELAT",
            "branch": null,
            "swift_code": "JAMBLYLT036"
        },
        {
            "id": 53,
            "bank": "JUMHOURIA BANK",
            "city": "AL KHUMS",
            "branch": "(MARGEB BRANCH)",
            "swift_code": "JAMBLYLT035"
        },
        {
            "id": 54,
            "bank": "JUMHOURIA BANK",
            "city": "AL MARJ",
            "branch": "(AL MARJ BRANCH)",
            "swift_code": "JAMBLYLT016"
        },
        {
            "id": 55,
            "bank": "JUMHOURIA BANK",
            "city": "AL MARJ",
            "branch": null,
            "swift_code": "JAMBLYLT052"
        },
        {
            "id": 56,
            "bank": "JUMHOURIA BANK",
            "city": "BANI WALID",
            "branch": "(BANI WALEED BRANCH)",
            "swift_code": "JAMBLYLT065"
        },
        {
            "id": 57,
            "bank": "JUMHOURIA BANK",
            "city": "BANI WALID",
            "branch": null,
            "swift_code": "JAMBLYLT028"
        },
        {
            "id": 58,
            "bank": "JUMHOURIA BANK",
            "city": "BEN GHASHIR",
            "branch": "(BEN GHASHIR BRANCH)",
            "swift_code": "JAMBLYLT029"
        },
        {
            "id": 59,
            "bank": "JUMHOURIA BANK",
            "city": "BENGHAZI",
            "branch": "(ABUATNI BRANCH)",
            "swift_code": "JAMBLYLT107"
        },
        {
            "id": 60,
            "bank": "JUMHOURIA BANK",
            "city": "BENGHAZI",
            "branch": "(AL HADAEQ AGENCY)",
            "swift_code": "JAMBLYLT100"
        },
        {
            "id": 61,
            "bank": "JUMHOURIA BANK",
            "city": "BENGHAZI",
            "branch": "(AL MADINA BRANCH)",
            "swift_code": "JAMBLYLT003"
        },
        {
            "id": 62,
            "bank": "JUMHOURIA BANK",
            "city": "BENGHAZI",
            "branch": "(ALMARED AGANCY)",
            "swift_code": "JAMBLYLT113"
        },
        {
            "id": 63,
            "bank": "JUMHOURIA BANK",
            "city": "BENGHAZI",
            "branch": "(AL-MOKHTAR BRANCH FOR ISLAMIC BANKING)",
            "swift_code": "JAMBLYLT503"
        },
        {
            "id": 64,
            "bank": "JUMHOURIA BANK",
            "city": "BENGHAZI",
            "branch": "(BENGHAZI COMMITTEE)",
            "swift_code": "JAMBLYLT995"
        },
        {
            "id": 65,
            "bank": "JUMHOURIA BANK",
            "city": "BENGHAZI",
            "branch": "(BENGHAZI MIDICAL CENTER)",
            "swift_code": "JAMBLYLT148"
        },
        {
            "id": 66,
            "bank": "JUMHOURIA BANK",
            "city": "BENGHAZI",
            "branch": "(FWIHAT BRANCH)",
            "swift_code": "JAMBLYLT072"
        },
        {
            "id": 67,
            "bank": "JUMHOURIA BANK",
            "city": "BENGHAZI",
            "branch": "(SOUK AL NOUR BRANCH)",
            "swift_code": "JAMBLYLT023"
        },
        {
            "id": 68,
            "bank": "JUMHOURIA BANK",
            "city": "BENGHAZI",
            "branch": "(WAHDA ELARABYA AGENCY)",
            "swift_code": "JAMBLYLT135"
        },
        {
            "id": 69,
            "bank": "JUMHOURIA BANK",
            "city": "DERNA",
            "branch": "(DERNA BRANCH FOR ISLAMIC BANKING)",
            "swift_code": "JAMBLYLT505"
        },
        {
            "id": 70,
            "bank": "JUMHOURIA BANK",
            "city": "DERNA",
            "branch": "(DERNIA BRANCH)",
            "swift_code": "JAMBLYLT004"
        },
        {
            "id": 71,
            "bank": "JUMHOURIA BANK",
            "city": "DERNA",
            "branch": null,
            "swift_code": "JAMBLYLT060"
        },
        {
            "id": 72,
            "bank": "JUMHOURIA BANK",
            "city": "EL BIEDA",
            "branch": "(ALBIEDA BRANCH)",
            "swift_code": "JAMBLYLT013"
        },
        {
            "id": 73,
            "bank": "JUMHOURIA BANK",
            "city": "GHARIAN",
            "branch": "(GHARIAN BRANCH FOR ISLAMIC BANKING)",
            "swift_code": "JAMBLYLT502"
        },
        {
            "id": 74,
            "bank": "JUMHOURIA BANK",
            "city": "GHARIAN",
            "branch": "(GHARYAN BRANCH)",
            "swift_code": "JAMBLYLT048"
        },
        {
            "id": 75,
            "bank": "JUMHOURIA BANK",
            "city": "GHARIAN",
            "branch": "(JABEL ELGHARBI  COMMITTEE)",
            "swift_code": "JAMBLYLT993"
        },
        {
            "id": 76,
            "bank": "JUMHOURIA BANK",
            "city": "GHARIAN",
            "branch": null,
            "swift_code": "JAMBLYLT020"
        },
        {
            "id": 77,
            "bank": "JUMHOURIA BANK",
            "city": "JADU",
            "branch": "(ARHEEBAT BRANCH)",
            "swift_code": "JAMBLYLT087"
        },
        {
            "id": 78,
            "bank": "JUMHOURIA BANK",
            "city": "MISURATA",
            "branch": "(AHMED SHARIF BRANCH)",
            "swift_code": "JAMBLYLT006"
        },
        {
            "id": 79,
            "bank": "JUMHOURIA BANK",
            "city": "MISURATA",
            "branch": "(FREE ZONE AGENCY)",
            "swift_code": "JAMBLYLT150"
        },
        {
            "id": 80,
            "bank": "JUMHOURIA BANK",
            "city": "MISURATA",
            "branch": "(GOAZ ATTEEK AGENCY)",
            "swift_code": "JAMBLYLT118"
        },
        {
            "id": 81,
            "bank": "JUMHOURIA BANK",
            "city": "MISURATA",
            "branch": "(MISURATA BRANCH)",
            "swift_code": "JAMBLYLT051"
        },
        {
            "id": 82,
            "bank": "JUMHOURIA BANK",
            "city": "MISURATA",
            "branch": "(MISURATA COMMITTEE)",
            "swift_code": "JAMBLYLT994"
        },
        {
            "id": 83,
            "bank": "JUMHOURIA BANK",
            "city": "SABRATAH",
            "branch": "(AL ATHAR BRANCH)",
            "swift_code": "JAMBLYLT077"
        },
        {
            "id": 84,
            "bank": "JUMHOURIA BANK",
            "city": "SABRATAH",
            "branch": "(SABRATHA BRANCH)",
            "swift_code": "JAMBLYLT033"
        },
        {
            "id": 85,
            "bank": "JUMHOURIA BANK",
            "city": "SABRATAH",
            "branch": null,
            "swift_code": "JAMBLYLT032"
        },
        {
            "id": 86,
            "bank": "JUMHOURIA BANK",
            "city": "SABRI",
            "branch": "(SABRI AGENCY)",
            "swift_code": "JAMBLYLT143"
        },
        {
            "id": 87,
            "bank": "JUMHOURIA BANK",
            "city": "SEBHA",
            "branch": "(SEBHA COMMITTIEE)",
            "swift_code": "JAMBLYLT998"
        },
        {
            "id": 88,
            "bank": "JUMHOURIA BANK",
            "city": "TAJURA",
            "branch": "(AL SHAHENAT AGENCY)",
            "swift_code": "JAMBLYLT080"
        },
        {
            "id": 89,
            "bank": "JUMHOURIA BANK",
            "city": "TAJURA",
            "branch": "(BLASHER BRANCH)",
            "swift_code": "JAMBLYLT132"
        },
        {
            "id": 90,
            "bank": "JUMHOURIA BANK",
            "city": "TARHOUNA",
            "branch": "(TARHOUNA BRANCH)",
            "swift_code": "JAMBLYLT025"
        },
        {
            "id": 91,
            "bank": "JUMHOURIA BANK",
            "city": "TOBRUK",
            "branch": "(TOBRUK ALMADINA)",
            "swift_code": "JAMBLYLT011"
        },
        {
            "id": 92,
            "bank": "JUMHOURIA BANK",
            "city": "TRIPOLI",
            "branch": "(AINZARA)",
            "swift_code": "JAMBLYLT067"
        },
        {
            "id": 93,
            "bank": "JUMHOURIA BANK",
            "city": "TRIPOLI",
            "branch": "(AL MAYDAN BRANCH)",
            "swift_code": "JAMBLYLT001"
        },
        {
            "id": 94,
            "bank": "JUMHOURIA BANK",
            "city": "TRIPOLI",
            "branch": "(AL MGARIEF BRANCH)",
            "swift_code": "JAMBLYLT002"
        },
        {
            "id": 95,
            "bank": "JUMHOURIA BANK",
            "city": "TRIPOLI",
            "branch": "(ALANDALUS BRANCH)",
            "swift_code": "JAMBLYLT090"
        },
        {
            "id": 96,
            "bank": "JUMHOURIA BANK",
            "city": "TRIPOLI",
            "branch": "(ALKADYSSIA)",
            "swift_code": "JAMBLYLT110"
        },
        {
            "id": 97,
            "bank": "JUMHOURIA BANK",
            "city": "TRIPOLI",
            "branch": "(ASSREEM BRANCH)",
            "swift_code": "JAMBLYLT010"
        },
        {
            "id": 98,
            "bank": "JUMHOURIA BANK",
            "city": "TRIPOLI",
            "branch": "(ATHARA BRANCH)",
            "swift_code": "JAMBLYLT015"
        },
        {
            "id": 99,
            "bank": "JUMHOURIA BANK",
            "city": "TRIPOLI",
            "branch": "(BAB AL JADEED BRANCH)",
            "swift_code": "JAMBLYLT005"
        },
        {
            "id": 100,
            "bank": "JUMHOURIA BANK",
            "city": "TRIPOLI",
            "branch": "(BALKHIR BRANCH)",
            "swift_code": "JAMBLYLT079"
        },
        {
            "id": 101,
            "bank": "JUMHOURIA BANK",
            "city": "TRIPOLI",
            "branch": "(BARID AGENCY)",
            "swift_code": "JAMBLYLT145"
        },
        {
            "id": 102,
            "bank": "JUMHOURIA BANK",
            "city": "TRIPOLI",
            "branch": "(FASHLOUM  BRANCH FOR ISLAMIC BANKING)",
            "swift_code": "JAMBLYLT501"
        },
        {
            "id": 103,
            "bank": "JUMHOURIA BANK",
            "city": "TRIPOLI",
            "branch": "(FLLAH BRANCH)",
            "swift_code": "JAMBLYLT121"
        },
        {
            "id": 104,
            "bank": "JUMHOURIA BANK",
            "city": "TRIPOLI",
            "branch": "(GURJI AGENCY)",
            "swift_code": "JAMBLYLT093"
        },
        {
            "id": 105,
            "bank": "JUMHOURIA BANK",
            "city": "TRIPOLI",
            "branch": "(HAY ELANDULS BRANCH)",
            "swift_code": "JAMBLYLT120"
        },
        {
            "id": 106,
            "bank": "JUMHOURIA BANK",
            "city": "TRIPOLI",
            "branch": "(LIBYANA AGENCY)",
            "swift_code": "JAMBLYLT136"
        },
        {
            "id": 107,
            "bank": "JUMHOURIA BANK",
            "city": "TRIPOLI",
            "branch": "(MELLITAH OIL AND GAS AGENCY)",
            "swift_code": "JAMBLYLT094"
        },
        {
            "id": 108,
            "bank": "JUMHOURIA BANK",
            "city": "TRIPOLI",
            "branch": "(MGHARBA BRANCH)",
            "swift_code": "JAMBLYLT019"
        },
        {
            "id": 109,
            "bank": "JUMHOURIA BANK",
            "city": "TRIPOLI",
            "branch": "(MIZRAN BRANCH )",
            "swift_code": "JAMBLYLT151"
        },
        {
            "id": 110,
            "bank": "JUMHOURIA BANK",
            "city": "TRIPOLI",
            "branch": "(RAS HASAN)",
            "swift_code": "JAMBLYLT137"
        },
        {
            "id": 111,
            "bank": "JUMHOURIA BANK",
            "city": "TRIPOLI",
            "branch": "(SOUK AL JUMMAA BRANCH)",
            "swift_code": "JAMBLYLT012"
        },
        {
            "id": 112,
            "bank": "JUMHOURIA BANK",
            "city": "TRIPOLI",
            "branch": "(SOUK ALTOLATA)",
            "swift_code": "JAMBLYLT022"
        },
        {
            "id": 113,
            "bank": "JUMHOURIA BANK",
            "city": "TRIPOLI",
            "branch": "(SOUT OF TRIPOLI BRANCH)",
            "swift_code": "JAMBLYLT018"
        },
        {
            "id": 114,
            "bank": "JUMHOURIA BANK",
            "city": "TRIPOLI",
            "branch": "(TRIPOLI COMMITTEE)",
            "swift_code": "JAMBLYLT991"
        },
        {
            "id": 115,
            "bank": "JUMHOURIA BANK",
            "city": "TRIPOLI",
            "branch": "(TRIPOLI TOWER AGENCY)",
            "swift_code": "JAMBLYLT104"
        },
        {
            "id": 116,
            "bank": "JUMHOURIA BANK",
            "city": "TRIPOLI",
            "branch": "(TRIPOLI UNIVERSITY BRANCH)",
            "swift_code": "JAMBLYLT043"
        },
        {
            "id": 117,
            "bank": "JUMHOURIA BANK",
            "city": "TRIPOLI",
            "branch": null,
            "swift_code": "JAMBLYLT"
        },
        {
            "id": 118,
            "bank": "JUMHOURIA BANK",
            "city": "TRIPOLI",
            "branch": null,
            "swift_code": "JAMBLYLT026"
        },
        {
            "id": 119,
            "bank": "JUMHOURIA BANK",
            "city": "TRIPOLI",
            "branch": null,
            "swift_code": "JAMBLYLT096"
        },
        {
            "id": 120,
            "bank": "JUMHOURIA BANK",
            "city": "ZAWIA",
            "branch": "(AL ZAWYA BRANCH)",
            "swift_code": "JAMBLYLT009"
        },
        {
            "id": 121,
            "bank": "JUMHOURIA BANK",
            "city": "ZAWIA",
            "branch": "(ZAWYA COMMITTEE)",
            "swift_code": "JAMBLYLT992"
        },
        {
            "id": 122,
            "bank": "JUMHOURIA BANK",
            "city": "ZLITEN",
            "branch": "(ZALITEN BRANCH)",
            "swift_code": "JAMBLYLT017"
        },
        {
            "id": 123,
            "bank": "JUMHOURIA BANK",
            "city": "ZLITEN",
            "branch": null,
            "swift_code": "JAMBLYLT014"
        },
        {
            "id": 124,
            "bank": "JUMHOURIA BANK",
            "city": "ZWARA",
            "branch": "(ABUKMMASH BRANCH)",
            "swift_code": "JAMBLYLT055"
        },
        {
            "id": 125,
            "bank": "LIBYAN FOREIGN BANK",
            "city": "TRIPOLI",
            "branch": null,
            "swift_code": "LAFBLYLT"
        },
        {
            "id": 126,
            "bank": "LIBYAN INVESTMENT AUTHORITY",
            "city": "TRIPOLI",
            "branch": null,
            "swift_code": "LIATLYLT"
        },
        {
            "id": 127,
            "bank": "LIBYAN ISLAMIC BANK COMPANY JSC",
            "city": "TRIPOLI",
            "branch": "(ABU MALIANEH BRANCH)",
            "swift_code": "LYIBLYLT002"
        },
        {
            "id": 128,
            "bank": "LIBYAN ISLAMIC BANK COMPANY JSC",
            "city": "TRIPOLI",
            "branch": null,
            "swift_code": "LYIBLYLT"
        },
        {
            "id": 129,
            "bank": "MABRUK OIL OPERATION",
            "city": "TRIPOLI",
            "branch": null,
            "swift_code": "MOOCLYLT"
        },
        {
            "id": 130,
            "bank": "MEDITERRANEAN BANK",
            "city": "BENGHAZI",
            "branch": null,
            "swift_code": "METILYLT"
        },
        {
            "id": 131,
            "bank": "NATIONAL COMMERCIAL BANK",
            "city": "AJDABIA",
            "branch": "(AJDABIA)",
            "swift_code": "LNCBLYLT117"
        },
        {
            "id": 132,
            "bank": "NATIONAL COMMERCIAL BANK",
            "city": "AL KHUMS",
            "branch": "(KHUMIS BRANCH)",
            "swift_code": "LNCBLYLT059"
        },
        {
            "id": 133,
            "bank": "NATIONAL COMMERCIAL BANK",
            "city": "BANI WALID",
            "branch": "(BANI-WALED BRANCH)",
            "swift_code": "LNCBLYLT098"
        },
        {
            "id": 134,
            "bank": "NATIONAL COMMERCIAL BANK",
            "city": "BEIDA",
            "branch": "(BEIDA - MAIN BRANCH)",
            "swift_code": "LNCBLYLT054"
        },
        {
            "id": 135,
            "bank": "NATIONAL COMMERCIAL BANK",
            "city": "BEIDA",
            "branch": "(EJEHAD BRANCH)",
            "swift_code": "LNCBLYLT103"
        },
        {
            "id": 136,
            "bank": "NATIONAL COMMERCIAL BANK",
            "city": "BEIDA",
            "branch": "(MASSA BR.)",
            "swift_code": "LNCBLYLT096"
        },
        {
            "id": 137,
            "bank": "NATIONAL COMMERCIAL BANK",
            "city": "BEIDA",
            "branch": "(UNIVERSITY OF OMAR ALMUKHTAR BRANCH)",
            "swift_code": "LNCBLYLT106"
        },
        {
            "id": 138,
            "bank": "NATIONAL COMMERCIAL BANK",
            "city": "BENGHAZI",
            "branch": "(ALHAWARI BRANCH)",
            "swift_code": "LNCBLYLT079"
        },
        {
            "id": 139,
            "bank": "NATIONAL COMMERCIAL BANK",
            "city": "BENGHAZI",
            "branch": "(ALMUJMAAE ALTGARIE BR)",
            "swift_code": "LNCBLYLT104"
        },
        {
            "id": 140,
            "bank": "NATIONAL COMMERCIAL BANK",
            "city": "BENGHAZI",
            "branch": "(AROUBA)",
            "swift_code": "LNCBLYLT115"
        },
        {
            "id": 141,
            "bank": "NATIONAL COMMERCIAL BANK",
            "city": "BENGHAZI",
            "branch": "(BENGHAZI - MAIN BRANCH)",
            "swift_code": "LNCBLYLT052"
        },
        {
            "id": 142,
            "bank": "NATIONAL COMMERCIAL BANK",
            "city": "BENGHAZI",
            "branch": "(FACTORY OF PIPES)",
            "swift_code": "LNCBLYLT105"
        },
        {
            "id": 143,
            "bank": "NATIONAL COMMERCIAL BANK",
            "city": "DERNA",
            "branch": "(ALGUBBA BR.)",
            "swift_code": "LNCBLYLT068"
        },
        {
            "id": 144,
            "bank": "NATIONAL COMMERCIAL BANK",
            "city": "DERNA",
            "branch": null,
            "swift_code": "LNCBLYLT055"
        },
        {
            "id": 145,
            "bank": "NATIONAL COMMERCIAL BANK",
            "city": "EL ZAWIA",
            "branch": "(ALTRED BRANCH)",
            "swift_code": "LNCBLYLT087"
        },
        {
            "id": 146,
            "bank": "NATIONAL COMMERCIAL BANK",
            "city": "GHADAMIS",
            "branch": "(GHADAMES BRANCH)",
            "swift_code": "LNCBLYLT067"
        },
        {
            "id": 147,
            "bank": "NATIONAL COMMERCIAL BANK",
            "city": "GHARIAN",
            "branch": "(DARAG BR.)",
            "swift_code": "LNCBLYLT085"
        },
        {
            "id": 148,
            "bank": "NATIONAL COMMERCIAL BANK",
            "city": "GHARIAN",
            "branch": null,
            "swift_code": "LNCBLYLT057"
        },
        {
            "id": 149,
            "bank": "NATIONAL COMMERCIAL BANK",
            "city": "GHAT",
            "branch": "(GHAT BRANCH)",
            "swift_code": "LNCBLYLT076"
        },
        {
            "id": 150,
            "bank": "NATIONAL COMMERCIAL BANK",
            "city": "MISURATA",
            "branch": "(MISURATA BRANCH)",
            "swift_code": "LNCBLYLT056"
        },
        {
            "id": 151,
            "bank": "NATIONAL COMMERCIAL BANK",
            "city": "RAS LANUF",
            "branch": null,
            "swift_code": "LNCBLYLT078"
        },
        {
            "id": 152,
            "bank": "NATIONAL COMMERCIAL BANK",
            "city": "SABHA",
            "branch": null,
            "swift_code": "LNCBLYLT053"
        },
        {
            "id": 153,
            "bank": "NATIONAL COMMERCIAL BANK",
            "city": "SEBHA",
            "branch": "(EBRAK BR.)",
            "swift_code": "LNCBLYLT069"
        },
        {
            "id": 154,
            "bank": "NATIONAL COMMERCIAL BANK",
            "city": "SEBHA",
            "branch": "(OUBARI BR.)",
            "swift_code": "LNCBLYLT072"
        },
        {
            "id": 155,
            "bank": "NATIONAL COMMERCIAL BANK",
            "city": "SHAHHAT",
            "branch": "(SHAHAT BRANCH)",
            "swift_code": "LNCBLYLT073"
        },
        {
            "id": 156,
            "bank": "NATIONAL COMMERCIAL BANK",
            "city": "SIRTE",
            "branch": "(SIRT BRANCH )",
            "swift_code": "LNCBLYLT081"
        },
        {
            "id": 157,
            "bank": "NATIONAL COMMERCIAL BANK",
            "city": "TAJURA",
            "branch": null,
            "swift_code": "LNCBLYLT091"
        },
        {
            "id": 158,
            "bank": "NATIONAL COMMERCIAL BANK",
            "city": "TARHOUNA",
            "branch": "(TARHOUNA BRANCH)",
            "swift_code": "LNCBLYLT102"
        },
        {
            "id": 159,
            "bank": "NATIONAL COMMERCIAL BANK",
            "city": "TOBRUK",
            "branch": "(EMSAAD BR.)",
            "swift_code": "LNCBLYLT066"
        },
        {
            "id": 160,
            "bank": "NATIONAL COMMERCIAL BANK",
            "city": "TOBRUK",
            "branch": "(KAMBUT BR)",
            "swift_code": "LNCBLYLT083"
        },
        {
            "id": 161,
            "bank": "NATIONAL COMMERCIAL BANK",
            "city": "TOBRUK",
            "branch": null,
            "swift_code": "LNCBLYLT058"
        },
        {
            "id": 162,
            "bank": "NATIONAL COMMERCIAL BANK",
            "city": "TRIPOLI",
            "branch": "(ALMENA BRANCH)",
            "swift_code": "LNCBLYLT070"
        },
        {
            "id": 163,
            "bank": "NATIONAL COMMERCIAL BANK",
            "city": "TRIPOLI",
            "branch": "(CITY)",
            "swift_code": "LNCBLYLT061"
        },
        {
            "id": 164,
            "bank": "NATIONAL COMMERCIAL BANK",
            "city": "TRIPOLI",
            "branch": "(ELTHAHRRA BRANCH)",
            "swift_code": "LNCBLYLT099"
        },
        {
            "id": 165,
            "bank": "NATIONAL COMMERCIAL BANK",
            "city": "TRIPOLI",
            "branch": "(ESBIA BR.)",
            "swift_code": "LNCBLYLT089"
        },
        {
            "id": 166,
            "bank": "NATIONAL COMMERCIAL BANK",
            "city": "TRIPOLI",
            "branch": "(HEAD OFFICE)",
            "swift_code": "LNCBLYLTHOB"
        },
        {
            "id": 167,
            "bank": "NATIONAL COMMERCIAL BANK",
            "city": "TRIPOLI",
            "branch": "(ISTIKLAL BRANCH)",
            "swift_code": "LNCBLYLT062"
        },
        {
            "id": 168,
            "bank": "NATIONAL COMMERCIAL BANK",
            "city": "TRIPOLI",
            "branch": "(MAIN BRANCH)",
            "swift_code": "LNCBLYLT051"
        },
        {
            "id": 169,
            "bank": "NATIONAL COMMERCIAL BANK",
            "city": "TRIPOLI",
            "branch": "(MUNICIPALITY SQUARE)",
            "swift_code": "LNCBLYLT064"
        },
        {
            "id": 170,
            "bank": "NATIONAL COMMERCIAL BANK",
            "city": "TRIPOLI",
            "branch": "(SEUQELTHOLATHA BRANCH)",
            "swift_code": "LNCBLYLT065"
        },
        {
            "id": 171,
            "bank": "NATIONAL COMMERCIAL BANK",
            "city": "TRIPOLI",
            "branch": null,
            "swift_code": "LNCBLYLT"
        },
        {
            "id": 172,
            "bank": "NATIONAL COMMERCIAL BANK",
            "city": "TRIPOLI",
            "branch": null,
            "swift_code": "LNCBLYLT050"
        },
        {
            "id": 173,
            "bank": "NATIONAL COMMERCIAL BANK",
            "city": "ZAWIA",
            "branch": "(AJMAIL BR.)",
            "swift_code": "LNCBLYLT101"
        },
        {
            "id": 174,
            "bank": "NATIONAL COMMERCIAL BANK",
            "city": "ZAWIA",
            "branch": "(MUSFAT BRANCH)",
            "swift_code": "LNCBLYLT077"
        },
        {
            "id": 175,
            "bank": "NATIONAL COMMERCIAL BANK",
            "city": "ZAWIA",
            "branch": null,
            "swift_code": "LNCBLYLT060"
        },
        {
            "id": 176,
            "bank": "NATIONAL COMMERCIAL BANK",
            "city": "ZLITEN",
            "branch": "(ZLITIN BRANCH)",
            "swift_code": "LNCBLYLT093"
        },
        {
            "id": 177,
            "bank": "NORTH AFRICA BANK",
            "city": "TRIPOLI",
            "branch": "(BRANCH)",
            "swift_code": "NABLLYLXTIP"
        },
        {
            "id": 178,
            "bank": "NORTH AFRICA BANK",
            "city": "TRIPOLI",
            "branch": "(ISLAMIC BANKING OPERATIONS)",
            "swift_code": "NABLLYLXIBC"
        },
        {
            "id": 179,
            "bank": "NORTH AFRICA BANK",
            "city": "TRIPOLI",
            "branch": null,
            "swift_code": "NABLLYLX"
        },
        {
            "id": 180,
            "bank": "NURAN BANK",
            "city": "TRIPOLI",
            "branch": null,
            "swift_code": "NUBKLYLT"
        },
        {
            "id": 181,
            "bank": "SAHARA BANK",
            "city": "BENGHAZI",
            "branch": "(HEAD OFFICE BENGHAZI)",
            "swift_code": "SABKLYLXBEN"
        },
        {
            "id": 182,
            "bank": "SAHARA BANK",
            "city": "TRIPOLI",
            "branch": null,
            "swift_code": "SABKLYLX"
        },
        {
            "id": 183,
            "bank": "UNITED BANK FOR COMMERCE AND INVESTMENT",
            "city": "TRIPOLI",
            "branch": null,
            "swift_code": "UNCNLYLT"
        },
        {
            "id": 184,
            "bank": "WAHA OIL COMPANY",
            "city": "TRIPOLI",
            "branch": null,
            "swift_code": "WOCMLYL1"
        },
        {
            "id": 185,
            "bank": "WAHDA BANK",
            "city": "AJDABIA",
            "branch": null,
            "swift_code": "WAHBLYLX041"
        },
        {
            "id": 186,
            "bank": "WAHDA BANK",
            "city": "AJELAT",
            "branch": null,
            "swift_code": "WAHBLYLX097"
        },
        {
            "id": 187,
            "bank": "WAHDA BANK",
            "city": "ANDULUS",
            "branch": null,
            "swift_code": "WAHBLYLX018"
        },
        {
            "id": 188,
            "bank": "WAHDA BANK",
            "city": "BEN JWAD",
            "branch": null,
            "swift_code": "WAHBLYLX046"
        },
        {
            "id": 189,
            "bank": "WAHDA BANK",
            "city": "BENGHAZI",
            "branch": "(ALMDENA)",
            "swift_code": "WAHBLYLX108"
        },
        {
            "id": 190,
            "bank": "WAHDA BANK",
            "city": "BENGHAZI",
            "branch": "(GARDIN)",
            "swift_code": "WAHBLYLX096"
        },
        {
            "id": 191,
            "bank": "WAHDA BANK",
            "city": "BENGHAZI",
            "branch": "(GULF)",
            "swift_code": "WAHBLYLX066"
        },
        {
            "id": 192,
            "bank": "WAHDA BANK",
            "city": "BENGHAZI",
            "branch": "(HEAD OFFICE)",
            "swift_code": "WAHBLYLX"
        },
        {
            "id": 193,
            "bank": "WAHDA BANK",
            "city": "BENGHAZI",
            "branch": "(ISLAMIC)",
            "swift_code": "WAHBLYLX601"
        },
        {
            "id": 194,
            "bank": "WAHDA BANK",
            "city": "BENGHAZI",
            "branch": "(MAIDAN BRANCH)",
            "swift_code": "WAHBLYLX032"
        },
        {
            "id": 195,
            "bank": "WAHDA BANK",
            "city": "BENGHAZI",
            "branch": "(MAIN BRANCH)",
            "swift_code": "WAHBLYLX030"
        },
        {
            "id": 196,
            "bank": "WAHDA BANK",
            "city": "BENGHAZI",
            "branch": "(MAWADELBENA)",
            "swift_code": "WAHBLYLX111"
        },
        {
            "id": 197,
            "bank": "WAHDA BANK",
            "city": "BENGHAZI",
            "branch": "(MUKHTAR BRANCH)",
            "swift_code": "WAHBLYLX031"
        },
        {
            "id": 198,
            "bank": "WAHDA BANK",
            "city": "BENGHAZI",
            "branch": "(TREASURY)",
            "swift_code": "WAHBLYLX200"
        },
        {
            "id": 199,
            "bank": "WAHDA BANK",
            "city": "BENGHAZI",
            "branch": "(WAHBLYLX114)",
            "swift_code": "WAHBLYLX114"
        },
        {
            "id": 200,
            "bank": "WAHDA BANK",
            "city": "DERNA",
            "branch": "(DERNA BRANCH)",
            "swift_code": "WAHBLYLX040"
        },
        {
            "id": 201,
            "bank": "WAHDA BANK",
            "city": "JALO",
            "branch": null,
            "swift_code": "WAHBLYLX048"
        },
        {
            "id": 202,
            "bank": "WAHDA BANK",
            "city": "MAGARBA",
            "branch": null,
            "swift_code": "WAHBLYLX015"
        },
        {
            "id": 203,
            "bank": "WAHDA BANK",
            "city": "MISURATA",
            "branch": "(MISURATA BRANCH)",
            "swift_code": "WAHBLYLX087"
        },
        {
            "id": 204,
            "bank": "WAHDA BANK",
            "city": "MSLATA",
            "branch": null,
            "swift_code": "WAHBLYLX100"
        },
        {
            "id": 205,
            "bank": "WAHDA BANK",
            "city": "RASHID",
            "branch": null,
            "swift_code": "WAHBLYLX020"
        },
        {
            "id": 206,
            "bank": "WAHDA BANK",
            "city": "RWISAT",
            "branch": null,
            "swift_code": "WAHBLYLX036"
        },
        {
            "id": 207,
            "bank": "WAHDA BANK",
            "city": "SABRI",
            "branch": null,
            "swift_code": "WAHBLYLX035"
        },
        {
            "id": 208,
            "bank": "WAHDA BANK",
            "city": "SIRTE",
            "branch": null,
            "swift_code": "WAHBLYLX043"
        },
        {
            "id": 209,
            "bank": "WAHDA BANK",
            "city": "SOUK",
            "branch": null,
            "swift_code": "WAHBLYLX034"
        },
        {
            "id": 210,
            "bank": "WAHDA BANK",
            "city": "TEBSTI",
            "branch": null,
            "swift_code": "WAHBLYLX081"
        },
        {
            "id": 211,
            "bank": "WAHDA BANK",
            "city": "TOBRUK",
            "branch": null,
            "swift_code": "WAHBLYLX083"
        },
        {
            "id": 212,
            "bank": "WAHDA BANK",
            "city": "TRIPOLI",
            "branch": "(1ST SEPTEMBER BRANCH)",
            "swift_code": "WAHBLYLX012"
        },
        {
            "id": 213,
            "bank": "WAHDA BANK",
            "city": "TRIPOLI",
            "branch": "(ALJERIA)",
            "swift_code": "WAHBLYLX056"
        },
        {
            "id": 214,
            "bank": "WAHDA BANK",
            "city": "TRIPOLI",
            "branch": "(BALADIYA BRANCH)",
            "swift_code": "WAHBLYLX014"
        },
        {
            "id": 215,
            "bank": "WAHDA BANK",
            "city": "TRIPOLI",
            "branch": "(BORJTRIPOLI)",
            "swift_code": "WAHBLYLX110"
        },
        {
            "id": 216,
            "bank": "WAHDA BANK",
            "city": "TRIPOLI",
            "branch": "(ELSAQA)",
            "swift_code": "WAHBLYLX106"
        },
        {
            "id": 217,
            "bank": "WAHDA BANK",
            "city": "TRIPOLI",
            "branch": "(ELTHOLATHAA)",
            "swift_code": "WAHBLYLX016"
        },
        {
            "id": 218,
            "bank": "WAHDA BANK",
            "city": "TRIPOLI",
            "branch": "(JADAH BRANCH)",
            "swift_code": "WAHBLYLX019"
        },
        {
            "id": 219,
            "bank": "WAHDA BANK",
            "city": "TRIPOLI",
            "branch": "(MAIN BRANCH)",
            "swift_code": "WAHBLYLX011"
        },
        {
            "id": 220,
            "bank": "WAHDA BANK",
            "city": "TRIPOLI",
            "branch": "(NATIONAL OIL CORPORATION)",
            "swift_code": "WAHBLYLX090"
        },
        {
            "id": 221,
            "bank": "WAHDA BANK",
            "city": "YEFREN",
            "branch": "(YEFREN BRANCH)",
            "swift_code": "WAHBLYLX044"
        },
        {
            "id": 222,
            "bank": "WAHDA BANK",
            "city": "ZLITEN",
            "branch": null,
            "swift_code": "WAHBLYLX050"
        }
    ]
}
