{
    "country": "Morocco",
    "country_code": "MA",
    "list": [
        {
            "id": 1,
            "bank": "AL BARID BANK",
            "city": "RABAT",
            "branch": null,
            "swift_code": "ABBMMAMC"
        },
        {
            "id": 2,
            "bank": "ARAB BANK PLC",
            "city": "MARRAKECH",
            "branch": "(MARRAKECH BRANCH)",
            "swift_code": "ARABMAMC250"
        },
        {
            "id": 3,
            "bank": "ARAB BANK PLC.",
            "city": "AGADIR",
            "branch": null,
            "swift_code": "ARABMAMC260"
        },
        {
            "id": 4,
            "bank": "ARAB BANK PLC.",
            "city": "CASABLANCA",
            "branch": "(AL FIDA AVENUE BRANCH)",
            "swift_code": "ARABMAM10M4"
        },
        {
            "id": 5,
            "bank": "ARAB BANK PLC.",
            "city": "CASABLANCA",
            "branch": "(MAIN BRANCH)",
            "swift_code": "ARABMAMC210"
        },
        {
            "id": 6,
            "bank": "ARAB BANK PLC.",
            "city": "CASABLANCA",
            "branch": null,
            "swift_code": "ARABMAMC"
        },
        {
            "id": 7,
            "bank": "ARAB BANK PLC.",
            "city": "FES",
            "branch": null,
            "swift_code": "ARABMAMC240"
        },
        {
            "id": 8,
            "bank": "ARAB BANK PLC.",
            "city": "RABAT",
            "branch": "(AGDAL BRANCH)",
            "swift_code": "ARABMAMC221"
        },
        {
            "id": 9,
            "bank": "ARAB BANK PLC.",
            "city": "RABAT",
            "branch": null,
            "swift_code": "ARABMAMC220"
        },
        {
            "id": 10,
            "bank": "ARAB BANK PLC.",
            "city": "TANGER",
            "branch": null,
            "swift_code": "ARABMAMC230"
        },
        {
            "id": 11,
            "bank": "ATTIJARI INTERNATIONAL BANK S.A. - BANQUE OFF SHORE",
            "city": "TANGER",
            "branch": null,
            "swift_code": "AIBSMAMT"
        },
        {
            "id": 12,
            "bank": "ATTIJARIWAFA BANK (FORMERLY BANQUE COMMERCIALE DU MAROC)",
            "city": "CASABLANCA",
            "branch": "(ATTIJARI INTERMEDIATION)",
            "swift_code": "BCMAMAMCATI"
        },
        {
            "id": 13,
            "bank": "ATTIJARIWAFA BANK (FORMERLY BANQUE COMMERCIALE DU MAROC)",
            "city": "CASABLANCA",
            "branch": "(BCMAMAMCBAS)",
            "swift_code": "BCMAMAMCBAS"
        },
        {
            "id": 14,
            "bank": "ATTIJARIWAFA BANK (FORMERLY BANQUE COMMERCIALE DU MAROC)",
            "city": "CASABLANCA",
            "branch": "(BRANCH CTN DEVISE)",
            "swift_code": "BCMAMAMCDEV"
        },
        {
            "id": 15,
            "bank": "ATTIJARIWAFA BANK (FORMERLY BANQUE COMMERCIALE DU MAROC)",
            "city": "CASABLANCA",
            "branch": null,
            "swift_code": "BCMAMAMC"
        },
        {
            "id": 16,
            "bank": "BANCO DE SABADELL, S.A.",
            "city": "CASABLANCA",
            "branch": null,
            "swift_code": "BSABMAMC"
        },
        {
            "id": 17,
            "bank": "BANK AL-MAGHRIB",
            "city": "RABAT",
            "branch": null,
            "swift_code": "BKAMMAMR"
        },
        {
            "id": 18,
            "bank": "BANQUE CENTRALE POPULAIRE",
            "city": "CASABLANCA",
            "branch": "(DEPT. BACK OFFICE)",
            "swift_code": "BCPOMAMCBKO"
        },
        {
            "id": 19,
            "bank": "BANQUE CENTRALE POPULAIRE",
            "city": "CASABLANCA",
            "branch": "(DEPT. MONETIQUES)",
            "swift_code": "BCPOMAMCMON"
        },
        {
            "id": 20,
            "bank": "BANQUE CENTRALE POPULAIRE",
            "city": "CASABLANCA",
            "branch": "(DEPT. RECONCILIATION)",
            "swift_code": "BCPOMAMCREC"
        },
        {
            "id": 21,
            "bank": "BANQUE CENTRALE POPULAIRE",
            "city": "CASABLANCA",
            "branch": "(SCE. DOCUMENTAIRE)",
            "swift_code": "BCPOMAMCDOC"
        },
        {
            "id": 22,
            "bank": "BANQUE CENTRALE POPULAIRE",
            "city": "CASABLANCA",
            "branch": "(SCE. FINANCIER)",
            "swift_code": "BCPOMAMCFIN"
        },
        {
            "id": 23,
            "bank": "BANQUE CENTRALE POPULAIRE",
            "city": "CASABLANCA",
            "branch": "(TRANFERTS DES MAROCAINS RESIDANTS A L'ETRANGER)",
            "swift_code": "BCPOMAMCMRE"
        },
        {
            "id": 24,
            "bank": "BANQUE CENTRALE POPULAIRE",
            "city": "CASABLANCA",
            "branch": "(YSR)",
            "swift_code": "BCPOMAMCYSR"
        },
        {
            "id": 25,
            "bank": "BANQUE CENTRALE POPULAIRE",
            "city": "CASABLANCA",
            "branch": null,
            "swift_code": "BCPOMAMC"
        },
        {
            "id": 26,
            "bank": "BANQUE CENTRALE POPULAIRE",
            "city": "TANGER",
            "branch": "(OFFSHORE BRANCH, TANGIER)",
            "swift_code": "BCPOMAMCCIB"
        },
        {
            "id": 27,
            "bank": "BANQUE MAROCAINE DU COMMERCE EXTERIEUR",
            "city": "CASABLANCA",
            "branch": "(AGENCE CORPORATE)",
            "swift_code": "BMCEMAMCCOR"
        },
        {
            "id": 28,
            "bank": "BANQUE MAROCAINE DU COMMERCE EXTERIEUR",
            "city": "CASABLANCA",
            "branch": "(COMPTE SPECIAL MRE)",
            "swift_code": "BMCEMAMCMRE"
        },
        {
            "id": 29,
            "bank": "BANQUE MAROCAINE DU COMMERCE EXTERIEUR",
            "city": "CASABLANCA",
            "branch": "(SALLE DES MARCHES, CASABLANCA)",
            "swift_code": "BMCEMAMCSDM"
        },
        {
            "id": 30,
            "bank": "BANQUE MAROCAINE DU COMMERCE EXTERIEUR",
            "city": "CASABLANCA",
            "branch": null,
            "swift_code": "BMCEMAMC"
        },
        {
            "id": 31,
            "bank": "BANQUE MAROCAINE DU COMMERCE EXTERIEUR",
            "city": "CASABLANCA",
            "branch": null,
            "swift_code": "BMCEMAMCBTI"
        },
        {
            "id": 32,
            "bank": "BANQUE MAROCAINE DU COMMERCE EXTERIEUR",
            "city": "TANGER",
            "branch": "(OFFSHORE BRANCH TRADING ROOM, TANGIER)",
            "swift_code": "BMCEMAMCTCM"
        },
        {
            "id": 33,
            "bank": "BANQUE MAROCAINE DU COMMERCE EXTERIEUR",
            "city": "TANGER",
            "branch": "(OFFSHORE BRANCH, TANGIER)",
            "swift_code": "BMCEMAMCTZF"
        },
        {
            "id": 34,
            "bank": "BANQUE MAROCAINE POUR LE COMMERCE ET L'INDUSTRIE",
            "city": "CASABLANCA",
            "branch": "(BMCI FINANCE PARTICIPATIVE)",
            "swift_code": "BMCIMAMCNFP"
        },
        {
            "id": 35,
            "bank": "BANQUE MAROCAINE POUR LE COMMERCE ET L'INDUSTRIE",
            "city": "CASABLANCA",
            "branch": null,
            "swift_code": "BMCIMAMC"
        },
        {
            "id": 36,
            "bank": "BANQUE MAROCAINE POUR LE COMMERCE ET L'INDUSTRIE",
            "city": "TANGER",
            "branch": "(OFFSHORE BRANCH)",
            "swift_code": "BMCIMAMCTOF"
        },
        {
            "id": 37,
            "bank": "BANQUE POPULAIRE AGADIR",
            "city": "AGADIR",
            "branch": null,
            "swift_code": "BCPOMAMCCES"
        },
        {
            "id": 38,
            "bank": "BANQUE POPULAIRE AL HOCEIMA",
            "city": "AL HOCEIMA",
            "branch": null,
            "swift_code": "BCPOMAMCALH"
        },
        {
            "id": 39,
            "bank": "BANQUE POPULAIRE BENI MELLAL",
            "city": "BENI MELLAL",
            "branch": null,
            "swift_code": "BCPOMAMCBNM"
        },
        {
            "id": 40,
            "bank": "BANQUE POPULAIRE BERKANE",
            "city": "BERKANE",
            "branch": null,
            "swift_code": "BCPOMAMCBRK"
        },
        {
            "id": 41,
            "bank": "BANQUE POPULAIRE CASA-ANFA",
            "city": "CASABLANCA",
            "branch": null,
            "swift_code": "BCPOMAMCCAS"
        },
        {
            "id": 42,
            "bank": "BANQUE POPULAIRE CASA-EST",
            "city": "CASABLANCA",
            "branch": null,
            "swift_code": "BCPOMAM10MG"
        },
        {
            "id": 43,
            "bank": "BANQUE POPULAIRE CASA-SUD",
            "city": "CASABLANCA",
            "branch": null,
            "swift_code": "BCPOMAM10MH"
        },
        {
            "id": 44,
            "bank": "BANQUE POPULAIRE EL JADIDA",
            "city": "EL JADIDA",
            "branch": null,
            "swift_code": "BCPOMAMCELJ"
        },
        {
            "id": 45,
            "bank": "BANQUE POPULAIRE ERRACHIDIA",
            "city": "ERRACHIDIA",
            "branch": null,
            "swift_code": "BCPOMAM10MJ"
        },
        {
            "id": 46,
            "bank": "BANQUE POPULAIRE FES",
            "city": "FES",
            "branch": null,
            "swift_code": "BCPOMAMCFES"
        },
        {
            "id": 47,
            "bank": "BANQUE POPULAIRE GHARB",
            "city": "GHARB",
            "branch": null,
            "swift_code": "BCPOMAMCGHA"
        },
        {
            "id": 48,
            "bank": "BANQUE POPULAIRE LAAYOUNE",
            "city": "LAAYOUNE",
            "branch": null,
            "swift_code": "BCPOMAMCLAY"
        },
        {
            "id": 49,
            "bank": "BANQUE POPULAIRE MARRAKECH",
            "city": "MARRAKECH",
            "branch": null,
            "swift_code": "BCPOMAMCMKH"
        },
        {
            "id": 50,
            "bank": "BANQUE POPULAIRE MEKNES",
            "city": "MEKNES",
            "branch": null,
            "swift_code": "BCPOMAMCMEK"
        },
        {
            "id": 51,
            "bank": "BANQUE POPULAIRE NADOR",
            "city": "NADOR",
            "branch": null,
            "swift_code": "BCPOMAMCNAD"
        },
        {
            "id": 52,
            "bank": "BANQUE POPULAIRE OUARZAZATE",
            "city": "OUARZAZATE",
            "branch": null,
            "swift_code": "BCPOMAM10MS"
        },
        {
            "id": 53,
            "bank": "BANQUE POPULAIRE OUJDA",
            "city": "OUJDA",
            "branch": null,
            "swift_code": "BCPOMAMCOUJ"
        },
        {
            "id": 54,
            "bank": "BANQUE POPULAIRE RABAT",
            "city": "RABAT",
            "branch": null,
            "swift_code": "BCPOMAMCRAB"
        },
        {
            "id": 55,
            "bank": "BANQUE POPULAIRE SAFI",
            "city": "SAFI",
            "branch": null,
            "swift_code": "BCPOMAMCSAF"
        },
        {
            "id": 56,
            "bank": "BANQUE POPULAIRE TANGER",
            "city": "TANGER",
            "branch": null,
            "swift_code": "BCPOMAMCTAT"
        },
        {
            "id": 57,
            "bank": "BANQUE POPULAIRE TAZA",
            "city": "TAZA",
            "branch": null,
            "swift_code": "BCPOMAM10MV"
        },
        {
            "id": 58,
            "bank": "BANQUE POPULAIRE TETOUAN",
            "city": "TETOUAN",
            "branch": null,
            "swift_code": "BCPOMAM10MW"
        },
        {
            "id": 59,
            "bank": "BANQUE POPULAIRE TIZNIT",
            "city": "TIZNIT",
            "branch": null,
            "swift_code": "BCPOMAM10MY"
        },
        {
            "id": 60,
            "bank": "BOURSE DE CASABLANCA SA",
            "city": "CASABLANCA",
            "branch": null,
            "swift_code": "XCASMAM1"
        },
        {
            "id": 61,
            "bank": "CAISSE DE DEPOT ET DE GESTION",
            "city": "RABAT",
            "branch": null,
            "swift_code": "CADGMAMR"
        },
        {
            "id": 62,
            "bank": "CAIXABANK, S.A. SUCCURSALE AU MAROC",
            "city": "CASABLANCA",
            "branch": null,
            "swift_code": "CAIXMAMC"
        },
        {
            "id": 63,
            "bank": "CDG CAPITAL",
            "city": "RABAT",
            "branch": null,
            "swift_code": "RDGCMAMR"
        },
        {
            "id": 64,
            "bank": "CENTRALE POPULAIRE (BANQUE) SA",
            "city": "CASABLANCA",
            "branch": null,
            "swift_code": "CRPMMAM1"
        },
        {
            "id": 65,
            "bank": "CFG BANK",
            "city": "CASABLANCA",
            "branch": null,
            "swift_code": "CAFGMAMC"
        },
        {
            "id": 66,
            "bank": "CITIBANK MAGHREB",
            "city": "CASABLANCA",
            "branch": "(TRADE SERVICES DEPARTMENT)",
            "swift_code": "CITIMAMCTRD"
        },
        {
            "id": 67,
            "bank": "CITIBANK MAGHREB",
            "city": "CASABLANCA",
            "branch": null,
            "swift_code": "CITIMAMC"
        },
        {
            "id": 68,
            "bank": "COMPAGNIE NATIONALE ROYAL AIR MAROC",
            "city": "CASABLANCA",
            "branch": null,
            "swift_code": "RAMSMAMC"
        },
        {
            "id": 69,
            "bank": "CREDIT AGRICOLE DU MAROC",
            "city": "RABAT",
            "branch": "(AL AKHDAR BRANCH)",
            "swift_code": "CNCAMAMRAAB"
        },
        {
            "id": 70,
            "bank": "CREDIT AGRICOLE DU MAROC",
            "city": "RABAT",
            "branch": null,
            "swift_code": "CNCAMAMR"
        },
        {
            "id": 71,
            "bank": "CREDIT DU MAROC",
            "city": "AGADIR",
            "branch": "(TRADE CENTER TALBORJT)",
            "swift_code": "CDMAMAMC706"
        },
        {
            "id": 72,
            "bank": "CREDIT DU MAROC",
            "city": "CASABLANCA",
            "branch": "(ACTIVITES ET OPERATIONS PARTICIPATIVES)",
            "swift_code": "CDMAMAMCPAR"
        },
        {
            "id": 73,
            "bank": "CREDIT DU MAROC",
            "city": "CASABLANCA",
            "branch": "(ALL MOROCCO BRANCHES)",
            "swift_code": "CDMAMAMC"
        },
        {
            "id": 74,
            "bank": "CREDIT DU MAROC",
            "city": "CASABLANCA",
            "branch": "(OFFSHORE SERVICES)",
            "swift_code": "CDMAMAMCCOS"
        },
        {
            "id": 75,
            "bank": "CREDIT DU MAROC",
            "city": "CASABLANCA",
            "branch": "(TRADE CENTER CENTRE-VILLE)",
            "swift_code": "CDMAMAMC703"
        },
        {
            "id": 76,
            "bank": "CREDIT DU MAROC",
            "city": "CASABLANCA",
            "branch": "(TRADE CENTER EXPANSION)",
            "swift_code": "CDMAMAMC700"
        },
        {
            "id": 77,
            "bank": "CREDIT DU MAROC",
            "city": "CASABLANCA",
            "branch": null,
            "swift_code": "CDMAMAMC701"
        },
        {
            "id": 78,
            "bank": "CREDIT DU MAROC",
            "city": "CASABLANCA",
            "branch": null,
            "swift_code": "CDMAMAMC702"
        },
        {
            "id": 79,
            "bank": "CREDIT DU MAROC",
            "city": "FES",
            "branch": "(TRADE CENTER QUARAOUYINE)",
            "swift_code": "CDMAMAMC707"
        },
        {
            "id": 80,
            "bank": "CREDIT DU MAROC",
            "city": "MARRAKECH",
            "branch": "(TRADE CENTER MENARA)",
            "swift_code": "CDMAMAMC704"
        },
        {
            "id": 81,
            "bank": "CREDIT DU MAROC",
            "city": "OUJDA",
            "branch": "(TRADE CENTER AL MOUSTAGBAL)",
            "swift_code": "CDMAMAMC708"
        },
        {
            "id": 82,
            "bank": "CREDIT DU MAROC",
            "city": "RABAT",
            "branch": "(TRADE CENTER CHELLAH)",
            "swift_code": "CDMAMAMC709"
        },
        {
            "id": 83,
            "bank": "CREDIT DU MAROC",
            "city": "TANGER",
            "branch": "(TRADE CENTER BOUGHAZ)",
            "swift_code": "CDMAMAMC705"
        },
        {
            "id": 84,
            "bank": "CREDIT IMMOBILIER ET HOTELIER",
            "city": "CASABLANCA",
            "branch": "(DEPARTEMENT ETRANGER)",
            "swift_code": "CIHMMAMCDEP"
        },
        {
            "id": 85,
            "bank": "CREDIT IMMOBILIER ET HOTELIER",
            "city": "CASABLANCA",
            "branch": "(SALLE DES MARCHES)",
            "swift_code": "CIHMMAMCSDM"
        },
        {
            "id": 86,
            "bank": "CREDIT IMMOBILIER ET HOTELIER",
            "city": "CASABLANCA",
            "branch": "(UMNIA BANK)",
            "swift_code": "CIHMMAMCUBP"
        },
        {
            "id": 87,
            "bank": "CREDIT IMMOBILIER ET HOTELIER",
            "city": "CASABLANCA",
            "branch": null,
            "swift_code": "CIHMMAMC"
        },
        {
            "id": 88,
            "bank": "GROUPE OCP",
            "city": "CASABLANCA",
            "branch": null,
            "swift_code": "GOCPMAMC"
        },
        {
            "id": 89,
            "bank": "INTEGRA BOURSE",
            "city": "CASABLANCA",
            "branch": null,
            "swift_code": "ITBOMAM1"
        },
        {
            "id": 90,
            "bank": "MAROC SERVICES INTERMEDIATION",
            "city": "CASABLANCA",
            "branch": null,
            "swift_code": "MAVIMAM1"
        },
        {
            "id": 91,
            "bank": "MAROCLEAR SA",
            "city": "CASABLANCA",
            "branch": null,
            "swift_code": "MAROMAM1"
        },
        {
            "id": 92,
            "bank": "MEDIAFINANCE",
            "city": "CASABLANCA",
            "branch": null,
            "swift_code": "MEDCMAMC"
        },
        {
            "id": 93,
            "bank": "SAMSUNG ELECTRONICS MOROCCO",
            "city": "CASABLANCA",
            "branch": null,
            "swift_code": "SECTMAM1"
        },
        {
            "id": 94,
            "bank": "SAMSUNG ELECTRONICS MOROCCO",
            "city": "CASABLANCA",
            "branch": null,
            "swift_code": "SECTMAM1780"
        },
        {
            "id": 95,
            "bank": "SOCIETE GENERALE MAROCAINE DE BANQUES",
            "city": "CASABLANCA",
            "branch": "(CASH MANAGEMENT INTERNATIONAL)",
            "swift_code": "SGMBMAMCCMI"
        },
        {
            "id": 96,
            "bank": "SOCIETE GENERALE MAROCAINE DE BANQUES",
            "city": "CASABLANCA",
            "branch": "(FLUX CASH MANAGEMENT)",
            "swift_code": "SGMBMAMCFCM"
        },
        {
            "id": 97,
            "bank": "SOCIETE GENERALE MAROCAINE DE BANQUES",
            "city": "CASABLANCA",
            "branch": null,
            "swift_code": "SGMBMAMC"
        },
        {
            "id": 98,
            "bank": "SOCIETE GENERALE TANGER OFFSHORE",
            "city": "TANGER",
            "branch": null,
            "swift_code": "SGTGMAMC"
        },
        {
            "id": 99,
            "bank": "TANGER (BANQUE INTERNATIONALE DE) SA",
            "city": "TANGER",
            "branch": null,
            "swift_code": "ITABMAM1"
        },
        {
            "id": 100,
            "bank": "UNION MAROCAINE DE BANQUES",
            "city": "CASABLANCA",
            "branch": null,
            "swift_code": "UMABMAMC"
        },
        {
            "id": 101,
            "bank": "UPLINE INTERNATIONAL S.A.",
            "city": "CASABLANCA",
            "branch": null,
            "swift_code": "UPLNMAM1"
        }
    ]
}
