{
    "country": "Moldova",
    "country_code": "MD",
    "list": [
        {
            "id": 1,
            "bank": "ARTOSIS LLC",
            "city": "CHISINAU",
            "branch": null,
            "swift_code": "ARLCMD2X"
        },
        {
            "id": 2,
            "bank": "BANCA COMERCIALA 'COMERTBANK' S.A.",
            "city": "CHISINAU",
            "branch": null,
            "swift_code": "CMTBMD2X"
        },
        {
            "id": 3,
            "bank": "BANCA COMERCIALA EXIMBANK-GRUPPO VENETO BANCA S.A.",
            "city": "CHISINAU",
            "branch": null,
            "swift_code": "EXMMMD22"
        },
        {
            "id": 4,
            "bank": "BANCA DE FINANTE SI COMERT S.A. (FINCOMBANK S.A.)",
            "city": "CHISINAU",
            "branch": null,
            "swift_code": "FTMDMD2X"
        },
        {
            "id": 5,
            "bank": "BC ENERGBANK S.A.",
            "city": "CHISINAU",
            "branch": null,
            "swift_code": "ENEGMD22"
        },
        {
            "id": 6,
            "bank": "BC EUROCREDITBANK S.A.",
            "city": "CHISINAU",
            "branch": null,
            "swift_code": "ECBMMD2X"
        },
        {
            "id": 7,
            "bank": "BC 'MOBIASBANCA-GROUPE SOCIETE GENERALE' S.A.",
            "city": "CHISINAU",
            "branch": null,
            "swift_code": "MOBBMD22"
        },
        {
            "id": 8,
            "bank": "BC MOLDOVA - AGROINDBANK S.A.",
            "city": "CHISINAU",
            "branch": null,
            "swift_code": "AGRNMD2X"
        },
        {
            "id": 9,
            "bank": "BC PROCREDIT BANK S.A.",
            "city": "CHISINAU",
            "branch": null,
            "swift_code": "PRCBMD22"
        },
        {
            "id": 10,
            "bank": "BENDERYSOCBANK",
            "city": "BENDERY",
            "branch": null,
            "swift_code": "BENRMD21"
        },
        {
            "id": 11,
            "bank": "CJSC AGROPROMBANK'",
            "city": "BENDERY",
            "branch": "(BENDERY BRANCH)",
            "swift_code": "AGRRMD21BEN"
        },
        {
            "id": 12,
            "bank": "CJSC AGROPROMBANK'",
            "city": "DNESTROVSK",
            "branch": "(DNESTROVSK BRANCH)",
            "swift_code": "AGRRMD21DNK"
        },
        {
            "id": 13,
            "bank": "CJSC AGROPROMBANK'",
            "city": "DUBOSSARY",
            "branch": "(DUBOSSARY BRANCH)",
            "swift_code": "AGRRMD21DUB"
        },
        {
            "id": 14,
            "bank": "CJSC AGROPROMBANK'",
            "city": "GRIGORIOPOL",
            "branch": "(GRIGORIOPOL BRANCH)",
            "swift_code": "AGRRMD21GRI"
        },
        {
            "id": 15,
            "bank": "CJSC AGROPROMBANK'",
            "city": "KAMENKA",
            "branch": "(KAMENKA BRANCH)",
            "swift_code": "AGRRMD21KAM"
        },
        {
            "id": 16,
            "bank": "CJSC AGROPROMBANK'",
            "city": "RYBNITSA",
            "branch": "(RYBNITSA BRANCH)",
            "swift_code": "AGRRMD21RYB"
        },
        {
            "id": 17,
            "bank": "CJSC AGROPROMBANK'",
            "city": "SLOBODZEYA",
            "branch": "(SLOBODZEYA BRANCH)",
            "swift_code": "AGRRMD21SLB"
        },
        {
            "id": 18,
            "bank": "CJSC AGROPROMBANK'",
            "city": "TIRASPOL",
            "branch": null,
            "swift_code": "AGRRMD21"
        },
        {
            "id": 19,
            "bank": "CJSC TIRASPROMSTROYBANK",
            "city": "TIRASPOL",
            "branch": null,
            "swift_code": "CJTIMD21"
        },
        {
            "id": 20,
            "bank": "CLOSED JOINT STOCK COMPANY (CJSC) 'TRANS-DNIESTER SAVINGS BANK' ('SBERBANK')",
            "city": "TIRASPOL",
            "branch": null,
            "swift_code": "CJSMMD21"
        },
        {
            "id": 21,
            "bank": "JOINT-STOCK COMMERCIAL VICTORIABANK",
            "city": "CHISINAU",
            "branch": null,
            "swift_code": "VICBMD2X"
        },
        {
            "id": 22,
            "bank": "JOINT-STOCK COMPANY THE EXPORT-IMPORT BANK",
            "city": "TIRASPOL",
            "branch": null,
            "swift_code": "GAJCMD21"
        },
        {
            "id": 23,
            "bank": "JSCB IPOTECHNIY",
            "city": "TIRASPOL",
            "branch": null,
            "swift_code": "IPOJMD21"
        },
        {
            "id": 24,
            "bank": "MOLDINDCONBANK",
            "city": "CHISINAU",
            "branch": null,
            "swift_code": "MOLDMD2X"
        },
        {
            "id": 25,
            "bank": "NATIONAL BANK OF MOLDOVA",
            "city": "CHISINAU",
            "branch": "(HEAD OFFICE)",
            "swift_code": "NBMDMD2X"
        },
        {
            "id": 26,
            "bank": "ROMANIAN COMMERCIAL BANK CHISINAU S.A.",
            "city": "CHISINAU",
            "branch": null,
            "swift_code": "RNCBMD2X"
        },
        {
            "id": 27,
            "bank": "STATE ENTERPRISE 'POSTA MOLDOVEI'",
            "city": "CHISINAU",
            "branch": null,
            "swift_code": "PMODMD21"
        },
        {
            "id": 28,
            "bank": "TRANS-DNIESTER REPUBLICAN BANK",
            "city": "TIRASPOL",
            "branch": null,
            "swift_code": "PRBTMD21"
        }
    ]
}
