{
    "country": "Mali",
    "country_code": "ML",
    "list": [
        {
            "id": 1,
            "bank": "BANK OF AFRICA - MALI",
            "city": "BAMAKO",
            "branch": null,
            "swift_code": "AFRIMLBA"
        },
        {
            "id": 2,
            "bank": "BANK OF AFRICA - MALI",
            "city": "BAMAKO",
            "branch": null,
            "swift_code": "AFRIMLBA022"
        },
        {
            "id": 3,
            "bank": "BANQUE (MALI) CENTRALE DES ETATS DE L'AFRIQUE ET DE L'OUEST",
            "city": "MOPTI",
            "branch": "(MOPTI BRANCH)",
            "swift_code": "BCAOMLBAMOP"
        },
        {
            "id": 4,
            "bank": "BANQUE ATLANTIQUE MALI",
            "city": "BAMAKO",
            "branch": null,
            "swift_code": "ATMLMLBA"
        },
        {
            "id": 5,
            "bank": "BANQUE CENTRALE DES ETATS DE L'AFRIQUE DE L'OUEST",
            "city": "BAMAKO",
            "branch": null,
            "swift_code": "BCAOMLBA"
        },
        {
            "id": 6,
            "bank": "BANQUE CENTRALE DES ETATS DE L'AFRIQUE DE L'OUEST",
            "city": "SIKASSO",
            "branch": "(SIKASSO BRANCH)",
            "swift_code": "BCAOMLBASIK"
        },
        {
            "id": 7,
            "bank": "BANQUE COMMERCIALE DU SAHEL SA",
            "city": "BAMAKO",
            "branch": null,
            "swift_code": "ALIMMLBA"
        },
        {
            "id": 8,
            "bank": "BANQUE DE DEVELOPPEMENT DU MALI - S.A.",
            "city": "BAMAKO",
            "branch": null,
            "swift_code": "BDMAMLBA"
        },
        {
            "id": 9,
            "bank": "BANQUE DE L' HABITAT DU MALI",
            "city": "BAMAKO",
            "branch": null,
            "swift_code": "BAHMMLBA"
        },
        {
            "id": 10,
            "bank": "BANQUE INTERNATIONALE POUR LE MALI SA.",
            "city": "BAMAKO",
            "branch": null,
            "swift_code": "BIPMMLBA"
        },
        {
            "id": 11,
            "bank": "BANQUE MALIENNE DE SOLIDARITE",
            "city": "BAMAKO",
            "branch": null,
            "swift_code": "BMSMMLBA"
        },
        {
            "id": 12,
            "bank": "BANQUE NATIONALE DE DEVELOPPEMENT AGRICOLE (BNDA)",
            "city": "BAMAKO",
            "branch": null,
            "swift_code": "BNADMLBA"
        },
        {
            "id": 13,
            "bank": "BANQUE SAHELO-SAHARIENNE POUR L'INVESTISSEMENT ET LE COMMERCE (MALI) S.A.",
            "city": "BAMAKO",
            "branch": null,
            "swift_code": "BSAHMLBA"
        },
        {
            "id": 14,
            "bank": "BCI-MALI",
            "city": "BAMAKO",
            "branch": null,
            "swift_code": "COLIMLBA"
        },
        {
            "id": 15,
            "bank": "BICIM",
            "city": "BAMAKO",
            "branch": null,
            "swift_code": "BICIMLBA"
        },
        {
            "id": 16,
            "bank": "CORIS BANK INTERNATIONAL",
            "city": "BAMAKO",
            "branch": null,
            "swift_code": "CORIMLBA"
        },
        {
            "id": 17,
            "bank": "DEPOSITAIRE CENTRAL\/BANQUE DE REGLEMENT",
            "city": "BAMAKO",
            "branch": null,
            "swift_code": "DCRBMLB1"
        },
        {
            "id": 18,
            "bank": "ECOBANK MALI",
            "city": "BAMAKO",
            "branch": null,
            "swift_code": "ECOCMLBA"
        },
        {
            "id": 19,
            "bank": "ORABANK MALI",
            "city": "BAMAKO",
            "branch": null,
            "swift_code": "ORBKMLBA"
        },
        {
            "id": 20,
            "bank": "UBA MALI S.A",
            "city": "BAMAKO",
            "branch": null,
            "swift_code": "UNAFMLB1"
        }
    ]
}
