{
    "country": "Myanmar",
    "country_code": "MM",
    "list": [
        {
            "id": 1,
            "bank": "ASIA GREEN DEVELOPMENT BANK LIMITED",
            "city": "NAY PYI TAW",
            "branch": null,
            "swift_code": "AGDBMMMY"
        },
        {
            "id": 2,
            "bank": "AUSTRALIA AND NEWZEALAND BANKING GROUP LTD",
            "city": "YANGON",
            "branch": null,
            "swift_code": "ANZBMMMY"
        },
        {
            "id": 3,
            "bank": "AYA BANK LIMITED",
            "city": "YANGON",
            "branch": null,
            "swift_code": "AYABMMMY"
        },
        {
            "id": 4,
            "bank": "AYEYARWADDY FARMERS DEVELOPMENT BANK PUBLIC COMPANY LIMITED",
            "city": "YANGON",
            "branch": null,
            "swift_code": "AYFDMMMY"
        },
        {
            "id": 5,
            "bank": "BANGKOK BANK PUBLIC COMPANY LIMITED YANGON BRANCH",
            "city": "YANGON",
            "branch": null,
            "swift_code": "BKKBMMMY"
        },
        {
            "id": 6,
            "bank": "BANK OF TOKYO-MITSUBISHI UFJ, LTD.",
            "city": "YANGON",
            "branch": null,
            "swift_code": "BOTKMMMY"
        },
        {
            "id": 7,
            "bank": "CENTRAL BANK OF MYANMAR",
            "city": "YANGON",
            "branch": null,
            "swift_code": "CBMYMMMY"
        },
        {
            "id": 8,
            "bank": "CONSTRUCTION AND HOUSING DEVELOPMENT BANK LTD.",
            "city": "YANGON",
            "branch": null,
            "swift_code": "CHDDMMMY"
        },
        {
            "id": 9,
            "bank": "CO-OPERATIVE BANK LIMITED (PUBLIC BANK)",
            "city": "YANGON",
            "branch": null,
            "swift_code": "CPOBMMMY"
        },
        {
            "id": 10,
            "bank": "E.SUN COMMERCIAL BANK, LTD., YANGON BRANCH",
            "city": "YANGON",
            "branch": null,
            "swift_code": "ESUNMMMY"
        },
        {
            "id": 11,
            "bank": "FIRST PRIVATE BANK LIMITED",
            "city": "YANGON",
            "branch": null,
            "swift_code": "FPBPMMMY"
        },
        {
            "id": 12,
            "bank": "GLOBAL TREASURE BANK PUBLIC COMPANY LTD",
            "city": "YANGON",
            "branch": null,
            "swift_code": "MLFBMMMY"
        },
        {
            "id": 13,
            "bank": "INDUSTRIAL AND COMMERCIAL BANK OF CHINA YANGON BRANCH",
            "city": "YANGON",
            "branch": null,
            "swift_code": "ICBKMMMY"
        },
        {
            "id": 14,
            "bank": "JOINT STOCK COMMERCIAL BANK FOR INVESTMENT AND DEVELOPMENT OF VIETNAM, YANGON BRANCH.",
            "city": "YANGON",
            "branch": null,
            "swift_code": "BIDVMMMY"
        },
        {
            "id": 15,
            "bank": "KANBAWZA BANK LTD",
            "city": "MANDALAY",
            "branch": "(MANDALAY BRANCH)",
            "swift_code": "KBZBMMMYMDY"
        },
        {
            "id": 16,
            "bank": "KANBAWZA BANK LTD",
            "city": "YANGON",
            "branch": null,
            "swift_code": "KBZBMMMY"
        },
        {
            "id": 17,
            "bank": "MALAYAN BANKING BERHAD YANGON BRANCH",
            "city": "YANGON",
            "branch": null,
            "swift_code": "MBBEMMMY"
        },
        {
            "id": 18,
            "bank": "MIZUHO BANK, LTD (YANGON BRANCH)",
            "city": "YANGON",
            "branch": null,
            "swift_code": "MHCBMMMY"
        },
        {
            "id": 19,
            "bank": "MYANMA APEX BANK LIMITED",
            "city": "YANGON",
            "branch": null,
            "swift_code": "MMABMMMY"
        },
        {
            "id": 20,
            "bank": "MYANMA ECONOMIC BANK",
            "city": "MANDALAY",
            "branch": "(MEB(FOREX)MDY)",
            "swift_code": "MYEBMMMYMDY"
        },
        {
            "id": 21,
            "bank": "MYANMA ECONOMIC BANK",
            "city": "YANGON",
            "branch": "(MEB(FOREX)YGN)",
            "swift_code": "MYEBMMMYYGN"
        },
        {
            "id": 22,
            "bank": "MYANMA ECONOMIC BANK",
            "city": "YANGON",
            "branch": null,
            "swift_code": "MYEBMMMY"
        },
        {
            "id": 23,
            "bank": "MYANMA FOREIGN TRADE BANK",
            "city": "YANGON",
            "branch": null,
            "swift_code": "MFTBMMMY"
        },
        {
            "id": 24,
            "bank": "MYANMA INVESTMENT AND COMMERCIAL BANK",
            "city": "YANGON",
            "branch": "(FULL BRANCH)",
            "swift_code": "MICBMMMYMAN"
        },
        {
            "id": 25,
            "bank": "MYANMA INVESTMENT AND COMMERCIAL BANK",
            "city": "YANGON",
            "branch": null,
            "swift_code": "MICBMMMY"
        },
        {
            "id": 26,
            "bank": "MYANMAR CITIZENS BANK LIMITED",
            "city": "YANGON",
            "branch": null,
            "swift_code": "MCIZMMMY"
        },
        {
            "id": 27,
            "bank": "MYANMAR ORIENTAL BANK LIMITED",
            "city": "YANGON",
            "branch": null,
            "swift_code": "MYORMMMY"
        },
        {
            "id": 28,
            "bank": "MYAWADDY BANK LIMITED",
            "city": "YANGON",
            "branch": null,
            "swift_code": "MWDBMMMY"
        },
        {
            "id": 29,
            "bank": "OCBC BANK YANGON BRANCH",
            "city": "YANGON",
            "branch": null,
            "swift_code": "OCBCMMMY"
        },
        {
            "id": 30,
            "bank": "PEOPLE'S BANK",
            "city": "YANGON",
            "branch": null,
            "swift_code": "BAPSMMM1"
        },
        {
            "id": 31,
            "bank": "RURAL DEVELOPMENT BANK LIMITED",
            "city": "ZABUTHIRI TOWNSHIP",
            "branch": null,
            "swift_code": "RDEVMMMY"
        },
        {
            "id": 32,
            "bank": "SHINHAN BANK CO., LTD. (YANGON BRANCH)",
            "city": "YANGON",
            "branch": null,
            "swift_code": "SHBKMMMY"
        },
        {
            "id": 33,
            "bank": "SHWE RURAL AND URBAN DEVELOPMENT BANK",
            "city": "YANGON",
            "branch": null,
            "swift_code": "SRUDMMMY"
        },
        {
            "id": 34,
            "bank": "SMALL AND MEDIUM INDUSTRIAL DEVELOPMENT BANK",
            "city": "YANGON",
            "branch": null,
            "swift_code": "MYIDMMMY"
        },
        {
            "id": 35,
            "bank": "STATE BANK OF INDIA, YANGON BRANCH",
            "city": "YANGON",
            "branch": null,
            "swift_code": "SBINMMMY"
        },
        {
            "id": 36,
            "bank": "SUMITOMO MITSUI BANKING CORPORATION YANGON BRANCH",
            "city": "YANGON",
            "branch": null,
            "swift_code": "SMBCMMMY"
        },
        {
            "id": 37,
            "bank": "TUN COMMERCIAL BANK LTD",
            "city": "YANGON",
            "branch": null,
            "swift_code": "TFBKMMMY"
        },
        {
            "id": 38,
            "bank": "UNION OF BURMA BANK",
            "city": "YANGON",
            "branch": null,
            "swift_code": "UBUBMMM1"
        },
        {
            "id": 39,
            "bank": "UNITED AMARA BANK LIMITED",
            "city": "YANGON",
            "branch": null,
            "swift_code": "UABMMMMY"
        },
        {
            "id": 40,
            "bank": "UNITED OVERSEAS BANK LIMITED, YANGON BRANCH",
            "city": "YANGON",
            "branch": "(TRANSACTION BANKING)",
            "swift_code": "UOVBMMMYCMS"
        },
        {
            "id": 41,
            "bank": "UNITED OVERSEAS BANK LIMITED, YANGON BRANCH",
            "city": "YANGON",
            "branch": null,
            "swift_code": "UOVBMMMY"
        },
        {
            "id": 42,
            "bank": "YOMA BANK LIMITED",
            "city": "YANGON",
            "branch": null,
            "swift_code": "YOMAMMMY"
        }
    ]
}
