{
    "country": "Mauritius",
    "country_code": "MU",
    "list": [
        {
            "id": 1,
            "bank": "ABC BANKING CORPORATION LTD",
            "city": "PORT LOUIS",
            "branch": null,
            "swift_code": "ABCKMUMU"
        },
        {
            "id": 2,
            "bank": "AFRASIA BANK LIMITED",
            "city": "EBENE",
            "branch": "(EBENE BRANCH)",
            "swift_code": "AFBLMUMU101"
        },
        {
            "id": 3,
            "bank": "AFRASIA BANK LIMITED",
            "city": "PORT LOUIS",
            "branch": null,
            "swift_code": "AFBLMUMU"
        },
        {
            "id": 4,
            "bank": "AFRICAN ALLIANCE STOCKBROKING HOLDINGS LIMITED",
            "city": "CYBER CITY",
            "branch": null,
            "swift_code": "AASHMUM1"
        },
        {
            "id": 5,
            "bank": "AXYS LEASING LTD",
            "city": "PORT LOUIS",
            "branch": null,
            "swift_code": "AXBKMUMU"
        },
        {
            "id": 6,
            "bank": "AXYS STOCKBROKING LTD",
            "city": "PORT LOUIS",
            "branch": null,
            "swift_code": "AXSOMUM1"
        },
        {
            "id": 7,
            "bank": "BANK OF BARODA",
            "city": "PORT LOUIS",
            "branch": "(OFFSHORE BANKING UNIT)",
            "swift_code": "BARBMUMUOBU"
        },
        {
            "id": 8,
            "bank": "BANK OF BARODA",
            "city": "PORT LOUIS",
            "branch": null,
            "swift_code": "BARBMUMU"
        },
        {
            "id": 9,
            "bank": "BANK OF CHINA (MAURITIUS) LIMITED",
            "city": "PORT LOUIS",
            "branch": null,
            "swift_code": "BKCHMUMU"
        },
        {
            "id": 10,
            "bank": "BANK OF MAURITIUS",
            "city": "PORT LOUIS",
            "branch": null,
            "swift_code": "BOMMMUPG"
        },
        {
            "id": 11,
            "bank": "BANK OF MAURITIUS",
            "city": "PORT LOUIS",
            "branch": null,
            "swift_code": "BOMMMUPL"
        },
        {
            "id": 12,
            "bank": "BANK ONE LTD",
            "city": "PORT LOUIS",
            "branch": null,
            "swift_code": "BKONMUMU"
        },
        {
            "id": 13,
            "bank": "BANQUE DES MASCAREIGNES LTEE",
            "city": "PORT LOUIS",
            "branch": null,
            "swift_code": "BAIMMUMU"
        },
        {
            "id": 14,
            "bank": "BANYANTREE BANK LIMITED",
            "city": "CYBER CITY",
            "branch": null,
            "swift_code": "BTBLMUMU"
        },
        {
            "id": 15,
            "bank": "BARCLAYS BANK MAURITIUS LTD",
            "city": "PORT LOUIS",
            "branch": "(M.A.F.E.X BRANCH)",
            "swift_code": "BARCMUMUMAF"
        },
        {
            "id": 16,
            "bank": "BARCLAYS BANK MAURITIUS LTD",
            "city": "PORT LOUIS",
            "branch": "(MAURITIUS OFFSHORE BANKING UNIT)",
            "swift_code": "BARCMUMUOBU"
        },
        {
            "id": 17,
            "bank": "BARCLAYS BANK MAURITIUS LTD",
            "city": "PORT LOUIS",
            "branch": null,
            "swift_code": "BARCMUMU"
        },
        {
            "id": 18,
            "bank": "BRITISH AMERICAN TOBACCO MAURITIUS",
            "city": "PORT LOUIS",
            "branch": null,
            "swift_code": "BATSMUM1"
        },
        {
            "id": 19,
            "bank": "CAPITAL MARKETS BROKERS LIMITED",
            "city": "EBENE",
            "branch": null,
            "swift_code": "CMAKMUM1"
        },
        {
            "id": 20,
            "bank": "CENTRAL DEPOSITORY AND SETTLEMENT CO. LTD",
            "city": "PORT LOUIS",
            "branch": null,
            "swift_code": "CEDTMUM1"
        },
        {
            "id": 21,
            "bank": "CENTURY BANKING CORPORATION LTD",
            "city": "PORT LOUIS",
            "branch": null,
            "swift_code": "CBCLMUMU"
        },
        {
            "id": 22,
            "bank": "CITIGROUP GLOBAL MARKETS MAURITIUS PRIVATE LIMITED",
            "city": "PORT LOUIS",
            "branch": null,
            "swift_code": "CGMMMUM1"
        },
        {
            "id": 23,
            "bank": "CITIGROUP HOLDINGS MAURITIUS LTD",
            "city": "PORT LOUIS",
            "branch": null,
            "swift_code": "CIHAMUM1"
        },
        {
            "id": 24,
            "bank": "CITIGROUP STRATEGIC HOLDINGS MAURITIUS LTD.",
            "city": "PORT LOUIS",
            "branch": null,
            "swift_code": "CSHMMUM1"
        },
        {
            "id": 25,
            "bank": "CLSA (MAURITIUS) LIMITED",
            "city": "PORT LOUIS",
            "branch": null,
            "swift_code": "CLSAMUM1"
        },
        {
            "id": 26,
            "bank": "DBM LTD. (MAURITIUS)",
            "city": "PORT LOUIS",
            "branch": null,
            "swift_code": "DBMAMUM1"
        },
        {
            "id": 27,
            "bank": "DEUTSCHE BANK (MAURITIUS) LTD",
            "city": "PORT LOUIS",
            "branch": null,
            "swift_code": "DBMLMUMU"
        },
        {
            "id": 28,
            "bank": "DEUTSCHE SECURITIES MAURITIUS LTD",
            "city": "PORT LOUIS",
            "branch": null,
            "swift_code": "DEUTMUML"
        },
        {
            "id": 29,
            "bank": "DUNEARN INVESTMENTS (MAURITIUS) PTE LTD",
            "city": "PORT LOUIS",
            "branch": null,
            "swift_code": "DEIMMUMU"
        },
        {
            "id": 30,
            "bank": "EXON FINANCE LTD",
            "city": "PORT LOUIS",
            "branch": null,
            "swift_code": "EXONMUM1"
        },
        {
            "id": 31,
            "bank": "HABIB BANK LTD MAURITIUS",
            "city": "PORT LOUIS",
            "branch": null,
            "swift_code": "HABBMUMU"
        },
        {
            "id": 32,
            "bank": "HONGKONG AND SHANGHAI BANKING CORPORATION LTD., THE",
            "city": "EBENE",
            "branch": "(HBMU BRANCH)",
            "swift_code": "HSBCMUMUOBU"
        },
        {
            "id": 33,
            "bank": "HONGKONG AND SHANGHAI BANKING CORPORATION LTD., THE",
            "city": "EBENE",
            "branch": null,
            "swift_code": "HSBCMUMU"
        },
        {
            "id": 34,
            "bank": "HUIZHOU ONE LIMITED",
            "city": "PORT LOUIS",
            "branch": null,
            "swift_code": "HUONMUM1"
        },
        {
            "id": 35,
            "bank": "IDFC ADVISORS LIMITED",
            "city": "PORT LOUIS",
            "branch": null,
            "swift_code": "IDADMUM1"
        },
        {
            "id": 36,
            "bank": "IHS HOLDING LIMITED",
            "city": "PORT LOUIS",
            "branch": null,
            "swift_code": "IHSAMUMU"
        },
        {
            "id": 37,
            "bank": "INVESTEC BANK (MAURITIUS) LIMITED",
            "city": "PORT LOUIS",
            "branch": null,
            "swift_code": "IVESMUMU"
        },
        {
            "id": 38,
            "bank": "MANTARAY INVESTMENTS (MAURITIUS) PTE LTD",
            "city": "PORT LOUIS",
            "branch": null,
            "swift_code": "MAVUMUM1"
        },
        {
            "id": 39,
            "bank": "MAUBANK LTD",
            "city": "PORT LOUIS",
            "branch": null,
            "swift_code": "MPCBMUMU"
        },
        {
            "id": 40,
            "bank": "MCB STOCKBROKERS LIMITED",
            "city": "PORT LOUIS",
            "branch": null,
            "swift_code": "MCSOMUM1"
        },
        {
            "id": 41,
            "bank": "NEWTON SECURITIES LTD",
            "city": "PORT LOUIS",
            "branch": null,
            "swift_code": "NESCMUM1"
        },
        {
            "id": 42,
            "bank": "NOMURA MAURITIUS LIMITED",
            "city": "PORT LOUIS",
            "branch": null,
            "swift_code": "NOMAMUMU"
        },
        {
            "id": 43,
            "bank": "PLATINUM ONE LIMITED",
            "city": "PORT LOUIS",
            "branch": null,
            "swift_code": "PLOEMUM1"
        },
        {
            "id": 44,
            "bank": "PROVIDENCE LIFE LIMITED, PCC",
            "city": "EBENE",
            "branch": null,
            "swift_code": "PLLPMUMU"
        },
        {
            "id": 45,
            "bank": "RICHEFOND LIMITED",
            "city": "GRAND BAY",
            "branch": null,
            "swift_code": "RICFMUM1"
        },
        {
            "id": 46,
            "bank": "SBI (MAURITIUS) LTD",
            "city": "PORT LOUIS",
            "branch": "(WILLIAM NEWTON STREET)",
            "swift_code": "INILMUMU101"
        },
        {
            "id": 47,
            "bank": "SBI (MAURITIUS) LTD",
            "city": "PORT LOUIS",
            "branch": null,
            "swift_code": "INILMUMU"
        },
        {
            "id": 48,
            "bank": "SBM BANK(MAURITIUS)LTD",
            "city": "PORT LOUIS",
            "branch": "(CUSTODY)",
            "swift_code": "STCBMUMU575"
        },
        {
            "id": 49,
            "bank": "SBM BANK(MAURITIUS)LTD",
            "city": "PORT LOUIS",
            "branch": null,
            "swift_code": "STCBMUMU"
        },
        {
            "id": 50,
            "bank": "SPARKASSA EKONOMISK FORENING LTEE",
            "city": "PAMPLEMOUSSES",
            "branch": null,
            "swift_code": "KSSAMUM1"
        },
        {
            "id": 51,
            "bank": "STANDARD BANK (MAURITIUS) LIMITED",
            "city": "EBENE",
            "branch": null,
            "swift_code": "SBICMUMU"
        },
        {
            "id": 52,
            "bank": "STANDARD CHARTERED BANK (MAURITIUS) LTD",
            "city": "EBENE",
            "branch": "(SECURITIES SERVICES UNIT)",
            "swift_code": "SCBLMUMUSSU"
        },
        {
            "id": 53,
            "bank": "STANDARD CHARTERED BANK (MAURITIUS) LTD",
            "city": "EBENE",
            "branch": null,
            "swift_code": "SCBLMUMU"
        },
        {
            "id": 54,
            "bank": "STANDARD CHARTERED BANK (MAURITIUS) LTD",
            "city": "PORT LOUIS",
            "branch": "(FM ASSET SERVICING)",
            "swift_code": "SCBLMUMUZOP"
        },
        {
            "id": 55,
            "bank": "STOCK EXCHANGE OF MAURITIUS LTD, THE",
            "city": "PORT LOUIS",
            "branch": null,
            "swift_code": "XMAUMUM1"
        },
        {
            "id": 56,
            "bank": "SUPER GROUP TRADING LIMITED",
            "city": "PORT LOUIS",
            "branch": null,
            "swift_code": "SGCTMUM1"
        },
        {
            "id": 57,
            "bank": "SWAN SECURITIES LTD",
            "city": "PORT LOUIS",
            "branch": null,
            "swift_code": "GENRMUM1"
        },
        {
            "id": 58,
            "bank": "THE MAURITIUS COMMERCIAL BANK LIMITED",
            "city": "PORT LOUIS",
            "branch": null,
            "swift_code": "MCBLMUMU"
        },
        {
            "id": 59,
            "bank": "THOMAS COOK (MAURITIUS) OPERATIONS COMPANY LIMITED",
            "city": "PORT LOUIS",
            "branch": null,
            "swift_code": "TCILMUM1"
        },
        {
            "id": 60,
            "bank": "WARWYCK PRIVATE BANK LTD",
            "city": "PHOENIX",
            "branch": null,
            "swift_code": "WPBLMUMU"
        }
    ]
}
