{
    "country": "Maldives",
    "country_code": "MV",
    "list": [
        {
            "id": 1,
            "bank": "BANK OF CEYLON",
            "city": "MALE",
            "branch": null,
            "swift_code": "BCEYMVMV"
        },
        {
            "id": 2,
            "bank": "BANK OF MALDIVES PLC.",
            "city": "MALE",
            "branch": null,
            "swift_code": "MALBMVMV"
        },
        {
            "id": 3,
            "bank": "COMMERCIAL BANK OF MALDIVES PRIVATE LIMITED",
            "city": "MALE",
            "branch": null,
            "swift_code": "CBMVMVMV"
        },
        {
            "id": 4,
            "bank": "HABIB BANK LIMITED",
            "city": "MALE",
            "branch": null,
            "swift_code": "HABBMVMV"
        },
        {
            "id": 5,
            "bank": "HONGKONG AND SHANGHAI BANKING CORPORATION LIMITED, THE",
            "city": "MALE",
            "branch": null,
            "swift_code": "HSBCMVMV"
        },
        {
            "id": 6,
            "bank": "MALDIVES ISLAMIC BANK PVT. LTD",
            "city": "MALE",
            "branch": null,
            "swift_code": "MADVMVMV"
        },
        {
            "id": 7,
            "bank": "MALDIVES MONETARY AUTHORITY",
            "city": "MALE",
            "branch": null,
            "swift_code": "MMAUMVMV"
        },
        {
            "id": 8,
            "bank": "STATE BANK OF INDIA",
            "city": "MALE",
            "branch": null,
            "swift_code": "SBINMVMV"
        },
        {
            "id": 9,
            "bank": "THE MAURITIUS COMMERCIAL BANK LIMITED",
            "city": "MALE",
            "branch": null,
            "swift_code": "MCBLMVMV"
        }
    ]
}
