{
    "country": "Mexico",
    "country_code": "MX",
    "list": [
        {
            "id": 1,
            "bank": "ABACO CASA DE BOLSA, S.A. DE C.V.",
            "city": "GARZA GARCIA",
            "branch": null,
            "swift_code": "ACBOMXM10G2"
        },
        {
            "id": 2,
            "bank": "ABACO CASA DE BOLSA, S.A. DE C.V.",
            "city": "MEXICO",
            "branch": null,
            "swift_code": "ACBOMXM1"
        },
        {
            "id": 3,
            "bank": "ACCIONES Y VALORES DE MEXICO, S.A. DE C.V. CASA DE BOLSA",
            "city": "MEXICO",
            "branch": null,
            "swift_code": "ACVLMXMM"
        },
        {
            "id": 4,
            "bank": "ACTINVER CASA DE BOLSA SA DE CV",
            "city": "CENTRO DE CIUDAD SANTA FE",
            "branch": null,
            "swift_code": "ACAOMXM1"
        },
        {
            "id": 5,
            "bank": "AFIN, CASA DE BOLSA, S.A. DE C.V.",
            "city": "MEXICO",
            "branch": null,
            "swift_code": "AFINMXM1"
        },
        {
            "id": 6,
            "bank": "AUDI MEXICO",
            "city": "PUEBLA",
            "branch": null,
            "swift_code": "AUMXMXM1"
        },
        {
            "id": 7,
            "bank": "AUDI MEXICO REAL ESTATE",
            "city": "PUEBLA",
            "branch": null,
            "swift_code": "AMREMXM1"
        },
        {
            "id": 8,
            "bank": "BANCA AFIRME S.A.",
            "city": "MONTERREY",
            "branch": null,
            "swift_code": "AFIRMXMT"
        },
        {
            "id": 9,
            "bank": "BANCA MIFEL SA INSTITUCION DE BANCA MULTIPLE GRUPO FINANCIERO MIFEL",
            "city": "MEXICO",
            "branch": null,
            "swift_code": "MIFEMXMM"
        },
        {
            "id": 10,
            "bank": "BANCO ACTINVER SA INSTITUCION DE BANCA MULTIPLE GRUPO FINANCIERO ACTINVER",
            "city": "CENTRO DE CIUDAD SANTA FE",
            "branch": null,
            "swift_code": "ACIOMXMMACB"
        },
        {
            "id": 11,
            "bank": "BANCO ACTINVER SA INSTITUCION DE BANCA MULTIPLE GRUPO FINANCIERO ACTINVER",
            "city": "MEXICO",
            "branch": "(ACTINVER CASA DE BOLSA MEX-DER)",
            "swift_code": "ACIOMXMMMMD"
        },
        {
            "id": 12,
            "bank": "BANCO ACTINVER SA INSTITUCION DE BANCA MULTIPLE GRUPO FINANCIERO ACTINVER",
            "city": "MEXICO",
            "branch": "(ADMON.ACTINVER CASA DE BOLSA.)",
            "swift_code": "ACIOMXMMBRA"
        },
        {
            "id": 13,
            "bank": "BANCO ACTINVER SA INSTITUCION DE BANCA MULTIPLE GRUPO FINANCIERO ACTINVER",
            "city": "MEXICO",
            "branch": "(BANCO ACTINVER, SA MEX-DOL)",
            "swift_code": "ACIOMXMMPAY"
        },
        {
            "id": 14,
            "bank": "BANCO ACTINVER SA INSTITUCION DE BANCA MULTIPLE GRUPO FINANCIERO ACTINVER",
            "city": "MEXICO",
            "branch": null,
            "swift_code": "ACIOMXMM"
        },
        {
            "id": 15,
            "bank": "BANCO ACTINVER SA INSTITUCION DE BANCA MULTIPLE GRUPO FINANCIERO ACTINVER",
            "city": "MEXICO",
            "branch": null,
            "swift_code": "ACIOMXMMFND"
        },
        {
            "id": 16,
            "bank": "BANCO AUTOFIN MEXICO",
            "city": "MEXICO",
            "branch": null,
            "swift_code": "AUMCMXMM"
        },
        {
            "id": 17,
            "bank": "BANCO AZTECA, S.A. INSTITUCION DE BANCA MULTIPLE",
            "city": "MEXICO",
            "branch": null,
            "swift_code": "AZTKMXMM"
        },
        {
            "id": 18,
            "bank": "BANCO AZTECA, S.A. INSTITUCION DE BANCA MULTIPLE",
            "city": "MEXICO",
            "branch": null,
            "swift_code": "AZTKMXMMEKT"
        },
        {
            "id": 19,
            "bank": "BANCO AZTECA, S.A. INSTITUCION DE BANCA MULTIPLE",
            "city": "MEXICO",
            "branch": null,
            "swift_code": "AZTKMXMMTVA"
        },
        {
            "id": 20,
            "bank": "BANCO BASE SA INSTITUCION DE BANCA MULTIPLE, GRUPO FINANCIERO BASE",
            "city": "SAN PEDRO GARZA GARCIA",
            "branch": null,
            "swift_code": "BBSEMXMX"
        },
        {
            "id": 21,
            "bank": "BANCO CREDIT SUISSE (MEXICO) S.A.",
            "city": "MEXICO",
            "branch": null,
            "swift_code": "CSFBMXMM"
        },
        {
            "id": 22,
            "bank": "BANCO CREDIT SUISSE (MEXICO) S.A.",
            "city": "MEXICO",
            "branch": null,
            "swift_code": "CSFBMXMMVIS"
        },
        {
            "id": 23,
            "bank": "BANCO DE CREDITO RURAL DEL GOLFO S.N.C.",
            "city": "VERACRUZ",
            "branch": null,
            "swift_code": "RUGOMXM1"
        },
        {
            "id": 24,
            "bank": "BANCO DE CREDITO RURAL DEL GOLFO S.N.C.",
            "city": "VILLAHERMOSA",
            "branch": null,
            "swift_code": "RUGOMXM10M4"
        },
        {
            "id": 25,
            "bank": "BANCO DE CREDITO RURAL DEL GOLFO S.N.C.",
            "city": "XALAPA",
            "branch": null,
            "swift_code": "RUGOMXM10M3"
        },
        {
            "id": 26,
            "bank": "BANCO DE MEXICO",
            "city": "MEXICO",
            "branch": null,
            "swift_code": "BDEMMXMF"
        },
        {
            "id": 27,
            "bank": "BANCO DE MEXICO",
            "city": "MEXICO",
            "branch": null,
            "swift_code": "BDEMMXMM"
        },
        {
            "id": 28,
            "bank": "BANCO DE ORIENTE, S A",
            "city": "PUEBLA",
            "branch": null,
            "swift_code": "BAORMXM1"
        },
        {
            "id": 29,
            "bank": "BANCO DEL AHORRO NACIONAL Y SERVICIOS FINANCIEROS S.N.C INSTITUCION DE BANCA DE DESARROLLO",
            "city": "MEXICO",
            "branch": null,
            "swift_code": "SEFIMXMM"
        },
        {
            "id": 30,
            "bank": "BANCO DEL BAJIO, S.A.",
            "city": "LEON",
            "branch": null,
            "swift_code": "BJIOMXML"
        },
        {
            "id": 31,
            "bank": "BANCO INBURSA S.A.",
            "city": "MEXICO",
            "branch": null,
            "swift_code": "INBUMXMM"
        },
        {
            "id": 32,
            "bank": "BANCO INTERACCIONES",
            "city": "MEXICO",
            "branch": null,
            "swift_code": "BITEMXMM"
        },
        {
            "id": 33,
            "bank": "BANCO INVEX S.A.",
            "city": "MEXICO",
            "branch": null,
            "swift_code": "INXXMXMM"
        },
        {
            "id": 34,
            "bank": "BANCO J.P. MORGAN S.A.",
            "city": "MEXICO",
            "branch": "(FIA MEXICO)",
            "swift_code": "CHASMXMXOCC"
        },
        {
            "id": 35,
            "bank": "BANCO J.P. MORGAN S.A.",
            "city": "MEXICO",
            "branch": "(GLOBAL TREASURY SERVICES)",
            "swift_code": "CHASMXMXGTS"
        },
        {
            "id": 36,
            "bank": "BANCO J.P. MORGAN S.A.",
            "city": "MEXICO",
            "branch": null,
            "swift_code": "CHASMXMX"
        },
        {
            "id": 37,
            "bank": "BANCO MERCANTIL DEL NORTE, S.A., INSTITUCION DE BANCA MULTIPLE, GRUPO FINANCIERO BANORTE",
            "city": "MEXICO",
            "branch": "(CUSTODY AND CASH MANAGEMENT)",
            "swift_code": "MENOMXMTCCM"
        },
        {
            "id": 38,
            "bank": "BANCO MERCANTIL DEL NORTE, S.A., INSTITUCION DE BANCA MULTIPLE, GRUPO FINANCIERO BANORTE",
            "city": "MEXICO",
            "branch": null,
            "swift_code": "MENOMXMT"
        },
        {
            "id": 39,
            "bank": "BANCO MERCANTIL DEL NORTE, S.A., INSTITUCION DE BANCA MULTIPLE, GRUPO FINANCIERO BANORTE",
            "city": "MEXICO",
            "branch": null,
            "swift_code": "MENOMXMTMEX"
        },
        {
            "id": 40,
            "bank": "BANCO MERCANTIL DEL NORTE, S.A., INSTITUCION DE BANCA MULTIPLE, GRUPO FINANCIERO BANORTE",
            "city": "MONTERREY,N.L.",
            "branch": "(DERIVATIVES)",
            "swift_code": "MENOMXMTDER"
        },
        {
            "id": 41,
            "bank": "BANCO MERCANTIL DEL NORTE, S.A., INSTITUCION DE BANCA MULTIPLE, GRUPO FINANCIERO BANORTE",
            "city": "MONTERREY,N.L.",
            "branch": "(FOREIGN EXCHANGE)",
            "swift_code": "MENOMXMTFEX"
        },
        {
            "id": 42,
            "bank": "BANCO MERCANTIL DEL NORTE, S.A., INSTITUCION DE BANCA MULTIPLE, GRUPO FINANCIERO BANORTE",
            "city": "MONTERREY,N.L.",
            "branch": "(WHOLESALE BANKING)",
            "swift_code": "MENOMXMTWLS"
        },
        {
            "id": 43,
            "bank": "BANCO MERCANTIL DEL NORTE, S.A., INSTITUCION DE BANCA MULTIPLE, GRUPO FINANCIERO BANORTE",
            "city": "MONTERREY,N.L.",
            "branch": "(WIRE TRANSFER DEPT)",
            "swift_code": "MENOMXMTPYM"
        },
        {
            "id": 44,
            "bank": "BANCO MONEX, S.A.",
            "city": "MEXICO",
            "branch": null,
            "swift_code": "MONXMXM1TFI"
        },
        {
            "id": 45,
            "bank": "BANCO MONEX, S.A.",
            "city": "MEXICO",
            "branch": null,
            "swift_code": "MONXMXMM"
        },
        {
            "id": 46,
            "bank": "BANCO MONEX, S.A. INSTITUCION DE BANCA MULTIPLE",
            "city": "MEXICO",
            "branch": null,
            "swift_code": "MNBDMXM1"
        },
        {
            "id": 47,
            "bank": "BANCO MULTIVA S.A. INSTITUCION DE BANCA MULTIPLE, GRUPO FINANCIERO MULTIVA",
            "city": "MEXICO",
            "branch": null,
            "swift_code": "MIMMMXM1"
        },
        {
            "id": 48,
            "bank": "BANCO MULTIVA S.A. INSTITUCION DE BANCA MULTIPLE, GRUPO FINANCIERO MULTIVA",
            "city": "MEXICO",
            "branch": null,
            "swift_code": "MIMMMXMX"
        },
        {
            "id": 49,
            "bank": "BANCO NACIONAL DE COMERCIO EXTERIOR, S.N.C.",
            "city": "MEXICO",
            "branch": null,
            "swift_code": "BNCEMXMM"
        },
        {
            "id": 50,
            "bank": "BANCO NACIONAL DE CREDITO RURAL SA",
            "city": "MEXICO",
            "branch": null,
            "swift_code": "NCRUMXM1"
        },
        {
            "id": 51,
            "bank": "BANCO NACIONAL DE MEXICO S.A.",
            "city": "GUADALAJARA",
            "branch": null,
            "swift_code": "BNMXMXMMGUA"
        },
        {
            "id": 52,
            "bank": "BANCO NACIONAL DE MEXICO S.A.",
            "city": "LEON",
            "branch": null,
            "swift_code": "BNMXMXMMLEO"
        },
        {
            "id": 53,
            "bank": "BANCO NACIONAL DE MEXICO S.A.",
            "city": "MEXICO",
            "branch": "(HEAD OFFICE AND FOR ALL REMAINING UNLISTED BRANCHES)",
            "swift_code": "BNMXMXMM"
        },
        {
            "id": 54,
            "bank": "BANCO NACIONAL DE MEXICO S.A.",
            "city": "MEXICO",
            "branch": "(INTERNATIONAL CUSTODY)",
            "swift_code": "BNMXMXMMINV"
        },
        {
            "id": 55,
            "bank": "BANCO NACIONAL DE MEXICO S.A.",
            "city": "MEXICO",
            "branch": "(MONEY TRANSFER INVESTIGATIONS)",
            "swift_code": "BNMXMXMMMTI"
        },
        {
            "id": 56,
            "bank": "BANCO NACIONAL DE MEXICO S.A.",
            "city": "MEXICO",
            "branch": "(PAYMENT ORDERS DEPT)",
            "swift_code": "BNMXMXMMPYM"
        },
        {
            "id": 57,
            "bank": "BANCO NACIONAL DE MEXICO S.A.",
            "city": "MEXICO",
            "branch": "(VOSTRO ACCOUNTS DEPT)",
            "swift_code": "BNMXMXMMCVT"
        },
        {
            "id": 58,
            "bank": "BANCO NACIONAL DE MEXICO S.A.",
            "city": "MONTERREY",
            "branch": null,
            "swift_code": "BNMXMXMMMTY"
        },
        {
            "id": 59,
            "bank": "BANCO NACIONAL DE MEXICO S.A.",
            "city": "PUEBLA",
            "branch": null,
            "swift_code": "BNMXMXMMPUE"
        },
        {
            "id": 60,
            "bank": "BANCO NACIONAL DEL EJERCITO, FUERZA AEREA Y ARMADA, S.N.C.",
            "city": "MEXICO",
            "branch": null,
            "swift_code": "EJERMXMM"
        },
        {
            "id": 61,
            "bank": "BANCO NACIONAL PESQUERO Y PORTUARIO, S.N.C.",
            "city": "HERMOSILLO",
            "branch": null,
            "swift_code": "BNPPMXM1"
        },
        {
            "id": 62,
            "bank": "BANCO REGIONAL DE MONTERREY, S.A.",
            "city": "SAN PEDRO GARZA GARCIA",
            "branch": null,
            "swift_code": "RGIOMXMT"
        },
        {
            "id": 63,
            "bank": "BANCO SABADELL S.A., INSTITUCION DE BANCA MULTIPLE",
            "city": "MEXICO",
            "branch": null,
            "swift_code": "BSABMXMM"
        },
        {
            "id": 64,
            "bank": "BANCO SANTANDER (MEXICO), S.A., INSTITUCION DE BANCA MULTIPLE, GRUPO FINANCIERO SANTANDER",
            "city": "MEXICO",
            "branch": "(SECURITIES SERVICES)",
            "swift_code": "BMSXMXMMSSS"
        },
        {
            "id": 65,
            "bank": "BANCO SANTANDER (MEXICO), S.A., INSTITUCION DE BANCA MULTIPLE, GRUPO FINANCIERO SANTANDER",
            "city": "MEXICO",
            "branch": null,
            "swift_code": "BMSXMXM1NAS"
        },
        {
            "id": 66,
            "bank": "BANCO SANTANDER (MEXICO), S.A., INSTITUCION DE BANCA MULTIPLE, GRUPO FINANCIERO SANTANDER",
            "city": "MEXICO",
            "branch": null,
            "swift_code": "BMSXMXMM"
        },
        {
            "id": 67,
            "bank": "BANCOMER RENTA FIJA INTERNACIONAL",
            "city": "MEXICO",
            "branch": null,
            "swift_code": "BCMRMXMMRFI"
        },
        {
            "id": 68,
            "bank": "BANK OF AMERICA, MEXICO S.A.",
            "city": "MEXICO",
            "branch": null,
            "swift_code": "BOFAMXMX"
        },
        {
            "id": 69,
            "bank": "BANK OF AMERICA, MEXICO S.A.",
            "city": "MEXICO",
            "branch": null,
            "swift_code": "BOFAMXMXMEX"
        },
        {
            "id": 70,
            "bank": "BANK OF TOKYO-MITSUBISHI UFJ (MEXICO) S.A.",
            "city": "MEXICO",
            "branch": null,
            "swift_code": "BOTKMXMX"
        },
        {
            "id": 71,
            "bank": "BANSI, SA",
            "city": "GUADALAJARA",
            "branch": null,
            "swift_code": "SNABMXM1"
        },
        {
            "id": 72,
            "bank": "BARCLAYS BANK MEXICO S.A.",
            "city": "MEXICO",
            "branch": null,
            "swift_code": "BARCMXMM"
        },
        {
            "id": 73,
            "bank": "BBVA BANCOMER, S.A.",
            "city": "GUADALAJARA",
            "branch": "(LETTERS OF CREDIT AND COLLECTIONS DEPARTMENT GUADALAJARA, JAL.)",
            "swift_code": "BCMRMXMMGUA"
        },
        {
            "id": 74,
            "bank": "BBVA BANCOMER, S.A.",
            "city": "MEXICO",
            "branch": "(CARTERA HIPOTECARIA)",
            "swift_code": "BCMRMXMMHIP"
        },
        {
            "id": 75,
            "bank": "BBVA BANCOMER, S.A.",
            "city": "MEXICO",
            "branch": "(COLLECTIONS DEPARTMENT MEXICO, D.F.)",
            "swift_code": "BCMRMXMMCOL"
        },
        {
            "id": 76,
            "bank": "BBVA BANCOMER, S.A.",
            "city": "MEXICO",
            "branch": "(CORRESPONDENT BANKING)",
            "swift_code": "BCMRMXMMCOR"
        },
        {
            "id": 77,
            "bank": "BBVA BANCOMER, S.A.",
            "city": "MEXICO",
            "branch": "(FIDUCIARY DEPARTMENT)",
            "swift_code": "BCMRMXMMFID"
        },
        {
            "id": 78,
            "bank": "BBVA BANCOMER, S.A.",
            "city": "MEXICO",
            "branch": "(FINANCE INTERNATIONAL OPERATIONS)",
            "swift_code": "BCMRMXMMEXT"
        },
        {
            "id": 79,
            "bank": "BBVA BANCOMER, S.A.",
            "city": "MEXICO",
            "branch": "(FOREIGN EXCHANGE DEPARTMENT)",
            "swift_code": "BCMRMXMMFGN"
        },
        {
            "id": 80,
            "bank": "BBVA BANCOMER, S.A.",
            "city": "MEXICO",
            "branch": "(INTERNATIONAL OPERATIONS MEXICO, D.F.)",
            "swift_code": "BCMRMXMMOPC"
        },
        {
            "id": 81,
            "bank": "BBVA BANCOMER, S.A.",
            "city": "MEXICO",
            "branch": "(INTERNATIONAL TREASURY DEPARTMENT)",
            "swift_code": "BCMRMXMMDIV"
        },
        {
            "id": 82,
            "bank": "BBVA BANCOMER, S.A.",
            "city": "MEXICO",
            "branch": "(LETTERS OF CREDIT DEPARTMENT MEXICO D.F.)",
            "swift_code": "BCMRMXMMDOC"
        },
        {
            "id": 83,
            "bank": "BBVA BANCOMER, S.A.",
            "city": "MEXICO",
            "branch": "(PASIVOS MONEDA EXTRANJERA DEPT.)",
            "swift_code": "BCMRMXMMOPE"
        },
        {
            "id": 84,
            "bank": "BBVA BANCOMER, S.A.",
            "city": "MEXICO",
            "branch": "(PAYMENT ORDERS DEPARTMENT)",
            "swift_code": "BCMRMXMMPYM"
        },
        {
            "id": 85,
            "bank": "BBVA BANCOMER, S.A.",
            "city": "MEXICO",
            "branch": "(RECONCILEMENT DEPARTMENT)",
            "swift_code": "BCMRMXMMREC"
        },
        {
            "id": 86,
            "bank": "BBVA BANCOMER, S.A.",
            "city": "MEXICO",
            "branch": "(SECURITIES DEPARTMENT)",
            "swift_code": "BCMRMXMMSEC"
        },
        {
            "id": 87,
            "bank": "BBVA BANCOMER, S.A.",
            "city": "MEXICO",
            "branch": "(TRANSFERENCIAS INTERBANCARIAS NACIONALES)",
            "swift_code": "BCMRMXMMTIN"
        },
        {
            "id": 88,
            "bank": "BBVA BANCOMER, S.A.",
            "city": "MEXICO",
            "branch": null,
            "swift_code": "BCMRMXMM"
        },
        {
            "id": 89,
            "bank": "BBVA BANCOMER, S.A.",
            "city": "MONTERREY",
            "branch": "(LETTERS OF CREDIT AND COLLECTIONS DEPARTMENT, MONTERREY, N.L.)",
            "swift_code": "BCMRMXMMMTY"
        },
        {
            "id": 90,
            "bank": "BOLSA MEXICANA DE VALORES, S.A.B. DE C.V.",
            "city": "MEXICO",
            "branch": null,
            "swift_code": "XMEXMXM1"
        },
        {
            "id": 91,
            "bank": "BTG PACTUAL CASA DE BOLSA, SA. DE CV",
            "city": "MEXICO",
            "branch": null,
            "swift_code": "BPAOMXM1"
        },
        {
            "id": 92,
            "bank": "CASA DE BOLSA ARKA S.A DE C.V.",
            "city": "MEXICO",
            "branch": null,
            "swift_code": "CBAKMXM1"
        },
        {
            "id": 93,
            "bank": "CASA DE BOLSA BANCOMER, S.A. DE C.V.",
            "city": "MEXICO",
            "branch": null,
            "swift_code": "CBOBMXM1"
        },
        {
            "id": 94,
            "bank": "CASA DE BOLSA BANORTE, S.A. DE C.V.",
            "city": "MEXICO",
            "branch": null,
            "swift_code": "BAOTMXM1"
        },
        {
            "id": 95,
            "bank": "CASA DE BOLSA CREDIT SUISSE (MEXICO), S.A. DE C.V.",
            "city": "MEXICO",
            "branch": null,
            "swift_code": "CSFBMXMX"
        },
        {
            "id": 96,
            "bank": "CASA DE BOLSA DEL VALLE DE MEXICO, S.A. DE C.V.",
            "city": "MEXICO",
            "branch": null,
            "swift_code": "VALMMXM1"
        },
        {
            "id": 97,
            "bank": "CASA DE BOLSA FINAMEX, S.A.B. DE C.V.",
            "city": "MEXICO",
            "branch": null,
            "swift_code": "CBFAMXM1"
        },
        {
            "id": 98,
            "bank": "CASA DE BOLSA MEXICO, S.A. DE C.V.",
            "city": "MEXICO",
            "branch": null,
            "swift_code": "CBMXMXM1"
        },
        {
            "id": 99,
            "bank": "CASA DE BOLSA PRIME, S.A. DE C.V.",
            "city": "MEXICO",
            "branch": null,
            "swift_code": "CBPRMXM1"
        },
        {
            "id": 100,
            "bank": "CASA DE BOLSA SANTANDER, S.A.",
            "city": "MEXICO",
            "branch": null,
            "swift_code": "CABDMXM1"
        },
        {
            "id": 101,
            "bank": "CASA DE BOLSA UNION SA DE CV",
            "city": "MEXICO",
            "branch": null,
            "swift_code": "CABUMXM1"
        },
        {
            "id": 102,
            "bank": "CASA DE CAMBIO TIBER SA DE CV",
            "city": "MEXICO",
            "branch": null,
            "swift_code": "CTIBMXM1"
        },
        {
            "id": 103,
            "bank": "CEMEX S.A.B. DE C.V.",
            "city": "SAN PEDRO GARZA GARCIA",
            "branch": null,
            "swift_code": "CXCXMXMT"
        },
        {
            "id": 104,
            "bank": "CIBANCO SA",
            "city": "MEXICO",
            "branch": "(FIDUCIARIO)",
            "swift_code": "CIMXMXMMFID"
        },
        {
            "id": 105,
            "bank": "CIBANCO SA",
            "city": "MEXICO",
            "branch": null,
            "swift_code": "CIMXMXMM"
        },
        {
            "id": 106,
            "bank": "DAIMLER MEXICO, SA DE CV",
            "city": "MEXICO",
            "branch": null,
            "swift_code": "DCAGMXMM"
        },
        {
            "id": 107,
            "bank": "DEUTSCHE BANK MEXICO, SA",
            "city": "MEXICO",
            "branch": null,
            "swift_code": "DEUTMXMM"
        },
        {
            "id": 108,
            "bank": "ESTRATEGIA BURSATIL, S.A. DE C.V., CASA DE BOLSA",
            "city": "MEXICO",
            "branch": null,
            "swift_code": "ESTBMXM1"
        },
        {
            "id": 109,
            "bank": "ESTRATEGIA CAMBIARIA CASE DE CAMBIO S.A. DE C.V.",
            "city": "MEXICO",
            "branch": null,
            "swift_code": "ECAMMXM1"
        },
        {
            "id": 110,
            "bank": "EVERCORE CASA DE BOLSA SA DE CV",
            "city": "MEXICO",
            "branch": null,
            "swift_code": "EVCBMXMM"
        },
        {
            "id": 111,
            "bank": "FIMSA CASA DE BOLSA, S.A. DE C.V.",
            "city": "MEXICO",
            "branch": null,
            "swift_code": "FMCBMXM1"
        },
        {
            "id": 112,
            "bank": "FINANCIERA CUALLIX, SA DE CV, SOFOM ENR",
            "city": "MONTERREY",
            "branch": null,
            "swift_code": "CUAFMXMX"
        },
        {
            "id": 113,
            "bank": "FIRST NATIONAL BANK, S.A. DE C.V",
            "city": "TIJUANA",
            "branch": null,
            "swift_code": "FNAIMXM1"
        },
        {
            "id": 114,
            "bank": "FITCH MEXICO S.A. DE C.V.",
            "city": "MONTERREY,N.L.",
            "branch": null,
            "swift_code": "FRIPMXM1"
        },
        {
            "id": 115,
            "bank": "GBM GRUPO BURSATIL MEXICANO, S.A.B. DE C.V. CASA E BOLSA",
            "city": "MEXICO",
            "branch": null,
            "swift_code": "GBMSMXM1"
        },
        {
            "id": 116,
            "bank": "GBM GRUPO BURSATIL MEXICANO, SA DE CV",
            "city": "MEXICO",
            "branch": null,
            "swift_code": "GBMSMXMX"
        },
        {
            "id": 117,
            "bank": "GOLDMAN SACHS MEXICO CASA DE BOLSA, SA DE CV",
            "city": "MEXICO",
            "branch": null,
            "swift_code": "GOLDMXM1"
        },
        {
            "id": 118,
            "bank": "GRUPO CONDUMEX, S.A. DE C.V.",
            "city": "MEXICO",
            "branch": null,
            "swift_code": "GCONMXMM"
        },
        {
            "id": 119,
            "bank": "GRUPO KUO SAB DE CV",
            "city": "MEXICO",
            "branch": null,
            "swift_code": "GKUOMXMM"
        },
        {
            "id": 120,
            "bank": "GRUPO TELEVISA, S.A.B.",
            "city": "MEXICO",
            "branch": null,
            "swift_code": "TVSAMXMM"
        },
        {
            "id": 121,
            "bank": "HR RATINGS DE MEXICO, S.A. DE C.V.",
            "city": "MEXICO",
            "branch": null,
            "swift_code": "RAMXMXM1"
        },
        {
            "id": 122,
            "bank": "HSBC CASA DE BOLSA, S.A. DE C.V., GRUPO FINANCIERHSBC",
            "city": "MEXICO",
            "branch": null,
            "swift_code": "BITLMXM1"
        },
        {
            "id": 123,
            "bank": "HSBC MEXICO, S.A., INSTITUCION DE BANCA MULTIPLE, GRUPO FINANCIERO HSBC",
            "city": "MEXICO",
            "branch": "(CLS HSBC MEXICO)",
            "swift_code": "BIMEMXMMCLS"
        },
        {
            "id": 124,
            "bank": "HSBC MEXICO, S.A., INSTITUCION DE BANCA MULTIPLE, GRUPO FINANCIERO HSBC",
            "city": "MEXICO",
            "branch": "(SECURITIES SERVICES CNC MEXICO)",
            "swift_code": "BIMEMXMM397"
        },
        {
            "id": 125,
            "bank": "HSBC MEXICO, S.A., INSTITUCION DE BANCA MULTIPLE, GRUPO FINANCIERO HSBC",
            "city": "MEXICO",
            "branch": null,
            "swift_code": "BIMEMXMM"
        },
        {
            "id": 126,
            "bank": "HYUNDAI MOBIS MEXICO",
            "city": "MONTERREY,N.L.",
            "branch": null,
            "swift_code": "HYMOMXM1"
        },
        {
            "id": 127,
            "bank": "INDUSTRIAL AND COMMERCIAL BANK OF CHINA MEXICO, S.A.",
            "city": "MEXICO",
            "branch": null,
            "swift_code": "ICBKMXMM"
        },
        {
            "id": 128,
            "bank": "ING BARING GRUPO FINANCIERO (MEXICO) S.A. DE C.V.",
            "city": "MEXICO",
            "branch": null,
            "swift_code": "BRRNMXM1"
        },
        {
            "id": 129,
            "bank": "INTERACCIONES CASA DE BOLSA, S.A. DE C.V.",
            "city": "MEXICO",
            "branch": null,
            "swift_code": "ICDBMXM1"
        },
        {
            "id": 130,
            "bank": "INTERCAM BANCO SA INSTITUCION DE BANCA MULTIPLE INTERCAM GRUPO FINANCIERO",
            "city": "MEXICO",
            "branch": null,
            "swift_code": "INTEMXMM"
        },
        {
            "id": 131,
            "bank": "INTERCAM CASA DE BOLSA S.A. DE C.V.",
            "city": "MEXICO",
            "branch": null,
            "swift_code": "ICABMXMM"
        },
        {
            "id": 132,
            "bank": "INVERMEXICO, S.A. DE C.V., CASA DE BOLSA",
            "city": "MEXICO",
            "branch": null,
            "swift_code": "INVMMXM1"
        },
        {
            "id": 133,
            "bank": "INVERSORA BURSATIL, S.A. DE C.V., CASA DE BOLSA",
            "city": "MEXICO",
            "branch": null,
            "swift_code": "IVSBMXM1"
        },
        {
            "id": 134,
            "bank": "INVESTA BANK, S.A. INSTITUCION DE BANCA MULTIPLE",
            "city": "MEXICO",
            "branch": null,
            "swift_code": "GINSMXMM"
        },
        {
            "id": 135,
            "bank": "INVEX CASA DE BOLSA, S.A. DE C.V.",
            "city": "MEXICO",
            "branch": null,
            "swift_code": "IVXBMXM1"
        },
        {
            "id": 136,
            "bank": "IXE CASA DE BOLSA, S.A. DE C.V.",
            "city": "MEXICO",
            "branch": null,
            "swift_code": "IXEEMXM1"
        },
        {
            "id": 137,
            "bank": "LG DISPLAY REYNOSA SA DE CV",
            "city": "REYNOSA",
            "branch": null,
            "swift_code": "LGDRMXM1"
        },
        {
            "id": 138,
            "bank": "MASTTRO CAPITAL SAPI DE CV",
            "city": "SAN PEDRO GARZA GARCIA",
            "branch": null,
            "swift_code": "MSAAMXM1"
        },
        {
            "id": 139,
            "bank": "MERCADO MEXICANO DE DERIVADOS, S.A. DE C.V.",
            "city": "MEXICO",
            "branch": null,
            "swift_code": "XEMDMXM1"
        },
        {
            "id": 140,
            "bank": "MERCURY BANK AND TRUST LTD.",
            "city": "MEXICO",
            "branch": null,
            "swift_code": "MTRLMXM1"
        },
        {
            "id": 141,
            "bank": "METALSA S.A. DE C.V.",
            "city": "MONTERREY",
            "branch": null,
            "swift_code": "MTASMXMT"
        },
        {
            "id": 142,
            "bank": "MEXIVAL BANPAIS CASA DE BOLSA, S.A. DE C.V.",
            "city": "MEXICO",
            "branch": null,
            "swift_code": "MXBCMXM1"
        },
        {
            "id": 143,
            "bank": "MIZUHO BANK MEXICO, S.A., INSTITUCION DE BANCA MULTIPLE",
            "city": "MEXICO",
            "branch": null,
            "swift_code": "MHBMMXMM"
        },
        {
            "id": 144,
            "bank": "MOODY'S DE MEXICO S.A. DE C.V",
            "city": "MEXICO",
            "branch": null,
            "swift_code": "MOMXMXM1"
        },
        {
            "id": 145,
            "bank": "MORGAN STANLEY",
            "city": "MEXICO",
            "branch": null,
            "swift_code": "MSMCMXMM"
        },
        {
            "id": 146,
            "bank": "MULTIVALORES CASA DE BOLSA, S.A. DE C.V.",
            "city": "MEXICO",
            "branch": null,
            "swift_code": "MLVLMXM1"
        },
        {
            "id": 147,
            "bank": "NACIONAL FINANCIERA, S.N.C.",
            "city": "MEXICO",
            "branch": null,
            "swift_code": "NFSAMXMM"
        },
        {
            "id": 148,
            "bank": "NIKE DE MEXICO, S.DE R.L. DE C.V.",
            "city": "GUADALAJARA",
            "branch": null,
            "swift_code": "NIKEMXM1"
        },
        {
            "id": 149,
            "bank": "OPERADORA DE BOLSA SERFIN, S.A. DE C.V., CASA DE BOLSA",
            "city": "MEXICO",
            "branch": null,
            "swift_code": "OPBSMXM1"
        },
        {
            "id": 150,
            "bank": "OPERADORA DE BOLSA, S.A. DE C.V.",
            "city": "MEXICO",
            "branch": null,
            "swift_code": "OPBOMXM1"
        },
        {
            "id": 151,
            "bank": "PROBURSA CASA DE BOLSA, S.A. DE C.V. CASA DE BOLSA",
            "city": "MEXICO",
            "branch": null,
            "swift_code": "PBSAMXM1"
        },
        {
            "id": 152,
            "bank": "S.D. INDEVAL, S.A. DE C.V.",
            "city": "MEXICO",
            "branch": null,
            "swift_code": "INDEMXMM"
        },
        {
            "id": 153,
            "bank": "S.D. INDEVAL, SA DE C.V.",
            "city": "MEXICO",
            "branch": null,
            "swift_code": "INDEMX21"
        },
        {
            "id": 154,
            "bank": "SAMSUNG MEXICANA, S.A. DE C.V.",
            "city": "QUERETARO",
            "branch": "(SEDAM)",
            "swift_code": "SECTMXM1394"
        },
        {
            "id": 155,
            "bank": "SAMSUNG MEXICANA, S.A. DE C.V.",
            "city": "TIJUANA",
            "branch": "(SAMEX)",
            "swift_code": "SECTMXM1350"
        },
        {
            "id": 156,
            "bank": "SAMSUNG MEXICANA, S.A. DE C.V.",
            "city": "TIJUANA",
            "branch": "(SEM)",
            "swift_code": "SECTMXM1390"
        },
        {
            "id": 157,
            "bank": "SAMSUNG MEXICANA, S.A. DE C.V.",
            "city": "TIJUANA",
            "branch": null,
            "swift_code": "SECTMXM1"
        },
        {
            "id": 158,
            "bank": "SANTANDER SERFIN",
            "city": "VERACRUZ",
            "branch": null,
            "swift_code": "SAEFMXM1"
        },
        {
            "id": 159,
            "bank": "SCOTIA INVERLAT CASA DE BOLSA, S.A. DE C.V.",
            "city": "MEXICO",
            "branch": null,
            "swift_code": "CBOIMXM1"
        },
        {
            "id": 160,
            "bank": "SCOTIABANK INVERLAT, S.A.",
            "city": "GUADALAJARA",
            "branch": null,
            "swift_code": "MBCOMXMMGUA"
        },
        {
            "id": 161,
            "bank": "SCOTIABANK INVERLAT, S.A.",
            "city": "MEXICO",
            "branch": "(DEPARTAMENTO DE INVERSION)",
            "swift_code": "MBCOMXMMINV"
        },
        {
            "id": 162,
            "bank": "SCOTIABANK INVERLAT, S.A.",
            "city": "MEXICO",
            "branch": "(SECURITIES DEPARTMENT)",
            "swift_code": "MBCOMXMMSEC"
        },
        {
            "id": 163,
            "bank": "SCOTIABANK INVERLAT, S.A.",
            "city": "MEXICO",
            "branch": null,
            "swift_code": "MBCOMXMM"
        },
        {
            "id": 164,
            "bank": "SCOTIABANK INVERLAT, S.A.",
            "city": "MEXICO",
            "branch": null,
            "swift_code": "MBCOMXMMFXA"
        },
        {
            "id": 165,
            "bank": "SCOTIABANK INVERLAT, S.A.",
            "city": "MONTERREY",
            "branch": null,
            "swift_code": "MBCOMXMMMTY"
        },
        {
            "id": 166,
            "bank": "SCOTIABANK INVERLAT, S.A.",
            "city": "PUEBLA",
            "branch": null,
            "swift_code": "MBCOMXMMPUE"
        },
        {
            "id": 167,
            "bank": "TESORED, S.A. DE C.V.",
            "city": "MEXICO",
            "branch": null,
            "swift_code": "TESRMXMM"
        },
        {
            "id": 168,
            "bank": "UBS CASA DE BOLSA, S.A. DE C.V.",
            "city": "MEXICO",
            "branch": null,
            "swift_code": "UBSWMXMC"
        },
        {
            "id": 169,
            "bank": "VACTOR CASA DE BOLSA, S.A. DE C.V.",
            "city": "GARZA GARCIA",
            "branch": null,
            "swift_code": "VCCBMXG1"
        },
        {
            "id": 170,
            "bank": "VALORES BURSATILES DE MEXICO, S.A. DE C.V.",
            "city": "MEXICO",
            "branch": null,
            "swift_code": "VBMXMXM1"
        },
        {
            "id": 171,
            "bank": "VALORES FINAMEX, S.A. DE C.V., CASA DE BOLSA",
            "city": "MEXICO",
            "branch": null,
            "swift_code": "VFMXMXM1"
        },
        {
            "id": 172,
            "bank": "VALORES MEXICANOS CASA DE BOLSA, S.A. DE C.V.",
            "city": "MEXICO",
            "branch": null,
            "swift_code": "VMXSMXM1"
        },
        {
            "id": 173,
            "bank": "VALUE, S.A. DE C.V., CASA DE BOLSA",
            "city": "MEXICO",
            "branch": null,
            "swift_code": "VACBMXM1"
        },
        {
            "id": 174,
            "bank": "VANGUARDIA CASA DE BOLSA",
            "city": "MEXICO",
            "branch": null,
            "swift_code": "VACLMXM1"
        },
        {
            "id": 175,
            "bank": "VECTOR CASA DE BOLSA, SA DE CV",
            "city": "MONTERREY",
            "branch": null,
            "swift_code": "VECRMXMM"
        },
        {
            "id": 176,
            "bank": "VOLKSWAGEN DE MEXICO S.A. DE C.V.",
            "city": "MEXICO",
            "branch": null,
            "swift_code": "VWAGMXMM"
        },
        {
            "id": 177,
            "bank": "VW DE MEXICO",
            "city": "PUEBLA",
            "branch": null,
            "swift_code": "MEXCMXM1"
        }
    ]
}
