{
    "country": "Malaysia",
    "country_code": "MY",
    "list": [
        {
            "id": 1,
            "bank": "A.A. ANTHONY AND CO SDN BHD",
            "city": "PENANG, PENANG",
            "branch": null,
            "swift_code": "ANTOMY21"
        },
        {
            "id": 2,
            "bank": "ABN AMRO HOARE GOVETT ASIA CLEARING SERVICES LTD.",
            "city": "KUALA LUMPUR",
            "branch": null,
            "swift_code": "HGASMYK1"
        },
        {
            "id": 3,
            "bank": "ABRAR DISCOUNTS BERHAD",
            "city": "KUALA LUMPUR",
            "branch": null,
            "swift_code": "ISCAMYK1"
        },
        {
            "id": 4,
            "bank": "ABRAR FUTURES SDN BHD",
            "city": "KUALA LUMPUR",
            "branch": null,
            "swift_code": "ABFUMYK1"
        },
        {
            "id": 5,
            "bank": "AFFIN BANK BERHAD",
            "city": "KUALA LUMPUR",
            "branch": null,
            "swift_code": "PHBMMYKL"
        },
        {
            "id": 6,
            "bank": "AFFIN DISCOUNT BERHAD",
            "city": "KUALA LUMPUR",
            "branch": null,
            "swift_code": "AFIDMYK1"
        },
        {
            "id": 7,
            "bank": "AFFIN HWANG ASSET MANAGEMENT BERHAD",
            "city": "KUALA LUMPUR",
            "branch": null,
            "swift_code": "HIMRMYK1"
        },
        {
            "id": 8,
            "bank": "AFFIN HWANG INVESTMENT BANK BERHAD",
            "city": "KUALA LUMPUR",
            "branch": null,
            "swift_code": "AFUOMYK1"
        },
        {
            "id": 9,
            "bank": "AFFIN HWANG INVESTMENT BANK BERHAD",
            "city": "KUALA LUMPUR",
            "branch": null,
            "swift_code": "HDSBMY2P"
        },
        {
            "id": 10,
            "bank": "AFFIN ISLAMIC BANK BERHAD",
            "city": "KUALA LUMPUR",
            "branch": null,
            "swift_code": "AIBBMYKL"
        },
        {
            "id": 11,
            "bank": "AFFIN MERCHANT BANK BERHAD",
            "city": "KUALA LUMPUR",
            "branch": null,
            "swift_code": "PMBBMYK1"
        },
        {
            "id": 12,
            "bank": "AGROBANK ISLAMIC",
            "city": "KUALA LUMPUR",
            "branch": null,
            "swift_code": "AGISMYK1"
        },
        {
            "id": 13,
            "bank": "AIA BERHAD",
            "city": "KUALA LUMPUR",
            "branch": null,
            "swift_code": "AIBEMYK1"
        },
        {
            "id": 14,
            "bank": "AIA BHD.",
            "city": "KUALA LUMPUR",
            "branch": "(GENERAL INVESTMENT OPERATIONS)",
            "swift_code": "AIACMYK1GIO"
        },
        {
            "id": 15,
            "bank": "AIA BHD.",
            "city": "KUALA LUMPUR",
            "branch": null,
            "swift_code": "AIACMYKL"
        },
        {
            "id": 16,
            "bank": "AIA PENSION AND ASSET MANAGEMENT SDN BHD",
            "city": "KUALA LUMPUR",
            "branch": null,
            "swift_code": "AIPMMYK1"
        },
        {
            "id": 17,
            "bank": "AL ATAS BULLION TRADING HOUSE (L) LIMITED",
            "city": "KUALA LUMPUR",
            "branch": null,
            "swift_code": "ABTHMYK1"
        },
        {
            "id": 18,
            "bank": "AL ATAS CAPITAL AND STOCK BROKERAGE HOUSE PTE LTD",
            "city": "LABUAN",
            "branch": null,
            "swift_code": "ACSBMYK1"
        },
        {
            "id": 19,
            "bank": "AL RAJHI BANKING AND INVESTMENT CORPORATION (MALAYSIA) BHD",
            "city": "KUALA LUMPUR",
            "branch": null,
            "swift_code": "RJHIMYKL"
        },
        {
            "id": 20,
            "bank": "ALKHAIR INTERNATIONAL ISLAMIC BANK BERHAD",
            "city": "KUALA LUMPUR",
            "branch": null,
            "swift_code": "UIIBMYKL"
        },
        {
            "id": 21,
            "bank": "ALLIANCE BANK MALAYSIA BERHAD",
            "city": "KUALA LUMPUR",
            "branch": null,
            "swift_code": "MFBBMYKL"
        },
        {
            "id": 22,
            "bank": "ALLIANCE INTERNATIONAL BERHAD",
            "city": "KOTA KINABALU, SABAH",
            "branch": null,
            "swift_code": "HHBSMY41"
        },
        {
            "id": 23,
            "bank": "ALLIANCE INVESTMENT BANK BERHAD",
            "city": "KUALA LUMPUR",
            "branch": null,
            "swift_code": "MBAMMY21"
        },
        {
            "id": 24,
            "bank": "ALLIANCE INVESTMENT BANK BERHAD",
            "city": "KUALA LUMPUR",
            "branch": null,
            "swift_code": "MBAMMYKL"
        },
        {
            "id": 25,
            "bank": "ALLIANCE INVESTMENT FUTURES SDN. BHD.",
            "city": "KUALA LUMPUR",
            "branch": null,
            "swift_code": "KLFFMYK1"
        },
        {
            "id": 26,
            "bank": "ALLIANCE ISLAMIC BANK BERHAD",
            "city": "KUALA LUMPUR",
            "branch": null,
            "swift_code": "ALSRMYKL"
        },
        {
            "id": 27,
            "bank": "ALOR SETAR SECURITIES SDN BHD",
            "city": "ALOR SETAR, KEDAH",
            "branch": null,
            "swift_code": "ALOSMY21"
        },
        {
            "id": 28,
            "bank": "AMANAH BUTLER MALAYSIA SDN BHD",
            "city": "KUALA LUMPUR",
            "branch": null,
            "swift_code": "AMBMMYK1"
        },
        {
            "id": 29,
            "bank": "AMANAH FUTURES AND OPTIONS SDN BHD",
            "city": "KUALA LUMPUR",
            "branch": null,
            "swift_code": "AFOBMYK1"
        },
        {
            "id": 30,
            "bank": "AMANAH MUTUAL BERHAD",
            "city": "KUALA LUMPUR",
            "branch": null,
            "swift_code": "MMBHMYK1"
        },
        {
            "id": 31,
            "bank": "AMANAH SAHAM KEDAH BERHAD",
            "city": "ALOR SETAR, KEDAH",
            "branch": null,
            "swift_code": "KUTMMY21"
        },
        {
            "id": 32,
            "bank": "AMANAH SAHAM MIC-TPG BHD",
            "city": "KUALA LUMPUR",
            "branch": null,
            "swift_code": "ASMIMYK1"
        },
        {
            "id": 33,
            "bank": "AMANAH SAHAM SARAWAK BERHAD",
            "city": "KUCHING, SARAWAK",
            "branch": null,
            "swift_code": "SSWKMYK1"
        },
        {
            "id": 34,
            "bank": "AMANAH SHORT DEPOSITS BERHAD",
            "city": "KUALA LUMPUR",
            "branch": null,
            "swift_code": "SDEPMYK1"
        },
        {
            "id": 35,
            "bank": "AMANAHRAYA TRUSTEES BERHAD",
            "city": "KUALA LUMPUR",
            "branch": null,
            "swift_code": "AMTBMYK1"
        },
        {
            "id": 36,
            "bank": "AMBANK (M) BERHAD",
            "city": "KUALA LUMPUR",
            "branch": null,
            "swift_code": "ARBKMYKL"
        },
        {
            "id": 37,
            "bank": "AMBANK (M) BERHAD",
            "city": "LABUAN",
            "branch": "(LABUAN OFFSHORE BRANCH (LICENSED LABUAN BANK NO.080097D))",
            "swift_code": "ARBKMYKLLAB"
        },
        {
            "id": 38,
            "bank": "AMCREDIT BERHAD",
            "city": "KUALA LUMPUR",
            "branch": null,
            "swift_code": "AMCBMYK1"
        },
        {
            "id": 39,
            "bank": "AMFB HOLDINGS BERHAD",
            "city": "KUALA LUMPUR",
            "branch": null,
            "swift_code": "AMFBMYK1"
        },
        {
            "id": 40,
            "bank": "AMFUNDS MANAGEMENT BERHAD",
            "city": "KUALA LUMPUR",
            "branch": null,
            "swift_code": "AMMEMYK1"
        },
        {
            "id": 41,
            "bank": "AMINVESTMENT BANK BERHAD (FORMERLY KNOWN AS AMMERCHANT BANK BERHAD)",
            "city": "KUALA LUMPUR",
            "branch": null,
            "swift_code": "AMMBMYKL"
        },
        {
            "id": 42,
            "bank": "AMINVESTMENT BANK BERHAD-SPI",
            "city": "KUALA LUMPUR",
            "branch": null,
            "swift_code": "AMMBMY21"
        },
        {
            "id": 43,
            "bank": "AMISLAMIC BANK BERHAD",
            "city": "KUALA LUMPUR",
            "branch": null,
            "swift_code": "AISLMYKL"
        },
        {
            "id": 44,
            "bank": "AMMB FUTURES SDN BHD",
            "city": "KUALA LUMPUR",
            "branch": null,
            "swift_code": "ARFBMYK1"
        },
        {
            "id": 45,
            "bank": "AMMB INVESTMENT SERVICES BHD",
            "city": "KUALA LUMPUR",
            "branch": null,
            "swift_code": "AMUTMYK1"
        },
        {
            "id": 46,
            "bank": "AMSECURITIES SDN BHD",
            "city": "KUALA LUMPUR",
            "branch": null,
            "swift_code": "AMSDMYK1"
        },
        {
            "id": 47,
            "bank": "AOF FUTURES SDN. BHD.",
            "city": "KUALA LUMPUR",
            "branch": null,
            "swift_code": "AOFMMYK1"
        },
        {
            "id": 48,
            "bank": "ARAB MALAYSIAN DEVELOPMENT BANK",
            "city": "KUALA LUMPUR",
            "branch": null,
            "swift_code": "ARMDMYK1"
        },
        {
            "id": 49,
            "bank": "ASIA COMMERCIAL FINANCE (M) BHD",
            "city": "KUALA LUMPUR",
            "branch": null,
            "swift_code": "ACFBMYK1"
        },
        {
            "id": 50,
            "bank": "ASIA PACIFIC BANKING GROUP MALAYSIA",
            "city": "KUALA LUMPUR",
            "branch": null,
            "swift_code": "APGTMYK1"
        },
        {
            "id": 51,
            "bank": "ASIAN AND EURO-AMERICA MERCHANT BANKERS (MALAYSIA) BERHAD",
            "city": "KUALA LUMPUR",
            "branch": null,
            "swift_code": "AEAMMYK1"
        },
        {
            "id": 52,
            "bank": "ASIAN FINANCE BANK BERHAD",
            "city": "KUALA LUMPUR",
            "branch": null,
            "swift_code": "AFBQMYKL"
        },
        {
            "id": 53,
            "bank": "ASIAN TRADE INVESTMENT BANK LTD",
            "city": "LABUAN",
            "branch": null,
            "swift_code": "ATBLMY21"
        },
        {
            "id": 54,
            "bank": "ASM MARA UNIT TRUST MANAGEMENT BERHAD",
            "city": "KUALA LUMPUR",
            "branch": null,
            "swift_code": "ASMMMYK1"
        },
        {
            "id": 55,
            "bank": "AVENUE SECURITIES SDN BDH",
            "city": "KUALA LUMPUR",
            "branch": null,
            "swift_code": "CHABMYK1"
        },
        {
            "id": 56,
            "bank": "AVENUE SECURITIES SDN.BHD.",
            "city": "KUALA LUMPUR",
            "branch": null,
            "swift_code": "AVSSMYK1"
        },
        {
            "id": 57,
            "bank": "BANGKOK BANK BERHAD",
            "city": "KUALA LUMPUR",
            "branch": null,
            "swift_code": "BKKBMYKL"
        },
        {
            "id": 58,
            "bank": "BANK AL HABIB LIMITED",
            "city": "LABUAN",
            "branch": null,
            "swift_code": "BAHLMY2A"
        },
        {
            "id": 59,
            "bank": "BANK INDUSTRI MALAYSIA BERHAD",
            "city": "KUALA LUMPUR",
            "branch": null,
            "swift_code": "BKIMMYK1"
        },
        {
            "id": 60,
            "bank": "BANK ISLAM MALAYSIA BERHAD",
            "city": "KUALA LUMPUR",
            "branch": null,
            "swift_code": "BIMBMYKL"
        },
        {
            "id": 61,
            "bank": "BANK ISLAM MALAYSIA BERHAD LABUAN OFFSHORE BRANCH",
            "city": "LABUAN",
            "branch": null,
            "swift_code": "BISLMYKA"
        },
        {
            "id": 62,
            "bank": "BANK KERJASAMA RAKYAT MALAYSIA BERHAD (BANK RAKYAT)",
            "city": "KUALA LUMPUR",
            "branch": null,
            "swift_code": "BKRMMYKL"
        },
        {
            "id": 63,
            "bank": "BANK MUAMALAT MALAYSIA BERHAD (6175-W)",
            "city": "KUALA LUMPUR",
            "branch": "(TRADE FINANCE)",
            "swift_code": "BMMBMYKLTFD"
        },
        {
            "id": 64,
            "bank": "BANK MUAMALAT MALAYSIA BERHAD (6175-W)",
            "city": "KUALA LUMPUR",
            "branch": null,
            "swift_code": "BMMBMYKL"
        },
        {
            "id": 65,
            "bank": "BANK NEGARA MALAYSIA",
            "city": "KUALA LUMPUR",
            "branch": "(HEAD OFFICE)",
            "swift_code": "BNMAMYKL"
        },
        {
            "id": 66,
            "bank": "BANK NEGARA MALAYSIA",
            "city": "KUALA LUMPUR",
            "branch": null,
            "swift_code": "BNMAMY2K"
        },
        {
            "id": 67,
            "bank": "BANK OF AMERICA, MALAYSIA BERHAD",
            "city": "KUALA LUMPUR",
            "branch": null,
            "swift_code": "BOFAMY2X"
        },
        {
            "id": 68,
            "bank": "BANK OF AMERICA, MALAYSIA BERHAD",
            "city": "KUALA LUMPUR",
            "branch": null,
            "swift_code": "BOFAMY2XGRC"
        },
        {
            "id": 69,
            "bank": "BANK OF AMERICA, MALAYSIA BERHAD",
            "city": "KUALA LUMPUR",
            "branch": null,
            "swift_code": "BOFAMY2XLMY"
        },
        {
            "id": 70,
            "bank": "BANK OF AMERICA, MALAYSIA BERHAD",
            "city": "LABUAN",
            "branch": null,
            "swift_code": "BOFAMY2XLBN"
        },
        {
            "id": 71,
            "bank": "BANK OF CHINA (MALAYSIA) BERHAD",
            "city": "KUALA LUMPUR",
            "branch": null,
            "swift_code": "BKCHMYKL"
        },
        {
            "id": 72,
            "bank": "BANK OF NOVA SCOTIA, THE",
            "city": "LABUAN",
            "branch": "(THE LABUAN BRANCH)",
            "swift_code": "NOSCMY2L"
        },
        {
            "id": 73,
            "bank": "BANK OF TOKYO-MITSUBISHI UFJ (MALAYSIA) BERHAD",
            "city": "KUALA LUMPUR",
            "branch": null,
            "swift_code": "BOTKMY21"
        },
        {
            "id": 74,
            "bank": "BANK OF TOKYO-MITSUBISHI UFJ (MALAYSIA) BERHAD",
            "city": "KUALA LUMPUR",
            "branch": null,
            "swift_code": "BOTKMYKX"
        },
        {
            "id": 75,
            "bank": "BANK OF TOKYO-MITSUBISHI UFJ, LTD., THE",
            "city": "LABUAN",
            "branch": "(LABUAN BRANCH)",
            "swift_code": "BOTKMYKA"
        },
        {
            "id": 76,
            "bank": "BANK PEMBANGUNAN MALAYSIA BERHAD",
            "city": "KUALA LUMPUR",
            "branch": null,
            "swift_code": "PEMBMYK1"
        },
        {
            "id": 77,
            "bank": "BANK PEMBANGUNAN MALAYSIA BERHAD-SPI",
            "city": "KUALA LUMPUR",
            "branch": null,
            "swift_code": "PEMBMY21"
        },
        {
            "id": 78,
            "bank": "BANK PERTANIAN MALAYSIA BERHAD - RENTAS SPI",
            "city": "KUALA LUMPUR",
            "branch": null,
            "swift_code": "AGOBMY21"
        },
        {
            "id": 79,
            "bank": "BANK PERTANIAN MALAYSIA BERHAD-AGROBANK",
            "city": "KUALA LUMPUR",
            "branch": null,
            "swift_code": "AGOBMYKL"
        },
        {
            "id": 80,
            "bank": "BANK SIMPANAN NASIONAL BERHAD",
            "city": "KUALA LUMPUR",
            "branch": null,
            "swift_code": "BSNAMYK1"
        },
        {
            "id": 81,
            "bank": "BANK SIMPANAN NASIONAL-ISLAMIC",
            "city": "KUALA LUMPUR",
            "branch": null,
            "swift_code": "BSNAMY21"
        },
        {
            "id": 82,
            "bank": "BARCLAYS DE ZOETE WEDD (MALAYSIA) SDN BHD",
            "city": "KUALA LUMPUR",
            "branch": null,
            "swift_code": "BZWLMYK1"
        },
        {
            "id": 83,
            "bank": "BAT ASPAC SERVICE CENTRE SDN. BHD",
            "city": "KUALA LUMPUR",
            "branch": null,
            "swift_code": "BATSMYK1"
        },
        {
            "id": 84,
            "bank": "BBMB DISCOUNT HOUSE BHD",
            "city": "KUALA LUMPUR",
            "branch": null,
            "swift_code": "BDHBMYK1"
        },
        {
            "id": 85,
            "bank": "BBMB FUTURES SDN BHD",
            "city": "KUALA LUMPUR",
            "branch": null,
            "swift_code": "BBFTMYK1"
        },
        {
            "id": 86,
            "bank": "BBMB KEWANGAN BHD.",
            "city": "KUALA LUMPUR",
            "branch": null,
            "swift_code": "BKEWMYK1"
        },
        {
            "id": 87,
            "bank": "BBMB SECURITIES SDN BHD",
            "city": "KUALA LUMPUR",
            "branch": null,
            "swift_code": "BSSBMYK1"
        },
        {
            "id": 88,
            "bank": "BBMB UNIT TRUST MANAGEMENT BERHAD",
            "city": "KUALA LUMPUR",
            "branch": null,
            "swift_code": "BBUTMYK1"
        },
        {
            "id": 89,
            "bank": "BIMB SECURITIES SDN BHD",
            "city": "KUALA LUMPUR",
            "branch": null,
            "swift_code": "BSDBMYK1"
        },
        {
            "id": 90,
            "bank": "BIMB UNIT TRUST MANAGEMENT BERHAD",
            "city": "KUALA LUMPUR",
            "branch": null,
            "swift_code": "BUTMMYK1"
        },
        {
            "id": 91,
            "bank": "BNP PARIBAS",
            "city": "LABUAN",
            "branch": null,
            "swift_code": "BNPAMYKA"
        },
        {
            "id": 92,
            "bank": "BNP PARIBAS MALAYSIA BERHAD",
            "city": "KUALA LUMPUR",
            "branch": "(BNPPM ISLAMIC BANKING WINDOW)",
            "swift_code": "BNPAMYKLSPI"
        },
        {
            "id": 93,
            "bank": "BNP PARIBAS MALAYSIA BERHAD",
            "city": "KUALA LUMPUR",
            "branch": null,
            "swift_code": "BNPAMYKL"
        },
        {
            "id": 94,
            "bank": "BNP PARIBAS MALAYSIA BERHAD-SPI",
            "city": "KUALA LUMPUR",
            "branch": null,
            "swift_code": "BNPAMY21"
        },
        {
            "id": 95,
            "bank": "BRITISH AMERICAN TOBACCO GSD (KUALA LUMPUR) SDN BHD",
            "city": "PETALING JAYA, SELANGOR",
            "branch": null,
            "swift_code": "BATSMY21"
        },
        {
            "id": 96,
            "bank": "BUMIPUTRA MERCHANT BANKERS BERHAD",
            "city": "KUALA LUMPUR",
            "branch": null,
            "swift_code": "BMBBMYK1"
        },
        {
            "id": 97,
            "bank": "BURSA MALAYSIA BERHAD",
            "city": "KUALA LUMPUR",
            "branch": null,
            "swift_code": "XKLSMYK1"
        },
        {
            "id": 98,
            "bank": "BURSA MALAYSIA DEPOSITORY SDN. BHD.",
            "city": "KUALA LUMPUR",
            "branch": null,
            "swift_code": "MCDSMYK1"
        },
        {
            "id": 99,
            "bank": "BURSA MALAYSIA DERIVATIVES BERHAD",
            "city": "KUALA LUMPUR",
            "branch": null,
            "swift_code": "XLOFMYK1"
        },
        {
            "id": 100,
            "bank": "BURSA MALAYSIA DERIVATIVES CLEARING BERHAD",
            "city": "KUALA LUMPUR",
            "branch": null,
            "swift_code": "BMDRMYK1"
        },
        {
            "id": 101,
            "bank": "BURSA MALAYSIA SECURITIES CLEARING SENDIRIAN BERHAD",
            "city": "KUALA LUMPUR",
            "branch": null,
            "swift_code": "BMSCMYK1"
        },
        {
            "id": 102,
            "bank": "CAGAMAS BERHAD",
            "city": "KUALA LUMPUR",
            "branch": null,
            "swift_code": "CAGAMYKL"
        },
        {
            "id": 103,
            "bank": "CAGAMAS BERHAD - SPI",
            "city": "KUALA LUMPUR",
            "branch": null,
            "swift_code": "CAGAMY21"
        },
        {
            "id": 104,
            "bank": "CAPITAL INVESTMENT BANK (LABUAN) LIMITED (CIB LABUAN)",
            "city": "LABUAN",
            "branch": null,
            "swift_code": "CINBMY21"
        },
        {
            "id": 105,
            "bank": "CHINA CONSTRUCTION BANK (MALAYSIA) BERHAD",
            "city": "KUALA LUMPUR",
            "branch": null,
            "swift_code": "PCBCMYKL"
        },
        {
            "id": 106,
            "bank": "CIMB BANK (L) LIMITED",
            "city": "LABUAN",
            "branch": null,
            "swift_code": "CIBBMYKA"
        },
        {
            "id": 107,
            "bank": "CIMB BANK BERHAD",
            "city": "KUALA LUMPUR",
            "branch": "(SECURITIES BORROWING AND LENDING)",
            "swift_code": "CIBBMYKLSBL"
        },
        {
            "id": 108,
            "bank": "CIMB BANK BERHAD",
            "city": "KUALA LUMPUR",
            "branch": null,
            "swift_code": "CIBBMYKL"
        },
        {
            "id": 109,
            "bank": "CIMB BANK BERHAD, LABUAN OFFSHORE BRANCH",
            "city": "LABUAN",
            "branch": null,
            "swift_code": "CIBBMY2L"
        },
        {
            "id": 110,
            "bank": "CIMB FUTURES SDN. BHD.",
            "city": "KUALA LUMPUR",
            "branch": null,
            "swift_code": "CIMFMYK1"
        },
        {
            "id": 111,
            "bank": "CIMB INVESTMENT BANK BERHAD",
            "city": "KUALA LUMPUR",
            "branch": null,
            "swift_code": "COIMMYKL"
        },
        {
            "id": 112,
            "bank": "CIMB INVESTMENT BANK BERHAD (SP1-ISLAMIC)",
            "city": "KUALA LUMPUR",
            "branch": null,
            "swift_code": "COIMMY21"
        },
        {
            "id": 113,
            "bank": "CIMB ISLAMIC BANK BERHAD",
            "city": "KUALA LUMPUR",
            "branch": null,
            "swift_code": "CTBBMYKL"
        },
        {
            "id": 114,
            "bank": "CIMB WEALTH ADVISORS BERHAD",
            "city": "PETALING JAYA, SELANGOR",
            "branch": null,
            "swift_code": "BPTMMY21"
        },
        {
            "id": 115,
            "bank": "CIMB-PRINCIPAL ASSET MANAGEMENT BERHAD",
            "city": "KUALA LUMPUR",
            "branch": null,
            "swift_code": "CANHMYKL"
        },
        {
            "id": 116,
            "bank": "CITIBANK BERHAD",
            "city": "GEORGETOWN",
            "branch": "(PENANG BRANCH)",
            "swift_code": "CITIMYKLPEN"
        },
        {
            "id": 117,
            "bank": "CITIBANK BERHAD",
            "city": "JOHOR BAHRU, JOHOR",
            "branch": "(JOHOR BAHRU BRANCH)",
            "swift_code": "CITIMYKLJOD"
        },
        {
            "id": 118,
            "bank": "CITIBANK BERHAD",
            "city": "KUALA LUMPUR",
            "branch": "(JALAN AMPANG)",
            "swift_code": "CITIMYKL"
        },
        {
            "id": 119,
            "bank": "CITIBANK BERHAD",
            "city": "KUALA LUMPUR",
            "branch": "(LAB)",
            "swift_code": "CITIMYKLLAB"
        },
        {
            "id": 120,
            "bank": "CITIBANK BERHAD",
            "city": "KUALA LUMPUR",
            "branch": null,
            "swift_code": "CITIMYM1"
        },
        {
            "id": 121,
            "bank": "CITIGROUP GLOBAL MARKET MALAYSIA SDN BHD",
            "city": "KUALA LUMPUR",
            "branch": null,
            "swift_code": "CITIMY21"
        },
        {
            "id": 122,
            "bank": "CLSA SECURITIES MALAYSIA SDN. BHD",
            "city": "KUALA LUMPUR",
            "branch": null,
            "swift_code": "CSMSMYK1"
        },
        {
            "id": 123,
            "bank": "CREDIT CORPORATION (MALAYSIA) BERHAD",
            "city": "KUALA LUMPUR",
            "branch": null,
            "swift_code": "CCMBMYK1"
        },
        {
            "id": 124,
            "bank": "CREDIT LYONNAIS SECURITIES SDN BHD",
            "city": "KUALA LUMPUR",
            "branch": null,
            "swift_code": "CLSAMYK1"
        },
        {
            "id": 125,
            "bank": "CREDIT SUISSE SECURITIES (MALAYSIA) SDN. BHD.",
            "city": "KUALA LUMPUR",
            "branch": null,
            "swift_code": "CSFBMYK1"
        },
        {
            "id": 126,
            "bank": "CROSBY RESEARCH SDN BHD",
            "city": "KUALA LUMPUR",
            "branch": null,
            "swift_code": "CRSHMYK1"
        },
        {
            "id": 127,
            "bank": "DAIWA SECURITIES CO LTD",
            "city": "KUALA LUMPUR",
            "branch": null,
            "swift_code": "DAICMYK1"
        },
        {
            "id": 128,
            "bank": "DBS BANK LTD, LABUAN BRANCH",
            "city": "LABUAN",
            "branch": null,
            "swift_code": "DBSSMY2A"
        },
        {
            "id": 129,
            "bank": "DEUTSCHE BANK (MALAYSIA) BERHAD",
            "city": "KUALA LUMPUR",
            "branch": "(INTERNATIONAL ISLAMIC BANKING, MALAYSIA BRANCH)",
            "swift_code": "DEUTMYKLISB"
        },
        {
            "id": 130,
            "bank": "DEUTSCHE BANK (MALAYSIA) BERHAD",
            "city": "KUALA LUMPUR",
            "branch": null,
            "swift_code": "DEUTMYKL"
        },
        {
            "id": 131,
            "bank": "DEUTSCHE BANK (MALAYSIA) BERHAD",
            "city": "KUALA LUMPUR",
            "branch": null,
            "swift_code": "DEUTMYKLGMO"
        },
        {
            "id": 132,
            "bank": "DEUTSCHE BANK (MALAYSIA) BERHAD",
            "city": "KUALA LUMPUR",
            "branch": null,
            "swift_code": "DEUTMYKLIBW"
        },
        {
            "id": 133,
            "bank": "DEUTSCHE BANK (MALAYSIA) BERHAD",
            "city": "LABUAN",
            "branch": "(LABUAN BRANCH)",
            "swift_code": "DEUTMYKLBLB"
        },
        {
            "id": 134,
            "bank": "DEUTSCHE BANK MALAYSIA BERHAD-SPI",
            "city": "KUALA LUMPUR",
            "branch": null,
            "swift_code": "DEUTMY21"
        },
        {
            "id": 135,
            "bank": "ECMLIBRA INVESTMENT BANK BHD BANGUNAN ECM LIBRA",
            "city": "KUALA LUMPUR",
            "branch": null,
            "swift_code": "EIBEMYK1"
        },
        {
            "id": 136,
            "bank": "EMPLOYEES PROVIDENT FUND BOARD",
            "city": "KUALA LUMPUR",
            "branch": null,
            "swift_code": "KWSPMYK1"
        },
        {
            "id": 137,
            "bank": "EMPLOYEES PROVIDENT FUND BOARD - ISLAMIC",
            "city": "KUALA LUMPUR",
            "branch": null,
            "swift_code": "KWSPMY21"
        },
        {
            "id": 138,
            "bank": "EON FINANCE BHD",
            "city": "KUALA LUMPUR",
            "branch": null,
            "swift_code": "EONFMYK1"
        },
        {
            "id": 139,
            "bank": "EONCAP SECURITIES SDN BHD",
            "city": "KUALA LUMPUR",
            "branch": null,
            "swift_code": "ESSHMYK1"
        },
        {
            "id": 140,
            "bank": "EXPORT-IMPORT BANK OF MALAYSIA BERHAD",
            "city": "KUALA LUMPUR",
            "branch": null,
            "swift_code": "EXMBMYKL"
        },
        {
            "id": 141,
            "bank": "EXPORT-IMPORT BANK OF MALAYSIA BERHAD - SPI",
            "city": "KUALA LUMPUR",
            "branch": null,
            "swift_code": "EXMBMY21"
        },
        {
            "id": 142,
            "bank": "FA SECURITIES SDN. BHD.",
            "city": "KUALA TERENGGANU, TERENGGANU",
            "branch": null,
            "swift_code": "FASEMY21"
        },
        {
            "id": 143,
            "bank": "FELDA GLOBAL VENTURES CAPITAL SDN. BHD.",
            "city": "KUALA LUMPUR",
            "branch": null,
            "swift_code": "FGVCMYKL"
        },
        {
            "id": 144,
            "bank": "FIDELITY ASIA BANK LTD",
            "city": "LABUAN",
            "branch": null,
            "swift_code": "FABEMY22"
        },
        {
            "id": 145,
            "bank": "FIRST EAST EXPORT BANK",
            "city": "LABUAN",
            "branch": null,
            "swift_code": "FEEBMYKA"
        },
        {
            "id": 146,
            "bank": "FPB ASIA LIMITED",
            "city": "KUALA LUMPUR",
            "branch": null,
            "swift_code": "FPASMYK1"
        },
        {
            "id": 147,
            "bank": "FULTON PREBON (MALAYSIA) SDN. BHD",
            "city": "KUALA LUMPUR",
            "branch": null,
            "swift_code": "FPMBMYK1"
        },
        {
            "id": 148,
            "bank": "G.K. GOH SECURITIES PTE LTD",
            "city": "KUALA LUMPUR",
            "branch": null,
            "swift_code": "GOSPMYK1"
        },
        {
            "id": 149,
            "bank": "HA OPTIONS AND FINANCIAL FUTURES",
            "city": "KUALA LUMPUR",
            "branch": null,
            "swift_code": "HAOFMYK1"
        },
        {
            "id": 150,
            "bank": "HALIM SECURITIES SDN BHD.",
            "city": "PETALING JAYA, SELANGOR",
            "branch": null,
            "swift_code": "HALIMY21"
        },
        {
            "id": 151,
            "bank": "HDM FUTURES SDN. BHD",
            "city": "KUALA LUMPUR",
            "branch": null,
            "swift_code": "HDMFMYK1"
        },
        {
            "id": 152,
            "bank": "HLG FUTURES SDN. BHD.",
            "city": "KUALA LUMPUR",
            "branch": null,
            "swift_code": "HLGFMYK1"
        },
        {
            "id": 153,
            "bank": "HLG UNIT TRUST BHD",
            "city": "KUALA LUMPUR",
            "branch": null,
            "swift_code": "HUTMMYK1"
        },
        {
            "id": 154,
            "bank": "HONG LEONG ASSET MANAGEMENT BHD",
            "city": "KUALA LUMPUR",
            "branch": null,
            "swift_code": "HLANMYK1"
        },
        {
            "id": 155,
            "bank": "HONG LEONG BANK BERHAD",
            "city": "KUALA LUMPUR",
            "branch": null,
            "swift_code": "HLBBMYKL"
        },
        {
            "id": 156,
            "bank": "HONG LEONG BANK BERHAD, LABUAN INTERNATIONAL BRANCH",
            "city": "LABUAN",
            "branch": null,
            "swift_code": "HLBLMY22"
        },
        {
            "id": 157,
            "bank": "HONG LEONG FINANCE BERHAD",
            "city": "KUALA LUMPUR",
            "branch": null,
            "swift_code": "HLFBMYK1"
        },
        {
            "id": 158,
            "bank": "HONG LEONG INVESTMENT BANK BERHAD",
            "city": "KUALA LUMPUR",
            "branch": null,
            "swift_code": "HLIVMYKL"
        },
        {
            "id": 159,
            "bank": "HONG LEONG ISLAMIC BANK BERHAD",
            "city": "KUALA LUMPUR",
            "branch": null,
            "swift_code": "HLIBMYKL"
        },
        {
            "id": 160,
            "bank": "HSBC (MALAYSIA) TRUSTEE BERHAD",
            "city": "KUALA LUMPUR",
            "branch": "(GLOBAL WEALTH SOLUTIONS)",
            "swift_code": "HSTMMYKLGWS"
        },
        {
            "id": 161,
            "bank": "HSBC (MALAYSIA) TRUSTEE BERHAD",
            "city": "KUALA LUMPUR",
            "branch": null,
            "swift_code": "HSTMMYKL"
        },
        {
            "id": 162,
            "bank": "HSBC AMANAH MALAYSIA BERHAD",
            "city": "KUALA LUMPUR",
            "branch": null,
            "swift_code": "HMABMYKL"
        },
        {
            "id": 163,
            "bank": "HSBC BANK MALAYSIA BERHAD",
            "city": "KUALA LUMPUR",
            "branch": null,
            "swift_code": "HBMBMYKL"
        },
        {
            "id": 164,
            "bank": "HSBC RESEARCH (MALAYSIA) SDN. BHD",
            "city": "KUALA LUMPUR",
            "branch": null,
            "swift_code": "JACLMYK1"
        },
        {
            "id": 165,
            "bank": "IBH INVESTMENT BANK LIMITED",
            "city": "LABUAN",
            "branch": null,
            "swift_code": "IBHIMY2L"
        },
        {
            "id": 166,
            "bank": "INDIA INTERNATIONAL BANK (MALAYSIA) BERHAD",
            "city": "KUALA LUMPUR",
            "branch": null,
            "swift_code": "IIMBMYKL"
        },
        {
            "id": 167,
            "bank": "INDUSTRIAL AND COMMERCIAL BANK OF CHINA (MALAYSIA) BERHAD.",
            "city": "KUALA LUMPUR",
            "branch": null,
            "swift_code": "ICBKMYKL"
        },
        {
            "id": 168,
            "bank": "INDUSTRIAL AND COMMERCIAL BANK OF CHINA (MALAYSIA) BERHAD.",
            "city": "LABUAN",
            "branch": "(LABUAN BRANCH)",
            "swift_code": "ICBKMYKLLAB"
        },
        {
            "id": 169,
            "bank": "ING BANK N.V.",
            "city": "KUALA LUMPUR",
            "branch": null,
            "swift_code": "INGBMYK1"
        },
        {
            "id": 170,
            "bank": "ING INSURANCE BERHAD",
            "city": "KUALA LUMPUR",
            "branch": null,
            "swift_code": "INIHMYK1"
        },
        {
            "id": 171,
            "bank": "INTERNATIONAL ISLAMIC LIQUIDITY MANAGEMENT CORPORATION",
            "city": "KUALA LUMPUR",
            "branch": null,
            "swift_code": "IILMMYK1"
        },
        {
            "id": 172,
            "bank": "INTER-PACIFIC SECURITIES SDN. BHD.",
            "city": "KUALA LUMPUR",
            "branch": null,
            "swift_code": "INSSMYK1"
        },
        {
            "id": 173,
            "bank": "J.M. SASSOON RESEARCH (MALAYSIA) SDN BHD",
            "city": "KUALA LUMPUR",
            "branch": null,
            "swift_code": "SRMSMYK1"
        },
        {
            "id": 174,
            "bank": "J.P. MORGAN CHASE BANK BERHAD",
            "city": "LABUAN",
            "branch": null,
            "swift_code": "CHASMYL1"
        },
        {
            "id": 175,
            "bank": "J.P. MORGAN SECURITIES (MALAYSIA) SDN BHD",
            "city": "KUALA LUMPUR",
            "branch": null,
            "swift_code": "CHASMY21"
        },
        {
            "id": 176,
            "bank": "J.P.MORGAN CHASE BANK BERHAD",
            "city": "KUALA LUMPUR",
            "branch": "(JPMORGAN SECURITIES - MALAYSIA)",
            "swift_code": "CHASMYKXSEC"
        },
        {
            "id": 177,
            "bank": "J.P.MORGAN CHASE BANK BERHAD",
            "city": "KUALA LUMPUR",
            "branch": "(TEST KEY AND BKE ADMINISTRATION)",
            "swift_code": "CHASMYKXKEY"
        },
        {
            "id": 178,
            "bank": "J.P.MORGAN CHASE BANK BERHAD",
            "city": "KUALA LUMPUR",
            "branch": null,
            "swift_code": "CHASMYKX"
        },
        {
            "id": 179,
            "bank": "JF APEX",
            "city": "BINTANG",
            "branch": null,
            "swift_code": "JFAPMYK1"
        },
        {
            "id": 180,
            "bank": "JF APEX FUTURES SDN BHD",
            "city": "KAJANG, SELANGOR",
            "branch": null,
            "swift_code": "JFAFMY21"
        },
        {
            "id": 181,
            "bank": "JF APEX SECURITIES BERHAD",
            "city": "KAJANG",
            "branch": null,
            "swift_code": "APEXMY21"
        },
        {
            "id": 182,
            "bank": "JPMORGAN CHASE BANK, N.A., LABUAN BRANCH",
            "city": "LABUAN",
            "branch": null,
            "swift_code": "CHASMY2A"
        },
        {
            "id": 183,
            "bank": "JUPITER SECURITIES SDN. BHD",
            "city": "KUALA LUMPUR",
            "branch": null,
            "swift_code": "JUPSMYK1"
        },
        {
            "id": 184,
            "bank": "KAF INVESTMENT BANK BERHAD",
            "city": "KUALA LUMPUR",
            "branch": null,
            "swift_code": "KAFBMYKL"
        },
        {
            "id": 185,
            "bank": "KAF INVESTMENT BANK BERHAD",
            "city": "KUALA LUMPUR",
            "branch": null,
            "swift_code": "KAFDMYK1"
        },
        {
            "id": 186,
            "bank": "KAF INVESTMENT BANK BERHAD - SPI",
            "city": "KUALA LUMPUR",
            "branch": null,
            "swift_code": "KAFBMY21"
        },
        {
            "id": 187,
            "bank": "KAF-ASTLEY AND PEARCE SDN BHD",
            "city": "KUALA LUMPUR",
            "branch": null,
            "swift_code": "KAAPMYK1"
        },
        {
            "id": 188,
            "bank": "KAF-SEAGROATT AND CAMPBELL SECURITIES SDN. BHD",
            "city": "KUALA LUMPUR",
            "branch": null,
            "swift_code": "SEACMYK1"
        },
        {
            "id": 189,
            "bank": "KAF-SEAGROATT AND CAMPBELL SECURITIES SDN. BHD",
            "city": "KUALA LUMPUR",
            "branch": null,
            "swift_code": "SEACMYK1KSC"
        },
        {
            "id": 190,
            "bank": "KENANGA DMG FUTURES SDN BHD",
            "city": "KUALA LUMPUR",
            "branch": null,
            "swift_code": "KDMGMYK1"
        },
        {
            "id": 191,
            "bank": "KENANGA INVESTMENT BANK BERHAD",
            "city": "KUALA LUMPUR",
            "branch": null,
            "swift_code": "ECMLMYKL"
        },
        {
            "id": 192,
            "bank": "KENANGA INVESTMENT BANK BERHAD",
            "city": "KUALA LUMPUR",
            "branch": null,
            "swift_code": "KKENMYK1"
        },
        {
            "id": 193,
            "bank": "KENANGA INVESTMENT BANK BERHAD- SPI",
            "city": "KUALA LUMPUR",
            "branch": null,
            "swift_code": "KKENMY21"
        },
        {
            "id": 194,
            "bank": "KE-ZAN SECURITIES SDN BHD",
            "city": "KUALA LUMPUR",
            "branch": null,
            "swift_code": "KEZAMYK1"
        },
        {
            "id": 195,
            "bank": "KE-ZAN SECURITIES SDN BHD",
            "city": "PENANG, PENANG",
            "branch": null,
            "swift_code": "KEZNMY21"
        },
        {
            "id": 196,
            "bank": "KIMARA EQUITIES SDN BHD",
            "city": "SEREMBAN, NEGRI SEMBILAN",
            "branch": null,
            "swift_code": "KIMAMY21"
        },
        {
            "id": 197,
            "bank": "KLANG SECURITIES SDN BHD",
            "city": "KLANG, SELANGOR",
            "branch": null,
            "swift_code": "KLANMY21"
        },
        {
            "id": 198,
            "bank": "KUMPULAN WANG PERSARAAN (DIPERBADANKAN)",
            "city": "KUALA LUMPUR",
            "branch": null,
            "swift_code": "KWAPMYK1"
        },
        {
            "id": 199,
            "bank": "KUWAIT FINANCE HOUSE (MALAYSIA) BERHAD",
            "city": "KUALA LUMPUR",
            "branch": null,
            "swift_code": "KFHOMYKL"
        },
        {
            "id": 200,
            "bank": "LABUAN SECURITIES SDN BHD",
            "city": "LABUAN",
            "branch": null,
            "swift_code": "LABNMY21"
        },
        {
            "id": 201,
            "bank": "LEONG AND CO SDN BHD",
            "city": "KUALA LUMPUR",
            "branch": null,
            "swift_code": "LEONMYK1"
        },
        {
            "id": 202,
            "bank": "LIBRA CAPITAL MANAGEMENT SDN BHD",
            "city": "KUALA LUMPUR",
            "branch": null,
            "swift_code": "LCMSMYK1"
        },
        {
            "id": 203,
            "bank": "LIBRA OPTIONS AND FINANCIAL FUTURES SDN BHD",
            "city": "KUALA LUMPUR",
            "branch": null,
            "swift_code": "LOFFMYK1"
        },
        {
            "id": 204,
            "bank": "M AND A SECURITIES SDN. BHD.",
            "city": "IPOH, PERAK",
            "branch": null,
            "swift_code": "PTBBMYK1"
        },
        {
            "id": 205,
            "bank": "MACQUARIE CAPITAL SECURITIES (MALAYSIA) SDN. BHD.",
            "city": "KUALA LUMPUR",
            "branch": null,
            "swift_code": "MACQMYK1"
        },
        {
            "id": 206,
            "bank": "MALACCA SECURITIES SDN. BHD.",
            "city": "MELAKA",
            "branch": null,
            "swift_code": "MLLAMY21"
        },
        {
            "id": 207,
            "bank": "MALAYAN BANKING BERHAD (MAYBANK)",
            "city": "BUTTERWORTH, PENANG",
            "branch": "(TRADE FINANCE CENTER)",
            "swift_code": "MBBEMYKLBWC"
        },
        {
            "id": 208,
            "bank": "MALAYAN BANKING BERHAD (MAYBANK)",
            "city": "IPOH, PERAK",
            "branch": null,
            "swift_code": "MBBEMYKLIPH"
        },
        {
            "id": 209,
            "bank": "MALAYAN BANKING BERHAD (MAYBANK)",
            "city": "JOHOR BAHRU, JOHOR",
            "branch": null,
            "swift_code": "MBBEMYKLJOB"
        },
        {
            "id": 210,
            "bank": "MALAYAN BANKING BERHAD (MAYBANK)",
            "city": "KOTA KINABALU, SABAH",
            "branch": null,
            "swift_code": "MBBEMYKLKIN"
        },
        {
            "id": 211,
            "bank": "MALAYAN BANKING BERHAD (MAYBANK)",
            "city": "KUALA LUMPUR",
            "branch": "(BANGSAR BARU BRANCH)",
            "swift_code": "MBBEMYKLBAN"
        },
        {
            "id": 212,
            "bank": "MALAYAN BANKING BERHAD (MAYBANK)",
            "city": "KUALA LUMPUR",
            "branch": "(BUKIT BINTANG BRANCH)",
            "swift_code": "MBBEMYKLBBG"
        },
        {
            "id": 213,
            "bank": "MALAYAN BANKING BERHAD (MAYBANK)",
            "city": "KUALA LUMPUR",
            "branch": "(CASH MANAGEMENT DEPARTMENT)",
            "swift_code": "MBBEMYKLWEB"
        },
        {
            "id": 214,
            "bank": "MALAYAN BANKING BERHAD (MAYBANK)",
            "city": "KUALA LUMPUR",
            "branch": "(CUSTODIAN SERVICES DEPARTMENT)",
            "swift_code": "MBBEMYKLCSD"
        },
        {
            "id": 215,
            "bank": "MALAYAN BANKING BERHAD (MAYBANK)",
            "city": "KUALA LUMPUR",
            "branch": "(KEPONG BRANCH)",
            "swift_code": "MBBEMYKLKEP"
        },
        {
            "id": 216,
            "bank": "MALAYAN BANKING BERHAD (MAYBANK)",
            "city": "KUALA LUMPUR",
            "branch": "(PUDU BRANCH)",
            "swift_code": "MBBEMYKLPUD"
        },
        {
            "id": 217,
            "bank": "MALAYAN BANKING BERHAD (MAYBANK)",
            "city": "KUALA LUMPUR",
            "branch": "(SUBANG AIRPORT)",
            "swift_code": "MBBEMYKLSUB"
        },
        {
            "id": 218,
            "bank": "MALAYAN BANKING BERHAD (MAYBANK)",
            "city": "KUALA LUMPUR",
            "branch": "(TRADE FINANCE CENTER)",
            "swift_code": "MBBEMYKLKLC"
        },
        {
            "id": 219,
            "bank": "MALAYAN BANKING BERHAD (MAYBANK)",
            "city": "KUALA LUMPUR",
            "branch": "(WISMA SIME DARBY BRANCH)",
            "swift_code": "MBBEMYKLWSD"
        },
        {
            "id": 220,
            "bank": "MALAYAN BANKING BERHAD (MAYBANK)",
            "city": "KUALA LUMPUR",
            "branch": null,
            "swift_code": "MBBEMYKL"
        },
        {
            "id": 221,
            "bank": "MALAYAN BANKING BERHAD (MAYBANK)",
            "city": "MALACCA, MALACCA",
            "branch": null,
            "swift_code": "MBBEMYKLMAL"
        },
        {
            "id": 222,
            "bank": "MALAYAN BANKING BERHAD (MAYBANK)",
            "city": "PASIR GUDANG, JOHOR",
            "branch": null,
            "swift_code": "MBBEMYKLPSG"
        },
        {
            "id": 223,
            "bank": "MALAYAN BANKING BERHAD (MAYBANK)",
            "city": "PENANG, PENANG",
            "branch": "(TRADE FINANCE CENTER)",
            "swift_code": "MBBEMYKLPGC"
        },
        {
            "id": 224,
            "bank": "MALAYAN BANKING BERHAD (MAYBANK)",
            "city": "PENANG, PENANG",
            "branch": null,
            "swift_code": "MBBEMYKLPEN"
        },
        {
            "id": 225,
            "bank": "MALAYAN BANKING BERHAD (MAYBANK)",
            "city": "PETALING JAYA, SELANGOR",
            "branch": "(TRADE FINANCE CENTER)",
            "swift_code": "MBBEMYKLPJC"
        },
        {
            "id": 226,
            "bank": "MALAYAN BANKING BERHAD (MAYBANK)",
            "city": "PETALING JAYA, SELANGOR",
            "branch": "(YONG SHOOK LIN BRANCH)",
            "swift_code": "MBBEMYKLYSL"
        },
        {
            "id": 227,
            "bank": "MALAYAN BANKING BERHAD (MAYBANK)",
            "city": "PETALING JAYA, SELANGOR",
            "branch": null,
            "swift_code": "MBBEMYKLPJY"
        },
        {
            "id": 228,
            "bank": "MALAYAN BANKING BERHAD (MAYBANK)",
            "city": "PORT KLANG, SELANGOR",
            "branch": null,
            "swift_code": "MBBEMYKLPKG"
        },
        {
            "id": 229,
            "bank": "MALAYAN BANKING BERHAD (MAYBANK)",
            "city": "SEREMBAN, NEGRI SEMBILAN",
            "branch": null,
            "swift_code": "MBBEMYKLSBN"
        },
        {
            "id": 230,
            "bank": "MALAYAN BANKING BERHAD (MAYBANK)",
            "city": "SHAH ALAM, SELANGOR",
            "branch": "(TRADE FINANCE CENTER)",
            "swift_code": "MBBEMYKLSAC"
        },
        {
            "id": 231,
            "bank": "MALAYAN BANKING BERHAD (MAYBANK)",
            "city": "SHAH ALAM, SELANGOR",
            "branch": null,
            "swift_code": "MBBEMYKLSHA"
        },
        {
            "id": 232,
            "bank": "MALAYSIA AIRLINES BERHAD",
            "city": "SUBANG",
            "branch": null,
            "swift_code": "MAYHMY22"
        },
        {
            "id": 233,
            "bank": "MALAYSIA LNG SDN BHD",
            "city": "BINTULU",
            "branch": null,
            "swift_code": "MLNGMY21"
        },
        {
            "id": 234,
            "bank": "MALAYSIAN ELECTRONIC PAYMENT SYSTEM (1997) SDN BHD",
            "city": "KUALA LUMPUR",
            "branch": null,
            "swift_code": "MEPSMYK1"
        },
        {
            "id": 235,
            "bank": "MALAYSIAN INDUSTRIAL DEVELOPMENT FINANCE BHD",
            "city": "KUALA LUMPUR",
            "branch": null,
            "swift_code": "MAIDMYK1"
        },
        {
            "id": 236,
            "bank": "MALPAC MANAGEMENT SDN. BHD.",
            "city": "SEREMBAN, NEGRI SEMBILAN",
            "branch": null,
            "swift_code": "SSSDMY21"
        },
        {
            "id": 237,
            "bank": "MANULIFE ASSET MANAGEMENT SERVICES BERHAD",
            "city": "KUALA LUMPUR",
            "branch": "(ALL BRANCH)",
            "swift_code": "MAMIMYK1ALL"
        },
        {
            "id": 238,
            "bank": "MANULIFE ASSET MANAGEMENT SERVICES BERHAD",
            "city": "KUALA LUMPUR",
            "branch": null,
            "swift_code": "MAMIMYK1"
        },
        {
            "id": 239,
            "bank": "MAX MONEY SDN BHD",
            "city": "KUALA LUMPUR",
            "branch": null,
            "swift_code": "MMSBMYKL"
        },
        {
            "id": 240,
            "bank": "MAYBAN DISCOUNT BERHAD",
            "city": "KUALA LUMPUR",
            "branch": null,
            "swift_code": "MAYDMYK1"
        },
        {
            "id": 241,
            "bank": "MAYBAN FINANCE BHD",
            "city": "KUALA LUMPUR",
            "branch": null,
            "swift_code": "MFINMYK1"
        },
        {
            "id": 242,
            "bank": "MAYBAN FUTURES SDN BHD",
            "city": "KUALA LUMPUR",
            "branch": null,
            "swift_code": "MAYFMYK1"
        },
        {
            "id": 243,
            "bank": "MAYBAN SECURITIES SDN BHD",
            "city": "KUALA LUMPUR",
            "branch": null,
            "swift_code": "MAYSMYK1"
        },
        {
            "id": 244,
            "bank": "MAYBANK INTERNATIONAL (L) LTD.",
            "city": "LABUAN",
            "branch": null,
            "swift_code": "MBBEMYKA"
        },
        {
            "id": 245,
            "bank": "MAYBANK INTERNATIONAL LABUAN BRANCH",
            "city": "LABUAN",
            "branch": null,
            "swift_code": "MBBEMY2L"
        },
        {
            "id": 246,
            "bank": "MAYBANK INVESTMENT BANK BERHAD",
            "city": "KUALA LUMPUR",
            "branch": null,
            "swift_code": "MBEAMYKL"
        },
        {
            "id": 247,
            "bank": "MAYBANK INVESTMENT BANK BERHAD - SPI",
            "city": "KUALA LUMPUR",
            "branch": null,
            "swift_code": "MBEAMY21"
        },
        {
            "id": 248,
            "bank": "MAYBANK ISLAMIC BERHAD",
            "city": "KUALA LUMPUR",
            "branch": null,
            "swift_code": "MBISMYKL"
        },
        {
            "id": 249,
            "bank": "MBF FINANCE BERHAD",
            "city": "KUALA LUMPUR",
            "branch": null,
            "swift_code": "MBFFMYK1"
        },
        {
            "id": 250,
            "bank": "MBF SECURITIES SDN BHD",
            "city": "MUAR, JOHOR",
            "branch": null,
            "swift_code": "MBFSMY21"
        },
        {
            "id": 251,
            "bank": "MBF UNIT TRUST MANAGEMENT BERHAD",
            "city": "KUALA LUMPUR",
            "branch": null,
            "swift_code": "MBFUMYK1"
        },
        {
            "id": 252,
            "bank": "MEGA INTERNATIONAL COMMERCIAL BANK CO., LTD. LABUAN BRANCH",
            "city": "LABUAN",
            "branch": null,
            "swift_code": "ICBCMY2L"
        },
        {
            "id": 253,
            "bank": "MERCEDES-BENZ MALAYSIA SDN. BHD.",
            "city": "KUALA LUMPUR",
            "branch": null,
            "swift_code": "DABEMYKL"
        },
        {
            "id": 254,
            "bank": "MERCEDES-BENZ SERVICES MALAYSIA SDN. BHD.",
            "city": "KUALA LUMPUR",
            "branch": null,
            "swift_code": "MBSMMYKL"
        },
        {
            "id": 255,
            "bank": "MERCURY SECURITIES SDN. BHD.",
            "city": "BUTTERWORTH, PENANG",
            "branch": null,
            "swift_code": "MERYMY21"
        },
        {
            "id": 256,
            "bank": "MIDDLE EAST INVESTMENT BANK LTD",
            "city": "LABUAN",
            "branch": null,
            "swift_code": "MEIBMYKA"
        },
        {
            "id": 257,
            "bank": "MIDF AMANAH INVESTMENT BANK BERHAD",
            "city": "KUALA LUMPUR",
            "branch": null,
            "swift_code": "MIDFMYK1"
        },
        {
            "id": 258,
            "bank": "MIDF AMANAH INVESTMENT BANK BHD - SPI",
            "city": "KUALA LUMPUR",
            "branch": null,
            "swift_code": "MIDFMY21"
        },
        {
            "id": 259,
            "bank": "MIMB INVESTMENT BANK BERHAD",
            "city": "KUALA LUMPUR",
            "branch": null,
            "swift_code": "MIMBMYK1"
        },
        {
            "id": 260,
            "bank": "MIZUHO BANK (MALAYSIA) BERHAD",
            "city": "KUALA LUMPUR",
            "branch": null,
            "swift_code": "MHCBMYKA"
        },
        {
            "id": 261,
            "bank": "MIZUHO BANK, LTD., LABUAN BRANCH",
            "city": "LABUAN",
            "branch": null,
            "swift_code": "MHCBMY2L"
        },
        {
            "id": 262,
            "bank": "MOHAIYANI SECURITIES SDN BHD",
            "city": "PETALING JAYA, SELANGOR",
            "branch": null,
            "swift_code": "MSSBMY21"
        },
        {
            "id": 263,
            "bank": "MORGAN GRENFELL AND CO LTD",
            "city": "KUALA LUMPUR",
            "branch": null,
            "swift_code": "MGCOMYK1"
        },
        {
            "id": 264,
            "bank": "MTRUSTEE BERHAD",
            "city": "PETALING JAYA",
            "branch": null,
            "swift_code": "MTBEMY21"
        },
        {
            "id": 265,
            "bank": "MULTI-PURPOSE UNIT TRUST MANAGEMENT BERHAD",
            "city": "KUALA LUMPUR",
            "branch": null,
            "swift_code": "MPUTMYK1"
        },
        {
            "id": 266,
            "bank": "NATIONAL BANK OF ABU DHABI",
            "city": "KUALA LUMPUR",
            "branch": null,
            "swift_code": "NBADMYKL"
        },
        {
            "id": 267,
            "bank": "NATIONAL BANK OF ABU DHABI",
            "city": "LABUAN",
            "branch": null,
            "swift_code": "NBADMYKLLAU"
        },
        {
            "id": 268,
            "bank": "NAVA SC SECURITIES RESEARCH (M) SDN BHD.",
            "city": "KUALA LUMPUR",
            "branch": null,
            "swift_code": "SCSEMYK1"
        },
        {
            "id": 269,
            "bank": "NIKKO ADVISORY SERVICES (MALAYSIA) SON. BHD.",
            "city": "KUALA LUMPUR",
            "branch": null,
            "swift_code": "NKSCMYK1"
        },
        {
            "id": 270,
            "bank": "NOMURA ASSET MANAGEMENT MALAYSIA SDN BHD",
            "city": "KUALA LUMPUR",
            "branch": null,
            "swift_code": "NOCMMYKL"
        },
        {
            "id": 271,
            "bank": "NOMURA MALAYSIA SDN. BHD",
            "city": "KUALA LUMPUR",
            "branch": null,
            "swift_code": "NMSBMYK1"
        },
        {
            "id": 272,
            "bank": "NOMURA SECURITIES MALAYSIA SDN BHD",
            "city": "KUALA LUMPUR",
            "branch": null,
            "swift_code": "NMRSMYK1"
        },
        {
            "id": 273,
            "bank": "NOVATEL SDN. BHD.",
            "city": "PETALING JAYA, SELANGOR",
            "branch": null,
            "swift_code": "NOSBMY21"
        },
        {
            "id": 274,
            "bank": "OCBC AL-AMIN BANK BERHAD",
            "city": "KUALA LUMPUR",
            "branch": null,
            "swift_code": "OABBMYKL"
        },
        {
            "id": 275,
            "bank": "OCBC BANK (MALAYSIA) BERHAD",
            "city": "KUALA LUMPUR",
            "branch": null,
            "swift_code": "OCBCMYKL"
        },
        {
            "id": 276,
            "bank": "OCBC SECURITIES (MELAKA) SDN BHD",
            "city": "MALACCA, MALACCA",
            "branch": null,
            "swift_code": "OSMSMY21"
        },
        {
            "id": 277,
            "bank": "ONG RESEARCH (MALAYSIA) SDN BHD",
            "city": "KUALA LUMPUR",
            "branch": null,
            "swift_code": "ORMSMYK1"
        },
        {
            "id": 278,
            "bank": "OSK AND PARTNERS SDN. BHD.",
            "city": "KUALA LUMPUR",
            "branch": null,
            "swift_code": "OSPSMYK1"
        },
        {
            "id": 279,
            "bank": "OSK FUTURES AND OPTIONS SDN BHD",
            "city": "KUALA LUMPUR",
            "branch": null,
            "swift_code": "OSKFMYK1"
        },
        {
            "id": 280,
            "bank": "OSK INVESTMENT BANK BERHAD",
            "city": "KUALA LUMPUR",
            "branch": null,
            "swift_code": "OSSBMYK1"
        },
        {
            "id": 281,
            "bank": "OVERSEA-CHINESE BANKING CORP. LTD, LABUAN BRANCH",
            "city": "LABUAN",
            "branch": null,
            "swift_code": "OCBCMYKA"
        },
        {
            "id": 282,
            "bank": "PAB UNIT TRUST MANAGEMENT BERHAD",
            "city": "KUALA LUMPUR",
            "branch": null,
            "swift_code": "AUTMMYK1"
        },
        {
            "id": 283,
            "bank": "PACIFIC MUTUAL FUND BHD",
            "city": "PETALING JAYA, SELANGOR",
            "branch": null,
            "swift_code": "PMFBMY21"
        },
        {
            "id": 284,
            "bank": "PANASONIC FINANCIAL CENTRE (MALAYSIA) SDN. BHD.",
            "city": "PETALING JAYA, SELANGOR",
            "branch": null,
            "swift_code": "PANAMY21"
        },
        {
            "id": 285,
            "bank": "PB FUTURES SDN. BHD.",
            "city": "KUALA LUMPUR",
            "branch": null,
            "swift_code": "PBFBMYK1"
        },
        {
            "id": 286,
            "bank": "PB SECURITIES SDN. BHD.",
            "city": "KUALA LUMPUR",
            "branch": null,
            "swift_code": "SECSMYK1"
        },
        {
            "id": 287,
            "bank": "PELABURAN JOHOR BERHAD",
            "city": "JOHOR BAHRU, JOHOR",
            "branch": null,
            "swift_code": "PJBJMY21"
        },
        {
            "id": 288,
            "bank": "PENGURUSAN KUMIPA BERHAD",
            "city": "KUANTAN, PAHANG",
            "branch": null,
            "swift_code": "PKUMMY21"
        },
        {
            "id": 289,
            "bank": "PERMODALAN BSN BERHAD",
            "city": "KUALA LUMPUR",
            "branch": null,
            "swift_code": "PBSNMYK1"
        },
        {
            "id": 290,
            "bank": "PERMODALAN NASIONAL BERHAD",
            "city": "KUALA LUMPUR",
            "branch": null,
            "swift_code": "PERMMY21"
        },
        {
            "id": 291,
            "bank": "PERMODALAN NASIONAL BERHAD",
            "city": "KUALA LUMPUR",
            "branch": null,
            "swift_code": "PERMMYK1"
        },
        {
            "id": 292,
            "bank": "PESAKA JARDINE FLEMING SDN BHD",
            "city": "KUALA LUMPUR",
            "branch": null,
            "swift_code": "PEJFMYK1"
        },
        {
            "id": 293,
            "bank": "PETROLIAM NASIONAL BERHAD",
            "city": "KUALA LUMPUR",
            "branch": "(KLCC)",
            "swift_code": "PTROMYKLFSD"
        },
        {
            "id": 294,
            "bank": "PETROLIAM NASIONAL BERHAD",
            "city": "KUALA LUMPUR",
            "branch": null,
            "swift_code": "PTROMYKL"
        },
        {
            "id": 295,
            "bank": "PG ASIA INVESTMENT BANK LTD",
            "city": "LABUAN",
            "branch": null,
            "swift_code": "AINEMY22"
        },
        {
            "id": 296,
            "bank": "PHILEO ALLIED OPTION AND FINANCIAL FUTURES SDN. BHD.",
            "city": "KUALA LUMPUR",
            "branch": null,
            "swift_code": "POFFMYK1"
        },
        {
            "id": 297,
            "bank": "PHILEO ALLIED SECURITIES SDN BHD",
            "city": "IPOH, PERAK",
            "branch": null,
            "swift_code": "PPSSMYK1"
        },
        {
            "id": 298,
            "bank": "PICA (M) CORPORATION SDN BHD",
            "city": "KUALA LUMPUR",
            "branch": null,
            "swift_code": "PCOSMYK1"
        },
        {
            "id": 299,
            "bank": "PIV SERVICES SDN BERHAD",
            "city": "KUALA LUMPUR",
            "branch": null,
            "swift_code": "PIVSMYK1"
        },
        {
            "id": 300,
            "bank": "PM SECURITIES SDN. BHD.",
            "city": "KUALA LUMPUR",
            "branch": null,
            "swift_code": "PENSMYK1"
        },
        {
            "id": 301,
            "bank": "POS MALAYSIA BERHAD",
            "city": "KUALA LUMPUR",
            "branch": null,
            "swift_code": "POSMMYKL"
        },
        {
            "id": 302,
            "bank": "PRIMEINVESTCORP",
            "city": "JOHOR BAHRU, JOHOR",
            "branch": null,
            "swift_code": "PRNVMY21"
        },
        {
            "id": 303,
            "bank": "PTB UNIT TRUST BERHAD",
            "city": "KUALA TERENGGANU, TERENGGANU",
            "branch": null,
            "swift_code": "PUTBMY21"
        },
        {
            "id": 304,
            "bank": "PUBLIC BANK (L) LTD",
            "city": "LABUAN",
            "branch": null,
            "swift_code": "PBLLMYKA"
        },
        {
            "id": 305,
            "bank": "PUBLIC BANK BERHAD",
            "city": "KUALA LUMPUR",
            "branch": null,
            "swift_code": "PBBEMYKL"
        },
        {
            "id": 306,
            "bank": "PUBLIC FINANCE BERHAD",
            "city": "KUALA LUMPUR",
            "branch": null,
            "swift_code": "PFBEMYK1"
        },
        {
            "id": 307,
            "bank": "PUBLIC INVESTMENT BANK BERHAD",
            "city": "KUALA LUMPUR",
            "branch": null,
            "swift_code": "SMBBMYK1"
        },
        {
            "id": 308,
            "bank": "PUBLIC INVESTMENT BANK BERHAD",
            "city": "KUALA LUMPUR",
            "branch": null,
            "swift_code": "SMBBMYK1001"
        },
        {
            "id": 309,
            "bank": "PUBLIC ISLAMIC BANK BERHAD",
            "city": "KUALA LUMPUR",
            "branch": null,
            "swift_code": "PIBEMYK1"
        },
        {
            "id": 310,
            "bank": "PUBLIC ISLAMIC BANK BERHAD",
            "city": "KUALA LUMPUR",
            "branch": null,
            "swift_code": "PUIBMYKL"
        },
        {
            "id": 311,
            "bank": "PUBLIC MUTUAL BERHAD",
            "city": "KUALA LUMPUR",
            "branch": null,
            "swift_code": "KLMFMYK1"
        },
        {
            "id": 312,
            "bank": "RAKYAT MERCHANT BANKERS BERHAD",
            "city": "KUALA LUMPUR",
            "branch": null,
            "swift_code": "RMBBMYK1"
        },
        {
            "id": 313,
            "bank": "RASHID AND ZAKI DERIVATIVES SDN BHD",
            "city": "KUALA LUMPUR",
            "branch": null,
            "swift_code": "RNZDMYK1"
        },
        {
            "id": 314,
            "bank": "RHB BANK (L) LTD",
            "city": "LABUAN",
            "branch": null,
            "swift_code": "RHBBMYKA"
        },
        {
            "id": 315,
            "bank": "RHB BANK BERHAD",
            "city": "KUALA LUMPUR",
            "branch": null,
            "swift_code": "RHBBMYKL"
        },
        {
            "id": 316,
            "bank": "RHB EXCEL SDN. BHD.",
            "city": "KUALA LUMPUR",
            "branch": null,
            "swift_code": "RHBKMYK1"
        },
        {
            "id": 317,
            "bank": "RHB FUTURES SDN BHD",
            "city": "KUALA LUMPUR",
            "branch": null,
            "swift_code": "RHBFMYK1"
        },
        {
            "id": 318,
            "bank": "RHB INVESTMENT BANK BERHAD",
            "city": "KUALA LUMPUR",
            "branch": null,
            "swift_code": "OSKIMYKL"
        },
        {
            "id": 319,
            "bank": "RHB INVESTMENT BANK BERHAD",
            "city": "KUALA LUMPUR",
            "branch": null,
            "swift_code": "RHBMMYK1"
        },
        {
            "id": 320,
            "bank": "RHB ISLAMIC BANK BERHAD",
            "city": "KUALA LUMPUR",
            "branch": null,
            "swift_code": "RHBAMYKL"
        },
        {
            "id": 321,
            "bank": "ROYAL SAVINGS AND LOAN EF",
            "city": "KUALA LUMPUR",
            "branch": null,
            "swift_code": "ROSLMYK1"
        },
        {
            "id": 322,
            "bank": "RSI CAPITAL HOLDINGS BHD",
            "city": "KUALA LUMPUR",
            "branch": null,
            "swift_code": "RCHBMYK1"
        },
        {
            "id": 323,
            "bank": "RSLE HOLDING (LABUAN) CORPORATION",
            "city": "LABUAN",
            "branch": null,
            "swift_code": "RHLCMY21"
        },
        {
            "id": 324,
            "bank": "SABAH DEVELOPMENT BANK BHD.",
            "city": "KOTA KINABALU, SABAH",
            "branch": null,
            "swift_code": "SDBEMY41"
        },
        {
            "id": 325,
            "bank": "SAHAM SABAH BERHAD",
            "city": "KOTA KINABALU, SABAH",
            "branch": null,
            "swift_code": "SASBMY41"
        },
        {
            "id": 326,
            "bank": "SAMSUNG C AND T KL SDN BHD",
            "city": "KUALA LUMPUR",
            "branch": null,
            "swift_code": "SASHMYK1"
        },
        {
            "id": 327,
            "bank": "SAMSUNG C AND T MALAYSIA SDN BHD",
            "city": "KUALA LUMPUR",
            "branch": null,
            "swift_code": "SCNTMYK1"
        },
        {
            "id": 328,
            "bank": "SAMSUNG ELECTRONICS DISPLAY (M) SDN.BHD.",
            "city": "KUALA LUMPUR",
            "branch": "(SME)",
            "swift_code": "SECTMY215F0"
        },
        {
            "id": 329,
            "bank": "SAMSUNG ELECTRONICS DISPLAY (M) SDN.BHD.",
            "city": "PORT KLANG, SELANGOR",
            "branch": "(SEMA)",
            "swift_code": "SECTMY21520"
        },
        {
            "id": 330,
            "bank": "SAMSUNG ELECTRONICS DISPLAY (M) SDN.BHD.",
            "city": "SEREMBAN, NEGRI SEMBILAN",
            "branch": "(SDMA)",
            "swift_code": "SECTMY21510"
        },
        {
            "id": 331,
            "bank": "SAMSUNG ELECTRONICS DISPLAY (M) SDN.BHD.",
            "city": "SEREMBAN, NEGRI SEMBILAN",
            "branch": null,
            "swift_code": "SECTMY21"
        },
        {
            "id": 332,
            "bank": "SARAWAK SECURITIES FUTURES SDN BHD",
            "city": "KUCHING, SARAWAK",
            "branch": null,
            "swift_code": "SSFOMYK1"
        },
        {
            "id": 333,
            "bank": "SBB SECURITIES SDN. BHD",
            "city": "IPOH, PERAK",
            "branch": null,
            "swift_code": "SSSHMYK1"
        },
        {
            "id": 334,
            "bank": "SBB UNIT TRUST MANAGEMENT B ERHAD",
            "city": "KUALA LUMPUR",
            "branch": null,
            "swift_code": "SBUTMYK1"
        },
        {
            "id": 335,
            "bank": "SCHRODER (MALAYSIA) SDN BHD",
            "city": "KUALA LUMPUR",
            "branch": null,
            "swift_code": "SMSBMYK1"
        },
        {
            "id": 336,
            "bank": "SCHRODERS MALAYSIA (L) BERHAD",
            "city": "LABUAN",
            "branch": null,
            "swift_code": "SMBLMYK1"
        },
        {
            "id": 337,
            "bank": "SFSB SERVICES (MELAKA) SDN. BHD.",
            "city": "MALACCA, MALACCA",
            "branch": null,
            "swift_code": "SFDBMY21"
        },
        {
            "id": 338,
            "bank": "SG SECURITIES (SINGAPORE) CUSTODIAL SERVICES PTE. LTD.",
            "city": "KUALA LUMPUR",
            "branch": "(KL BRANCH)",
            "swift_code": "SGSEMYK1"
        },
        {
            "id": 339,
            "bank": "SHARIKAT NOMINEE BUMIPUTRA SDN BHD",
            "city": "KUALA LUMPUR",
            "branch": null,
            "swift_code": "SNBBMYK1"
        },
        {
            "id": 340,
            "bank": "SHORT DEPOSITS (MALAYSIA) BERHAD",
            "city": "KUALA LUMPUR",
            "branch": null,
            "swift_code": "SDMBMYK1"
        },
        {
            "id": 341,
            "bank": "SIME SECURITIES SDN BHD",
            "city": "KUALA LUMPUR",
            "branch": null,
            "swift_code": "UMSSMYK1"
        },
        {
            "id": 342,
            "bank": "SJ SECURITIES SDN BHD",
            "city": "PETALING JAYA, SELANGOR",
            "branch": null,
            "swift_code": "SJSEMY21"
        },
        {
            "id": 343,
            "bank": "SMALL MEDIUM ENTERPRISE DEVELOPMENT BANK MALAYSIA BERHAD",
            "city": "KUALA LUMPUR",
            "branch": null,
            "swift_code": "MSMEMYK1"
        },
        {
            "id": 344,
            "bank": "SMALL MEDIUM ENTERPRISE DEVELOPMENT BANK MALAYSIA BERHAD-SPI",
            "city": "KUALA LUMPUR",
            "branch": null,
            "swift_code": "MSMEMY21"
        },
        {
            "id": 345,
            "bank": "SOUTH JOHOR SECURITIES SDN BHD",
            "city": "BATU PAHAT, JOHORE",
            "branch": null,
            "swift_code": "SJSSMY21"
        },
        {
            "id": 346,
            "bank": "SOUTHERN FINANCE CO BHD",
            "city": "KUALA LUMPUR",
            "branch": null,
            "swift_code": "UMFBMYK1"
        },
        {
            "id": 347,
            "bank": "SOUTHERN INVESTMENT BANK BERHAD",
            "city": "KUALA LUMPUR",
            "branch": null,
            "swift_code": "PERDMYK1"
        },
        {
            "id": 348,
            "bank": "STANDARD CHARTERED BANK MALAYSIA BERHAD",
            "city": "KUALA LUMPUR",
            "branch": "(ALL OFFICES IN MALAYSIA)",
            "swift_code": "SCBLMYKX"
        },
        {
            "id": 349,
            "bank": "STANDARD CHARTERED BANK MALAYSIA BERHAD",
            "city": "LABUAN",
            "branch": "(LABUAN OFFSHORE BANKING UNIT ONLY)",
            "swift_code": "SCBLMYKXLAB"
        },
        {
            "id": 350,
            "bank": "STANDARD CHARTERED SAADIQ BERHAD",
            "city": "KUALA LUMPUR",
            "branch": null,
            "swift_code": "SCSRMYK1"
        },
        {
            "id": 351,
            "bank": "STANDARD CHARTERED SAADIQ BERHAD",
            "city": "KUALA LUMPUR",
            "branch": null,
            "swift_code": "SCSRMYKK"
        },
        {
            "id": 352,
            "bank": "SUMITOMO MITSUI BANKING CORPORATION",
            "city": "LABUAN",
            "branch": null,
            "swift_code": "SMBCMYKA"
        },
        {
            "id": 353,
            "bank": "SUMITOMO MITSUI BANKING CORPORATION MALAYSIA BERHAD",
            "city": "KUALA LUMPUR",
            "branch": null,
            "swift_code": "SMBCMYKL"
        },
        {
            "id": 354,
            "bank": "SUN HUNG KAI INVESTMENT SERVICES LTD",
            "city": "KUALA LUMPUR",
            "branch": null,
            "swift_code": "SUNHMYK1"
        },
        {
            "id": 355,
            "bank": "SUPREME FINANCE (M) BERHAD",
            "city": "KUALA LUMPUR",
            "branch": null,
            "swift_code": "SUFBMYK1"
        },
        {
            "id": 356,
            "bank": "SYARIKAT SOON THEAM SDN BHD",
            "city": "PENANG, PENANG",
            "branch": null,
            "swift_code": "SSTDMY21"
        },
        {
            "id": 357,
            "bank": "TA FUTURES SDN. BHD.",
            "city": "KUALA LUMPUR",
            "branch": null,
            "swift_code": "TAFRMYK1"
        },
        {
            "id": 358,
            "bank": "TA INVESTMENT MANAGEMENT BERHAD",
            "city": "KUALA LUMPUR",
            "branch": null,
            "swift_code": "TAUTMYK1"
        },
        {
            "id": 359,
            "bank": "TA SECURITIES",
            "city": "KOTA BAHRU, KELANTAN",
            "branch": null,
            "swift_code": "LEKEMY21"
        },
        {
            "id": 360,
            "bank": "TA SECURITIES BERHAD",
            "city": "KUALA LUMPUR",
            "branch": null,
            "swift_code": "SETAMYK1"
        },
        {
            "id": 361,
            "bank": "TA SECURITIES HOLDINGS BERHAD",
            "city": "KUALA LUMPUR",
            "branch": null,
            "swift_code": "BOTLMY21"
        },
        {
            "id": 362,
            "bank": "THE BANK OF NOVA SCOTIA BERHAD",
            "city": "KUALA LUMPUR",
            "branch": null,
            "swift_code": "NOSCMYKL"
        },
        {
            "id": 363,
            "bank": "THE HONGKONG AND SHANGHAI BANKING CORPORATION LIMITED",
            "city": "LABUAN",
            "branch": null,
            "swift_code": "HSBCMYKA"
        },
        {
            "id": 364,
            "bank": "THONG AND KAY HIAN SECURITIES SDN. BHD.",
            "city": "PENANG, PENANG",
            "branch": null,
            "swift_code": "TKHOMY21"
        },
        {
            "id": 365,
            "bank": "THONG-KHJC SDN BHD",
            "city": "PENANG, PENANG",
            "branch": null,
            "swift_code": "THKHMYP1"
        },
        {
            "id": 366,
            "bank": "TMC SERVICES SDN. BHD.",
            "city": "KUALA LUMPUR",
            "branch": null,
            "swift_code": "TMCBMYKL"
        },
        {
            "id": 367,
            "bank": "UBS SECURITIES MALAYSIA SDN. BHD.",
            "city": "KUALA LUMPUR",
            "branch": null,
            "swift_code": "USMSMYK1"
        },
        {
            "id": 368,
            "bank": "UNITED OVERSEAS BANK (MALAYSIA) BERHAD",
            "city": "BENTONG, PAHANG",
            "branch": null,
            "swift_code": "UOVBMYK1026"
        },
        {
            "id": 369,
            "bank": "UNITED OVERSEAS BANK (MALAYSIA) BERHAD",
            "city": "BUTTERWORTH, PENANG",
            "branch": null,
            "swift_code": "UOVBMYK101P"
        },
        {
            "id": 370,
            "bank": "UNITED OVERSEAS BANK (MALAYSIA) BERHAD",
            "city": "IPOH, PERAK",
            "branch": null,
            "swift_code": "UOVBMYK102H"
        },
        {
            "id": 371,
            "bank": "UNITED OVERSEAS BANK (MALAYSIA) BERHAD",
            "city": "JOHOR BAHRU, JOHOR",
            "branch": null,
            "swift_code": "UOVBMYK102J"
        },
        {
            "id": 372,
            "bank": "UNITED OVERSEAS BANK (MALAYSIA) BERHAD",
            "city": "KLANG, SELANGOR",
            "branch": "(JALAN DATO HAMZAH BRANCH)",
            "swift_code": "UOVBMYK101K"
        },
        {
            "id": 373,
            "bank": "UNITED OVERSEAS BANK (MALAYSIA) BERHAD",
            "city": "KLANG, SELANGOR",
            "branch": "(JALAN MERU)",
            "swift_code": "UOVBMYK102K"
        },
        {
            "id": 374,
            "bank": "UNITED OVERSEAS BANK (MALAYSIA) BERHAD",
            "city": "KLUANG, JOHOR",
            "branch": null,
            "swift_code": "UOVBMYK101J"
        },
        {
            "id": 375,
            "bank": "UNITED OVERSEAS BANK (MALAYSIA) BERHAD",
            "city": "KOTA BAHRU, KELANTAN",
            "branch": null,
            "swift_code": "UOVBMYK101T"
        },
        {
            "id": 376,
            "bank": "UNITED OVERSEAS BANK (MALAYSIA) BERHAD",
            "city": "KOTA KINABALU, SABAH",
            "branch": null,
            "swift_code": "UOVBMYK104K"
        },
        {
            "id": 377,
            "bank": "UNITED OVERSEAS BANK (MALAYSIA) BERHAD",
            "city": "KUALA LUMPUR",
            "branch": "(CUSTODIAN AND NOMINEES DEPARTMENT)",
            "swift_code": "UOVBMYKLCND"
        },
        {
            "id": 378,
            "bank": "UNITED OVERSEAS BANK (MALAYSIA) BERHAD",
            "city": "KUALA LUMPUR",
            "branch": "(JALAN PUDU)",
            "swift_code": "UOVBMYK10K3"
        },
        {
            "id": 379,
            "bank": "UNITED OVERSEAS BANK (MALAYSIA) BERHAD",
            "city": "KUALA LUMPUR",
            "branch": "(JALAN RAJA LAUT)",
            "swift_code": "UOVBMYK10K1"
        },
        {
            "id": 380,
            "bank": "UNITED OVERSEAS BANK (MALAYSIA) BERHAD",
            "city": "KUALA LUMPUR",
            "branch": "(MEDAN PASAR BRANCH)",
            "swift_code": "UOVBMYK10K2"
        },
        {
            "id": 381,
            "bank": "UNITED OVERSEAS BANK (MALAYSIA) BERHAD",
            "city": "KUALA LUMPUR",
            "branch": null,
            "swift_code": "UOVBMYKL"
        },
        {
            "id": 382,
            "bank": "UNITED OVERSEAS BANK (MALAYSIA) BERHAD",
            "city": "KUALA TERENGGANU, TERENGGANU",
            "branch": null,
            "swift_code": "UOVBMYK103T"
        },
        {
            "id": 383,
            "bank": "UNITED OVERSEAS BANK (MALAYSIA) BERHAD",
            "city": "KUANTAN, PAHANG",
            "branch": null,
            "swift_code": "UOVBMYK102T"
        },
        {
            "id": 384,
            "bank": "UNITED OVERSEAS BANK (MALAYSIA) BERHAD",
            "city": "KUCHING, SARAWAK",
            "branch": null,
            "swift_code": "UOVBMYK103K"
        },
        {
            "id": 385,
            "bank": "UNITED OVERSEAS BANK (MALAYSIA) BERHAD",
            "city": "KULAI, JOHOR",
            "branch": null,
            "swift_code": "UOVBMYK103J"
        },
        {
            "id": 386,
            "bank": "UNITED OVERSEAS BANK (MALAYSIA) BERHAD",
            "city": "MALACCA, MALACCA",
            "branch": null,
            "swift_code": "UOVBMYK1027"
        },
        {
            "id": 387,
            "bank": "UNITED OVERSEAS BANK (MALAYSIA) BERHAD",
            "city": "PENANG, PENANG",
            "branch": "(LEBUH BISHOP)",
            "swift_code": "UOVBMYK102P"
        },
        {
            "id": 388,
            "bank": "UNITED OVERSEAS BANK (MALAYSIA) BERHAD",
            "city": "PENANG, PENANG",
            "branch": "(LEBUH PANTAI)",
            "swift_code": "UOVBMYK103P"
        },
        {
            "id": 389,
            "bank": "UNITED OVERSEAS BANK (MALAYSIA) BERHAD",
            "city": "PETALING JAYA, SELANGOR",
            "branch": "(JALAN OTHMAN BRANCH)",
            "swift_code": "UOVBMYK1024"
        },
        {
            "id": 390,
            "bank": "UNITED OVERSEAS BANK (MALAYSIA) BERHAD",
            "city": "PETALING JAYA, SELANGOR",
            "branch": "(JALAN TENGAH BRANCH)",
            "swift_code": "UOVBMYK1025"
        },
        {
            "id": 391,
            "bank": "UNITED OVERSEAS BANK (MALAYSIA) BERHAD",
            "city": "RAUB, PAHANG",
            "branch": null,
            "swift_code": "UOVBMYK1022"
        },
        {
            "id": 392,
            "bank": "UNITED OVERSEAS BANK (MALAYSIA) BERHAD",
            "city": "SANDAKAN, SABAH",
            "branch": null,
            "swift_code": "UOVBMYK1042"
        },
        {
            "id": 393,
            "bank": "UNITED OVERSEAS BANK (MALAYSIA) BERHAD",
            "city": "SEREMBAN, NEGRI SEMBILAN",
            "branch": null,
            "swift_code": "UOVBMYK1023"
        },
        {
            "id": 394,
            "bank": "UNITED OVERSEAS BANK (MALAYSIA) BERHAD",
            "city": "TUARAN, SABAH",
            "branch": null,
            "swift_code": "UOVBMYK1043"
        },
        {
            "id": 395,
            "bank": "UNITED OVERSEAS BANK (MALAYSIA) BHD",
            "city": "KUALA LUMPUR",
            "branch": null,
            "swift_code": "UOVBMY21"
        },
        {
            "id": 396,
            "bank": "UNITED OVERSEAS BANK LIMITED LABUAN BRANCH",
            "city": "LABUAN",
            "branch": null,
            "swift_code": "UOVBMY2L"
        },
        {
            "id": 397,
            "bank": "UNIVERSAL TRUSTEE (M) BERHAD",
            "city": "KUALA LUMPUR",
            "branch": null,
            "swift_code": "UNTHMYK1"
        },
        {
            "id": 398,
            "bank": "UOB KAY HIAN SECURITIES (M) SDN BHD",
            "city": "KOTA KINABALU, SABAH",
            "branch": null,
            "swift_code": "INNOMY41"
        },
        {
            "id": 399,
            "bank": "UOB SECURITIES PTE LTD",
            "city": "KUALA LUMPUR",
            "branch": null,
            "swift_code": "UOBSMYK1"
        },
        {
            "id": 400,
            "bank": "UPEN SECURITIES SDN BHD",
            "city": "KANGAR, PERLIS",
            "branch": null,
            "swift_code": "USSBMY21"
        },
        {
            "id": 401,
            "bank": "UTAMA MERCHANT BANK BERHAD",
            "city": "KUALA LUMPUR",
            "branch": null,
            "swift_code": "UMBBMYK1"
        },
        {
            "id": 402,
            "bank": "UTAMA WARDLEY BERHAD",
            "city": "KUALA LUMPUR",
            "branch": null,
            "swift_code": "UWDYMYK1"
        },
        {
            "id": 403,
            "bank": "VICKERS BALLAS RESEARCH (M) SDN BHD",
            "city": "KUALA LUMPUR",
            "branch": null,
            "swift_code": "VIBRMYK1"
        },
        {
            "id": 404,
            "bank": "VOLKSWAGEN GROUP MALAYSIA",
            "city": "KUALA LUMPUR",
            "branch": null,
            "swift_code": "VOGMMYK1"
        },
        {
            "id": 405,
            "bank": "VOLKSWAGEN PASSENGER CARS MALAYSIA SDN BHD",
            "city": "KUALA LUMPUR",
            "branch": null,
            "swift_code": "VPCMMYK1"
        },
        {
            "id": 406,
            "bank": "W.I. CARR (FAR EAST) LIMITED",
            "city": "KUALA LUMPUR",
            "branch": null,
            "swift_code": "WICAMYK1"
        },
        {
            "id": 407,
            "bank": "WAH TAT BANK BERHAD",
            "city": "KUALA LUMPUR",
            "branch": null,
            "swift_code": "WTBBMY310KL"
        },
        {
            "id": 408,
            "bank": "WAH TAT BANK BERHAD",
            "city": "KUCHING, SARAWAK",
            "branch": null,
            "swift_code": "WTBBMY3103K"
        },
        {
            "id": 409,
            "bank": "WAH TAT BANK BERHAD",
            "city": "SIBU, SARAWAK",
            "branch": null,
            "swift_code": "WTBBMY31"
        },
        {
            "id": 410,
            "bank": "WK OPTIONS AND FUTURES SDN BHD",
            "city": "KUANTAN, PAHANG",
            "branch": null,
            "swift_code": "WKOFMY21"
        },
        {
            "id": 411,
            "bank": "WK SECURITIES SDN BHD",
            "city": "KUANTAN, PAHANG",
            "branch": null,
            "swift_code": "SESBMY21"
        },
        {
            "id": 412,
            "bank": "Y.K. FUNG SECURITIES SDN BHD",
            "city": "IPOH, PERAK",
            "branch": null,
            "swift_code": "FSSBMYK1"
        },
        {
            "id": 413,
            "bank": "YAMAICHI ADVISORY SERVICES (MALAYSIA) SDN BHD",
            "city": "KUALA LUMPUR",
            "branch": null,
            "swift_code": "YASMMYK1"
        }
    ]
}
