{
    "country": "Niger",
    "country_code": "NE",
    "list": [
        {
            "id": 1,
            "bank": "BANK OF AFRICA NIGER",
            "city": "NIAMEY",
            "branch": null,
            "swift_code": "AFRINENI"
        },
        {
            "id": 2,
            "bank": "BANQUE AGRICOLE DU NIGER",
            "city": "NIAMEY",
            "branch": null,
            "swift_code": "BANENENI"
        },
        {
            "id": 3,
            "bank": "BANQUE ATLANTIQUE NIGER",
            "city": "NIAMEY",
            "branch": null,
            "swift_code": "ATNENENI"
        },
        {
            "id": 4,
            "bank": "BANQUE CENTRALE DES ETATS DE L'AFRIQUE DE L'OUEST",
            "city": "MARADI",
            "branch": "(MARADI BRANCH)",
            "swift_code": "BCAONENIMAR"
        },
        {
            "id": 5,
            "bank": "BANQUE CENTRALE DES ETATS DE L'AFRIQUE DE L'OUEST",
            "city": "NIAMEY",
            "branch": null,
            "swift_code": "BCAONENI"
        },
        {
            "id": 6,
            "bank": "BANQUE CENTRALE DES ETATS DE L'AFRIQUE DE L'OUEST",
            "city": "ZINDER",
            "branch": "(ZINDER BRANCH)",
            "swift_code": "BCAONENIZIN"
        },
        {
            "id": 7,
            "bank": "BANQUE COMMERCIALE DU NIGER",
            "city": "NIAMEY",
            "branch": null,
            "swift_code": "BCDNNENI"
        },
        {
            "id": 8,
            "bank": "BANQUE COMMERCIALE DU NIGER S.A.",
            "city": "NIAMEY",
            "branch": null,
            "swift_code": "BALNNEN1"
        },
        {
            "id": 9,
            "bank": "BANQUE INTERNATIONALE POUR L'AFRIQUE AU NIGER",
            "city": "NIAMEY",
            "branch": null,
            "swift_code": "BIANNENI"
        },
        {
            "id": 10,
            "bank": "BANQUE INTERNATIONALE POUR LE COMMERCE ET INDUSTRIE DU NIGER",
            "city": "NIAMEY",
            "branch": null,
            "swift_code": "INNINEN1"
        },
        {
            "id": 11,
            "bank": "BANQUE ISLAMIQUE DU NIGER POUR LE COMMERCE ET L'INVESTISSEMENT",
            "city": "NIAMEY",
            "branch": null,
            "swift_code": "BICVNENI"
        },
        {
            "id": 12,
            "bank": "BANQUE REGIONALE DE MARCHES",
            "city": "NIAMEY",
            "branch": null,
            "swift_code": "BRMXNENI"
        },
        {
            "id": 13,
            "bank": "BANQUE SAHELO-SAHARIENNE POUR L'INVESTISSEMENT ET LE COMMERCE (NIGER) S.A.",
            "city": "NIAMEY",
            "branch": null,
            "swift_code": "BSAHNENI"
        },
        {
            "id": 14,
            "bank": "CBAO GROUPE ATTIJARIWAFA BANK",
            "city": "NIAMEY",
            "branch": null,
            "swift_code": "CBAONENI"
        },
        {
            "id": 15,
            "bank": "CITIBANK NIGERIA LIMITED",
            "city": "NIAMEY",
            "branch": null,
            "swift_code": "NIBANEN1"
        },
        {
            "id": 16,
            "bank": "DEPOSITAIRE CENTRAL-BANQUE DE REGLEMENT (DCBR NIGER)",
            "city": "NIAMEY",
            "branch": null,
            "swift_code": "DCRRNEN1"
        },
        {
            "id": 17,
            "bank": "ECOBANK NIGER ECN",
            "city": "NIAMEY",
            "branch": null,
            "swift_code": "ECOCNENI"
        },
        {
            "id": 18,
            "bank": "ORABANK NIGER",
            "city": "NIAMEY",
            "branch": null,
            "swift_code": "ORBKNENI"
        },
        {
            "id": 19,
            "bank": "SOCIETE NIGERIENNE DE BANQUE",
            "city": "NIAMEY",
            "branch": null,
            "swift_code": "SOCNNENI"
        }
    ]
}
