{
    "country": "Nigeria",
    "country_code": "NG",
    "list": [
        {
            "id": 1,
            "bank": "ACCESS BANK PLC",
            "city": "LAGOS",
            "branch": null,
            "swift_code": "ABNGNGLA"
        },
        {
            "id": 2,
            "bank": "AFRICAN EXPORT-IMPORT BANK",
            "city": "ABUJA",
            "branch": null,
            "swift_code": "AFXMNGLA"
        },
        {
            "id": 3,
            "bank": "ASSET MANAGEMENT CORPORATION OF NIGERIA",
            "city": "ABUJA",
            "branch": null,
            "swift_code": "AMNGNGLA"
        },
        {
            "id": 4,
            "bank": "B2BSOLUTINS LTD",
            "city": "LAGOS",
            "branch": null,
            "swift_code": "BBSONGL1"
        },
        {
            "id": 5,
            "bank": "BANK OF INDUSTRY FINANCIAL DEPARTMENT",
            "city": "LAGOS",
            "branch": null,
            "swift_code": "BOIYNGLA"
        },
        {
            "id": 6,
            "bank": "BRITISH AMERICAN TOBACCO (NIGERIA) LTD",
            "city": "LAGOS",
            "branch": null,
            "swift_code": "BATSNG21"
        },
        {
            "id": 7,
            "bank": "BRITISH AMERICAN TOBACCO MARKETING NIGERIA LTD",
            "city": "ABUJA",
            "branch": null,
            "swift_code": "BATSNGL1"
        },
        {
            "id": 8,
            "bank": "BT INTERNATIONAL (NIGERIA) LTD.",
            "city": "LAGOS",
            "branch": null,
            "swift_code": "NIGINGL1"
        },
        {
            "id": 9,
            "bank": "BZX INVESTMENTS LTD",
            "city": "ILESHA",
            "branch": null,
            "swift_code": "BZINNGL1"
        },
        {
            "id": 10,
            "bank": "CENTRAL BANK OF NIGERIA",
            "city": "LAGOS",
            "branch": null,
            "swift_code": "CBNINGLA"
        },
        {
            "id": 11,
            "bank": "CENTRAL SECURITIES CLEARING SYSTEM PLC",
            "city": "LAGOS",
            "branch": null,
            "swift_code": "CSCYNGLA"
        },
        {
            "id": 12,
            "bank": "CHAPEL HILL DENHAM SECURITIES LIMITED",
            "city": "LAGOS",
            "branch": null,
            "swift_code": "CHDENGL1"
        },
        {
            "id": 13,
            "bank": "CITIBANK NIGERIA LIMITED",
            "city": "LAGOS",
            "branch": "(TRADE SERVICES DEPARTMENT)",
            "swift_code": "CITINGLATRD"
        },
        {
            "id": 14,
            "bank": "CITIBANK NIGERIA LIMITED",
            "city": "LAGOS",
            "branch": null,
            "swift_code": "CITINGLA"
        },
        {
            "id": 15,
            "bank": "CITY EXPRESS BANK LIMITED",
            "city": "LAGOS",
            "branch": null,
            "swift_code": "CIEHNGL1"
        },
        {
            "id": 16,
            "bank": "CORONATION MERCHANT BANK LIMITED",
            "city": "LAGOS",
            "branch": null,
            "swift_code": "ADHLNGLA"
        },
        {
            "id": 17,
            "bank": "CORONATION MERCHANT BANK LIMITED",
            "city": "LAGOS",
            "branch": null,
            "swift_code": "CMBBNGLA"
        },
        {
            "id": 18,
            "bank": "CSL STOCKBROKERS LIMITED",
            "city": "LAGOS",
            "branch": null,
            "swift_code": "CSSKNGL1"
        },
        {
            "id": 19,
            "bank": "DEVCOM BANK LTD",
            "city": "LAGOS",
            "branch": null,
            "swift_code": "DEVCNGL1"
        },
        {
            "id": 20,
            "bank": "DEVCOM MERCHANT BANK LTD.",
            "city": "LAGOS",
            "branch": null,
            "swift_code": "DEMBNGL1"
        },
        {
            "id": 21,
            "bank": "DIAMOND BANK PLC",
            "city": "LAGOS",
            "branch": null,
            "swift_code": "DBLNNGLA"
        },
        {
            "id": 22,
            "bank": "ECOBANK NIGERIA LIMITED",
            "city": "LAGOS",
            "branch": null,
            "swift_code": "ECOCNGLA"
        },
        {
            "id": 23,
            "bank": "FBN MERCHANT BANK LIMITED",
            "city": "LAGOS",
            "branch": null,
            "swift_code": "KDHLNGLA"
        },
        {
            "id": 24,
            "bank": "FIDELITY BANK PLC",
            "city": "LAGOS",
            "branch": null,
            "swift_code": "FIDTNGLA"
        },
        {
            "id": 25,
            "bank": "FIDELITY BANK PLC",
            "city": "LAGOS",
            "branch": null,
            "swift_code": "FUMRNGL1"
        },
        {
            "id": 26,
            "bank": "FIRST BANK OF NIGERIA LTD",
            "city": "LAGOS",
            "branch": "(CUSTODIAN SERVICES)",
            "swift_code": "FBNINGLAGCS"
        },
        {
            "id": 27,
            "bank": "FIRST BANK OF NIGERIA LTD",
            "city": "LAGOS",
            "branch": null,
            "swift_code": "FBNINGLA"
        },
        {
            "id": 28,
            "bank": "FIRST CITY MONUMENT BANK LIMITED",
            "city": "LAGOS",
            "branch": "(ELECTRONIC BANKING)",
            "swift_code": "FCMBNGLAWEB"
        },
        {
            "id": 29,
            "bank": "FIRST CITY MONUMENT BANK LIMITED",
            "city": "LAGOS",
            "branch": null,
            "swift_code": "FCMBNGLA"
        },
        {
            "id": 30,
            "bank": "FIRST INTERSTATE MERCHANT BANK (NIGERIA) LTD.",
            "city": "LAGOS",
            "branch": null,
            "swift_code": "FIMNNGL1"
        },
        {
            "id": 31,
            "bank": "FORTUNE INTERNATIONAL BANC PLC",
            "city": "LAGOS",
            "branch": null,
            "swift_code": "FOIBNGL1"
        },
        {
            "id": 32,
            "bank": "FSDH MERCHANT BANK LTD",
            "city": "LAGOS",
            "branch": null,
            "swift_code": "FSDHNGLA"
        },
        {
            "id": 33,
            "bank": "GUARANTY TRUST BANK PLC",
            "city": "LAGOS",
            "branch": "(INFO POOL)",
            "swift_code": "GTBINGLAIFP"
        },
        {
            "id": 34,
            "bank": "GUARANTY TRUST BANK PLC",
            "city": "LAGOS",
            "branch": null,
            "swift_code": "GTBINGLA"
        },
        {
            "id": 35,
            "bank": "GULF BANK OF NIGERIA PLC",
            "city": "LAGOS",
            "branch": null,
            "swift_code": "GBNPNGL1"
        },
        {
            "id": 36,
            "bank": "HALLMARK BANK PLC",
            "city": "LAGOS",
            "branch": null,
            "swift_code": "HALMNGL1"
        },
        {
            "id": 37,
            "bank": "HERITAGE BANKING COMPANY LIMITED",
            "city": "LAGOS",
            "branch": null,
            "swift_code": "HBCLNGLA"
        },
        {
            "id": 38,
            "bank": "IKON CAPITAL AFRICA LIMITED",
            "city": "LAGOS",
            "branch": null,
            "swift_code": "IKONNGL1"
        },
        {
            "id": 39,
            "bank": "INDORAMA ELEME FERTILIZER AND CHEMICALS LIMITED",
            "city": "PORT HARCOURT",
            "branch": null,
            "swift_code": "IEFCNGL1"
        },
        {
            "id": 40,
            "bank": "INDORAMA ELEME PETROCHEMICALS LIMITED",
            "city": "PORT HARCOURT",
            "branch": null,
            "swift_code": "INLHNGL1"
        },
        {
            "id": 41,
            "bank": "JAIZ BANK PLC",
            "city": "ABUJA",
            "branch": null,
            "swift_code": "JAIZNGLA"
        },
        {
            "id": 42,
            "bank": "KEYSTONE BANK LIMITED",
            "city": "LAGOS",
            "branch": null,
            "swift_code": "PLNINGLA"
        },
        {
            "id": 43,
            "bank": "LOBE BANK OF NIGERIA",
            "city": "LAGOS",
            "branch": null,
            "swift_code": "LBNINGL1"
        },
        {
            "id": 44,
            "bank": "MANNY BANK LTD.",
            "city": "LAGOS",
            "branch": null,
            "swift_code": "MAMBNGL1"
        },
        {
            "id": 45,
            "bank": "METROPOLITAN BANK LTD",
            "city": "LAGOS",
            "branch": null,
            "swift_code": "METMNGL1"
        },
        {
            "id": 46,
            "bank": "MOBIL OIL NIGERIA PLC",
            "city": "LAGOS",
            "branch": null,
            "swift_code": "MOOGNGL1"
        },
        {
            "id": 47,
            "bank": "NIGERIA UNIVERSAL BANK LIMITED",
            "city": "KADUNA",
            "branch": null,
            "swift_code": "KACBNG21"
        },
        {
            "id": 48,
            "bank": "NIGERIA UNIVERSAL BANK LTD.",
            "city": "KATSINA",
            "branch": null,
            "swift_code": "KNUBNGL1022"
        },
        {
            "id": 49,
            "bank": "NIGERIA UNIVERSAL BANK LTD.",
            "city": "LAGOS",
            "branch": null,
            "swift_code": "KNUBNGL1"
        },
        {
            "id": 50,
            "bank": "NIGERIAN EXPORT IMPORT BANK",
            "city": "ABUJA",
            "branch": null,
            "swift_code": "NEXMNGLA"
        },
        {
            "id": 51,
            "bank": "NIGERIAN INDUSTRIAL DEVELOPMENT BANK LTD",
            "city": "LAGOS",
            "branch": null,
            "swift_code": "NIDBNGL1"
        },
        {
            "id": 52,
            "bank": "NIGERIAN STOCK EXCHANGE, THE",
            "city": "LAGOS",
            "branch": null,
            "swift_code": "XNSANGL1"
        },
        {
            "id": 53,
            "bank": "PROVIDUSBANK PLC",
            "city": "LAGOS",
            "branch": null,
            "swift_code": "UMPLNGLA"
        },
        {
            "id": 54,
            "bank": "RAND MERCHANT BANK NIGERIA LIMITED",
            "city": "LAGOS",
            "branch": "(RMB NIGERIA STOCKBROKERS LIMITED)",
            "swift_code": "FIRNNGLARMS"
        },
        {
            "id": 55,
            "bank": "RAND MERCHANT BANK NIGERIA LIMITED",
            "city": "VICTORIA ISLAND",
            "branch": null,
            "swift_code": "FIRNNGLA"
        },
        {
            "id": 56,
            "bank": "RENAISSANCE SECURITIES (NIGERIA) LIMITED",
            "city": "LAGOS",
            "branch": null,
            "swift_code": "REECNGL1"
        },
        {
            "id": 57,
            "bank": "SABMILLER NIGERIA",
            "city": "ILESHA",
            "branch": null,
            "swift_code": "SABMNGL1IBP"
        },
        {
            "id": 58,
            "bank": "SABMILLER NIGERIA",
            "city": "LAGOS",
            "branch": null,
            "swift_code": "SABMNGL1"
        },
        {
            "id": 59,
            "bank": "SABMILLER NIGERIA",
            "city": "LAGOS",
            "branch": null,
            "swift_code": "SABMNGL1VNL"
        },
        {
            "id": 60,
            "bank": "SABMILLER NIGERIA",
            "city": "ONITSHA",
            "branch": null,
            "swift_code": "SABMNGL1IBL"
        },
        {
            "id": 61,
            "bank": "SABMILLER NIGERIA",
            "city": "PORT HARCOURT",
            "branch": null,
            "swift_code": "SABMNGL1PBL"
        },
        {
            "id": 62,
            "bank": "SAMSUNG ELECTRONICS WEST AFRICA LIMITED",
            "city": "LAGOS",
            "branch": null,
            "swift_code": "SECTNGL1"
        },
        {
            "id": 63,
            "bank": "SAMSUNG ELECTRONICS WEST AFRICA LIMITED",
            "city": "LAGOS",
            "branch": null,
            "swift_code": "SECTNGL1701"
        },
        {
            "id": 64,
            "bank": "SKYE BANK PLC",
            "city": "LAGOS",
            "branch": null,
            "swift_code": "PRDTNGLA"
        },
        {
            "id": 65,
            "bank": "STANBIC IBTC BANK PLC",
            "city": "LAGOS",
            "branch": "(HEAD OFFICE)",
            "swift_code": "SBICNGLX"
        },
        {
            "id": 66,
            "bank": "STANBIC IBTC BANK PLC",
            "city": "LAGOS",
            "branch": null,
            "swift_code": "SBICNGLB"
        },
        {
            "id": 67,
            "bank": "STANDARD CHARTERED BANK NIGERIA LIMITED",
            "city": "LAGOS",
            "branch": "(SECURITIES SERVICES)",
            "swift_code": "SCBLNGLASSU"
        },
        {
            "id": 68,
            "bank": "STANDARD CHARTERED BANK NIGERIA LIMITED",
            "city": "LAGOS",
            "branch": "(STORM II)",
            "swift_code": "SCBLNGLASTM"
        },
        {
            "id": 69,
            "bank": "STANDARD CHARTERED BANK NIGERIA LIMITED",
            "city": "LAGOS",
            "branch": "(TREASURY SERVICES)",
            "swift_code": "SCBLNGLATSY"
        },
        {
            "id": 70,
            "bank": "STANDARD CHARTERED BANK NIGERIA LIMITED",
            "city": "LAGOS",
            "branch": "(UNITRUST, HEAD OFFICE BRANCH)",
            "swift_code": "SCBLNGLAPYT"
        },
        {
            "id": 71,
            "bank": "STANDARD CHARTERED BANK NIGERIA LIMITED",
            "city": "LAGOS",
            "branch": null,
            "swift_code": "SCBLNGLA"
        },
        {
            "id": 72,
            "bank": "STERLING BANK PLC",
            "city": "LAGOS",
            "branch": null,
            "swift_code": "NAMENGLA"
        },
        {
            "id": 73,
            "bank": "SUNTRUST BANK NIGERIA LIMITED",
            "city": "LAGOS",
            "branch": null,
            "swift_code": "SUTGNGLA"
        },
        {
            "id": 74,
            "bank": "TRADE BANK PLC",
            "city": "LAGOS",
            "branch": null,
            "swift_code": "TDEBNGL1"
        },
        {
            "id": 75,
            "bank": "TRADE-ON-WEB, LLC",
            "city": "WARRI",
            "branch": null,
            "swift_code": "TRLLNGL1"
        },
        {
            "id": 76,
            "bank": "UNION BANK OF NIGERIA PLC",
            "city": "LAGOS",
            "branch": null,
            "swift_code": "UBNINGLA"
        },
        {
            "id": 77,
            "bank": "UNITED BANK FOR AFRICA PLC",
            "city": "ABA",
            "branch": "(ABA MAIN BRANCH)",
            "swift_code": "UNAFNGLA088"
        },
        {
            "id": 78,
            "bank": "UNITED BANK FOR AFRICA PLC",
            "city": "ABA",
            "branch": "(ABA\/OWERRI RD. BRANCH)",
            "swift_code": "UNAFNGLA171"
        },
        {
            "id": 79,
            "bank": "UNITED BANK FOR AFRICA PLC",
            "city": "ABA",
            "branch": "(EZIUKWU BRANCH)",
            "swift_code": "UNAFNGLA223"
        },
        {
            "id": 80,
            "bank": "UNITED BANK FOR AFRICA PLC",
            "city": "ABEOKUTA",
            "branch": "(ABEOKUTA BRANCH)",
            "swift_code": "UNAFNGLA055"
        },
        {
            "id": 81,
            "bank": "UNITED BANK FOR AFRICA PLC",
            "city": "ABUJA",
            "branch": "(ABUJA BRANCH)",
            "swift_code": "UNAFNGLA114"
        },
        {
            "id": 82,
            "bank": "UNITED BANK FOR AFRICA PLC",
            "city": "ABUJA",
            "branch": "(NICON NOGA BRANCH)",
            "swift_code": "UNAFNGLA215"
        },
        {
            "id": 83,
            "bank": "UNITED BANK FOR AFRICA PLC",
            "city": "AKURE",
            "branch": "(AKURE BRANCH)",
            "swift_code": "UNAFNGLA056"
        },
        {
            "id": 84,
            "bank": "UNITED BANK FOR AFRICA PLC",
            "city": "ASABA",
            "branch": "(ASABA BRANCH)",
            "swift_code": "UNAFNGLA175"
        },
        {
            "id": 85,
            "bank": "UNITED BANK FOR AFRICA PLC",
            "city": "AWKA",
            "branch": "(AWKA BRANCH)",
            "swift_code": "UNAFNGLA164"
        },
        {
            "id": 86,
            "bank": "UNITED BANK FOR AFRICA PLC",
            "city": "BAUCHI",
            "branch": "(BAUCHI BRANCH)",
            "swift_code": "UNAFNGLA030"
        },
        {
            "id": 87,
            "bank": "UNITED BANK FOR AFRICA PLC",
            "city": "BENIN CITY",
            "branch": "(BENIN BRANCH)",
            "swift_code": "UNAFNGLA044"
        },
        {
            "id": 88,
            "bank": "UNITED BANK FOR AFRICA PLC",
            "city": "BENIN CITY",
            "branch": "(UGBOWO BRANCH)",
            "swift_code": "UNAFNGLA117"
        },
        {
            "id": 89,
            "bank": "UNITED BANK FOR AFRICA PLC",
            "city": "CALABAR",
            "branch": "(CALABAR BRANCH)",
            "swift_code": "UNAFNGLA094"
        },
        {
            "id": 90,
            "bank": "UNITED BANK FOR AFRICA PLC",
            "city": "EKET",
            "branch": "(EKET BRANCH)",
            "swift_code": "UNAFNGLA222"
        },
        {
            "id": 91,
            "bank": "UNITED BANK FOR AFRICA PLC",
            "city": "ENUGU",
            "branch": "(AGBANI ROAD BRANCH)",
            "swift_code": "UNAFNGLA176"
        },
        {
            "id": 92,
            "bank": "UNITED BANK FOR AFRICA PLC",
            "city": "ENUGU",
            "branch": "(ENUGU BRANCH)",
            "swift_code": "UNAFNGLA084"
        },
        {
            "id": 93,
            "bank": "UNITED BANK FOR AFRICA PLC",
            "city": "ENUGU",
            "branch": "(UNEC BRANCH)",
            "swift_code": "UNAFNGLA123"
        },
        {
            "id": 94,
            "bank": "UNITED BANK FOR AFRICA PLC",
            "city": "FUNTUA",
            "branch": "(FUNTUA BRANCH)",
            "swift_code": "UNAFNGLA054"
        },
        {
            "id": 95,
            "bank": "UNITED BANK FOR AFRICA PLC",
            "city": "GOMBE",
            "branch": "(GOMBE BRANCH)",
            "swift_code": "UNAFNGLA152"
        },
        {
            "id": 96,
            "bank": "UNITED BANK FOR AFRICA PLC",
            "city": "HADEJIA",
            "branch": "(HADEJIA BRANCH)",
            "swift_code": "UNAFNGLA126"
        },
        {
            "id": 97,
            "bank": "UNITED BANK FOR AFRICA PLC",
            "city": "IBADAN",
            "branch": "(AMUNIGUN BRANCH)",
            "swift_code": "UNAFNGLA043"
        },
        {
            "id": 98,
            "bank": "UNITED BANK FOR AFRICA PLC",
            "city": "IBADAN",
            "branch": "(IBADAN MAIN BRANCH)",
            "swift_code": "UNAFNGLA040"
        },
        {
            "id": 99,
            "bank": "UNITED BANK FOR AFRICA PLC",
            "city": "IBADAN",
            "branch": "(IWO ROAD BRANCH)",
            "swift_code": "UNAFNGLA166"
        },
        {
            "id": 100,
            "bank": "UNITED BANK FOR AFRICA PLC",
            "city": "IBADAN",
            "branch": "(MOLETE BRANCH)",
            "swift_code": "UNAFNGLA042"
        },
        {
            "id": 101,
            "bank": "UNITED BANK FOR AFRICA PLC",
            "city": "IDAH",
            "branch": "(IDAH BRANCH)",
            "swift_code": "UNAFNGLA112"
        },
        {
            "id": 102,
            "bank": "UNITED BANK FOR AFRICA PLC",
            "city": "IJEBU ODE",
            "branch": "(IJEBU ODE BRANCH)",
            "swift_code": "UNAFNGLA132"
        },
        {
            "id": 103,
            "bank": "UNITED BANK FOR AFRICA PLC",
            "city": "IKOM",
            "branch": "(IKOM BRANCH)",
            "swift_code": "UNAFNGLA023"
        },
        {
            "id": 104,
            "bank": "UNITED BANK FOR AFRICA PLC",
            "city": "ILORIN",
            "branch": "(ILORIN BRANCH)",
            "swift_code": "UNAFNGLA049"
        },
        {
            "id": 105,
            "bank": "UNITED BANK FOR AFRICA PLC",
            "city": "JOS",
            "branch": "(JOS BRANCH)",
            "swift_code": "UNAFNGLA098"
        },
        {
            "id": 106,
            "bank": "UNITED BANK FOR AFRICA PLC",
            "city": "KADUNA",
            "branch": "(KADUNA NORTH BRANCH)",
            "swift_code": "UNAFNGLA062"
        },
        {
            "id": 107,
            "bank": "UNITED BANK FOR AFRICA PLC",
            "city": "KADUNA",
            "branch": "(KADUNA SOUTH BRANCH)",
            "swift_code": "UNAFNGLA064"
        },
        {
            "id": 108,
            "bank": "UNITED BANK FOR AFRICA PLC",
            "city": "KADUNA",
            "branch": "(TUDUN WADA BRANCH)",
            "swift_code": "UNAFNGLA153"
        },
        {
            "id": 109,
            "bank": "UNITED BANK FOR AFRICA PLC",
            "city": "KAFANCHAN",
            "branch": "(KAFANCHAN BRANCH)",
            "swift_code": "UNAFNGLA195"
        },
        {
            "id": 110,
            "bank": "UNITED BANK FOR AFRICA PLC",
            "city": "KANO",
            "branch": "(ADO BAYERO BRANCH)",
            "swift_code": "UNAFNGLA224"
        },
        {
            "id": 111,
            "bank": "UNITED BANK FOR AFRICA PLC",
            "city": "KANO",
            "branch": "(AMINU KANO INT'L AIRPORT)",
            "swift_code": "UNAFNGLA169"
        },
        {
            "id": 112,
            "bank": "UNITED BANK FOR AFRICA PLC",
            "city": "KANO",
            "branch": "(BAYERO UNIVERSITY BR.)",
            "swift_code": "UNAFNGLA066"
        },
        {
            "id": 113,
            "bank": "UNITED BANK FOR AFRICA PLC",
            "city": "KANO",
            "branch": "(KANO MAIN BRANCH)",
            "swift_code": "UNAFNGLA060"
        },
        {
            "id": 114,
            "bank": "UNITED BANK FOR AFRICA PLC",
            "city": "KANO",
            "branch": "(KANO SHARADA BRANCH)",
            "swift_code": "UNAFNGLA136"
        },
        {
            "id": 115,
            "bank": "UNITED BANK FOR AFRICA PLC",
            "city": "KANO",
            "branch": "(KANO WAJE BRANCH)",
            "swift_code": "UNAFNGLA137"
        },
        {
            "id": 116,
            "bank": "UNITED BANK FOR AFRICA PLC",
            "city": "KATSINA",
            "branch": "(DUTSINMA BRANCH)",
            "swift_code": "UNAFNGLA154"
        },
        {
            "id": 117,
            "bank": "UNITED BANK FOR AFRICA PLC",
            "city": "KATSINA",
            "branch": "(KATSINA BRANCH)",
            "swift_code": "UNAFNGLA125"
        },
        {
            "id": 118,
            "bank": "UNITED BANK FOR AFRICA PLC",
            "city": "KONTAGORA",
            "branch": "(KONTAGORA BRANCH)",
            "swift_code": "UNAFNGLA147"
        },
        {
            "id": 119,
            "bank": "UNITED BANK FOR AFRICA PLC",
            "city": "LAGOS",
            "branch": "(ADEOLA ODEKU BRANCH)",
            "swift_code": "UNAFNGLA213"
        },
        {
            "id": 120,
            "bank": "UNITED BANK FOR AFRICA PLC",
            "city": "LAGOS",
            "branch": "(AGBARA ESTATE BRANCH)",
            "swift_code": "UNAFNGLA138"
        },
        {
            "id": 121,
            "bank": "UNITED BANK FOR AFRICA PLC",
            "city": "LAGOS",
            "branch": "(ALABA INTERNATIONAL MARKET)",
            "swift_code": "UNAFNGLA227"
        },
        {
            "id": 122,
            "bank": "UNITED BANK FOR AFRICA PLC",
            "city": "LAGOS",
            "branch": "(ALAUSA BRANCH)",
            "swift_code": "UNAFNGLA218"
        },
        {
            "id": 123,
            "bank": "UNITED BANK FOR AFRICA PLC",
            "city": "LAGOS",
            "branch": "(APAPA WAREHOUSE BRANCH)",
            "swift_code": "UNAFNGLA026"
        },
        {
            "id": 124,
            "bank": "UNITED BANK FOR AFRICA PLC",
            "city": "LAGOS",
            "branch": "(APAPA WHARF BRANCH)",
            "swift_code": "UNAFNGLA004"
        },
        {
            "id": 125,
            "bank": "UNITED BANK FOR AFRICA PLC",
            "city": "LAGOS",
            "branch": "(BREADFRUIT BRANCH)",
            "swift_code": "UNAFNGLA219"
        },
        {
            "id": 126,
            "bank": "UNITED BANK FOR AFRICA PLC",
            "city": "LAGOS",
            "branch": "(E-BANKING SERVICE DEPT.)",
            "swift_code": "UNAFNGLA228"
        },
        {
            "id": 127,
            "bank": "UNITED BANK FOR AFRICA PLC",
            "city": "LAGOS",
            "branch": "(EBUTE METTA BRANCH)",
            "swift_code": "UNAFNGLA008"
        },
        {
            "id": 128,
            "bank": "UNITED BANK FOR AFRICA PLC",
            "city": "LAGOS",
            "branch": "(FALOMO BRANCH)",
            "swift_code": "UNAFNGLA012"
        },
        {
            "id": 129,
            "bank": "UNITED BANK FOR AFRICA PLC",
            "city": "LAGOS",
            "branch": "(FINANCE OPERATIONS (FINOPS))",
            "swift_code": "UNAFNGLA303"
        },
        {
            "id": 130,
            "bank": "UNITED BANK FOR AFRICA PLC",
            "city": "LAGOS",
            "branch": "(FOREIGN CURRENCT DOMICILIARY)",
            "swift_code": "UNAFNGLA304"
        },
        {
            "id": 131,
            "bank": "UNITED BANK FOR AFRICA PLC",
            "city": "LAGOS",
            "branch": "(FOREIGN TRADE)",
            "swift_code": "UNAFNGLA306"
        },
        {
            "id": 132,
            "bank": "UNITED BANK FOR AFRICA PLC",
            "city": "LAGOS",
            "branch": "(FOREIGN TREASURY OPERATIONS)",
            "swift_code": "UNAFNGLA305"
        },
        {
            "id": 133,
            "bank": "UNITED BANK FOR AFRICA PLC",
            "city": "LAGOS",
            "branch": "(IDOWU TAYLOR BRANCH)",
            "swift_code": "UNAFNGLA193"
        },
        {
            "id": 134,
            "bank": "UNITED BANK FOR AFRICA PLC",
            "city": "LAGOS",
            "branch": "(IDUMAGBO BRANCH)",
            "swift_code": "UNAFNGLA009"
        },
        {
            "id": 135,
            "bank": "UNITED BANK FOR AFRICA PLC",
            "city": "LAGOS",
            "branch": "(IGANMU BRANCH)",
            "swift_code": "UNAFNGLA011"
        },
        {
            "id": 136,
            "bank": "UNITED BANK FOR AFRICA PLC",
            "city": "LAGOS",
            "branch": "(IJORA BRANCH)",
            "swift_code": "UNAFNGLA007"
        },
        {
            "id": 137,
            "bank": "UNITED BANK FOR AFRICA PLC",
            "city": "LAGOS",
            "branch": "(IKEJA BRANCH)",
            "swift_code": "UNAFNGLA005"
        },
        {
            "id": 138,
            "bank": "UNITED BANK FOR AFRICA PLC",
            "city": "LAGOS",
            "branch": "(IKORODU ROAD BRANCH)",
            "swift_code": "UNAFNGLA143"
        },
        {
            "id": 139,
            "bank": "UNITED BANK FOR AFRICA PLC",
            "city": "LAGOS",
            "branch": "(ILUPEJU BRANCH)",
            "swift_code": "UNAFNGLA006"
        },
        {
            "id": 140,
            "bank": "UNITED BANK FOR AFRICA PLC",
            "city": "LAGOS",
            "branch": "(LAGOS AREA CLEARING CENTRE)",
            "swift_code": "UNAFNGLA301"
        },
        {
            "id": 141,
            "bank": "UNITED BANK FOR AFRICA PLC",
            "city": "LAGOS",
            "branch": "(LAGOS CASH MANAGMENT CENTRE)",
            "swift_code": "UNAFNGLA226"
        },
        {
            "id": 142,
            "bank": "UNITED BANK FOR AFRICA PLC",
            "city": "LAGOS",
            "branch": "(LAGOS CENTRAL BRANCH)",
            "swift_code": "UNAFNGLA002"
        },
        {
            "id": 143,
            "bank": "UNITED BANK FOR AFRICA PLC",
            "city": "LAGOS",
            "branch": "(LAGOS EAST BRANCH)",
            "swift_code": "UNAFNGLA003"
        },
        {
            "id": 144,
            "bank": "UNITED BANK FOR AFRICA PLC",
            "city": "LAGOS",
            "branch": "(MARINA WEST BRANCH)",
            "swift_code": "UNAFNGLA150"
        },
        {
            "id": 145,
            "bank": "UNITED BANK FOR AFRICA PLC",
            "city": "LAGOS",
            "branch": "(MM INT'L AIRPORT ROAD)",
            "swift_code": "UNAFNGLA217"
        },
        {
            "id": 146,
            "bank": "UNITED BANK FOR AFRICA PLC",
            "city": "LAGOS",
            "branch": "(OBALENDE BRANCH)",
            "swift_code": "UNAFNGLA130"
        },
        {
            "id": 147,
            "bank": "UNITED BANK FOR AFRICA PLC",
            "city": "LAGOS",
            "branch": "(OKE ARIN BRANCH)",
            "swift_code": "UNAFNGLA221"
        },
        {
            "id": 148,
            "bank": "UNITED BANK FOR AFRICA PLC",
            "city": "LAGOS",
            "branch": "(OREGUN BRANCH)",
            "swift_code": "UNAFNGLA016"
        },
        {
            "id": 149,
            "bank": "UNITED BANK FOR AFRICA PLC",
            "city": "LAGOS",
            "branch": "(SALARY ADMINISTRATION DEPT.)",
            "swift_code": "UNAFNGLA307"
        },
        {
            "id": 150,
            "bank": "UNITED BANK FOR AFRICA PLC",
            "city": "LAGOS",
            "branch": "(SURULERE BRANCH)",
            "swift_code": "UNAFNGLA205"
        },
        {
            "id": 151,
            "bank": "UNITED BANK FOR AFRICA PLC",
            "city": "LAGOS",
            "branch": "(TINUBU BRANCH)",
            "swift_code": "UNAFNGLA014"
        },
        {
            "id": 152,
            "bank": "UNITED BANK FOR AFRICA PLC",
            "city": "LAGOS",
            "branch": "(TREASURY OPERATIONS)",
            "swift_code": "UNAFNGLA302"
        },
        {
            "id": 153,
            "bank": "UNITED BANK FOR AFRICA PLC",
            "city": "LAGOS",
            "branch": "(UBA HOUSE BRANCH)",
            "swift_code": "UNAFNGLA204"
        },
        {
            "id": 154,
            "bank": "UNITED BANK FOR AFRICA PLC",
            "city": "LAGOS",
            "branch": "(UBA REGISTRARS)",
            "swift_code": "UNAFNGLA181"
        },
        {
            "id": 155,
            "bank": "UNITED BANK FOR AFRICA PLC",
            "city": "LAGOS",
            "branch": "(UNILAG BRANCH)",
            "swift_code": "UNAFNGLA010"
        },
        {
            "id": 156,
            "bank": "UNITED BANK FOR AFRICA PLC",
            "city": "LAGOS",
            "branch": null,
            "swift_code": "UNAFNGLA"
        },
        {
            "id": 157,
            "bank": "UNITED BANK FOR AFRICA PLC",
            "city": "LOKOJA",
            "branch": "(LOKOJA BRANCH)",
            "swift_code": "UNAFNGLA127"
        },
        {
            "id": 158,
            "bank": "UNITED BANK FOR AFRICA PLC",
            "city": "MAIDUGURI",
            "branch": "(BAGA ROAD BRANCH)",
            "swift_code": "UNAFNGLA179"
        },
        {
            "id": 159,
            "bank": "UNITED BANK FOR AFRICA PLC",
            "city": "MAIDUGURI",
            "branch": "(MAIDUGURI MAIN BRANCH)",
            "swift_code": "UNAFNGLA067"
        },
        {
            "id": 160,
            "bank": "UNITED BANK FOR AFRICA PLC",
            "city": "MAKURDI",
            "branch": "(MAKURDI BRANCH)",
            "swift_code": "UNAFNGLA031"
        },
        {
            "id": 161,
            "bank": "UNITED BANK FOR AFRICA PLC",
            "city": "MINNA",
            "branch": "(MINNA BRANCH)",
            "swift_code": "UNAFNGLA099"
        },
        {
            "id": 162,
            "bank": "UNITED BANK FOR AFRICA PLC",
            "city": "MUBI",
            "branch": "(MUBI BRANCH)",
            "swift_code": "UNAFNGLA159"
        },
        {
            "id": 163,
            "bank": "UNITED BANK FOR AFRICA PLC",
            "city": "NEW BUSSA",
            "branch": "(NEW BUSSA BRANCH)",
            "swift_code": "UNAFNGLA050"
        },
        {
            "id": 164,
            "bank": "UNITED BANK FOR AFRICA PLC",
            "city": "NNEWI",
            "branch": "(NNEWI BRANCH)",
            "swift_code": "UNAFNGLA113"
        },
        {
            "id": 165,
            "bank": "UNITED BANK FOR AFRICA PLC",
            "city": "OGBOMOSHO",
            "branch": "(OGBOMOSHO BRANCH)",
            "swift_code": "UNAFNGLA160"
        },
        {
            "id": 166,
            "bank": "UNITED BANK FOR AFRICA PLC",
            "city": "OKENE",
            "branch": "(AJAOKUTA BRANCH)",
            "swift_code": "UNAFNGLA139"
        },
        {
            "id": 167,
            "bank": "UNITED BANK FOR AFRICA PLC",
            "city": "ONDO",
            "branch": "(ONDO BRANCH)",
            "swift_code": "UNAFNGLA115"
        },
        {
            "id": 168,
            "bank": "UNITED BANK FOR AFRICA PLC",
            "city": "ONITSHA",
            "branch": "(ONITSHA BRANCH)",
            "swift_code": "UNAFNGLA086"
        },
        {
            "id": 169,
            "bank": "UNITED BANK FOR AFRICA PLC",
            "city": "OSHOGBO",
            "branch": "(OSHOGBO BRANCH)",
            "swift_code": "UNAFNGLA022"
        },
        {
            "id": 170,
            "bank": "UNITED BANK FOR AFRICA PLC",
            "city": "OTTA",
            "branch": "(OTTA BRANCH)",
            "swift_code": "UNAFNGLA039"
        },
        {
            "id": 171,
            "bank": "UNITED BANK FOR AFRICA PLC",
            "city": "OWERRI",
            "branch": "(OWERRI BRANCH)",
            "swift_code": "UNAFNGLA087"
        },
        {
            "id": 172,
            "bank": "UNITED BANK FOR AFRICA PLC",
            "city": "OYO",
            "branch": "(OYO BRANCH)",
            "swift_code": "UNAFNGLA206"
        },
        {
            "id": 173,
            "bank": "UNITED BANK FOR AFRICA PLC",
            "city": "PORT HARCOURT",
            "branch": "(BONNY BRANCH)",
            "swift_code": "UNAFNGLA220"
        },
        {
            "id": 174,
            "bank": "UNITED BANK FOR AFRICA PLC",
            "city": "PORT HARCOURT",
            "branch": "(PH AGGREY RD. BRANCH)",
            "swift_code": "UNAFNGLA082"
        },
        {
            "id": 175,
            "bank": "UNITED BANK FOR AFRICA PLC",
            "city": "PORT HARCOURT",
            "branch": "(PORT HARCOURT)",
            "swift_code": "UNAFNGLA080"
        },
        {
            "id": 176,
            "bank": "UNITED BANK FOR AFRICA PLC",
            "city": "PORT HARCOURT",
            "branch": "(TRANS AMADI BRANCH)",
            "swift_code": "UNAFNGLA083"
        },
        {
            "id": 177,
            "bank": "UNITED BANK FOR AFRICA PLC",
            "city": "SAPELE",
            "branch": "(SAPELE BRANCH)",
            "swift_code": "UNAFNGLA046"
        },
        {
            "id": 178,
            "bank": "UNITED BANK FOR AFRICA PLC",
            "city": "SHENDAM",
            "branch": "(SHENDAM)",
            "swift_code": "UNAFNGLA118"
        },
        {
            "id": 179,
            "bank": "UNITED BANK FOR AFRICA PLC",
            "city": "SOKOTO",
            "branch": "(GUSAU BRANCH)",
            "swift_code": "UNAFNGLA210"
        },
        {
            "id": 180,
            "bank": "UNITED BANK FOR AFRICA PLC",
            "city": "SOKOTO",
            "branch": "(SOKOTO FODIO RD. BRANCH)",
            "swift_code": "UNAFNGLA070"
        },
        {
            "id": 181,
            "bank": "UNITED BANK FOR AFRICA PLC",
            "city": "SOKOTO",
            "branch": "(SOKOTO KRB BRANCH)",
            "swift_code": "UNAFNGLA025"
        },
        {
            "id": 182,
            "bank": "UNITED BANK FOR AFRICA PLC",
            "city": "UMUAHIA",
            "branch": "(UMUAHIA BRANCH)",
            "swift_code": "UNAFNGLA141"
        },
        {
            "id": 183,
            "bank": "UNITED BANK FOR AFRICA PLC",
            "city": "UYO",
            "branch": "(UYO BRANCH)",
            "swift_code": "UNAFNGLA024"
        },
        {
            "id": 184,
            "bank": "UNITED BANK FOR AFRICA PLC",
            "city": "WARRI",
            "branch": "(EFFURUN BRANCH)",
            "swift_code": "UNAFNGLA034"
        },
        {
            "id": 185,
            "bank": "UNITED BANK FOR AFRICA PLC",
            "city": "WARRI",
            "branch": "(WARRI BRANCH)",
            "swift_code": "UNAFNGLA048"
        },
        {
            "id": 186,
            "bank": "UNITED BANK FOR AFRICA PLC",
            "city": "YOLA",
            "branch": "(YOLA BRANCH)",
            "swift_code": "UNAFNGLA032"
        },
        {
            "id": 187,
            "bank": "UNITED BANK FOR AFRICA PLC",
            "city": "ZARIA",
            "branch": "(SAMARU BRANCH)",
            "swift_code": "UNAFNGLA203"
        },
        {
            "id": 188,
            "bank": "UNITED BANK FOR AFRICA PLC",
            "city": "ZARIA",
            "branch": "(ZARIA BRANCH)",
            "swift_code": "UNAFNGLA065"
        },
        {
            "id": 189,
            "bank": "UNITY BANK PLC",
            "city": "ABUJA",
            "branch": null,
            "swift_code": "ICITNGLA"
        },
        {
            "id": 190,
            "bank": "WEMA BANK PLC",
            "city": "KANO",
            "branch": null,
            "swift_code": "WEMANGLA02K"
        },
        {
            "id": 191,
            "bank": "WEMA BANK PLC",
            "city": "LAGOS",
            "branch": null,
            "swift_code": "WEMANGLA"
        },
        {
            "id": 192,
            "bank": "WEMA BANK PLC",
            "city": "TINUBU",
            "branch": null,
            "swift_code": "WEMANGLA02T"
        },
        {
            "id": 193,
            "bank": "ZENITH BANK PLC",
            "city": "ABUJA",
            "branch": "(ABUJA BRANCH)",
            "swift_code": "ZEIBNGLA013"
        },
        {
            "id": 194,
            "bank": "ZENITH BANK PLC",
            "city": "LAGOS",
            "branch": "(ELECTRONIC TRANSACTIONS)",
            "swift_code": "ZEIBNGLAWEB"
        },
        {
            "id": 195,
            "bank": "ZENITH BANK PLC",
            "city": "LAGOS",
            "branch": null,
            "swift_code": "ZEIBNGLA"
        },
        {
            "id": 196,
            "bank": "ZENITH PENSIONS CUSTODIAN LIMITED",
            "city": "LAGOS",
            "branch": null,
            "swift_code": "ZEPCNGLA"
        }
    ]
}
