{
    "country": "Nepal",
    "country_code": "NP",
    "list": [
        {
            "id": 1,
            "bank": "AGRICULTURAL DEVELOPMENT BANK LTD",
            "city": "KATHMANDU",
            "branch": null,
            "swift_code": "ADBLNPKA"
        },
        {
            "id": 2,
            "bank": "BANK OF KATHMANDU LIMITED",
            "city": "KATHMANDU",
            "branch": null,
            "swift_code": "BOKLNPKA"
        },
        {
            "id": 3,
            "bank": "CENTURY COMMERCIAL BANK LIMITED",
            "city": "KATHMANDU",
            "branch": null,
            "swift_code": "CCBNNPKA"
        },
        {
            "id": 4,
            "bank": "CITIBANK N. A.",
            "city": "KATHMANDU",
            "branch": null,
            "swift_code": "CITINPK1"
        },
        {
            "id": 5,
            "bank": "CITIZENS BANK INTERNATIONAL LIMITED",
            "city": "KATHMANDU",
            "branch": null,
            "swift_code": "CTZNNPKA"
        },
        {
            "id": 6,
            "bank": "CIVIL BANK LIMITED",
            "city": "KATHMANDU",
            "branch": null,
            "swift_code": "CIVLNPKA"
        },
        {
            "id": 7,
            "bank": "EVEREST BANK LTD.",
            "city": "KATHMANDU",
            "branch": null,
            "swift_code": "EVBLNPKA"
        },
        {
            "id": 8,
            "bank": "GLOBAL IME BANK LIMITED",
            "city": "KATHMANDU",
            "branch": null,
            "swift_code": "GLBBNPKA"
        },
        {
            "id": 9,
            "bank": "HIMALAYAN BANK LTD.",
            "city": "KATHMANDU",
            "branch": null,
            "swift_code": "HIMANPKA"
        },
        {
            "id": 10,
            "bank": "JANATA BANK NEPAL LIMITED",
            "city": "KATHMANDU",
            "branch": null,
            "swift_code": "JBNLNPKA"
        },
        {
            "id": 11,
            "bank": "KASTHAMANDAP DEVELOPMENT BANK LTD",
            "city": "KATHMANDU",
            "branch": null,
            "swift_code": "KDBLNPK1"
        },
        {
            "id": 12,
            "bank": "KUMARI BANK LTD",
            "city": "KATHMANDU",
            "branch": null,
            "swift_code": "KMBLNPKA"
        },
        {
            "id": 13,
            "bank": "LAXMI BANK LIMITED",
            "city": "KATHMANDU",
            "branch": null,
            "swift_code": "LXBLNPKA"
        },
        {
            "id": 14,
            "bank": "MACHHAPUCHCHHRE BANK LIMITED",
            "city": "KATHMANDU",
            "branch": null,
            "swift_code": "MBLNNPKA"
        },
        {
            "id": 15,
            "bank": "MEGA BANK NEPAL LIMITED",
            "city": "KATHMANDU",
            "branch": null,
            "swift_code": "MBNLNPKA"
        },
        {
            "id": 16,
            "bank": "NABIL BANK LIMITED",
            "city": "KATHMANDU",
            "branch": null,
            "swift_code": "NARBNPKA"
        },
        {
            "id": 17,
            "bank": "NEPAL BANGLADESH BANK LIMITED",
            "city": "KATHMANDU",
            "branch": null,
            "swift_code": "NPBBNPKA"
        },
        {
            "id": 18,
            "bank": "NEPAL BANK LIMITED",
            "city": "KATHMANDU",
            "branch": null,
            "swift_code": "NEBLNPKA"
        },
        {
            "id": 19,
            "bank": "NEPAL CREDIT AND COMMERCE BANK LTD.",
            "city": "KATHMANDU",
            "branch": "(NEW ROAD BRANCH)",
            "swift_code": "NBOCNPKANRD"
        },
        {
            "id": 20,
            "bank": "NEPAL CREDIT AND COMMERCE BANK LTD.",
            "city": "KATHMANDU",
            "branch": null,
            "swift_code": "NBOCNPKA"
        },
        {
            "id": 21,
            "bank": "NEPAL INVESTMENT BANK LTD.",
            "city": "KATHMANDU",
            "branch": null,
            "swift_code": "NIBLNPKT"
        },
        {
            "id": 22,
            "bank": "NEPAL RASTRA BANK",
            "city": "KATHMANDU",
            "branch": "(FOREIGN EXCHANGE DEPARTMENT)",
            "swift_code": "NRBLNPKAFED"
        },
        {
            "id": 23,
            "bank": "NEPAL RASTRA BANK",
            "city": "KATHMANDU",
            "branch": null,
            "swift_code": "NRBLNPKA"
        },
        {
            "id": 24,
            "bank": "NEPAL SBI BANK LTD., KATHMANDU",
            "city": "KATHMANDU",
            "branch": "(BIRGUNJ BRANCH)",
            "swift_code": "NSBINPKA001"
        },
        {
            "id": 25,
            "bank": "NEPAL SBI BANK LTD., KATHMANDU",
            "city": "KATHMANDU",
            "branch": null,
            "swift_code": "NSBINPKA"
        },
        {
            "id": 26,
            "bank": "NIC ASIA BANK LIMITED",
            "city": "KATHMANDU",
            "branch": null,
            "swift_code": "NICENPKA"
        },
        {
            "id": 27,
            "bank": "NMB BANK LTD",
            "city": "KATHMANDU",
            "branch": null,
            "swift_code": "NMBBNPKA"
        },
        {
            "id": 28,
            "bank": "PRABHU BANK LTD",
            "city": "KATHMANDU",
            "branch": null,
            "swift_code": "PRVUNPKA"
        },
        {
            "id": 29,
            "bank": "PRIME COMMERCIAL BANK LTD",
            "city": "KATHMANDU",
            "branch": null,
            "swift_code": "PCBLNPKA"
        },
        {
            "id": 30,
            "bank": "RASTRIYA BANIJYA BANK",
            "city": "KATHMANDU",
            "branch": null,
            "swift_code": "RBBANPKA"
        },
        {
            "id": 31,
            "bank": "SAMSUNG NEPAL SERVICES PRIVATE LIMITED",
            "city": "KATHMANDU",
            "branch": null,
            "swift_code": "SECTNP21"
        },
        {
            "id": 32,
            "bank": "SANIMA BANK LIMITED",
            "city": "KATHMANDU",
            "branch": null,
            "swift_code": "SNMANPKA"
        },
        {
            "id": 33,
            "bank": "SIDDHARTHA BANK LIMITED",
            "city": "KATHMANDU",
            "branch": null,
            "swift_code": "SIDDNPKA"
        },
        {
            "id": 34,
            "bank": "STANDARD CHARTERED BANK NEPAL LIMITED",
            "city": "KATHMANDU",
            "branch": null,
            "swift_code": "SCBLNPKA"
        },
        {
            "id": 35,
            "bank": "SUNRISE BANK LIMITED",
            "city": "KATHMANDU",
            "branch": null,
            "swift_code": "SRBLNPKA"
        },
        {
            "id": 36,
            "bank": "TOURISM DEVELOPMENT BANK LTD.",
            "city": "KATHMANDU",
            "branch": null,
            "swift_code": "TDBLNPKA"
        }
    ]
}
