{
    "country": "New Zealand",
    "country_code": "NZ",
    "list": [
        {
            "id": 1,
            "bank": "ABN AMRO CRAIGS LTD",
            "city": "AUCKLAND",
            "branch": null,
            "swift_code": "CRGGNZ21"
        },
        {
            "id": 2,
            "bank": "ABN AMRO SECURITIES NZ LIMITED.",
            "city": "AUCKLAND",
            "branch": null,
            "swift_code": "ABNANZA1"
        },
        {
            "id": 3,
            "bank": "ACCESS BROKERAGE LTD",
            "city": "WELLINGTON",
            "branch": null,
            "swift_code": "ACCRNZ21"
        },
        {
            "id": 4,
            "bank": "ACCIDENT COMPENSATION CORPORATION",
            "city": "WELLINGTON",
            "branch": null,
            "swift_code": "ACCNNZ21"
        },
        {
            "id": 5,
            "bank": "ACCIDENT COMPENSATION CORPORATION",
            "city": "WELLINGTON",
            "branch": null,
            "swift_code": "ACCNNZ2B"
        },
        {
            "id": 6,
            "bank": "AI CREDIT FINANCE LIMITED",
            "city": "AUCKLAND",
            "branch": null,
            "swift_code": "CEIINZ21"
        },
        {
            "id": 7,
            "bank": "ALLIANT PERPETUAL",
            "city": "HAMILTON",
            "branch": null,
            "swift_code": "SSBTNZ2A"
        },
        {
            "id": 8,
            "bank": "ALLOZY FINANCIAL GROUP LIMITED",
            "city": "AUCKLAND",
            "branch": null,
            "swift_code": "ALNUNZ21"
        },
        {
            "id": 9,
            "bank": "ALLOZY FINANCIAL TRUST",
            "city": "CHRISTCHURCH",
            "branch": null,
            "swift_code": "ALIUNZ21"
        },
        {
            "id": 10,
            "bank": "ANTS INTERNATIONAL L.P.",
            "city": "AUCKLAND",
            "branch": null,
            "swift_code": "ANINNZ21"
        },
        {
            "id": 11,
            "bank": "ANZ BANK NEW ZEALAND LIMITED",
            "city": "AUCKLAND",
            "branch": "(AUCKLAND CENTRAL)",
            "swift_code": "ANZBNZ22102"
        },
        {
            "id": 12,
            "bank": "ANZ BANK NEW ZEALAND LIMITED",
            "city": "CHRISTCHURCH",
            "branch": null,
            "swift_code": "ANZBNZ22797"
        },
        {
            "id": 13,
            "bank": "ANZ BANK NEW ZEALAND LIMITED",
            "city": "WELLINGTON",
            "branch": null,
            "swift_code": "ANZBNZ22"
        },
        {
            "id": 14,
            "bank": "ANZ BANK NEW ZEALAND LIMITED",
            "city": "WELLINGTON",
            "branch": null,
            "swift_code": "ANZBNZ22058"
        },
        {
            "id": 15,
            "bank": "ANZ MCCAUGHAN SECURITIES (NZ) LTD",
            "city": "AUCKLAND",
            "branch": null,
            "swift_code": "AMCLNZ21"
        },
        {
            "id": 16,
            "bank": "ANZ NEW ZEALAND INVESTMENTS LIMITED",
            "city": "AUCKLAND",
            "branch": null,
            "swift_code": "ANZINZ21"
        },
        {
            "id": 17,
            "bank": "ASB BANK LIMITED",
            "city": "AUCKLAND",
            "branch": "(ASB GROUP INVESTMENTS)",
            "swift_code": "ASBBNZ2AGRI"
        },
        {
            "id": 18,
            "bank": "ASB BANK LIMITED",
            "city": "AUCKLAND",
            "branch": "(CLS PAYMENTS ONLY)",
            "swift_code": "ASBBNZ2ACLS"
        },
        {
            "id": 19,
            "bank": "ASB BANK LIMITED",
            "city": "AUCKLAND",
            "branch": "(FOREIGN EXCHANGE)",
            "swift_code": "ASBBNZ2AFXD"
        },
        {
            "id": 20,
            "bank": "ASB BANK LIMITED",
            "city": "AUCKLAND",
            "branch": "(INTERNATIONAL TRADE SERVICES)",
            "swift_code": "ASBBNZ2AITS"
        },
        {
            "id": 21,
            "bank": "ASB BANK LIMITED",
            "city": "AUCKLAND",
            "branch": "(MONEY MARKET)",
            "swift_code": "ASBBNZ2AMMD"
        },
        {
            "id": 22,
            "bank": "ASB BANK LIMITED",
            "city": "AUCKLAND",
            "branch": "(SECURITIES)",
            "swift_code": "ASBBNZ2ASEC"
        },
        {
            "id": 23,
            "bank": "ASB BANK LIMITED",
            "city": "AUCKLAND",
            "branch": null,
            "swift_code": "ASBBNZ2A"
        },
        {
            "id": 24,
            "bank": "ASIA PACIFIC BANKING GROUP AUSTRALIA AND NEW ZEALAND",
            "city": "AUCKLAND",
            "branch": null,
            "swift_code": "APGTNZ21"
        },
        {
            "id": 25,
            "bank": "ASIA PACIFIC FINANCIAL SERVICES LIMITED",
            "city": "WELLINGTON",
            "branch": null,
            "swift_code": "APFENZ21"
        },
        {
            "id": 26,
            "bank": "AUCKLAND SAVINGS AND LOAN LIMITED",
            "city": "TAURANGA",
            "branch": null,
            "swift_code": "AUSLNZ21"
        },
        {
            "id": 27,
            "bank": "BALDWIN SMITH AND CO",
            "city": "BLENHEIM",
            "branch": null,
            "swift_code": "BALMNZ21"
        },
        {
            "id": 28,
            "bank": "BANK OF BARODA (NEW ZELAND) LTD",
            "city": "AUCKLAND",
            "branch": null,
            "swift_code": "BARBNZ2A"
        },
        {
            "id": 29,
            "bank": "BANK OF CHINA (NEW ZEALAND) LIMITED",
            "city": "AUCKLAND",
            "branch": null,
            "swift_code": "BKCHNZ22"
        },
        {
            "id": 30,
            "bank": "BANK OF INDIA (NEW ZEALAND) LIMITED",
            "city": "AUCKLAND",
            "branch": null,
            "swift_code": "BKIDNZ2A"
        },
        {
            "id": 31,
            "bank": "BANK OF NEW ZEALAND",
            "city": "AUCKLAND",
            "branch": "(AUCKLAND)",
            "swift_code": "BKNZNZ22100"
        },
        {
            "id": 32,
            "bank": "BANK OF NEW ZEALAND",
            "city": "CHRISTCHURCH",
            "branch": "(CHRISTCHURCH)",
            "swift_code": "BKNZNZ22800"
        },
        {
            "id": 33,
            "bank": "BANK OF NEW ZEALAND",
            "city": "DUNEDIN",
            "branch": "(DUNEDIN)",
            "swift_code": "BKNZNZ22900"
        },
        {
            "id": 34,
            "bank": "BANK OF NEW ZEALAND",
            "city": "WELLINGTON",
            "branch": "(HEAD OFFICE)",
            "swift_code": "BKNZNZ22985"
        },
        {
            "id": 35,
            "bank": "BANK OF NEW ZEALAND",
            "city": "WELLINGTON",
            "branch": "(WELLINGTON)",
            "swift_code": "BKNZNZ22500"
        },
        {
            "id": 36,
            "bank": "BANK OF NEW ZEALAND",
            "city": "WELLINGTON",
            "branch": null,
            "swift_code": "BKNZNZ22"
        },
        {
            "id": 37,
            "bank": "BCB WORLD CLEAR LIMITED",
            "city": "AUCKLAND",
            "branch": null,
            "swift_code": "BCWCNZ21"
        },
        {
            "id": 38,
            "bank": "BINARY CREDIT LTD",
            "city": "AUCKLAND",
            "branch": null,
            "swift_code": "BIRRNZ21"
        },
        {
            "id": 39,
            "bank": "BISHOP CAMPBELL AND CO",
            "city": "TIMARU",
            "branch": null,
            "swift_code": "BISMNZ21"
        },
        {
            "id": 40,
            "bank": "BRITISH AMERICAN TOBACCO (NEW ZEALAND) LIMITED",
            "city": "AUCKLAND",
            "branch": null,
            "swift_code": "BATSNZA1"
        },
        {
            "id": 41,
            "bank": "BROOK ASSET MANAGEMENT",
            "city": "AUCKLAND",
            "branch": null,
            "swift_code": "BRENNZ21"
        },
        {
            "id": 42,
            "bank": "CC HOLDINGS FINANCIAL SERVICES LTD",
            "city": "AUCKLAND",
            "branch": null,
            "swift_code": "HOGMNZ21"
        },
        {
            "id": 43,
            "bank": "CENTIX CAPITAL LIMITED",
            "city": "AUCKLAND",
            "branch": null,
            "swift_code": "CETPNZ21"
        },
        {
            "id": 44,
            "bank": "CENTURION FINANCE LIMITED",
            "city": "AUCKLAND",
            "branch": null,
            "swift_code": "CENFNZ21"
        },
        {
            "id": 45,
            "bank": "CENTURY BANCORP",
            "city": "AUCKLAND",
            "branch": null,
            "swift_code": "CEBNNZ21"
        },
        {
            "id": 46,
            "bank": "CHARTERED SAVINGS AND LOAN LIMITED",
            "city": "AUCKLAND",
            "branch": null,
            "swift_code": "CSLTNZ21"
        },
        {
            "id": 47,
            "bank": "CHINA CONSTRUCTION BANK LTD",
            "city": "AUCKLAND",
            "branch": null,
            "swift_code": "PCBCNZ22"
        },
        {
            "id": 48,
            "bank": "CITIBANK NA NEW ZEALAND BRANCH",
            "city": "AUCKLAND",
            "branch": "(CO-OP)",
            "swift_code": "CITINZ2XCOP"
        },
        {
            "id": 49,
            "bank": "CITIBANK NA NEW ZEALAND BRANCH",
            "city": "AUCKLAND",
            "branch": null,
            "swift_code": "CITINZ2X"
        },
        {
            "id": 50,
            "bank": "CITIBANK NA NEW ZEALAND BRANCH",
            "city": "WELLINGTON",
            "branch": null,
            "swift_code": "CITINZ2102W"
        },
        {
            "id": 51,
            "bank": "CITIGROUP GLOBAL MARKETS NEW ZEALAND LTD.",
            "city": "WELLINGTON",
            "branch": null,
            "swift_code": "SSSANZ21"
        },
        {
            "id": 52,
            "bank": "CLAVELL EQUITIES",
            "city": "AUCKLAND",
            "branch": null,
            "swift_code": "CLAENZ21"
        },
        {
            "id": 53,
            "bank": "CMC MARKETS NZ LIMITED",
            "city": "AUCKLAND",
            "branch": null,
            "swift_code": "CMCKNZ2A"
        },
        {
            "id": 54,
            "bank": "COGENT INVESTMENT OPERATIONS",
            "city": "WELLINGTON",
            "branch": null,
            "swift_code": "COVONZ21"
        },
        {
            "id": 55,
            "bank": "CONTINENTAL CAPITAL LTD",
            "city": "TAURANGA",
            "branch": null,
            "swift_code": "CNCTNZ21"
        },
        {
            "id": 56,
            "bank": "CONTINENTAL FINANCE GROUP LTD",
            "city": "MOUNT MAUNGANUI",
            "branch": null,
            "swift_code": "CNFGNZ21"
        },
        {
            "id": 57,
            "bank": "CO-OP MONEY NZ",
            "city": "AUCKLAND",
            "branch": null,
            "swift_code": "CPNZNZA1"
        },
        {
            "id": 58,
            "bank": "COUNTY NATWEST SECURITIES (NEW ZEALAND)",
            "city": "WELLINGTON",
            "branch": null,
            "swift_code": "CNSNNZ21"
        },
        {
            "id": 59,
            "bank": "CRAIG AND CO LTD",
            "city": "TAURANGA",
            "branch": null,
            "swift_code": "CRAINZ21"
        },
        {
            "id": 60,
            "bank": "CURRENCY ONLINE LIMITED",
            "city": "CHRISTCHURCH",
            "branch": null,
            "swift_code": "CURRNZ21"
        },
        {
            "id": 61,
            "bank": "DEUTSCHE MORGAN GRENFELL AUCKLAND NEW ZEALAND",
            "city": "AUCKLAND",
            "branch": null,
            "swift_code": "DMGANZ21"
        },
        {
            "id": 62,
            "bank": "DEUTSCHE MORGAN GRENFELL WELLINGTON",
            "city": "WELLINGTON",
            "branch": null,
            "swift_code": "DMGLNZ21"
        },
        {
            "id": 63,
            "bank": "DEUTSCHE SECURITIES NEW ZEALAND LIMITED",
            "city": "AUCKLAND",
            "branch": null,
            "swift_code": "DEUSNZ21"
        },
        {
            "id": 64,
            "bank": "DEVON FUNDS MANAGEMENT",
            "city": "AUCKLAND",
            "branch": null,
            "swift_code": "DEFMNZ21"
        },
        {
            "id": 65,
            "bank": "DIRECT BROKING LTD",
            "city": "WELLINGTON",
            "branch": null,
            "swift_code": "DIRBNZ21"
        },
        {
            "id": 66,
            "bank": "DIXIPAY LIMITED",
            "city": "AUCKLAND",
            "branch": null,
            "swift_code": "DIXINZ21"
        },
        {
            "id": 67,
            "bank": "EGDEN WIGNALL AND CO",
            "city": "CHRISTCHURCH",
            "branch": null,
            "swift_code": "EGDWNZ21"
        },
        {
            "id": 68,
            "bank": "ESAM CUSHING AND CO",
            "city": "HASTINGS",
            "branch": null,
            "swift_code": "ESAUNZ21"
        },
        {
            "id": 69,
            "bank": "EXNESS LIMITED",
            "city": "AUCKLAND",
            "branch": null,
            "swift_code": "EXNENZ22"
        },
        {
            "id": 70,
            "bank": "FAY, RICHWHITE AND COMPANY LIMITED",
            "city": "AUCKLAND",
            "branch": null,
            "swift_code": "FAYRNZ2102A"
        },
        {
            "id": 71,
            "bank": "FAY, RICHWHITE AND COMPANY LIMITED",
            "city": "WELLINGTON",
            "branch": null,
            "swift_code": "FAYRNZ21"
        },
        {
            "id": 72,
            "bank": "FEXCO (NZ) LIMITED",
            "city": "AUCKLAND",
            "branch": null,
            "swift_code": "FEXONZ21"
        },
        {
            "id": 73,
            "bank": "FGBC LIMITED",
            "city": "TAKAPUNA",
            "branch": null,
            "swift_code": "FGCCNZ21"
        },
        {
            "id": 74,
            "bank": "FIRST EXCELSIOR LTD",
            "city": "AUCKLAND",
            "branch": null,
            "swift_code": "FIXCNZ21"
        },
        {
            "id": 75,
            "bank": "FIRST NZ CAPITAL EQUITIES LIMITED",
            "city": "WELLINGTON",
            "branch": null,
            "swift_code": "FICQNZ21"
        },
        {
            "id": 76,
            "bank": "FIRST PACIFIC TRUST LTD",
            "city": "AUCKLAND",
            "branch": null,
            "swift_code": "FPTUNZ21"
        },
        {
            "id": 77,
            "bank": "FISHER AND PAYKEL APPLIANCES LIMITED",
            "city": "AUCKLAND",
            "branch": null,
            "swift_code": "FPNZNZ2A"
        },
        {
            "id": 78,
            "bank": "FONTERRA CO-OPERATIVE GROUP LIMITED",
            "city": "AUCKLAND",
            "branch": null,
            "swift_code": "FONTNZ2A"
        },
        {
            "id": 79,
            "bank": "FORSYTH BARR LTD",
            "city": "DUNEDIN",
            "branch": null,
            "swift_code": "FORBNZ21"
        },
        {
            "id": 80,
            "bank": "GABITES SINCLAIR AND PARTNERS",
            "city": "ASHBURTON",
            "branch": null,
            "swift_code": "GABSNZ21"
        },
        {
            "id": 81,
            "bank": "GARETH MORGAN INVESTMENTS LIMITED PARTNERSHIP",
            "city": "WELLINGTON",
            "branch": null,
            "swift_code": "GMIPNZ21"
        },
        {
            "id": 82,
            "bank": "GARLICK AND CO LTD",
            "city": "WELLINGTON",
            "branch": null,
            "swift_code": "GARLNZ21"
        },
        {
            "id": 83,
            "bank": "GENCO FINANCE LP",
            "city": "AUCKLAND",
            "branch": null,
            "swift_code": "GEIANZ21"
        },
        {
            "id": 84,
            "bank": "GLENDINNING AND GLENDINNING",
            "city": "PALMERSTON NORTH",
            "branch": null,
            "swift_code": "GLEGNZ21"
        },
        {
            "id": 85,
            "bank": "GLOBAL FINANCIAL TRUST",
            "city": "LAMBTON",
            "branch": null,
            "swift_code": "HECRNZ21"
        },
        {
            "id": 86,
            "bank": "GLOBALRE INSURANCE LIMITED",
            "city": "AUCKLAND",
            "branch": null,
            "swift_code": "GLIUNZ21"
        },
        {
            "id": 87,
            "bank": "GOLDMAN SACHS NEW ZEALAND LIMITED",
            "city": "AUCKLAND",
            "branch": null,
            "swift_code": "JBWANZ21"
        },
        {
            "id": 88,
            "bank": "GOULD STEELE AND CO",
            "city": "WELLINGTON",
            "branch": null,
            "swift_code": "GOUSNZ21"
        },
        {
            "id": 89,
            "bank": "GREENSLADES LTD",
            "city": "DUNEDIN",
            "branch": null,
            "swift_code": "WIEGNZ21"
        },
        {
            "id": 90,
            "bank": "GREG MITCHELL",
            "city": "CHRISTCHURCH",
            "branch": null,
            "swift_code": "GMITNZ21"
        },
        {
            "id": 91,
            "bank": "GUARDIANS OF NEW ZEALAND SUPERANNUATION",
            "city": "AUCKLAND",
            "branch": null,
            "swift_code": "GNZSNZ2A"
        },
        {
            "id": 92,
            "bank": "HAMILTON HINDIN GREENE",
            "city": "CHRISTCHURCH",
            "branch": null,
            "swift_code": "HAHGNZ21"
        },
        {
            "id": 93,
            "bank": "HAMPSHIRE SAVINGS AND LOAN LIMITED",
            "city": "MANLY",
            "branch": null,
            "swift_code": "HASONZ21"
        },
        {
            "id": 94,
            "bank": "HARBOUR ASSET MANAGEMENT LIMITED",
            "city": "WELLINGTON",
            "branch": null,
            "swift_code": "HAAMNZ21"
        },
        {
            "id": 95,
            "bank": "HARBOUR ASSET MANAGEMENT LIMITED",
            "city": "WELLINGTON",
            "branch": null,
            "swift_code": "HAAMNZ2B"
        },
        {
            "id": 96,
            "bank": "HIFX LTD",
            "city": "AUCKLAND",
            "branch": null,
            "swift_code": "HIFXNZ2A"
        },
        {
            "id": 97,
            "bank": "HONGKONG AND SHANGHAI BANKING CORPORATION LIMITED, THE",
            "city": "AUCKLAND",
            "branch": "(CONTINUOUS LINK SETTELMENT DEPARTMENT)",
            "swift_code": "HSBCNZ2ACLS"
        },
        {
            "id": 98,
            "bank": "HONGKONG AND SHANGHAI BANKING CORPORATION LIMITED, THE",
            "city": "AUCKLAND",
            "branch": null,
            "swift_code": "HSBCNZ2A"
        },
        {
            "id": 99,
            "bank": "HONGKONG AND SHANGHAI BANKING CORPORATION LIMITED, THE",
            "city": "CHRISTCHURCH",
            "branch": "(CHRISTCHURCH BRANCH)",
            "swift_code": "HSBCNZ2ACHC"
        },
        {
            "id": 100,
            "bank": "HONGKONG AND SHANGHAI BANKING CORPORATION LIMITED, THE",
            "city": "WELLINGTON",
            "branch": "(WELLINGTON BRANCH)",
            "swift_code": "HSBCNZ2AWLT"
        },
        {
            "id": 101,
            "bank": "IDLYC HOLDINGS TRUST",
            "city": "HAMILTON",
            "branch": null,
            "swift_code": "IDHTNZ21"
        },
        {
            "id": 102,
            "bank": "INDUSTRIAL AND COMMERCIAL BANK OF CHINA (NEW ZEALAND) LIMITED",
            "city": "AUCKLAND",
            "branch": null,
            "swift_code": "ICBKNZ2A"
        },
        {
            "id": 103,
            "bank": "INVESTA SECURITIES LTD.",
            "city": "AUCKLAND",
            "branch": null,
            "swift_code": "IVSCNZ21"
        },
        {
            "id": 104,
            "bank": "ISC FINANCIAL GROUP LTD",
            "city": "AUCKLAND",
            "branch": null,
            "swift_code": "ISFGNZ21"
        },
        {
            "id": 105,
            "bank": "J. ROTHSCHILD PPG SECURITIES LIMITE",
            "city": "AUCKLAND",
            "branch": null,
            "swift_code": "RPSLNZ21"
        },
        {
            "id": 106,
            "bank": "JARDINE FLEMING NEW ZEALAND LIMITED",
            "city": "WELLINGTON",
            "branch": null,
            "swift_code": "JFLENZ21"
        },
        {
            "id": 107,
            "bank": "JBWERE (NZ) NOMINEES LIMITED",
            "city": "AUCKLAND",
            "branch": null,
            "swift_code": "JBNMNZ21"
        },
        {
            "id": 108,
            "bank": "JOHN CHAPMAN",
            "city": "TAUPO",
            "branch": null,
            "swift_code": "CHAANZ21"
        },
        {
            "id": 109,
            "bank": "JPMORGAN CHASE BANK, N.A., NEW ZEALAND BRANCH",
            "city": "AUCKLAND",
            "branch": "(WSS LOCAL CUSTODIAN SERVICES)",
            "swift_code": "CHASNZ2ACCS"
        },
        {
            "id": 110,
            "bank": "JPMORGAN CHASE BANK, N.A., NEW ZEALAND BRANCH",
            "city": "WELLINGTON",
            "branch": null,
            "swift_code": "CHASNZ2A"
        },
        {
            "id": 111,
            "bank": "KIPIE LIMITED",
            "city": "AUCKLAND",
            "branch": null,
            "swift_code": "KIPENZ21"
        },
        {
            "id": 112,
            "bank": "KIWIBANK LIMITED",
            "city": "WELLINGTON",
            "branch": null,
            "swift_code": "KIWINZ22"
        },
        {
            "id": 113,
            "bank": "KIWIRAIL HOLDINGS LIMITED",
            "city": "WELLINGTON",
            "branch": null,
            "swift_code": "NZRCNZ2W"
        },
        {
            "id": 114,
            "bank": "KOOKMIN BANK, AUCKLAND BRANCH",
            "city": "AUCKLAND",
            "branch": null,
            "swift_code": "CZNBNZ2A"
        },
        {
            "id": 115,
            "bank": "KTEC NZ LIMITED",
            "city": "HAMILTON",
            "branch": null,
            "swift_code": "KTECNZ21"
        },
        {
            "id": 116,
            "bank": "KTEC NZ LIMITED",
            "city": "HAMILTON",
            "branch": null,
            "swift_code": "KTECNZ21NRG"
        },
        {
            "id": 117,
            "bank": "LAWRENCE MILLTON AND HOWARTH",
            "city": "CHRISTCHURCH",
            "branch": null,
            "swift_code": "LAMHNZ21"
        },
        {
            "id": 118,
            "bank": "LEGACY CAPITAL TRUST",
            "city": "AUCKLAND",
            "branch": null,
            "swift_code": "LECTNZ21"
        },
        {
            "id": 119,
            "bank": "LEVERAGED EQUITIES FINANCE LTD",
            "city": "WELLINGTON",
            "branch": null,
            "swift_code": "LEEFNZ21"
        },
        {
            "id": 120,
            "bank": "LONDON CAPITAL NZ LTD",
            "city": "AUCKLAND",
            "branch": null,
            "swift_code": "LOAINZ21"
        },
        {
            "id": 121,
            "bank": "LR SINGLETON AND CO",
            "city": "HASTINGS",
            "branch": null,
            "swift_code": "SINENZ21"
        },
        {
            "id": 122,
            "bank": "MACQUARIE EQUITIES NEW ZEALAND LTD",
            "city": "WELLINGTON",
            "branch": null,
            "swift_code": "MACQNZ21"
        },
        {
            "id": 123,
            "bank": "MACQUARIE SECURITIES NEW ZEALAND LIMITED",
            "city": "AUCKLAND",
            "branch": null,
            "swift_code": "MSNZNZ21"
        },
        {
            "id": 124,
            "bank": "MAGNATE PREMIER LIMITED",
            "city": "AUCKLAND",
            "branch": null,
            "swift_code": "MGPINZ21"
        },
        {
            "id": 125,
            "bank": "MAMA SAVINGS TRUST LTD",
            "city": "PAPAKURA",
            "branch": null,
            "swift_code": "MAVTNZ21"
        },
        {
            "id": 126,
            "bank": "MERCEDES-BENZ FINANCIAL SERVICES NEW ZEALAND LTD.",
            "city": "AUCKLAND",
            "branch": null,
            "swift_code": "DCFSNZ2A"
        },
        {
            "id": 127,
            "bank": "MERCEDES-BENZ NEW ZEALAND LTD.",
            "city": "AUCKLAND",
            "branch": null,
            "swift_code": "DABENZ2A"
        },
        {
            "id": 128,
            "bank": "MERCHANT CREDIT AND GUARANTEE CORPORATION LIMITED",
            "city": "AUCKLAND",
            "branch": null,
            "swift_code": "MCGONZ21"
        },
        {
            "id": 129,
            "bank": "MERCXYZ ONE LIMITED",
            "city": "AUCKLAND",
            "branch": null,
            "swift_code": "MEONNZ21"
        },
        {
            "id": 130,
            "bank": "MILFORD ASSET MANAGEMENT",
            "city": "AUCKLAND",
            "branch": null,
            "swift_code": "MIANNZ21"
        },
        {
            "id": 131,
            "bank": "MILLENNIUM FIXED INCOME (NEW ZEALAND)",
            "city": "AUCKLAND",
            "branch": null,
            "swift_code": "MFIWNZ21"
        },
        {
            "id": 132,
            "bank": "MMC LIMITED",
            "city": "AUCKLAND",
            "branch": "(BT\/WESTPAC FUNDS MANAGEMENT)",
            "swift_code": "MMCCNZ21BTW"
        },
        {
            "id": 133,
            "bank": "MMC LIMITED",
            "city": "AUCKLAND",
            "branch": "(MILFORD ASSET MANAGEMENT)",
            "swift_code": "MMCCNZ21MIL"
        },
        {
            "id": 134,
            "bank": "MMC LIMITED",
            "city": "AUCKLAND",
            "branch": "(MINT ASSET MANAGEMENT)",
            "swift_code": "MMCCNZ21MIN"
        },
        {
            "id": 135,
            "bank": "MMC LIMITED",
            "city": "AUCKLAND",
            "branch": "(PERPETUAL GUARDIAN TRUST)",
            "swift_code": "MMCCNZ21PGT"
        },
        {
            "id": 136,
            "bank": "MMC LIMITED",
            "city": "AUCKLAND",
            "branch": "(SALT FUNDS MANAGEMENT)",
            "swift_code": "MMCCNZ21SLT"
        },
        {
            "id": 137,
            "bank": "MMC LIMITED",
            "city": "AUCKLAND",
            "branch": "(SUNCORP GROUP NZ LTD)",
            "swift_code": "MMCCNZ21SUN"
        },
        {
            "id": 138,
            "bank": "MMC LIMITED",
            "city": "AUCKLAND",
            "branch": null,
            "swift_code": "MMCCNZ21"
        },
        {
            "id": 139,
            "bank": "MMC LIMITED",
            "city": "AUCKLAND",
            "branch": null,
            "swift_code": "MMCCNZ21TYN"
        },
        {
            "id": 140,
            "bank": "MMC LIMITED",
            "city": "AUCKLAND",
            "branch": null,
            "swift_code": "MMCCNZ23"
        },
        {
            "id": 141,
            "bank": "MORGAN DEVERE CORPORATE FINANCE LIMITED",
            "city": "WELLINGTON",
            "branch": "(ADMINISTRATION)",
            "swift_code": "MDCFNZ21001"
        },
        {
            "id": 142,
            "bank": "MORGAN DEVERE CORPORATE FINANCE LIMITED",
            "city": "WELLINGTON",
            "branch": null,
            "swift_code": "MDCFNZ21"
        },
        {
            "id": 143,
            "bank": "MUNRO, ALAN RODERICK AND WALDEN, DALE CHARLES",
            "city": "TIMARU",
            "branch": null,
            "swift_code": "MUNHNZ21"
        },
        {
            "id": 144,
            "bank": "NAPIER CAPITAL LIMITED",
            "city": "NAPIER",
            "branch": null,
            "swift_code": "NAAPNZ21"
        },
        {
            "id": 145,
            "bank": "NATIONAL FINANCE GROUP LTD",
            "city": "MOUNT MAUNGANUI",
            "branch": null,
            "swift_code": "NAFGNZ21"
        },
        {
            "id": 146,
            "bank": "NATIONAL NOMINEES LIMITED",
            "city": "WELLINGTON",
            "branch": null,
            "swift_code": "NATANZ22"
        },
        {
            "id": 147,
            "bank": "NEW ZEALAND EMISSION UNIT REGISTER",
            "city": "WELLINGTON",
            "branch": null,
            "swift_code": "NZEUNZ21"
        },
        {
            "id": 148,
            "bank": "NEW ZEALAND EXCHANGE LIMITED",
            "city": "WELLINGTON",
            "branch": null,
            "swift_code": "NZXCNZ2W"
        },
        {
            "id": 149,
            "bank": "NEW ZEALAND FUTURES AND OPTIONS EXCHANGE",
            "city": "AUCKLAND",
            "branch": null,
            "swift_code": "XNEENZ21"
        },
        {
            "id": 150,
            "bank": "NEW ZEALAND INTERNATIONAL FINANCE LIMITED",
            "city": "WELLINGTON",
            "branch": null,
            "swift_code": "NZIFNZ21"
        },
        {
            "id": 151,
            "bank": "NEW ZEALAND INTERNATIONAL SAVINGS AND LOAN LTD",
            "city": "AUCKLAND",
            "branch": null,
            "swift_code": "NZISNZ21"
        },
        {
            "id": 152,
            "bank": "NEW ZEALAND STOCK EXCHANGE - AUCKLAND",
            "city": "AUCKLAND",
            "branch": null,
            "swift_code": "XAUKNZ21"
        },
        {
            "id": 153,
            "bank": "NEW ZEALAND SUPERANNUATION FUND",
            "city": "AUCKLAND",
            "branch": null,
            "swift_code": "NZSFNZ21"
        },
        {
            "id": 154,
            "bank": "NEW ZEALAND TREASURY",
            "city": "WELLINGTON",
            "branch": null,
            "swift_code": "NZTRNZ2W"
        },
        {
            "id": 155,
            "bank": "NIKE NEW ZEALAND LIMITED",
            "city": "AUCKLAND",
            "branch": null,
            "swift_code": "NIKENZ21"
        },
        {
            "id": 156,
            "bank": "NOBLE AND LEE LTD.",
            "city": "MATAMATA",
            "branch": null,
            "swift_code": "NOBLNZ21"
        },
        {
            "id": 157,
            "bank": "NRG MONEY FINANCIAL SERVICES LIMITE",
            "city": "WHANGAREI",
            "branch": null,
            "swift_code": "NMFSNZ21"
        },
        {
            "id": 158,
            "bank": "NZI CAPITAL SAVINGS LIMITED",
            "city": "AUCKLAND",
            "branch": null,
            "swift_code": "NZCANZ21"
        },
        {
            "id": 159,
            "bank": "NZIJ STOCKBROKERS LTD",
            "city": "WELLINGTON",
            "branch": null,
            "swift_code": "MACENZ21"
        },
        {
            "id": 160,
            "bank": "OPT MOBILE LIMITED",
            "city": "AUCKLAND",
            "branch": null,
            "swift_code": "OPMONZ21"
        },
        {
            "id": 161,
            "bank": "ORD MINNETT GROUP LTD. WELLINGTON",
            "city": "AUCKLAND",
            "branch": null,
            "swift_code": "OMGLNZ2102A"
        },
        {
            "id": 162,
            "bank": "ORD MINNETT GROUP LTD. WELLINGTON",
            "city": "WELLINGTON",
            "branch": null,
            "swift_code": "OMGLNZ21"
        },
        {
            "id": 163,
            "bank": "OVERSEAS TRADE FINANCE",
            "city": "AUCKLAND",
            "branch": null,
            "swift_code": "OVTFNZ21"
        },
        {
            "id": 164,
            "bank": "PACIFIC EAGLE CAPITAL",
            "city": "AUCKLAND",
            "branch": null,
            "swift_code": "GEBSNZ2A"
        },
        {
            "id": 165,
            "bank": "PACIFIC VENTURE CAPITAL TRUST",
            "city": "AUCKLAND",
            "branch": null,
            "swift_code": "PVCTNZ21"
        },
        {
            "id": 166,
            "bank": "PANTERRA FINANCIAL SERVICES, LTD.",
            "city": "AUCKLAND",
            "branch": null,
            "swift_code": "PAIRNZ21"
        },
        {
            "id": 167,
            "bank": "PB STANDARD CAPITAL LIMITED",
            "city": "AUCKLAND",
            "branch": null,
            "swift_code": "STTPNZ21"
        },
        {
            "id": 168,
            "bank": "PHOENIX SOFTWARE CORPORATION LTD",
            "city": "JOHNSONVILLE",
            "branch": null,
            "swift_code": "PSCLNZ21"
        },
        {
            "id": 169,
            "bank": "PMB INVESTMENTS LIMITED",
            "city": "AUCKLAND",
            "branch": null,
            "swift_code": "PMBINZ21"
        },
        {
            "id": 170,
            "bank": "R M STORY AND CO",
            "city": "WANGANUI",
            "branch": null,
            "swift_code": "STOYNZ21"
        },
        {
            "id": 171,
            "bank": "RABOBANK NEW ZEALAND BRANCH",
            "city": "WELLINGTON",
            "branch": null,
            "swift_code": "RABONZ2W"
        },
        {
            "id": 172,
            "bank": "RABOBANK NEW ZEALAND LIMITED",
            "city": "WELLINGTON",
            "branch": null,
            "swift_code": "RABONZ22"
        },
        {
            "id": 173,
            "bank": "REGAN AND CO",
            "city": "NEW PLYMOUTH",
            "branch": null,
            "swift_code": "REGANZ21"
        },
        {
            "id": 174,
            "bank": "RESERVE BANK OF NEW ZEALAND",
            "city": "WELLINGTON",
            "branch": null,
            "swift_code": "RBNZNZ22"
        },
        {
            "id": 175,
            "bank": "RESERVE BANK OF NEW ZEALAND",
            "city": "WELLINGTON",
            "branch": null,
            "swift_code": "RBNZNZ2S"
        },
        {
            "id": 176,
            "bank": "RESERVE BANK OF NEW ZEALAND",
            "city": "WELLINGTON",
            "branch": null,
            "swift_code": "RBNZNZ2SASA"
        },
        {
            "id": 177,
            "bank": "RESERVE BANK OF NEW ZEALAND",
            "city": "WELLINGTON",
            "branch": null,
            "swift_code": "RBNZNZ2STIA"
        },
        {
            "id": 178,
            "bank": "RESERVE BANK OF NEW ZEALAND",
            "city": "WELLINGTON",
            "branch": null,
            "swift_code": "RBNZNZ2W"
        },
        {
            "id": 179,
            "bank": "RESERVE BANK OF NEW ZEALAND",
            "city": "WELLINGTON",
            "branch": null,
            "swift_code": "RBNZNZ2WACC"
        },
        {
            "id": 180,
            "bank": "RESERVE BANK OF NEW ZEALAND",
            "city": "WELLINGTON",
            "branch": null,
            "swift_code": "RBNZNZ2WCCY"
        },
        {
            "id": 181,
            "bank": "RIEH FINANCIAL LIMITED",
            "city": "PAPAKURA",
            "branch": null,
            "swift_code": "RIFLNZ21"
        },
        {
            "id": 182,
            "bank": "ROSS, SINCLAIR AND CO.",
            "city": "ASHBURTON",
            "branch": null,
            "swift_code": "RSSSNZ21"
        },
        {
            "id": 183,
            "bank": "SALT FUNDS MANAGEMENT LIMITED",
            "city": "AUCKLAND",
            "branch": null,
            "swift_code": "SAUMNZ21"
        },
        {
            "id": 184,
            "bank": "SAMSUNG ELECTRONICS NEW ZEALAND LTD",
            "city": "AUCKLAND",
            "branch": null,
            "swift_code": "SECTNZ21"
        },
        {
            "id": 185,
            "bank": "SEAMED FINANCE LTD",
            "city": "AUCKLAND",
            "branch": null,
            "swift_code": "SENCNZ21"
        },
        {
            "id": 186,
            "bank": "SMARTSHARES LIMITED",
            "city": "WELLINGTON",
            "branch": null,
            "swift_code": "SMASNZ21"
        },
        {
            "id": 187,
            "bank": "SOMERSET SMITH PARTNERS",
            "city": "NAPIER",
            "branch": null,
            "swift_code": "SOSRNZ21"
        },
        {
            "id": 188,
            "bank": "SOVEREIGN AMERICAN CROWN TRUST",
            "city": "AUCKLAND",
            "branch": null,
            "swift_code": "SAORNZ21"
        },
        {
            "id": 189,
            "bank": "TEA CUSTODIANS LIMITED",
            "city": "WELLINGTON",
            "branch": null,
            "swift_code": "TECDNZ21"
        },
        {
            "id": 190,
            "bank": "THE CELESTINE GROUP LIMITED",
            "city": "AUCKLAND",
            "branch": null,
            "swift_code": "CEGPNZ21"
        },
        {
            "id": 191,
            "bank": "TRADE AND MERCHANT TRUST COMPANY LIMITED",
            "city": "AUCKLAND",
            "branch": null,
            "swift_code": "TMTCNZ2A"
        },
        {
            "id": 192,
            "bank": "TRILLION PRIVATE WEALTH LTD",
            "city": "AUCKLAND",
            "branch": null,
            "swift_code": "TRPWNZ21"
        },
        {
            "id": 193,
            "bank": "TRUSTEES EXECUTORS LIMITED",
            "city": "WELLINGTON",
            "branch": null,
            "swift_code": "TREXNZ22"
        },
        {
            "id": 194,
            "bank": "TSB BANK LIMITED",
            "city": "NEW PLYMOUTH",
            "branch": null,
            "swift_code": "TSBANZ22"
        },
        {
            "id": 195,
            "bank": "UBS NEW ZEALAND LTD",
            "city": "AUCKLAND",
            "branch": null,
            "swift_code": "BUTWNZ21"
        },
        {
            "id": 196,
            "bank": "ULTIMATE FINANCIAL SERVICES LP",
            "city": "AUCKLAND",
            "branch": null,
            "swift_code": "ULFSNZ21"
        },
        {
            "id": 197,
            "bank": "UNIVERSAL GOLD FINANCE LIMITED",
            "city": "AUCKLAND",
            "branch": null,
            "swift_code": "UNGFNZ21"
        },
        {
            "id": 198,
            "bank": "VUM FINANCIAL SERVICES LIMITED",
            "city": "NAPIER",
            "branch": null,
            "swift_code": "VUFSNZ21"
        },
        {
            "id": 199,
            "bank": "WESTERN UNION BUSINESS SOLUTIONS (NEW ZEALAND)",
            "city": "WELLINGTON",
            "branch": null,
            "swift_code": "CHFXNZ21"
        },
        {
            "id": 200,
            "bank": "WESTPAC NEW ZEALAND LIMITED, A WHOLLY OWNED SUBSIDIARY OF WESTPAC BANKING CORPORATION",
            "city": "AUCKLAND",
            "branch": "(FOR ALL NEW ZEALAND BRANCHES)",
            "swift_code": "WPACNZ2W"
        },
        {
            "id": 201,
            "bank": "WESTPACTRUST SECURITIES NZ LTD",
            "city": "WELLINGTON",
            "branch": null,
            "swift_code": "WTSLNZ21"
        },
        {
            "id": 202,
            "bank": "WINSTANLEY AND DICKSON",
            "city": "BLENHEIM",
            "branch": null,
            "swift_code": "WINKNZ21"
        },
        {
            "id": 203,
            "bank": "WMG YOVICH AND CO",
            "city": "WHANGAREI",
            "branch": null,
            "swift_code": "WMGYNZ21"
        },
        {
            "id": 204,
            "bank": "WOLF ALLIANCE LTD",
            "city": "AUCKLAND",
            "branch": null,
            "swift_code": "WOALNZ21"
        },
        {
            "id": 205,
            "bank": "WOLF SPARKASSE",
            "city": "AUCKLAND",
            "branch": null,
            "swift_code": "WOLSNZ21"
        },
        {
            "id": 206,
            "bank": "WOODWARD PARTNERS SECURITIES LIMITED",
            "city": "WELLINGTON",
            "branch": null,
            "swift_code": "WOPSNZ21"
        },
        {
            "id": 207,
            "bank": "WORLDCLEAR LTD",
            "city": "HAMILTON",
            "branch": null,
            "swift_code": "WORCNZ22"
        },
        {
            "id": 208,
            "bank": "WORLDNET FINANCIAL SERVICES LIMITED",
            "city": "HAMILTON",
            "branch": null,
            "swift_code": "WOFENZ21"
        },
        {
            "id": 209,
            "bank": "YOUNG AND CO",
            "city": "PALMERSTON NORTH",
            "branch": null,
            "swift_code": "YOUGNZ21"
        }
    ]
}
