{
    "country": "Philippines",
    "country_code": "PH",
    "list": [
        {
            "id": 1,
            "bank": "1ST MACRO BANK, INC. (A RURAL BANK)",
            "city": "PATEROS",
            "branch": null,
            "swift_code": "MCRUPHM1"
        },
        {
            "id": 2,
            "bank": "1ST VALLEY BANK INC., A DEVELOPMENT BANK",
            "city": "CAGAYAN DE ORO CITY",
            "branch": null,
            "swift_code": "VADVPHM1"
        },
        {
            "id": 3,
            "bank": "A AND A SECURITIES, INC.",
            "city": "MANILA",
            "branch": null,
            "swift_code": "SEUUPHM1"
        },
        {
            "id": 4,
            "bank": "A.T. DE CASTRO SECURITIES CORPORATION",
            "city": "MANILA",
            "branch": null,
            "swift_code": "CASUPHM1"
        },
        {
            "id": 5,
            "bank": "AAA SOUTHEAST EQUITIES INC.",
            "city": "MANILA",
            "branch": null,
            "swift_code": "AASQPHM1"
        },
        {
            "id": 6,
            "bank": "AB CAPITAL AND INVESTMENT CORPORATION",
            "city": "MANILA",
            "branch": null,
            "swift_code": "CAVPPHM1"
        },
        {
            "id": 7,
            "bank": "ABACUS CAPITAL AND INVESTMENT CORPORATION",
            "city": "PASIG CITY",
            "branch": null,
            "swift_code": "ACICPHM1"
        },
        {
            "id": 8,
            "bank": "ABACUS SECURITIES CORPORATION",
            "city": "MANILA",
            "branch": null,
            "swift_code": "ABAEPHM1"
        },
        {
            "id": 9,
            "bank": "ABOITIZ EQUITY VENTURES INC.",
            "city": "CEBU",
            "branch": null,
            "swift_code": "ABTZPH21"
        },
        {
            "id": 10,
            "bank": "AGJ SECURITIES CORP.",
            "city": "MANILA",
            "branch": null,
            "swift_code": "AGJSPHM1"
        },
        {
            "id": 11,
            "bank": "AGRIBUSINESS RURAL BANK, INC.",
            "city": "PASIG CITY",
            "branch": null,
            "swift_code": "AGBUPHM1"
        },
        {
            "id": 12,
            "bank": "AIG-PHILAM SAVINGS BANK, INC",
            "city": "MANILA",
            "branch": null,
            "swift_code": "PHSAPHM1"
        },
        {
            "id": 13,
            "bank": "AL-AMANAH ISLAMIC INVESTMENT BANK OF THE PHILIPPINES",
            "city": "MAKATI CITY",
            "branch": null,
            "swift_code": "AIIPPHM1"
        },
        {
            "id": 14,
            "bank": "ALL ASIA SECURITIES MANAGEMENT CORP.",
            "city": "CEBU",
            "branch": null,
            "swift_code": "AASSPHM1"
        },
        {
            "id": 15,
            "bank": "ALL ASIA SECURITIES MANAGEMENT CORP.",
            "city": "MANILA",
            "branch": null,
            "swift_code": "AASSPHM10MM"
        },
        {
            "id": 16,
            "bank": "ALLIED SAVINGS BANK",
            "city": "MAKATI CITY",
            "branch": null,
            "swift_code": "ALSGPHM1"
        },
        {
            "id": 17,
            "bank": "ALPHA SECURITIES CORP.",
            "city": "MANILA",
            "branch": null,
            "swift_code": "ALPCPHM1"
        },
        {
            "id": 18,
            "bank": "AMETHYST SECURITIES CORP.",
            "city": "MANILA",
            "branch": null,
            "swift_code": "AMECPHM1"
        },
        {
            "id": 19,
            "bank": "AMON SECURITIES CORP.",
            "city": "MANILA",
            "branch": null,
            "swift_code": "AMONPHM1"
        },
        {
            "id": 20,
            "bank": "ANGPING AND ASSOCIATES",
            "city": "MANILA",
            "branch": null,
            "swift_code": "ANGPPHM1"
        },
        {
            "id": 21,
            "bank": "ANSALDO, GODINEZ AND COMPANY, INC.",
            "city": "MANILA",
            "branch": null,
            "swift_code": "ANSGPHM1"
        },
        {
            "id": 22,
            "bank": "ANSCOR-HAGEDORN SECURITIES INC.",
            "city": "MANILA",
            "branch": null,
            "swift_code": "ANSCPHM1"
        },
        {
            "id": 23,
            "bank": "ARMSTRONG SECURITIES INC.",
            "city": "MANILA",
            "branch": null,
            "swift_code": "ARMEPHM1"
        },
        {
            "id": 24,
            "bank": "ASI SECURITIES INC.",
            "city": "MANILA",
            "branch": null,
            "swift_code": "ASISPHM1"
        },
        {
            "id": 25,
            "bank": "ASIA PACIFIC CAPITAL EQUITIES AND SEC. CORP.",
            "city": "QUEZON CITY",
            "branch": null,
            "swift_code": "APCEPHM1"
        },
        {
            "id": 26,
            "bank": "ASIA UNITED BANK CORPORATION",
            "city": "PASIG CITY",
            "branch": null,
            "swift_code": "AUBKPHMM"
        },
        {
            "id": 27,
            "bank": "ASIAN DEVELOPMENT BANK",
            "city": "MANILA",
            "branch": null,
            "swift_code": "ASDBPHMM"
        },
        {
            "id": 28,
            "bank": "ASIAN OCEANIC MERIT SECURITIES INC.",
            "city": "MANILA",
            "branch": null,
            "swift_code": "AOMSPHM1"
        },
        {
            "id": 29,
            "bank": "ASIASEC EQUITIES INC.",
            "city": "MANILA",
            "branch": null,
            "swift_code": "ASESPHM1"
        },
        {
            "id": 30,
            "bank": "ASIATRUST BANK",
            "city": "ANTIPOLO",
            "branch": "(MASINAG BRANCH)",
            "swift_code": "ATDBPHM10M5"
        },
        {
            "id": 31,
            "bank": "ASIATRUST BANK",
            "city": "ANTIPOLO",
            "branch": null,
            "swift_code": "ATDBPHM10M2"
        },
        {
            "id": 32,
            "bank": "ASIATRUST BANK",
            "city": "BACOOR",
            "branch": null,
            "swift_code": "ATDBPHM10M3"
        },
        {
            "id": 33,
            "bank": "ASIATRUST BANK",
            "city": "CALOOCAN CITY",
            "branch": null,
            "swift_code": "ATDBPHM10M4"
        },
        {
            "id": 34,
            "bank": "ASIATRUST BANK",
            "city": "MANILA",
            "branch": "(PASONG TAMO BRANCH)",
            "swift_code": "ATDBPHM10MM"
        },
        {
            "id": 35,
            "bank": "ASIATRUST BANK",
            "city": "MANILA",
            "branch": "(SALCEDO BRANCH)",
            "swift_code": "ATDBPHM10MB"
        },
        {
            "id": 36,
            "bank": "ASIATRUST BANK",
            "city": "PASAY CITY",
            "branch": null,
            "swift_code": "ATDBPHM10M7"
        },
        {
            "id": 37,
            "bank": "ASIATRUST BANK",
            "city": "QUEZON CITY",
            "branch": "(DEL MONTE BRANCH)",
            "swift_code": "ATDBPHM10M8"
        },
        {
            "id": 38,
            "bank": "ASIATRUST BANK",
            "city": "QUEZON CITY",
            "branch": "(NEW MANILA BRANCH)",
            "swift_code": "ATDBPHM10M6"
        },
        {
            "id": 39,
            "bank": "ASIATRUST BANK",
            "city": "QUEZON CITY",
            "branch": "(ROOSEVELT BRANCH)",
            "swift_code": "ATDBPHM10MA"
        },
        {
            "id": 40,
            "bank": "ASIATRUST BANK",
            "city": "QUEZON CITY",
            "branch": null,
            "swift_code": "ATDBPHM1"
        },
        {
            "id": 41,
            "bank": "ASIATRUST BANK",
            "city": "SAN JUAN",
            "branch": null,
            "swift_code": "ATDBPHM10MC"
        },
        {
            "id": 42,
            "bank": "ASIATRUST BANK",
            "city": "SANTIAGO",
            "branch": null,
            "swift_code": "ATDBPHM10MD"
        },
        {
            "id": 43,
            "bank": "ASIATRUST BANK",
            "city": "TONDO",
            "branch": "(TUTUBAN CENTERMALL BRANCH)",
            "swift_code": "ATDBPHM10ME"
        },
        {
            "id": 44,
            "bank": "ASIATRUST BANK",
            "city": "VALENZUELA",
            "branch": null,
            "swift_code": "ATDBPHM10MF"
        },
        {
            "id": 45,
            "bank": "ASIATRUST DEVELOPMENT BANK",
            "city": "QUEZON CITY",
            "branch": null,
            "swift_code": "ASDVPHM1"
        },
        {
            "id": 46,
            "bank": "ASTRA SECURITIES CORP.",
            "city": "MANILA",
            "branch": null,
            "swift_code": "ASTSPHM1"
        },
        {
            "id": 47,
            "bank": "ATC SECURITIES INC.",
            "city": "MANILA",
            "branch": null,
            "swift_code": "ATCSPHM1"
        },
        {
            "id": 48,
            "bank": "ATR-KIM ENG SECURITIES, INC",
            "city": "MANILA",
            "branch": null,
            "swift_code": "ATSCPHM1"
        },
        {
            "id": 49,
            "bank": "AURORA SECURITIES, INC.",
            "city": "MANILA",
            "branch": null,
            "swift_code": "AURSPHM1"
        },
        {
            "id": 50,
            "bank": "AUSTRALIA AND NEW ZEALAND BANKING GROUP LIMITED",
            "city": "MAKATI CITY",
            "branch": null,
            "swift_code": "ANZBPHMX"
        },
        {
            "id": 51,
            "bank": "AYALA LAND, INC.",
            "city": "MAKATI CITY",
            "branch": null,
            "swift_code": "AYALPH22"
        },
        {
            "id": 52,
            "bank": "B. H. CHUA SECURITIES CORPORATION",
            "city": "MANILA",
            "branch": null,
            "swift_code": "BHCHPHM1"
        },
        {
            "id": 53,
            "bank": "BA SECURITIES INC.",
            "city": "MANILA",
            "branch": null,
            "swift_code": "BATTPHM1"
        },
        {
            "id": 54,
            "bank": "BALANGA RURAL BANK, INC.",
            "city": "BALANGA",
            "branch": null,
            "swift_code": "BRULPHM1"
        },
        {
            "id": 55,
            "bank": "BANCO BAKUN, INC. (A RURAL BANK)",
            "city": "ITOGON",
            "branch": null,
            "swift_code": "BKRUPHM1"
        },
        {
            "id": 56,
            "bank": "BANCO DE ORO SAVINGS BANK, INC.",
            "city": "MAKATI CITY",
            "branch": null,
            "swift_code": "ORSIPHM1"
        },
        {
            "id": 57,
            "bank": "BANCO FILIPINO SAVINGS AND MORTGAGE BANK",
            "city": "MANILA",
            "branch": null,
            "swift_code": "FIAOPHM1"
        },
        {
            "id": 58,
            "bank": "BANCO SAN VICENTE, INC. (A RURAL BANK)",
            "city": "SAN VICENTE",
            "branch": null,
            "swift_code": "SAVRPHM1"
        },
        {
            "id": 59,
            "bank": "BANCODIPOLOG, INC.",
            "city": "DIPOLOG CITY",
            "branch": null,
            "swift_code": "BADGPHM1"
        },
        {
            "id": 60,
            "bank": "BANGKO KABAYAN (A RURAL BANK) INC.",
            "city": "BATANGAS",
            "branch": null,
            "swift_code": "KARUPHM1"
        },
        {
            "id": 61,
            "bank": "BANGKO MABUHAY (RURAL BANK OF TANZA (CAVITE), INC.",
            "city": "TANZA",
            "branch": null,
            "swift_code": "MRTCPHM1"
        },
        {
            "id": 62,
            "bank": "BANGKO NUESTRA SENORA DEL PILAR INC. (A RURAL BANK)",
            "city": "SAN SIMON",
            "branch": null,
            "swift_code": "NSPRPHM1"
        },
        {
            "id": 63,
            "bank": "BANGKO RURAL NG PASACAO (CS), INCORPORATED",
            "city": "PASACAO, CAMARINES SUR",
            "branch": null,
            "swift_code": "RUPIPHM1"
        },
        {
            "id": 64,
            "bank": "BANGKO SENTRAL NG PILIPINAS",
            "city": "MANILA",
            "branch": null,
            "swift_code": "PHCBPHMC"
        },
        {
            "id": 65,
            "bank": "BANGKO SENTRAL NG PILIPINAS",
            "city": "MANILA",
            "branch": null,
            "swift_code": "PHCBPHMM"
        },
        {
            "id": 66,
            "bank": "BANGKOK BANK PUBLIC COMPANY LIMITED, MANILA BRANCH",
            "city": "MANILA",
            "branch": null,
            "swift_code": "BKKBPHMM"
        },
        {
            "id": 67,
            "bank": "BANK DAGANG NASIONAL INDONESIA",
            "city": "MANILA",
            "branch": null,
            "swift_code": "DANIPHM1"
        },
        {
            "id": 68,
            "bank": "BANK DHARMALA",
            "city": "MANDALUYONG",
            "branch": null,
            "swift_code": "BADAPHM1"
        },
        {
            "id": 69,
            "bank": "BANK OF AMERICA, N.A. MANILA",
            "city": "MANILA",
            "branch": null,
            "swift_code": "BOFAPH2X"
        },
        {
            "id": 70,
            "bank": "BANK OF CHINA, MANILA BRANCH",
            "city": "MANILA",
            "branch": null,
            "swift_code": "BKCHPHMM"
        },
        {
            "id": 71,
            "bank": "BANK OF COMMERCE",
            "city": "MANDALUYONG CITY",
            "branch": null,
            "swift_code": "PABIPHMM"
        },
        {
            "id": 72,
            "bank": "BANK OF FLORIDA, INC. (A RURAL BANK)",
            "city": "SAN FERNANDO",
            "branch": null,
            "swift_code": "FLRUPHM1"
        },
        {
            "id": 73,
            "bank": "BANK OF LUBAO (A RURAL BANK) INC.",
            "city": "LUBAO",
            "branch": null,
            "swift_code": "LURUPHM1"
        },
        {
            "id": 74,
            "bank": "BANK OF MAKATI (A SAVINGS BANK), INC.",
            "city": "MAKATI CITY",
            "branch": null,
            "swift_code": "MKRUPHM1"
        },
        {
            "id": 75,
            "bank": "BANK OF THE PHILIPPINE ISLANDS",
            "city": "MANILA",
            "branch": "(TREASURY GROUP)",
            "swift_code": "BOPIPHMMTRY"
        },
        {
            "id": 76,
            "bank": "BANK OF THE PHILIPPINE ISLANDS",
            "city": "MANILA",
            "branch": null,
            "swift_code": "BOPIPHMM"
        },
        {
            "id": 77,
            "bank": "BANK OF TOKYO-MITSUBISHI UFJ, LTD., THE",
            "city": "MANILA",
            "branch": "(MANILA BRANCH)",
            "swift_code": "BOTKPHMM"
        },
        {
            "id": 78,
            "bank": "BANK ONE SAVINGS AND TRUST CORPORATION",
            "city": "MANILA",
            "branch": null,
            "swift_code": "ONSTPHM1"
        },
        {
            "id": 79,
            "bank": "BARCELON ROXAS SECURITIES INC.",
            "city": "MANILA",
            "branch": null,
            "swift_code": "BROXPHM1"
        },
        {
            "id": 80,
            "bank": "BDO ELITE SAVINGS BANK, INC.",
            "city": "TAGUIG CITY",
            "branch": null,
            "swift_code": "BDESPHM1"
        },
        {
            "id": 81,
            "bank": "BDO NOMURA SECURITIES, INC.",
            "city": "MAKATI",
            "branch": null,
            "swift_code": "BNSCPHM1"
        },
        {
            "id": 82,
            "bank": "BDO PRIVATE BANK INC.",
            "city": "MANILA",
            "branch": null,
            "swift_code": "BOPBPHMM"
        },
        {
            "id": 83,
            "bank": "BDO SECURITIES CORPORATION",
            "city": "MAKATI CITY",
            "branch": null,
            "swift_code": "BDSCPHM1"
        },
        {
            "id": 84,
            "bank": "BDO UNIBANK, INC.",
            "city": "MANILA",
            "branch": null,
            "swift_code": "BNORPHMM"
        },
        {
            "id": 85,
            "bank": "BELSON SECURITIES, INC.",
            "city": "MANILA",
            "branch": null,
            "swift_code": "BELCPHM1"
        },
        {
            "id": 86,
            "bank": "BENJAMIN CO CA AND CO INC.",
            "city": "MANILA",
            "branch": null,
            "swift_code": "BENJPHM1"
        },
        {
            "id": 87,
            "bank": "BERNAD SECURITIES INC.",
            "city": "MANILA",
            "branch": null,
            "swift_code": "BEREPHM1"
        },
        {
            "id": 88,
            "bank": "BFE FINANCIAL SVCS. AND CONSULTANCY, INC.",
            "city": "MANILA",
            "branch": null,
            "swift_code": "BFSCPHM1"
        },
        {
            "id": 89,
            "bank": "BNP PARIBAS PEREGRINE SECURITIES, INC",
            "city": "MANILA",
            "branch": null,
            "swift_code": "BPPSPHM1"
        },
        {
            "id": 90,
            "bank": "BNP PARIBAS, MANILA OFFSHORE BRANCH",
            "city": "MANILA",
            "branch": null,
            "swift_code": "BNPAPHMM"
        },
        {
            "id": 91,
            "bank": "BOF, INC. (A RURAL BANK)",
            "city": "SAN FERNANDO",
            "branch": null,
            "swift_code": "BORRPHM1"
        },
        {
            "id": 92,
            "bank": "BPI CAPITAL CORP.",
            "city": "MANILA",
            "branch": null,
            "swift_code": "BPAPPHM1"
        },
        {
            "id": 93,
            "bank": "BPI CARD FINANCE",
            "city": "MANILA",
            "branch": null,
            "swift_code": "BPCNPHM1"
        },
        {
            "id": 94,
            "bank": "BPI DIRECT",
            "city": "MANILA",
            "branch": null,
            "swift_code": "BPDIPHM1"
        },
        {
            "id": 95,
            "bank": "BPI FAMILY BANK",
            "city": "MANILA",
            "branch": null,
            "swift_code": "BPFFPHM1"
        },
        {
            "id": 96,
            "bank": "BPI FAMILY SAVINGS BANK",
            "city": "MAKATI",
            "branch": null,
            "swift_code": "BPFSPHM1"
        },
        {
            "id": 97,
            "bank": "BPI GLOBE BANKO INC.",
            "city": "MAKATI CITY",
            "branch": null,
            "swift_code": "BPGOPHM1"
        },
        {
            "id": 98,
            "bank": "BPI LEASING CORPORATION",
            "city": "MANILA",
            "branch": null,
            "swift_code": "BPLIPHM1"
        },
        {
            "id": 99,
            "bank": "BPI SECURITIES CORP.",
            "city": "MANILA",
            "branch": null,
            "swift_code": "BPISPHM1"
        },
        {
            "id": 100,
            "bank": "BRITISH AMERICAN TOBACCO PHILIPPINES LTD.",
            "city": "MUNTINLUPA",
            "branch": null,
            "swift_code": "BATSPHM1"
        },
        {
            "id": 101,
            "bank": "BSP BRANCH OPEN ACCOUNT SPC",
            "city": "QUEZON CITY",
            "branch": null,
            "swift_code": "BBOAPHM1"
        },
        {
            "id": 102,
            "bank": "BSP-PFO AMD-PFO HOUSING PROGRAM",
            "city": "MANILA",
            "branch": null,
            "swift_code": "BPFCPHM1"
        },
        {
            "id": 103,
            "bank": "BSP-PFO CAR PLAN FUND",
            "city": "MANILA",
            "branch": null,
            "swift_code": "BCPFPHM1"
        },
        {
            "id": 104,
            "bank": "BSP-PFO HOUSING FUND",
            "city": "MANILA",
            "branch": null,
            "swift_code": "BHFUPHM1"
        },
        {
            "id": 105,
            "bank": "BSP-PFO LONGEVITY TRUST FUND",
            "city": "MANILA",
            "branch": null,
            "swift_code": "BLTFPHM1"
        },
        {
            "id": 106,
            "bank": "BSP-PFO PROVIDENT FUND",
            "city": "MANILA",
            "branch": null,
            "swift_code": "BPRFPHM1"
        },
        {
            "id": 107,
            "bank": "BT BROKERAGE (PHILS), INC",
            "city": "MANILA",
            "branch": null,
            "swift_code": "BRKPPHM1"
        },
        {
            "id": 108,
            "bank": "BUREAU OF THE TREASURY",
            "city": "MANILA",
            "branch": null,
            "swift_code": "BUTRPHM1"
        },
        {
            "id": 109,
            "bank": "BZW (ASIA) LTD",
            "city": "MANILA",
            "branch": null,
            "swift_code": "BWWAPHM1"
        },
        {
            "id": 110,
            "bank": "CAMPOS, LANUZA AND CO. INC.",
            "city": "MANILA",
            "branch": null,
            "swift_code": "CALAPHM1"
        },
        {
            "id": 111,
            "bank": "CAMPOS, LANUZA AND CO. INC.",
            "city": "MANILA",
            "branch": null,
            "swift_code": "CALAPHM10M2"
        },
        {
            "id": 112,
            "bank": "CANTILAN BANK, INC. (A RURAL BANK)",
            "city": "CANTILAN",
            "branch": null,
            "swift_code": "CNRLPHM1"
        },
        {
            "id": 113,
            "bank": "CARD BANK, INC. (A MICROFINANCE ORIENTED RURAL BANK)",
            "city": "SAN PABLO CITY",
            "branch": null,
            "swift_code": "CBMFPHM1"
        },
        {
            "id": 114,
            "bank": "CARD SME BANK, INC. A THRIFT BANK",
            "city": "SANTO TOMAS",
            "branch": null,
            "swift_code": "CRMHPHM1"
        },
        {
            "id": 115,
            "bank": "CATHAY SECURITIES, INC.",
            "city": "MANILA",
            "branch": null,
            "swift_code": "CATSPHM1"
        },
        {
            "id": 116,
            "bank": "CATHAY UNITED BANK CO., LTD. MANILA BRANCH",
            "city": "MAKATA CITY",
            "branch": null,
            "swift_code": "UWCBPHMM"
        },
        {
            "id": 117,
            "bank": "CEBUANA LHUILLIER RURAL BANK INC.",
            "city": "BACOOR",
            "branch": null,
            "swift_code": "CELRPHM1"
        },
        {
            "id": 118,
            "bank": "CENTURY SAVINGS BANK CORPORATION",
            "city": "PASIG CITY",
            "branch": null,
            "swift_code": "CESNPHM1"
        },
        {
            "id": 119,
            "bank": "CENTURY SECURITIES CORP.",
            "city": "MANILA",
            "branch": null,
            "swift_code": "CENEPHM1"
        },
        {
            "id": 120,
            "bank": "CHINA BANK SAVINGS, INC.",
            "city": "MAKATI CITY",
            "branch": null,
            "swift_code": "CHSVPHM1"
        },
        {
            "id": 121,
            "bank": "CHINA BANKING CORPORATION",
            "city": "MANILA",
            "branch": null,
            "swift_code": "CHBKPHMM"
        },
        {
            "id": 122,
            "bank": "CITIBANK SAVINGS INC.",
            "city": "QUEZON CITY",
            "branch": null,
            "swift_code": "CITIPH21"
        },
        {
            "id": 123,
            "bank": "CITIBANK SECURITIES INC.",
            "city": "MANILA",
            "branch": null,
            "swift_code": "CIVPPHM1"
        },
        {
            "id": 124,
            "bank": "CITIBANK,N.A., MANILA BRANCH",
            "city": "CEBU",
            "branch": null,
            "swift_code": "CITIPHMXCBU"
        },
        {
            "id": 125,
            "bank": "CITIBANK,N.A., MANILA BRANCH",
            "city": "MAKATI",
            "branch": "(HEAD OFFICE)",
            "swift_code": "CITIPHMX"
        },
        {
            "id": 126,
            "bank": "CITIBANK,N.A., MANILA BRANCH",
            "city": "MANILA",
            "branch": "(IBG-TREASURY SERVICES UNIT)",
            "swift_code": "CITIPHMXTSU"
        },
        {
            "id": 127,
            "bank": "CITISECURITIES INC.",
            "city": "MANILA",
            "branch": null,
            "swift_code": "CITSPHM1"
        },
        {
            "id": 128,
            "bank": "CITY SAVINGS BANK",
            "city": "CEBU CITY",
            "branch": null,
            "swift_code": "CIVAPHM1"
        },
        {
            "id": 129,
            "bank": "CITYSTATE SAVINGS BANK, INC.",
            "city": "PASIG CITY",
            "branch": null,
            "swift_code": "CIVVPHM1"
        },
        {
            "id": 130,
            "bank": "CITYTRUST SECURITIES CORP.",
            "city": "MANILA",
            "branch": null,
            "swift_code": "CITRPHM1"
        },
        {
            "id": 131,
            "bank": "CLASSIC RURAL BANK, INC.",
            "city": "BATANGAS",
            "branch": null,
            "swift_code": "CLRAPH21"
        },
        {
            "id": 132,
            "bank": "COL FINANCIAL GROUP, INC.",
            "city": "PASIG CITY",
            "branch": null,
            "swift_code": "CFGOPHM1"
        },
        {
            "id": 133,
            "bank": "COMMERCIAL BANK OF MANILA",
            "city": "MANILA",
            "branch": null,
            "swift_code": "COBMPHM1"
        },
        {
            "id": 134,
            "bank": "COMMONWEALTH BANK\/SAVINGS AND LOAN",
            "city": "MANILA",
            "branch": null,
            "swift_code": "CBSLPHM1"
        },
        {
            "id": 135,
            "bank": "CONNELL SECURITIES INC.",
            "city": "MANILA",
            "branch": null,
            "swift_code": "COSCPHM1"
        },
        {
            "id": 136,
            "bank": "COOPERATIVE BANK OF COTABATO",
            "city": "KIDAPAWAN",
            "branch": null,
            "swift_code": "CPCTPHM1"
        },
        {
            "id": 137,
            "bank": "COOPERATIVE RURAL BANK OF MISAMIS ORIENTAL, INC.",
            "city": "CAGAYAN DE ORO CITY",
            "branch": null,
            "swift_code": "CUATPHM1"
        },
        {
            "id": 138,
            "bank": "CORINTHIAN SECURITIES, INC.",
            "city": "MANILA",
            "branch": null,
            "swift_code": "CORCPHM1"
        },
        {
            "id": 139,
            "bank": "COUNTRY BUILDERS BANK INC. (A RURAL BANK)",
            "city": "TAGUIG CITY",
            "branch": null,
            "swift_code": "COUKPHM1"
        },
        {
            "id": 140,
            "bank": "COYIUTO SECURITIES INC.",
            "city": "MANILA",
            "branch": null,
            "swift_code": "COYIPHM1"
        },
        {
            "id": 141,
            "bank": "CREDIT LYONNAIS SECURITIES PHILIPPINES INC",
            "city": "MANILA",
            "branch": null,
            "swift_code": "CLSAPHM1"
        },
        {
            "id": 142,
            "bank": "CREDIT MANILA, INC.",
            "city": "MANILA",
            "branch": null,
            "swift_code": "CMANPHM1"
        },
        {
            "id": 143,
            "bank": "CREDIT SUISSE SECURITIES (PHILIPPINES) INC.",
            "city": "MAKATI",
            "branch": null,
            "swift_code": "CRESPHM1"
        },
        {
            "id": 144,
            "bank": "CROSBY SECURITIES (PHILS) INC.",
            "city": "MANILA",
            "branch": null,
            "swift_code": "CRSEPHM1"
        },
        {
            "id": 145,
            "bank": "CTBC BANK (PHILIPPINES) CORP.",
            "city": "TAGUIG CITY",
            "branch": null,
            "swift_code": "CTCBPHMM"
        },
        {
            "id": 146,
            "bank": "CUALOPING SECURITIES CORP",
            "city": "MANILA",
            "branch": null,
            "swift_code": "CUASPHM1"
        },
        {
            "id": 147,
            "bank": "DAO HENG BANK INC.",
            "city": "MANILA",
            "branch": null,
            "swift_code": "DHBIPHM1"
        },
        {
            "id": 148,
            "bank": "D'ASIAN HILLS BANK INC.",
            "city": "MALAYBALAY CITY",
            "branch": null,
            "swift_code": "ASIIPHM1"
        },
        {
            "id": 149,
            "bank": "DAVID GO SECURITIES CORP",
            "city": "MANILA",
            "branch": null,
            "swift_code": "DAVSPHM1"
        },
        {
            "id": 150,
            "bank": "DBP-DAIWA CAPITAL MARKETS PHILIPPINES, INC.",
            "city": "MANILA",
            "branch": null,
            "swift_code": "DBSHPHM1"
        },
        {
            "id": 151,
            "bank": "DBP-DAIWA SECURITIES (PHILS.), INC.",
            "city": "MANILA",
            "branch": null,
            "swift_code": "DSPHPHM1"
        },
        {
            "id": 152,
            "bank": "DBS SECURITIES (PHILS) INC",
            "city": "MANILA",
            "branch": null,
            "swift_code": "DBSPPHM1"
        },
        {
            "id": 153,
            "bank": "DEUTSCHE BANK AG",
            "city": "MANILA",
            "branch": null,
            "swift_code": "DEUTPHMM"
        },
        {
            "id": 154,
            "bank": "DEUTSCHE BANK AG",
            "city": "MANILA",
            "branch": null,
            "swift_code": "DEUTPHMMGMO"
        },
        {
            "id": 155,
            "bank": "DEUTSCHE REGIS PARTNERS INC.",
            "city": "MANILA",
            "branch": null,
            "swift_code": "TWENPHM1"
        },
        {
            "id": 156,
            "bank": "DEVELOPMENT BANK OF THE PHILIPPINES",
            "city": "MANILA",
            "branch": null,
            "swift_code": "DBPHPHMM"
        },
        {
            "id": 157,
            "bank": "DHARMALA SECURITIES (PHILS) INC",
            "city": "MANILA",
            "branch": null,
            "swift_code": "DHSPPHM1"
        },
        {
            "id": 158,
            "bank": "DIVERSIFIED SECURITIES INC",
            "city": "MANILA",
            "branch": null,
            "swift_code": "DIVSPHM1"
        },
        {
            "id": 159,
            "bank": "DUMAGUETE CITY DEVELOPMENT BANK,INC",
            "city": "DUMAGUETE",
            "branch": null,
            "swift_code": "DCDEPHM1"
        },
        {
            "id": 160,
            "bank": "DUNGGANON BANK (A MICROFINANCE THRIFT BANK), INC.",
            "city": "BACOLOD CITY",
            "branch": null,
            "swift_code": "DUMTPHM1"
        },
        {
            "id": 161,
            "bank": "E. CHUA CHIACO SECURITIES INC.",
            "city": "MANILA",
            "branch": null,
            "swift_code": "CHCSPHM1"
        },
        {
            "id": 162,
            "bank": "EAST COAST RURAL BANK OF HAGONOY, INC.",
            "city": "HAGONOY",
            "branch": null,
            "swift_code": "ECRHPHM1"
        },
        {
            "id": 163,
            "bank": "EAST WEST BANKING CORPORATION",
            "city": "MANILA",
            "branch": null,
            "swift_code": "EWBCPHMM"
        },
        {
            "id": 164,
            "bank": "EAST WEST CAPITAL CORP",
            "city": "MANILA",
            "branch": null,
            "swift_code": "EAWCPHM1"
        },
        {
            "id": 165,
            "bank": "EASTERN SECURITIES DEVELOPMENT CORPORATION",
            "city": "MANILA",
            "branch": null,
            "swift_code": "EASDPHM1"
        },
        {
            "id": 166,
            "bank": "EIB SECURITIES, INC.",
            "city": "MANILA",
            "branch": null,
            "swift_code": "EISEPHM1"
        },
        {
            "id": 167,
            "bank": "ENTERPRISE BANK INC. (A THRIFT BANK)",
            "city": "SURIGAO DEL SUR",
            "branch": null,
            "swift_code": "ENTHPHM1"
        },
        {
            "id": 168,
            "bank": "ENTREPRENEUR RURAL BANK, INC.",
            "city": "SAN PEDRO",
            "branch": null,
            "swift_code": "ENRUPHM1"
        },
        {
            "id": 169,
            "bank": "EQUICOM SAVINGS BANK, INC.",
            "city": "MAKATI CITY",
            "branch": null,
            "swift_code": "EQSNPHM1"
        },
        {
            "id": 170,
            "bank": "EQUITABLE SECURITIES (PHILS.) INC.",
            "city": "MANILA",
            "branch": null,
            "swift_code": "EQSPPHM1"
        },
        {
            "id": 171,
            "bank": "EQUITIWORLD SECURITIES INC.",
            "city": "MANILA",
            "branch": null,
            "swift_code": "EQUSPHM1"
        },
        {
            "id": 172,
            "bank": "EVERGREEN STOCK BROKERAGE AND SECURITIES, INC.",
            "city": "MANILA",
            "branch": null,
            "swift_code": "ESBEPHM1"
        },
        {
            "id": 173,
            "bank": "F. YAP SECURITIES INC",
            "city": "MANILA",
            "branch": null,
            "swift_code": "YAPSPHM1"
        },
        {
            "id": 174,
            "bank": "FAR EAST BANK AND TRUST CO, FOREIGN CURRENCY DEPOSIT UNIT (FCDU)",
            "city": "MANILA",
            "branch": null,
            "swift_code": "FEBTPHM1"
        },
        {
            "id": 175,
            "bank": "FILIDIAN RURAL BANK OF ANTIPOLO,INC",
            "city": "ANTIPOLO",
            "branch": null,
            "swift_code": "FRUNPHM1"
        },
        {
            "id": 176,
            "bank": "FINVEST SECURITIES CO INC",
            "city": "MANILA",
            "branch": null,
            "swift_code": "FINUPHM1"
        },
        {
            "id": 177,
            "bank": "FIRST AGRO-INDUSTRIAL RURAL BANK, INC. (FAIRBANK)",
            "city": "BOGO CITY",
            "branch": null,
            "swift_code": "FRARPHM1"
        },
        {
            "id": 178,
            "bank": "FIRST COMMERCIAL BANK, LTD., MANILA BRANCH",
            "city": "MAKATI CITY",
            "branch": null,
            "swift_code": "FCBKPHMM"
        },
        {
            "id": 179,
            "bank": "FIRST CONSOLIDATED BANK INC.",
            "city": "TAGBILARAN",
            "branch": null,
            "swift_code": "FIOOPHM1"
        },
        {
            "id": 180,
            "bank": "FIRST INTEGRATED CAPITAL SECURITIES, INC.",
            "city": "MANILA",
            "branch": null,
            "swift_code": "FICEPHM1"
        },
        {
            "id": 181,
            "bank": "FIRST METRO INVESTMENT CORPORATION",
            "city": "MANILA",
            "branch": null,
            "swift_code": "FMICPHM1"
        },
        {
            "id": 182,
            "bank": "FIRST METRO SECURITIES BROKERAGE CORPORATION",
            "city": "MAKATI",
            "branch": null,
            "swift_code": "FMSOPHM1"
        },
        {
            "id": 183,
            "bank": "FIRST MIDLAND RURAL BANK, INC.",
            "city": "ILOILO",
            "branch": null,
            "swift_code": "FRMRPHM1"
        },
        {
            "id": 184,
            "bank": "FIRST ORIENT SECURITIES INC",
            "city": "MANILA",
            "branch": null,
            "swift_code": "FIOSPHM1"
        },
        {
            "id": 185,
            "bank": "FIRST PACIFIC BANCORP, LLC",
            "city": "VALENZUELA",
            "branch": null,
            "swift_code": "FPBCPHM1"
        },
        {
            "id": 186,
            "bank": "FIRST PENINSULA SECURITIES CORP",
            "city": "MANILA",
            "branch": null,
            "swift_code": "FIPSPHM1"
        },
        {
            "id": 187,
            "bank": "FIRST RESSOURCES MANAGEMENT AND SECURITIES CORPORATION,THE",
            "city": "MANILA",
            "branch": null,
            "swift_code": "FIRRPHM1"
        },
        {
            "id": 188,
            "bank": "FORTUNE SECURITIES INC.",
            "city": "MANILA",
            "branch": null,
            "swift_code": "FOTRPHM1"
        },
        {
            "id": 189,
            "bank": "FPB ASIA LIMITED",
            "city": "MANILA",
            "branch": null,
            "swift_code": "FPASPHM1"
        },
        {
            "id": 190,
            "bank": "FRANCISCO ORTIGAS SECURITIES INC",
            "city": "MANILA",
            "branch": null,
            "swift_code": "FROEPHM1"
        },
        {
            "id": 191,
            "bank": "G AND L SECURITIES CO., INC.",
            "city": "MANILA",
            "branch": null,
            "swift_code": "SERTPHM1"
        },
        {
            "id": 192,
            "bank": "G.D. TAN AND CO INC",
            "city": "MANILA",
            "branch": null,
            "swift_code": "TANNPHM1"
        },
        {
            "id": 193,
            "bank": "G.K. GOH SECURITIES (PHILIPPINES) INC.",
            "city": "MANILA",
            "branch": null,
            "swift_code": "GKGSPHM1"
        },
        {
            "id": 194,
            "bank": "GATEWAY RURAL BANK, INC. (GATEBANK)",
            "city": "BULACAN",
            "branch": null,
            "swift_code": "GARKPHM1"
        },
        {
            "id": 195,
            "bank": "GE MONEY BANK, INC. (A SAVINGS BANK)",
            "city": "QUEZON CITY",
            "branch": null,
            "swift_code": "GEMPPH21"
        },
        {
            "id": 196,
            "bank": "GENESIS GLOBAL SECURITIES, INC.",
            "city": "MANILA",
            "branch": null,
            "swift_code": "GEGSPHM1"
        },
        {
            "id": 197,
            "bank": "GLOBAL BUSINESS HOLDINGS INC.",
            "city": "CEBU",
            "branch": "(CEBU BRANCH)",
            "swift_code": "PCBAPHM10MC"
        },
        {
            "id": 198,
            "bank": "GLOBAL BUSINESS HOLDINGS INC.",
            "city": "DAVAO",
            "branch": "(DAVAO BRANCH)",
            "swift_code": "PCBAPHM10MD"
        },
        {
            "id": 199,
            "bank": "GLOBAL BUSINESS HOLDINGS INC.",
            "city": "MANILA",
            "branch": "(DASMARINAS BRANCH)",
            "swift_code": "PCBAPHM10MB"
        },
        {
            "id": 200,
            "bank": "GLOBAL BUSINESS HOLDINGS INC.",
            "city": "MANILA",
            "branch": "(PORT AREA BRANCH)",
            "swift_code": "PCBAPHM10MP"
        },
        {
            "id": 201,
            "bank": "GLOBAL BUSINESS HOLDINGS INC.",
            "city": "MANILA",
            "branch": null,
            "swift_code": "PCBAPHM1"
        },
        {
            "id": 202,
            "bank": "GLOBAL BUSINESS HOLDINGS INC.",
            "city": "QUEZON CITY",
            "branch": "(CUBAO BRANCH)",
            "swift_code": "PCBAPHM10MQ"
        },
        {
            "id": 203,
            "bank": "GLOBAL BUSINESS HOLDINGS INC.",
            "city": "SAN JUAN",
            "branch": "(ORTIGAS BRANCH)",
            "swift_code": "PCBAPHM10MS"
        },
        {
            "id": 204,
            "bank": "GLOBALINKS SECURITIES AND STOCKS, INC",
            "city": "MANILA",
            "branch": null,
            "swift_code": "GLSTPHM1"
        },
        {
            "id": 205,
            "bank": "GLOBE TELECOM, INC.",
            "city": "TAGUIG",
            "branch": null,
            "swift_code": "GLTEPHMT"
        },
        {
            "id": 206,
            "bank": "GOLDSTAR SECURITIES INC",
            "city": "MANILA",
            "branch": null,
            "swift_code": "GOLCPHM1"
        },
        {
            "id": 207,
            "bank": "GSIS FAMILY BANK",
            "city": "PASIG CITY",
            "branch": null,
            "swift_code": "GSFAPHM1"
        },
        {
            "id": 208,
            "bank": "GUAGUA RURAL BANK, INC.",
            "city": "GUAGUA",
            "branch": null,
            "swift_code": "GRBUPHM1"
        },
        {
            "id": 209,
            "bank": "GUILD SECURITIES INC",
            "city": "MANILA",
            "branch": null,
            "swift_code": "GUISPHM1"
        },
        {
            "id": 210,
            "bank": "GUOCO SECURITIES (PHILS) INC",
            "city": "MANILA",
            "branch": null,
            "swift_code": "GUSPPHM1"
        },
        {
            "id": 211,
            "bank": "H.E. BENNETT SECURITIES INC.",
            "city": "MANILA",
            "branch": null,
            "swift_code": "BENCPHM1"
        },
        {
            "id": 212,
            "bank": "HANG TSUN SECURITIES (PHILS)",
            "city": "MANILA",
            "branch": null,
            "swift_code": "HTSPPHM1"
        },
        {
            "id": 213,
            "bank": "HDI SECURITIES INC",
            "city": "MANILA",
            "branch": null,
            "swift_code": "HDISPHM1"
        },
        {
            "id": 214,
            "bank": "HIGHLAND SECURITIES PHILS. INC.",
            "city": "MANILA",
            "branch": null,
            "swift_code": "HISHPHM1"
        },
        {
            "id": 215,
            "bank": "HIYAS BANKING CORPORATION",
            "city": "STA. MARIA",
            "branch": null,
            "swift_code": "HIYCPHM1"
        },
        {
            "id": 216,
            "bank": "HK SECURITIES, INC.",
            "city": "MANILA",
            "branch": null,
            "swift_code": "SEREPHM1"
        },
        {
            "id": 217,
            "bank": "HOME SAVINGS BANK AND TRUST CO.",
            "city": "MANILA",
            "branch": null,
            "swift_code": "HSBTPHM1"
        },
        {
            "id": 218,
            "bank": "HSBC SAVINGS BANK (PHILIPINES) INC.",
            "city": "MUNTINLUPA",
            "branch": null,
            "swift_code": "HBPHPHMM"
        },
        {
            "id": 219,
            "bank": "HUA NAN COMMERCIAL BANK, LTD. MANILA BRANCH",
            "city": "MAKATI CITY",
            "branch": null,
            "swift_code": "HNBKPHMM"
        },
        {
            "id": 220,
            "bank": "I. ACKERMAN AND CO INC",
            "city": "MANILA",
            "branch": null,
            "swift_code": "ACKEPHM1"
        },
        {
            "id": 221,
            "bank": "I.B. GIMENEZ SECURITIES, INC.",
            "city": "MANILA",
            "branch": null,
            "swift_code": "GIMSPHM1"
        },
        {
            "id": 222,
            "bank": "IGC SECURITIES, INC.",
            "city": "MANILA",
            "branch": null,
            "swift_code": "IGCSPHM1"
        },
        {
            "id": 223,
            "bank": "IMPERIAL DE GUZMAN, ABALOS AND CO INC.",
            "city": "MANILA",
            "branch": null,
            "swift_code": "IMGAPHM1"
        },
        {
            "id": 224,
            "bank": "INDOSUEZ W.I. CARR SECURITIES (PHILIPPINES) INC.",
            "city": "MANILA",
            "branch": null,
            "swift_code": "WICAPHM1"
        },
        {
            "id": 225,
            "bank": "INDUSTRIAL BANK OF KOREA, MANILA BRANCH",
            "city": "MANILA",
            "branch": null,
            "swift_code": "IBKOPHMM"
        },
        {
            "id": 226,
            "bank": "ING BANK N.V.",
            "city": "MANILA",
            "branch": null,
            "swift_code": "INGBPHMM"
        },
        {
            "id": 227,
            "bank": "INSULAR LIFE SAVINGS AND TRUST CO.",
            "city": "MANILA",
            "branch": null,
            "swift_code": "ILSTPHM1"
        },
        {
            "id": 228,
            "bank": "INSULAR SAVERS BANK, INC. (A RURAL BANK)",
            "city": "TAGUIG CITY",
            "branch": null,
            "swift_code": "ISVBPHM1"
        },
        {
            "id": 229,
            "bank": "INTRA-INVEST SECURITIES INC",
            "city": "MANILA",
            "branch": null,
            "swift_code": "INIEPHM1"
        },
        {
            "id": 230,
            "bank": "INVESTORS SECURITIES INC",
            "city": "MANILA",
            "branch": null,
            "swift_code": "INVUPHM1"
        },
        {
            "id": 231,
            "bank": "ISLA BANK (A THRIFT BANK), INC.",
            "city": "MANILA",
            "branch": null,
            "swift_code": "ISTHPHM1"
        },
        {
            "id": 232,
            "bank": "J.M. BARCELON AND CO INC",
            "city": "MANILA",
            "branch": null,
            "swift_code": "BARNPHM1"
        },
        {
            "id": 233,
            "bank": "J.P. MORGAN SECURITIES PHILIPPINES INC.",
            "city": "MANILA",
            "branch": null,
            "swift_code": "CHASPHS1"
        },
        {
            "id": 234,
            "bank": "JANIUAY RURAL BANK, INC.",
            "city": "ILOILO CITY",
            "branch": null,
            "swift_code": "JARUPHM1"
        },
        {
            "id": 235,
            "bank": "JARDINE FLEMING",
            "city": "MANILA",
            "branch": null,
            "swift_code": "JFLEPHM1"
        },
        {
            "id": 236,
            "bank": "JENN WOEI SECURITIES, INC",
            "city": "MANILA",
            "branch": null,
            "swift_code": "JEWSPHM1"
        },
        {
            "id": 237,
            "bank": "JPMORGAN CHASE BANK, N.A., MANILA BRANCH",
            "city": "MANILA",
            "branch": "(OFFHORE BANKING UNIT)",
            "swift_code": "CHASPHMMOBU"
        },
        {
            "id": 238,
            "bank": "JPMORGAN CHASE BANK, N.A., MANILA BRANCH",
            "city": "MANILA",
            "branch": "(TELEX AND S.W.I.F.T. MESSAGE ENQUIRIES)",
            "swift_code": "CHASPHMMENQ"
        },
        {
            "id": 239,
            "bank": "JPMORGAN CHASE BANK, N.A., MANILA BRANCH",
            "city": "MANILA",
            "branch": "(TEST KEY AND BKE ADMINISTRATION)",
            "swift_code": "CHASPHMMKEY"
        },
        {
            "id": 240,
            "bank": "JPMORGAN CHASE BANK, N.A., MANILA BRANCH",
            "city": "MANILA",
            "branch": null,
            "swift_code": "CHASPHMM"
        },
        {
            "id": 241,
            "bank": "KATIPUNAN BANK (ZN), INC. A RURAL BANK",
            "city": "DIPOLOG CITY",
            "branch": null,
            "swift_code": "KRBFPHM1"
        },
        {
            "id": 242,
            "bank": "KEB HANA BANK",
            "city": "MAKATI CITY",
            "branch": null,
            "swift_code": "KOEXPHMM"
        },
        {
            "id": 243,
            "bank": "KEPPEL BANK PHILIPPINES, INC.",
            "city": "MANILA",
            "branch": null,
            "swift_code": "KEPHPHM1"
        },
        {
            "id": 244,
            "bank": "KEPPEL SECURITIES PHILIPPINES INC",
            "city": "MANILA",
            "branch": null,
            "swift_code": "KESPPHM1"
        },
        {
            "id": 245,
            "bank": "KERRY SECURITIES (PHILS), INC.",
            "city": "MANILA",
            "branch": null,
            "swift_code": "KERSPHM1"
        },
        {
            "id": 246,
            "bank": "KEY SECURITIES INC",
            "city": "MANILA",
            "branch": null,
            "swift_code": "KEYSPHM1"
        },
        {
            "id": 247,
            "bank": "KIM ENG SECURITIES PHILIPPINES INC.",
            "city": "MANILA",
            "branch": null,
            "swift_code": "KMESPHM1"
        },
        {
            "id": 248,
            "bank": "L.M. GARCIA AND ASSOCIATES, INC.",
            "city": "MANILA",
            "branch": null,
            "swift_code": "GARSPHM1"
        },
        {
            "id": 249,
            "bank": "LAND BANK OF THE PHILIPPINES",
            "city": "CEBU",
            "branch": null,
            "swift_code": "TLBPPHM10MC"
        },
        {
            "id": 250,
            "bank": "LAND BANK OF THE PHILIPPINES",
            "city": "DAVAO",
            "branch": null,
            "swift_code": "TLBPPHM10M2"
        },
        {
            "id": 251,
            "bank": "LAND BANK OF THE PHILIPPINES",
            "city": "GENERAL SANTOS",
            "branch": null,
            "swift_code": "TLBPPHM10M4"
        },
        {
            "id": 252,
            "bank": "LAND BANK OF THE PHILIPPINES",
            "city": "ILOILO",
            "branch": null,
            "swift_code": "TLBPPHM10M3"
        },
        {
            "id": 253,
            "bank": "LAND BANK OF THE PHILIPPINES",
            "city": "MANILA",
            "branch": null,
            "swift_code": "TLBPPHMM"
        },
        {
            "id": 254,
            "bank": "LAND BANK OF THE PHILIPPINES",
            "city": "QUEZON CITY",
            "branch": null,
            "swift_code": "TLBPPHM10MQ"
        },
        {
            "id": 255,
            "bank": "LARRGO SECURITIES CO INC",
            "city": "MANILA",
            "branch": null,
            "swift_code": "LARCPHM1"
        },
        {
            "id": 256,
            "bank": "LEGAZPI SAVINGS BANK",
            "city": "LEGAZPI",
            "branch": null,
            "swift_code": "LESIPHM1"
        },
        {
            "id": 257,
            "bank": "LIMCOMA RURAL BANK INC.",
            "city": "BATANGAS",
            "branch": null,
            "swift_code": "LIRRPHM1"
        },
        {
            "id": 258,
            "bank": "LIPA BANK INC. -A RURAL BANK",
            "city": "LIPA CITY",
            "branch": null,
            "swift_code": "LIRUPHM1"
        },
        {
            "id": 259,
            "bank": "LITONJUA SECURITIES INC",
            "city": "MANILA",
            "branch": null,
            "swift_code": "LITSPHM1"
        },
        {
            "id": 260,
            "bank": "LOPEZ, LOCSIN, LEDESMA AND CO INC",
            "city": "MANILA",
            "branch": null,
            "swift_code": "LOLLPHM1"
        },
        {
            "id": 261,
            "bank": "LUCKY SECURITIES INC",
            "city": "MANILA",
            "branch": null,
            "swift_code": "LUCSPHM1"
        },
        {
            "id": 262,
            "bank": "LUY'S SECURITIES CO INC",
            "city": "MANILA",
            "branch": null,
            "swift_code": "LUYSPHM1"
        },
        {
            "id": 263,
            "bank": "LUZON DEVELOPMENT BANK",
            "city": "MANILA",
            "branch": null,
            "swift_code": "LUDVPHM1"
        },
        {
            "id": 264,
            "bank": "M.D. BONDOC AND CO INC",
            "city": "MANILA",
            "branch": null,
            "swift_code": "BONOPHM1"
        },
        {
            "id": 265,
            "bank": "MACQUARIE CAPITAL SECURITIES (PHILIPPINES) INC.",
            "city": "MANILA",
            "branch": null,
            "swift_code": "INBLPHM1"
        },
        {
            "id": 266,
            "bank": "MALAYAN BANK SAVINGS AND MORTGAGE BANK",
            "city": "MANILA",
            "branch": null,
            "swift_code": "MAARPHM1"
        },
        {
            "id": 267,
            "bank": "MANDARIN SECURITIES CORP",
            "city": "MANILA",
            "branch": null,
            "swift_code": "MANUPHM1"
        },
        {
            "id": 268,
            "bank": "MANILA BANKING CORP.",
            "city": "MANILA",
            "branch": null,
            "swift_code": "MABCPHM1"
        },
        {
            "id": 269,
            "bank": "MANILA ELECTRIC COMPANY",
            "city": "PASIG CITY",
            "branch": null,
            "swift_code": "MRALPHMM"
        },
        {
            "id": 270,
            "bank": "MARIAN SECURITIES INC",
            "city": "MANILA",
            "branch": null,
            "swift_code": "MAIEPHM1"
        },
        {
            "id": 271,
            "bank": "MARK SECURITIES CORP",
            "city": "MANILA",
            "branch": null,
            "swift_code": "MAKCPHM1"
        },
        {
            "id": 272,
            "bank": "MARKET CAPITAL AND SECURITIES INC",
            "city": "MANILA",
            "branch": null,
            "swift_code": "MACCPHM1"
        },
        {
            "id": 273,
            "bank": "MAYBANK PHILIPPINES, INC",
            "city": "MANILA",
            "branch": null,
            "swift_code": "MBBEPHMM"
        },
        {
            "id": 274,
            "bank": "MDR SECURITIES, INC",
            "city": "MANILA",
            "branch": null,
            "swift_code": "MDRSPHM1"
        },
        {
            "id": 275,
            "bank": "MEGA INTERNATIONAL COMMERCIAL BANK CO., LTD., MANILA BRANCH",
            "city": "MANILA",
            "branch": null,
            "swift_code": "ICBCPHMM"
        },
        {
            "id": 276,
            "bank": "MERCANTILE SECURITIES CORP",
            "city": "MANILA",
            "branch": null,
            "swift_code": "MERUPHM1"
        },
        {
            "id": 277,
            "bank": "MERCHANTS SAVINGS AND LOAN ASSOCIATION, INC.",
            "city": "MAKATI CITY",
            "branch": null,
            "swift_code": "MSLSPHM1"
        },
        {
            "id": 278,
            "bank": "MERIDIAN SECURITIES INC",
            "city": "MANILA",
            "branch": null,
            "swift_code": "MERTPHM1"
        },
        {
            "id": 279,
            "bank": "MERRILL LYNCH SECURITIES PHILIPPINES INC.",
            "city": "MANILA",
            "branch": null,
            "swift_code": "MLSPPHM1"
        },
        {
            "id": 280,
            "bank": "METROBANK CARD CORPORATION (A FINANCE CO.)",
            "city": "MAKATI CITY",
            "branch": null,
            "swift_code": "MCCEPHM1"
        },
        {
            "id": 281,
            "bank": "METROPOLITAN BANK AND TRUST CO.",
            "city": "MANILA",
            "branch": null,
            "swift_code": "MBTCPHMM"
        },
        {
            "id": 282,
            "bank": "MICROFINANCE MAXIMUM SAVINGS BANK,INC.",
            "city": "PUERTO GALERA",
            "branch": null,
            "swift_code": "MIMVPHM1"
        },
        {
            "id": 283,
            "bank": "MIZUHO BANK, LTD., MANILA BRANCH",
            "city": "MAKATI",
            "branch": null,
            "swift_code": "MHCBPHMM"
        },
        {
            "id": 284,
            "bank": "MORGAN GRENFELL PHILS SEC. INC.",
            "city": "MANILA",
            "branch": null,
            "swift_code": "MGPSPHM1"
        },
        {
            "id": 285,
            "bank": "MOUNT PEAK SECURITIES INC",
            "city": "MANILA",
            "branch": null,
            "swift_code": "MOPSPHM1"
        },
        {
            "id": 286,
            "bank": "MULTINATIONAL INVESTMENT BANCORPORATION",
            "city": "MANILA",
            "branch": null,
            "swift_code": "MUIAPHM1"
        },
        {
            "id": 287,
            "bank": "MUNICIPAL RURAL BANK OF LIBMANAN (CS), INC.",
            "city": "CAMARINES SUR",
            "branch": null,
            "swift_code": "MURLPHM1"
        },
        {
            "id": 288,
            "bank": "NESTLE BUSINESS SERVICES AOA INC",
            "city": "MANILA",
            "branch": null,
            "swift_code": "NESNPHMN"
        },
        {
            "id": 289,
            "bank": "NEW WORLD SECURITIES INC",
            "city": "MANILA",
            "branch": null,
            "swift_code": "NEWCPHM1"
        },
        {
            "id": 290,
            "bank": "NIEVES SANCHEZ INC.",
            "city": "MANILA",
            "branch": null,
            "swift_code": "NIESPHM1"
        },
        {
            "id": 291,
            "bank": "NORTHPOINT DEVELOPMENT BANK, INC.",
            "city": "SAN PEDRO",
            "branch": null,
            "swift_code": "NODVPHM1"
        },
        {
            "id": 292,
            "bank": "OCBC SECURITIES (PHILIPPINES) INC.",
            "city": "MANILA",
            "branch": null,
            "swift_code": "OSPNPHM1"
        },
        {
            "id": 293,
            "bank": "ONE NETWORK BANK, INC. (A RURAL BANK)",
            "city": "DAVAO CITY",
            "branch": null,
            "swift_code": "ONNRPHM1"
        },
        {
            "id": 294,
            "bank": "OPTIMUM DEVELOPEMENT BANK. INC",
            "city": "MANDALUYONG CITY",
            "branch": null,
            "swift_code": "OPDVPHM1"
        },
        {
            "id": 295,
            "bank": "OPTIMUM SECURITIES CORP.",
            "city": "MANILA",
            "branch": null,
            "swift_code": "OPTMPHM1"
        },
        {
            "id": 296,
            "bank": "ORIENTRADE SECURITIES INC.",
            "city": "MANILA",
            "branch": null,
            "swift_code": "ORIEPHM1"
        },
        {
            "id": 297,
            "bank": "ORIX METRO LEASING AND FINANCE CORPORATION",
            "city": "MAKATI CITY",
            "branch": null,
            "swift_code": "OMLFPHM1"
        },
        {
            "id": 298,
            "bank": "ORMON BANK RB OF MULANAY QUEZON INC.",
            "city": "BAY",
            "branch": null,
            "swift_code": "ORMQPHM1"
        },
        {
            "id": 299,
            "bank": "OVERSEAS UNION BANK LIMITED, MANILA BRANCH",
            "city": "MANILA",
            "branch": null,
            "swift_code": "OUBKPHM1"
        },
        {
            "id": 300,
            "bank": "PACIFIC ACE SAVINGS BANK",
            "city": "OLONGAPO",
            "branch": null,
            "swift_code": "PASVPHM1"
        },
        {
            "id": 301,
            "bank": "PACIFIC ASIAN ATLANTIC CAPITAL INC.",
            "city": "MAKATI CITY",
            "branch": null,
            "swift_code": "PATPPHM1"
        },
        {
            "id": 302,
            "bank": "PACIFIC BASIN SEC. CO. INC.",
            "city": "MANILA",
            "branch": null,
            "swift_code": "PACAPHM1"
        },
        {
            "id": 303,
            "bank": "PAN ASIA SECURITIES CORPORATION",
            "city": "MANILA",
            "branch": null,
            "swift_code": "PANIPHM1"
        },
        {
            "id": 304,
            "bank": "PAPA SECURITIES CORP.",
            "city": "MANILA",
            "branch": null,
            "swift_code": "PAPSPHM1"
        },
        {
            "id": 305,
            "bank": "PARTNER RURAL BANK (COTABATO), INC.",
            "city": "PIGCAWAYAN",
            "branch": null,
            "swift_code": "PRTOPHM1"
        },
        {
            "id": 306,
            "bank": "PCCI SECURITIES BROKERS CORPORATION",
            "city": "MAKATI CITY",
            "branch": null,
            "swift_code": "PSBOPHM1"
        },
        {
            "id": 307,
            "bank": "PDCP DEVELOPMENT BANK",
            "city": "CEBU",
            "branch": null,
            "swift_code": "PRBPPH21"
        },
        {
            "id": 308,
            "bank": "PDCP DEVELOPMENT BANK",
            "city": "MANILA",
            "branch": null,
            "swift_code": "PRBPPHM1"
        },
        {
            "id": 309,
            "bank": "PENBANK A PRIVATE DEVELOPMENT BANK",
            "city": "GENERAL SANTOS",
            "branch": null,
            "swift_code": "PEPDPHM1"
        },
        {
            "id": 310,
            "bank": "PEREGRINE SECURITIES PHILS INC.",
            "city": "MANILA",
            "branch": null,
            "swift_code": "PESPPHM1"
        },
        {
            "id": 311,
            "bank": "PHILIPPINE BANK OF COMMUNICATIONS",
            "city": "MANILA",
            "branch": null,
            "swift_code": "CPHIPHMM"
        },
        {
            "id": 312,
            "bank": "PHILIPPINE BUSINESS BANK",
            "city": "CALOOCAN CITY",
            "branch": null,
            "swift_code": "PPBUPHMM"
        },
        {
            "id": 313,
            "bank": "PHILIPPINE CLEARING HOUSE CORPORATION",
            "city": "MANILA",
            "branch": null,
            "swift_code": "PCHCPHM1"
        },
        {
            "id": 314,
            "bank": "PHILIPPINE COMMERCIAL CAPITAL, INC.",
            "city": "MAKATI CITY",
            "branch": null,
            "swift_code": "PHCCPHM1"
        },
        {
            "id": 315,
            "bank": "PHILIPPINE DEPOSITORY AND TRUST CORP. (CUSTODY)",
            "city": "MAKATI CITY",
            "branch": null,
            "swift_code": "PDTUPHM1"
        },
        {
            "id": 316,
            "bank": "PHILIPPINE DEPOSITORY AND TRUST CORP. (DEPOSITORY)",
            "city": "MAKATI CITY",
            "branch": null,
            "swift_code": "PDTDPHM1"
        },
        {
            "id": 317,
            "bank": "PHILIPPINE DEPOSITORY AND TRUST CORPORATION",
            "city": "MAKATI CITY",
            "branch": null,
            "swift_code": "PDTCPHM1"
        },
        {
            "id": 318,
            "bank": "PHILIPPINE DEPOSITORY TRUST CORP",
            "city": "MANILA",
            "branch": null,
            "swift_code": "PHCDPHM1"
        },
        {
            "id": 319,
            "bank": "PHILIPPINE EQUITY PARTNERS INC.",
            "city": "MANILA",
            "branch": null,
            "swift_code": "PEQPPHM1"
        },
        {
            "id": 320,
            "bank": "PHILIPPINE NATIONAL BANK",
            "city": "MANILA",
            "branch": "(TREASURY OPERATIONS DIVISION)",
            "swift_code": "PNBMPHMMTOD"
        },
        {
            "id": 321,
            "bank": "PHILIPPINE NATIONAL BANK",
            "city": "MANILA",
            "branch": null,
            "swift_code": "PNBMPHMM"
        },
        {
            "id": 322,
            "bank": "PHILIPPINE POSTAL CORPORATION",
            "city": "MANILA",
            "branch": null,
            "swift_code": "PPOSPHM1"
        },
        {
            "id": 323,
            "bank": "PHILIPPINE POSTAL SAVINGS BANK, INC",
            "city": "MANILA",
            "branch": null,
            "swift_code": "PHSVPHM1"
        },
        {
            "id": 324,
            "bank": "PHILIPPINE RESOURCES SAVINGS BANK CORPORATION",
            "city": "PASIG CITY",
            "branch": null,
            "swift_code": "PRVRPHM1"
        },
        {
            "id": 325,
            "bank": "PHILIPPINE SAVINGS BANK",
            "city": "MANILA",
            "branch": null,
            "swift_code": "PHSBPHMM"
        },
        {
            "id": 326,
            "bank": "PHILIPPINE STOCK EXCHANGE, INC.",
            "city": "PASIG CITY",
            "branch": null,
            "swift_code": "XPHSPHM1"
        },
        {
            "id": 327,
            "bank": "PHILIPPINE VETERANS BANK",
            "city": "MANILA",
            "branch": null,
            "swift_code": "PHVBPHMM"
        },
        {
            "id": 328,
            "bank": "PHILIPPINES ASIA EQUITY SEC. INC.",
            "city": "MANILA",
            "branch": null,
            "swift_code": "PAESPHM1"
        },
        {
            "id": 329,
            "bank": "PHILTRUST BANK (PHILIPPINE TRUST COMPANY)",
            "city": "MANILA",
            "branch": null,
            "swift_code": "PHTBPHMM"
        },
        {
            "id": 330,
            "bank": "PIERCE INTERLINK SEC. INC.",
            "city": "MANILA",
            "branch": null,
            "swift_code": "PIEIPHM1"
        },
        {
            "id": 331,
            "bank": "PLANBANK RURAL BANK OF CANLUBANG PLANTERS, INC.",
            "city": "CALAMBA",
            "branch": null,
            "swift_code": "PRNPPHM1"
        },
        {
            "id": 332,
            "bank": "PLANTERS DEVELOPMENT BANK",
            "city": "MANILA",
            "branch": null,
            "swift_code": "PLDEPHM1"
        },
        {
            "id": 333,
            "bank": "PLATINUM SECURITIES INC.",
            "city": "MANILA",
            "branch": null,
            "swift_code": "PLAIPHM1"
        },
        {
            "id": 334,
            "bank": "PNB REPUBLIC BANK",
            "city": "MANILA",
            "branch": null,
            "swift_code": "RPBAPHM1"
        },
        {
            "id": 335,
            "bank": "PNB SECURITIES INC.",
            "city": "MANILA",
            "branch": null,
            "swift_code": "PNBBPHM1"
        },
        {
            "id": 336,
            "bank": "PREMIERE DEVELOPMENT BANK",
            "city": "MANILA",
            "branch": null,
            "swift_code": "PRDEPHM1"
        },
        {
            "id": 337,
            "bank": "PREMIUM SECURITIES CORP.",
            "city": "MANILA",
            "branch": null,
            "swift_code": "PREMPHM1"
        },
        {
            "id": 338,
            "bank": "PROBITY SECURITIES MANAGEMENT CORP.",
            "city": "MANILA",
            "branch": null,
            "swift_code": "PROTPHM1"
        },
        {
            "id": 339,
            "bank": "PRODUCERS SAVINGS BANK CORPORATION ONE SAN MIGUEL AVENUE",
            "city": "PASIG CITY",
            "branch": null,
            "swift_code": "PSCOPHM1"
        },
        {
            "id": 340,
            "bank": "QUALITY INVESTMENT AND SECURITIES CORP.",
            "city": "MANILA",
            "branch": null,
            "swift_code": "QUISPHM1"
        },
        {
            "id": 341,
            "bank": "QUEEN CITY DEVELOPMENT BANK",
            "city": "ILOILO",
            "branch": null,
            "swift_code": "QCDFPHM1"
        },
        {
            "id": 342,
            "bank": "QUEZON CAPITAL RURAL BANK, INCORPORATED",
            "city": "LUCENA CITY",
            "branch": null,
            "swift_code": "QCRIPHM1"
        },
        {
            "id": 343,
            "bank": "R AND L INVESTMENTS, INC",
            "city": "MANILA",
            "branch": null,
            "swift_code": "RLINPHM1"
        },
        {
            "id": 344,
            "bank": "R. NUBLA SECURITIES INC.",
            "city": "MANILA",
            "branch": null,
            "swift_code": "NUBLPHM1"
        },
        {
            "id": 345,
            "bank": "R.S. LIM AND CO. INC.",
            "city": "MANILA",
            "branch": null,
            "swift_code": "LIMSPHM1"
        },
        {
            "id": 346,
            "bank": "RANG-AY BANK (A RURAL BANK), INC.",
            "city": "SAN FERNANDO",
            "branch": null,
            "swift_code": "RARLPHM1"
        },
        {
            "id": 347,
            "bank": "RASHIND HUSSAIN SECURITIES (PHILIPPINES) INC",
            "city": "MANILA",
            "branch": null,
            "swift_code": "RAHSPHM1"
        },
        {
            "id": 348,
            "bank": "RBS ASIA SECURITIES, INC.",
            "city": "MANILA",
            "branch": null,
            "swift_code": "HGASPHM1"
        },
        {
            "id": 349,
            "bank": "RCBC CAPITAL CORPORATION",
            "city": "MANILA",
            "branch": null,
            "swift_code": "RCCOPHM1"
        },
        {
            "id": 350,
            "bank": "RCBC SAVINGS BANK, INC.",
            "city": "MAKATI CITY",
            "branch": null,
            "swift_code": "RCSAPHM1"
        },
        {
            "id": 351,
            "bank": "REGINA CAPITAL DEVELOPMENT CORP.",
            "city": "MANILA",
            "branch": null,
            "swift_code": "REGIPHM1"
        },
        {
            "id": 352,
            "bank": "RFM CAPITAL LIMITED",
            "city": "MANILA",
            "branch": null,
            "swift_code": "RFCAPHM1"
        },
        {
            "id": 353,
            "bank": "RIZAL COMMERCIAL BANKING CORPORATION",
            "city": "MANILA",
            "branch": "(FOREIGN CURRENCY DEPOSIT UNIT - FCDU)",
            "swift_code": "RCBCPH21"
        },
        {
            "id": 354,
            "bank": "RIZAL COMMERCIAL BANKING CORPORATION",
            "city": "MANILA",
            "branch": null,
            "swift_code": "RCBCPHMM"
        },
        {
            "id": 355,
            "bank": "ROBINSONS BANK CORPORATION",
            "city": "QUEZON CITY",
            "branch": null,
            "swift_code": "ROBPPHMQ"
        },
        {
            "id": 356,
            "bank": "RTG AND CO. INC.",
            "city": "MANILA",
            "branch": null,
            "swift_code": "RTGCPHM1"
        },
        {
            "id": 357,
            "bank": "RURAL BANK OF CAMALIG (ALBAY) INC.",
            "city": "LEGAZPI",
            "branch": null,
            "swift_code": "RUCAPHM1"
        },
        {
            "id": 358,
            "bank": "RURAL BANK OF CAUAYAN INC.",
            "city": "CAUAYAN",
            "branch": null,
            "swift_code": "RBCYPHM1"
        },
        {
            "id": 359,
            "bank": "RURAL BANK OF DIGOS, INC",
            "city": "DIGOS CITY",
            "branch": null,
            "swift_code": "RUDIPHM1"
        },
        {
            "id": 360,
            "bank": "RURAL BANK OF GUINOBATAN, INC.",
            "city": "GUINOBATAN",
            "branch": null,
            "swift_code": "RUGUPHM1"
        },
        {
            "id": 361,
            "bank": "RURAL BANK OF JAEN, INC.",
            "city": "JAEN",
            "branch": null,
            "swift_code": "RUJAPHM1"
        },
        {
            "id": 362,
            "bank": "RURAL BANK OF KIAMBA (SARANGANI) INC.",
            "city": "KIAMBA",
            "branch": null,
            "swift_code": "RUKSPHM1"
        },
        {
            "id": 363,
            "bank": "RURAL BANK OF LEBAK (SULTAN KUDARAT) INC.",
            "city": "LEBAK",
            "branch": null,
            "swift_code": "RLSKPHM1"
        },
        {
            "id": 364,
            "bank": "RURAL BANK OF LILOY (ZN), INC",
            "city": "DIPOLOG CITY",
            "branch": null,
            "swift_code": "LILOPHM1"
        },
        {
            "id": 365,
            "bank": "RURAL BANK OF MABALACAT, INC.",
            "city": "MABALACAT",
            "branch": null,
            "swift_code": "RUMAPHM1"
        },
        {
            "id": 366,
            "bank": "RURAL BANK OF MANGALDAN, INC.",
            "city": "MANGALDAN",
            "branch": null,
            "swift_code": "RUMNPHM1"
        },
        {
            "id": 367,
            "bank": "RURAL BANK OF MIAGAO (ILOILO), INC.",
            "city": "MIAGAO",
            "branch": null,
            "swift_code": "RUMIPHM1"
        },
        {
            "id": 368,
            "bank": "RURAL BANK OF MIDSAYAP, INC.",
            "city": "MIDSAYAP",
            "branch": null,
            "swift_code": "RUMDPHM1"
        },
        {
            "id": 369,
            "bank": "RURAL BANK OF NEW WASHINGTON (AKLAN) INC.",
            "city": "NEW WASHINGTON",
            "branch": null,
            "swift_code": "RNWAPHM1"
        },
        {
            "id": 370,
            "bank": "RURAL BANK OF ODIONGAN INC",
            "city": "BATANGAS",
            "branch": null,
            "swift_code": "RUODPHM1"
        },
        {
            "id": 371,
            "bank": "RURAL BANK OF PAGBILAO INC.",
            "city": "PAGBILAO",
            "branch": null,
            "swift_code": "RUPAPHM1"
        },
        {
            "id": 372,
            "bank": "RURAL BANK OF PANA-ON (MIS. OCC.) INC.",
            "city": "JIMENEZ",
            "branch": null,
            "swift_code": "RPMOPHM1"
        },
        {
            "id": 373,
            "bank": "RURAL BANK OF PANDI (BULACAN), INC.",
            "city": "PANDI",
            "branch": null,
            "swift_code": "RPBUPHM1"
        },
        {
            "id": 374,
            "bank": "RURAL BANK OF SAN JOSE (CAMARINES SUR), INC.",
            "city": "CAMARINES SUR",
            "branch": null,
            "swift_code": "RSJCPHM1"
        },
        {
            "id": 375,
            "bank": "RURAL BANK OF SAN LUIS (BATANGAS),",
            "city": "SAN LUIS",
            "branch": null,
            "swift_code": "RSLSPHM1"
        },
        {
            "id": 376,
            "bank": "RURAL BANK OF STA. IGNACIA, INC.",
            "city": "SANTA IGNACIA",
            "branch": null,
            "swift_code": "RUSGPHM1"
        },
        {
            "id": 377,
            "bank": "RURAL BANK OF TANGUB CITY INC.",
            "city": "TANGUB",
            "branch": null,
            "swift_code": "RUTCPHM1"
        },
        {
            "id": 378,
            "bank": "RURAL BANK OF TANJAY, INC.",
            "city": "TANJAY CITY",
            "branch": null,
            "swift_code": "RUTNPHM1"
        },
        {
            "id": 379,
            "bank": "S.J. ROXAS AND COMPANY, INC.",
            "city": "MANILA",
            "branch": null,
            "swift_code": "SJROPHM1"
        },
        {
            "id": 380,
            "bank": "SALISBURY BKT SECURITIES CORPORATION (FORMERLY: PUBLIC SECURITIES CORPORATION)",
            "city": "MAKATI",
            "branch": null,
            "swift_code": "PUBLPHM1"
        },
        {
            "id": 381,
            "bank": "SAMSUNG ELECTRONICS PHILIPPINES CORP.",
            "city": "CALAMBA",
            "branch": "(SEPHIL)",
            "swift_code": "SECTPHM15B1"
        },
        {
            "id": 382,
            "bank": "SAMSUNG ELECTRONICS PHILIPPINES CORP.",
            "city": "TAGUIG",
            "branch": "(SEPCO)",
            "swift_code": "SECTPHM15B0"
        },
        {
            "id": 383,
            "bank": "SAMSUNG ELECTRONICS PHILIPPINES CORP.",
            "city": "TAGUIG",
            "branch": null,
            "swift_code": "SECTPHM1"
        },
        {
            "id": 384,
            "bank": "SAPPHIRE SECURITIES INC.",
            "city": "MANILA",
            "branch": null,
            "swift_code": "SAPPPHM1"
        },
        {
            "id": 385,
            "bank": "SAVIOUR RURAL BANK, INC.",
            "city": "LUBAO",
            "branch": null,
            "swift_code": "SAUAPHM1"
        },
        {
            "id": 386,
            "bank": "SB EQUITIES INCORPORATED",
            "city": "MANILA",
            "branch": null,
            "swift_code": "EQICPHM1"
        },
        {
            "id": 387,
            "bank": "SECURED BANK, INC.",
            "city": "CAGAYAN DE ORO CITY",
            "branch": null,
            "swift_code": "SBRBPHM1"
        },
        {
            "id": 388,
            "bank": "SECURITIES SPECIALISTS INC.",
            "city": "MANILA",
            "branch": null,
            "swift_code": "SECLPHM1"
        },
        {
            "id": 389,
            "bank": "SECURITY BANK CORPORATION",
            "city": "MANILA",
            "branch": null,
            "swift_code": "SETCPHMM"
        },
        {
            "id": 390,
            "bank": "SG SECURITIES (PHILIPPINES),INC.",
            "city": "MANILA",
            "branch": null,
            "swift_code": "SGSEPHM1"
        },
        {
            "id": 391,
            "bank": "SHINHAN BANK MANILA BRANCH",
            "city": "TAGUIG CITY",
            "branch": null,
            "swift_code": "SHBKPHMM"
        },
        {
            "id": 392,
            "bank": "SOLAR SECURITIES INC.",
            "city": "MANILA",
            "branch": null,
            "swift_code": "SOLRPHM1"
        },
        {
            "id": 393,
            "bank": "SOUTH BANK INC",
            "city": "CAGAYAN DE ORO CITY",
            "branch": null,
            "swift_code": "SOTTPHM1"
        },
        {
            "id": 394,
            "bank": "SQUIRE SECURITIES, INC.",
            "city": "MANILA",
            "branch": null,
            "swift_code": "SUIRPHM1"
        },
        {
            "id": 395,
            "bank": "SSI - SYSTEMS STANDARDS INCORPORATED",
            "city": "MANILA",
            "branch": null,
            "swift_code": "SSSTPHM1"
        },
        {
            "id": 396,
            "bank": "STANDARD CHARTERED BANK",
            "city": "MAKATI CITY",
            "branch": null,
            "swift_code": "SCBLPHMM"
        },
        {
            "id": 397,
            "bank": "STANDARD CHARTERED BANK",
            "city": "MANILA",
            "branch": "(CUSTODIAL DEPARTMENT)",
            "swift_code": "SCBLPHMMEQI"
        },
        {
            "id": 398,
            "bank": "STANDARD SECURITIES CORPORATION",
            "city": "MANILA",
            "branch": null,
            "swift_code": "STACPHM1"
        },
        {
            "id": 399,
            "bank": "STATE INVESTMENT TRUST, INC.",
            "city": "MANDALUYONG CITY",
            "branch": null,
            "swift_code": "STIUPHM1"
        },
        {
            "id": 400,
            "bank": "STERLING BANK OF ASIA INC.",
            "city": "SAN JUAN",
            "branch": null,
            "swift_code": "STLAPH22"
        },
        {
            "id": 401,
            "bank": "SUMITOMO MITSUI BANKING CORPORATION MANILA BRANCH",
            "city": "MAKATI CITY",
            "branch": null,
            "swift_code": "SMBCPHMM"
        },
        {
            "id": 402,
            "bank": "SUMMA INTERNATIONAL BANK LTD.",
            "city": "MANILA",
            "branch": null,
            "swift_code": "ILBSPHM1"
        },
        {
            "id": 403,
            "bank": "SUMMIT RURAL BANK OF LIPA CITY, INC",
            "city": "LIPA CITY",
            "branch": null,
            "swift_code": "SRLCPHM1"
        },
        {
            "id": 404,
            "bank": "SUMMIT SECURITIES INC.",
            "city": "MANILA",
            "branch": null,
            "swift_code": "SUMMPHM1"
        },
        {
            "id": 405,
            "bank": "SUN SAVINGS BANK",
            "city": "TALISAY CITY",
            "branch": null,
            "swift_code": "SUSVPHM1"
        },
        {
            "id": 406,
            "bank": "SUPREME STOCKBROKER INC.",
            "city": "MANILA",
            "branch": null,
            "swift_code": "SUPMPHM1"
        },
        {
            "id": 407,
            "bank": "TA BANK OF THE PHILIPPINES INC.",
            "city": "PASIG CITY",
            "branch": null,
            "swift_code": "PHIIPHM1"
        },
        {
            "id": 408,
            "bank": "TAIWAN COOPERATIVE BANK MANILA OFFSHORE BANKING BRANCH",
            "city": "MANILA",
            "branch": null,
            "swift_code": "TACBPHMM"
        },
        {
            "id": 409,
            "bank": "TANSENGCO AND COMPANY INC.",
            "city": "MANILA",
            "branch": null,
            "swift_code": "TANGPHM1"
        },
        {
            "id": 410,
            "bank": "THE HONGKONG AND SHANGHAI BANKING CORPORATION LTD - PHILIPPINE BRANCH",
            "city": "CEBU",
            "branch": "(CEBU BRANCH)",
            "swift_code": "HSBCPHMMCEB"
        },
        {
            "id": 411,
            "bank": "THE HONGKONG AND SHANGHAI BANKING CORPORATION LTD - PHILIPPINE BRANCH",
            "city": "MANILA",
            "branch": "(CUSTODY AND CLEARING)",
            "swift_code": "HSBCPHMMSEC"
        },
        {
            "id": 412,
            "bank": "THE HONGKONG AND SHANGHAI BANKING CORPORATION LTD - PHILIPPINE BRANCH",
            "city": "MANILA",
            "branch": "(MNL TREASURY DEPARTMENT)",
            "swift_code": "HSBCPHMMTRY"
        },
        {
            "id": 413,
            "bank": "THE HONGKONG AND SHANGHAI BANKING CORPORATION LTD - PHILIPPINE BRANCH",
            "city": "TAGUIG CITY",
            "branch": null,
            "swift_code": "HSBCPHMM"
        },
        {
            "id": 414,
            "bank": "THE MANUFACTURERS LIFE INSURANCE CO. (PHILS.), INC.",
            "city": "MAKATI CITY",
            "branch": null,
            "swift_code": "MFCTPHMM"
        },
        {
            "id": 415,
            "bank": "THE PALAWAN BANK (PALAWAN DEVELOPMENT BANK, INC.).",
            "city": "PUERTO PRINCESA",
            "branch": null,
            "swift_code": "PAPDPHM1"
        },
        {
            "id": 416,
            "bank": "THE PHILIPPINE AMERICAN LIFE AND GENERAL INSURANCECOMPANY",
            "city": "TAGUIG",
            "branch": "(GENERAL INVESTMENT OPERATIONS)",
            "swift_code": "AIACPHM1GIO"
        },
        {
            "id": 417,
            "bank": "THE PHILIPPINE AMERICAN LIFE AND GENERAL INSURANCECOMPANY",
            "city": "TAGUIG",
            "branch": null,
            "swift_code": "AIACPHMM"
        },
        {
            "id": 418,
            "bank": "THE REAL BANK (A THRIFT BANK), INC.",
            "city": "QUEZON CITY",
            "branch": null,
            "swift_code": "RETHPHM1"
        },
        {
            "id": 419,
            "bank": "TIAONG RURAL BANK, INC.",
            "city": "TIAONG",
            "branch": null,
            "swift_code": "TRULPHM1"
        },
        {
            "id": 420,
            "bank": "TOWER SECURITIES INC.",
            "city": "MANILA",
            "branch": null,
            "swift_code": "TOWRPHM1"
        },
        {
            "id": 421,
            "bank": "TOYOTA FINANCIAL SERVICES PHILIPPINES, CORP.",
            "city": "MAKATI CITY",
            "branch": null,
            "swift_code": "TFSHPHM1"
        },
        {
            "id": 422,
            "bank": "TRADERS ROYAL BANK",
            "city": "MANILA",
            "branch": null,
            "swift_code": "TRBFPHM1"
        },
        {
            "id": 423,
            "bank": "TRANS-ASIA SECURITIES INC.",
            "city": "MANILA",
            "branch": null,
            "swift_code": "TRAAPHM1"
        },
        {
            "id": 424,
            "bank": "TRANSNATIONAL SECURITIES, INC",
            "city": "MANILA",
            "branch": null,
            "swift_code": "TRAOPHM1"
        },
        {
            "id": 425,
            "bank": "TRENDLINE SECURITIES CORP.",
            "city": "MANILA",
            "branch": null,
            "swift_code": "TRENPHM1"
        },
        {
            "id": 426,
            "bank": "TRI-STATE SECURITIES INC.",
            "city": "MANILA",
            "branch": null,
            "swift_code": "TRITPHM1"
        },
        {
            "id": 427,
            "bank": "UBP SECURITIES INC.",
            "city": "MANILA",
            "branch": null,
            "swift_code": "UBPPPHM1"
        },
        {
            "id": 428,
            "bank": "UBS SECURITIES PHILIPPINES INC",
            "city": "MANILA",
            "branch": null,
            "swift_code": "SWDEPHM1"
        },
        {
            "id": 429,
            "bank": "UCPB SAVINGS BANK, INC.",
            "city": "MAKATI CITY",
            "branch": null,
            "swift_code": "UCSVPHM1"
        },
        {
            "id": 430,
            "bank": "UCPB SECURITIES INC.",
            "city": "MANILA",
            "branch": null,
            "swift_code": "CPBBPHM1"
        },
        {
            "id": 431,
            "bank": "UNICAPITAL SECURITIES,INC.",
            "city": "MANILA",
            "branch": null,
            "swift_code": "UCSEPHM1"
        },
        {
            "id": 432,
            "bank": "UNION BANK OF THE PHILIPPINES",
            "city": "PASIG CITY",
            "branch": null,
            "swift_code": "UBPHPHMM"
        },
        {
            "id": 433,
            "bank": "UNITED COCONUT PLANTERS BANK",
            "city": "MANILA",
            "branch": null,
            "swift_code": "UCPBPHMM"
        },
        {
            "id": 434,
            "bank": "UNITED OVERSEAS BANK LIMITED - MANILA BRANCH",
            "city": "MANILA",
            "branch": null,
            "swift_code": "UOVBPHMM"
        },
        {
            "id": 435,
            "bank": "UOB-KAY HIAN SECURITIES (PHILIPPINES), INC.",
            "city": "MANILA",
            "branch": null,
            "swift_code": "UKHCPHM1"
        },
        {
            "id": 436,
            "bank": "UY-TIOCO AND CO. INC.",
            "city": "MANILA",
            "branch": null,
            "swift_code": "TIOCPHM1"
        },
        {
            "id": 437,
            "bank": "VALIANT BANK, INC. ( A RURAL BANK)",
            "city": "ILOILO",
            "branch": null,
            "swift_code": "VARUPHM1"
        },
        {
            "id": 438,
            "bank": "VENTURE SECURITIES INC.",
            "city": "MANILA",
            "branch": null,
            "swift_code": "VENTPHM1"
        },
        {
            "id": 439,
            "bank": "VICENTE GOQUIOLAY AND CO., INC.",
            "city": "MANILA",
            "branch": null,
            "swift_code": "VICGPHM1"
        },
        {
            "id": 440,
            "bank": "VICSAL SECURITIES AND STOCKBROKERAGE INC.",
            "city": "MANILA",
            "branch": null,
            "swift_code": "VICAPHM1"
        },
        {
            "id": 441,
            "bank": "VIGAN BANCO RURAL INCORPORADA",
            "city": "VIGAN",
            "branch": null,
            "swift_code": "VGBCPHM1"
        },
        {
            "id": 442,
            "bank": "WEALTH DEVELOPMENT BANK",
            "city": "CEBU CITY",
            "branch": null,
            "swift_code": "WEDVPHM1"
        },
        {
            "id": 443,
            "bank": "WEALTH SECURITIES INC",
            "city": "MANILA",
            "branch": null,
            "swift_code": "WEASPHM1"
        },
        {
            "id": 444,
            "bank": "WESTIN SECURITIES CORP.",
            "city": "MANILA",
            "branch": null,
            "swift_code": "WESNPHM1"
        },
        {
            "id": 445,
            "bank": "WOLFF AND CO. INC.",
            "city": "MANILA",
            "branch": null,
            "swift_code": "WOLFPHM1"
        },
        {
            "id": 446,
            "bank": "WOMENS RURAL BANK, INC.",
            "city": "BATANGAS",
            "branch": null,
            "swift_code": "WORUPHM1"
        },
        {
            "id": 447,
            "bank": "WONG SECURITIES CORP.",
            "city": "MANILA",
            "branch": null,
            "swift_code": "WONGPHM1"
        },
        {
            "id": 448,
            "bank": "WORLD PARTNERS BANK",
            "city": "SAN PEDRO",
            "branch": null,
            "swift_code": "WOPAPHM1"
        },
        {
            "id": 449,
            "bank": "WORLDSEC INTERNATIONAL SECURITIES PHILIPPINES INC",
            "city": "MANILA",
            "branch": null,
            "swift_code": "WISPPHM1"
        },
        {
            "id": 450,
            "bank": "YAO AND ZIALCITA INC.",
            "city": "MANILA",
            "branch": null,
            "swift_code": "YAOZPHM1"
        },
        {
            "id": 451,
            "bank": "YAPTINCHAY SEC. INC.",
            "city": "MANILA",
            "branch": null,
            "swift_code": "YAPTPHM1"
        },
        {
            "id": 452,
            "bank": "YU AND COMPANY, INC.",
            "city": "MANILA",
            "branch": null,
            "swift_code": "YUOYPHM1"
        },
        {
            "id": 453,
            "bank": "YU HENG SECURITIES INC.",
            "city": "PASAY CITY",
            "branch": null,
            "swift_code": "HENEPHM1"
        },
        {
            "id": 454,
            "bank": "YUANTA SAVINGS BANK (FORMERLY TONGYANG SAVINGS BANK)",
            "city": "MANILA",
            "branch": null,
            "swift_code": "TYBKPHMM"
        },
        {
            "id": 455,
            "bank": "ZAMBALES RURAL BANK, INC.",
            "city": "OLONGAPO",
            "branch": null,
            "swift_code": "ZARUPHM1"
        },
        {
            "id": 456,
            "bank": "ZAMBOANGA CITY RURAL BANK, INC.",
            "city": "ZAMBOANGA CITY",
            "branch": null,
            "swift_code": "ZACRPHM1"
        }
    ]
}
