{
    "country": "Pakistan",
    "country_code": "PK",
    "list": [
        {
            "id": 1,
            "bank": "ALBARAKA BANK (PAKISTAN)LIMITED",
            "city": "KARACHI",
            "branch": null,
            "swift_code": "AIINPKKA"
        },
        {
            "id": 2,
            "bank": "ALBARAKA BANK (PAKISTAN)LIMITED",
            "city": "LAHORE",
            "branch": null,
            "swift_code": "AIINPKKALHR"
        },
        {
            "id": 3,
            "bank": "ALFALAH SECURITIES (PRIVATE) LIMITED",
            "city": "KARACHI",
            "branch": null,
            "swift_code": "ALEVPKK1"
        },
        {
            "id": 4,
            "bank": "ALI HUSSAIN RAJABALI (BROKERS)",
            "city": "KARACHI",
            "branch": null,
            "swift_code": "AHRRPKK1"
        },
        {
            "id": 5,
            "bank": "ALLIED BANK LIMITED",
            "city": "ISLAMABAD",
            "branch": "(BLUE AREA BRANCH, CORPORATE BRANCH, ISLAMABAD - 0443)",
            "swift_code": "ABPAPKKA443"
        },
        {
            "id": 6,
            "bank": "ALLIED BANK LIMITED",
            "city": "KARACHI",
            "branch": "(BRANCH KARACHI (0949))",
            "swift_code": "ABPAPKKA949"
        },
        {
            "id": 7,
            "bank": "ALLIED BANK LIMITED",
            "city": "KARACHI",
            "branch": "(EXPORT PROCESSING ZONE BRANCH, (OFF SHORE BANKING UNIT))",
            "swift_code": "ABPAPKKAEPZ"
        },
        {
            "id": 8,
            "bank": "ALLIED BANK LIMITED",
            "city": "KARACHI",
            "branch": "(TRADE FACTORY WING, TRADE TOWER, CENTRAL OFFICE, KARACHI.)",
            "swift_code": "ABPAPKKATFW"
        },
        {
            "id": 9,
            "bank": "ALLIED BANK LIMITED",
            "city": "KARACHI",
            "branch": "(TREASURY OPERATIONS (TROPS), OPERATIONS GROUP, CENTRAL OFFICE)",
            "swift_code": "ABPAPKKATRY"
        },
        {
            "id": 10,
            "bank": "ALLIED BANK LIMITED",
            "city": "LAHORE",
            "branch": "(CENTRALIZED SWIFT, HEAD OFFICE, LAHORE)",
            "swift_code": "ABPAPKKA979"
        },
        {
            "id": 11,
            "bank": "ALLIED BANK LIMITED",
            "city": "LAHORE",
            "branch": null,
            "swift_code": "ABPAPKKA"
        },
        {
            "id": 12,
            "bank": "AMERICAN EXPRESS BANK LTD.",
            "city": "ISLAMABAD",
            "branch": null,
            "swift_code": "AEIBPKK1ISL"
        },
        {
            "id": 13,
            "bank": "AMERICAN EXPRESS BANK LTD.",
            "city": "KARACHI",
            "branch": null,
            "swift_code": "AEIBPKK1"
        },
        {
            "id": 14,
            "bank": "AMERICAN EXPRESS BANK LTD.",
            "city": "LAHORE",
            "branch": null,
            "swift_code": "AEIBPKK1LHE"
        },
        {
            "id": 15,
            "bank": "AQEEL KARIM DHEDHI (BROKERS)",
            "city": "KARACHI",
            "branch": null,
            "swift_code": "AKDBPKK1"
        },
        {
            "id": 16,
            "bank": "ARIF HABIB LIMITED",
            "city": "KARACHI",
            "branch": null,
            "swift_code": "ARHAPKK1"
        },
        {
            "id": 17,
            "bank": "ASKARI BANK LIMITED",
            "city": "RAWALPINDI",
            "branch": "(AWT PLAZA, RAWALPINDI BRANCH)",
            "swift_code": "ASCMPKKA001"
        },
        {
            "id": 18,
            "bank": "ASKARIBANK LIMITED",
            "city": "FAISALABAD",
            "branch": "(UNIVERSITY ROAD BRANCH)",
            "swift_code": "ASCMPKKA009"
        },
        {
            "id": 19,
            "bank": "ASKARIBANK LIMITED",
            "city": "GUJRANWALA",
            "branch": "(GUJRANWALA BRANCH)",
            "swift_code": "ASCMPKKA012"
        },
        {
            "id": 20,
            "bank": "ASKARIBANK LIMITED",
            "city": "GUJRAT",
            "branch": "(GUJRAT BRANCH)",
            "swift_code": "ASCMPKKA037"
        },
        {
            "id": 21,
            "bank": "ASKARIBANK LIMITED",
            "city": "ISLAMABAD",
            "branch": "(ISLAMIC BKG BR, BLUE AREA )",
            "swift_code": "ASCMPKKA905"
        },
        {
            "id": 22,
            "bank": "ASKARIBANK LIMITED",
            "city": "KARACHI",
            "branch": "(CENTRAL FOREIGN TRADE UNIT)",
            "swift_code": "ASCMPKKAFT1"
        },
        {
            "id": 23,
            "bank": "ASKARIBANK LIMITED",
            "city": "KARACHI",
            "branch": "(ISLAMIC BKG BR, JODIA BAZAR)",
            "swift_code": "ASCMPKKA904"
        },
        {
            "id": 24,
            "bank": "ASKARIBANK LIMITED",
            "city": "KARACHI",
            "branch": "(ISLAMIC TREASURY DESK, KHI)",
            "swift_code": "ASCMPKKAIBT"
        },
        {
            "id": 25,
            "bank": "ASKARIBANK LIMITED",
            "city": "KARACHI",
            "branch": "(SAIMA TRADE TOWER BRANCH)",
            "swift_code": "ASCMPKKA002"
        },
        {
            "id": 26,
            "bank": "ASKARIBANK LIMITED",
            "city": "KARACHI",
            "branch": "(TREASURY DIVISION)",
            "swift_code": "ASCMPKKATRY"
        },
        {
            "id": 27,
            "bank": "ASKARIBANK LIMITED",
            "city": "KARACHI",
            "branch": null,
            "swift_code": "ASCMPKKA"
        },
        {
            "id": 28,
            "bank": "ASKARIBANK LIMITED",
            "city": "LAHORE",
            "branch": "(CENTRAL FOREIGN TRADE UNIT)",
            "swift_code": "ASCMPKKAFT2"
        },
        {
            "id": 29,
            "bank": "ASKARIBANK LIMITED",
            "city": "LAHORE",
            "branch": "(ISLAMIC BKG BR, WALTON CANTT)",
            "swift_code": "ASCMPKKA906"
        },
        {
            "id": 30,
            "bank": "ASKARIBANK LIMITED",
            "city": "LAHORE",
            "branch": "(SAT BRANCH)",
            "swift_code": "ASCMPKKA006"
        },
        {
            "id": 31,
            "bank": "ASKARIBANK LIMITED",
            "city": "MULTAN",
            "branch": "(MULTAN BRANCH)",
            "swift_code": "ASCMPKKA013"
        },
        {
            "id": 32,
            "bank": "ASKARIBANK LIMITED",
            "city": "PESHAWAR",
            "branch": "(CANTONMENT BRANCH)",
            "swift_code": "ASCMPKKA004"
        },
        {
            "id": 33,
            "bank": "ASKARIBANK LIMITED",
            "city": "PESHAWAR",
            "branch": "(IBB, PESHAWAR)",
            "swift_code": "ASCMPKKA902"
        },
        {
            "id": 34,
            "bank": "ASKARIBANK LIMITED",
            "city": "QUETTA",
            "branch": "(CANTONMENT BRANCH)",
            "swift_code": "ASCMPKKA003"
        },
        {
            "id": 35,
            "bank": "ASKARIBANK LIMITED",
            "city": "QUETTA",
            "branch": "(ISLAMIC BKG BR,JINNAH RD)",
            "swift_code": "ASCMPKKA903"
        },
        {
            "id": 36,
            "bank": "ASKARIBANK LIMITED",
            "city": "RAWALPINDI",
            "branch": "(CENTRAL FOREIGN TRADE UNIT)",
            "swift_code": "ASCMPKKAFT3"
        },
        {
            "id": 37,
            "bank": "ASKARIBANK LIMITED",
            "city": "RAWALPINDI",
            "branch": "(HEAD OFFICE, RAWALPINDI )",
            "swift_code": "ASCMPKKAHOR"
        },
        {
            "id": 38,
            "bank": "ASKARIBANK LIMITED",
            "city": "RAWALPINDI",
            "branch": "(IBB, RAWALPINDI)",
            "swift_code": "ASCMPKKA901"
        },
        {
            "id": 39,
            "bank": "ASKARIBANK LIMITED",
            "city": "RAWALPINDI",
            "branch": "(INTERNATIONAL DIVISION)",
            "swift_code": "ASCMPKKAIND"
        },
        {
            "id": 40,
            "bank": "ASKARIBANK LIMITED",
            "city": "SIALKOT",
            "branch": "(SIALKOT BRANCH)",
            "swift_code": "ASCMPKKA010"
        },
        {
            "id": 41,
            "bank": "AZIZ FIDA HUSSAIN (BROKERS)",
            "city": "KARACHI",
            "branch": null,
            "swift_code": "AFHBPKK1"
        },
        {
            "id": 42,
            "bank": "B. SALEEM GAZIPURA (BROKERS)",
            "city": "KARACHI",
            "branch": null,
            "swift_code": "SAGRPKK1"
        },
        {
            "id": 43,
            "bank": "BANK AL HABIB LIMITED",
            "city": "FAISALABAD",
            "branch": "(FAISALABAD BRANCH)",
            "swift_code": "BAHLPKKAFSD"
        },
        {
            "id": 44,
            "bank": "BANK AL HABIB LIMITED",
            "city": "ISLAMABAD",
            "branch": "(ISLAMABAD BRANCH)",
            "swift_code": "BAHLPKKAISL"
        },
        {
            "id": 45,
            "bank": "BANK AL HABIB LIMITED",
            "city": "KARACHI",
            "branch": "(CENTRAL PROCESSING UNIT)",
            "swift_code": "BAHLPKKACPU"
        },
        {
            "id": 46,
            "bank": "BANK AL HABIB LIMITED",
            "city": "KARACHI",
            "branch": "(EXPORT PROCESSING ZONE BRANCH)",
            "swift_code": "BAHLPKKAEPZ"
        },
        {
            "id": 47,
            "bank": "BANK AL HABIB LIMITED",
            "city": "KARACHI",
            "branch": "(ISLAMIC BANKING DIVISION)",
            "swift_code": "BAHLPKKAIBD"
        },
        {
            "id": 48,
            "bank": "BANK AL HABIB LIMITED",
            "city": "KARACHI",
            "branch": "(JODIA BAZAR)",
            "swift_code": "BAHLPKKAJBZ"
        },
        {
            "id": 49,
            "bank": "BANK AL HABIB LIMITED",
            "city": "KARACHI",
            "branch": "(KARACHI MAIN BRANCH)",
            "swift_code": "BAHLPKKAKHI"
        },
        {
            "id": 50,
            "bank": "BANK AL HABIB LIMITED",
            "city": "KARACHI",
            "branch": "(L C CENTRE)",
            "swift_code": "BAHLPKKALCC"
        },
        {
            "id": 51,
            "bank": "BANK AL HABIB LIMITED",
            "city": "KARACHI",
            "branch": null,
            "swift_code": "BAHLPKKA"
        },
        {
            "id": 52,
            "bank": "BANK AL HABIB LIMITED",
            "city": "LAHORE",
            "branch": "(LAHORE BRANCH)",
            "swift_code": "BAHLPKKALHR"
        },
        {
            "id": 53,
            "bank": "BANK AL HABIB LIMITED",
            "city": "MULTAN",
            "branch": "(MULTAN MAIN BRANCH)",
            "swift_code": "BAHLPKKAMUL"
        },
        {
            "id": 54,
            "bank": "BANK ALFALAH LIMITED",
            "city": "FAISALABAD",
            "branch": "(PEOPLES COLONY BRANCH)",
            "swift_code": "ALFHPKKA054"
        },
        {
            "id": 55,
            "bank": "BANK ALFALAH LIMITED",
            "city": "ISLAMABAD",
            "branch": "(F-10 MARKAZ BRANCH)",
            "swift_code": "ALFHPKKA131"
        },
        {
            "id": 56,
            "bank": "BANK ALFALAH LIMITED",
            "city": "KARACHI",
            "branch": "(CENTRALIZED CLEARING DEPARTMENT)",
            "swift_code": "ALFHPKKACCL"
        },
        {
            "id": 57,
            "bank": "BANK ALFALAH LIMITED",
            "city": "KARACHI",
            "branch": "(CENTRALIZED EXPORT DEPARTMENT)",
            "swift_code": "ALFHPKKACED"
        },
        {
            "id": 58,
            "bank": "BANK ALFALAH LIMITED",
            "city": "KARACHI",
            "branch": "(CENTRALIZED GUARANTEES DEPARTMENT)",
            "swift_code": "ALFHPKKACGD"
        },
        {
            "id": 59,
            "bank": "BANK ALFALAH LIMITED",
            "city": "KARACHI",
            "branch": "(CENTRALIZED IMPORTS DEPARTMENT)",
            "swift_code": "ALFHPKKACID"
        },
        {
            "id": 60,
            "bank": "BANK ALFALAH LIMITED",
            "city": "KARACHI",
            "branch": "(CENTRALIZED ISLAMIC TRADE)",
            "swift_code": "ALFHPKKACIT"
        },
        {
            "id": 61,
            "bank": "BANK ALFALAH LIMITED",
            "city": "KARACHI",
            "branch": "(CENTRALIZED REMITTANCE DEPARTMENT)",
            "swift_code": "ALFHPKKACRD"
        },
        {
            "id": 62,
            "bank": "BANK ALFALAH LIMITED",
            "city": "KARACHI",
            "branch": "(ISLAMIC BANKING, UNI TOWERS BRANCH)",
            "swift_code": "ALFHPKKA505"
        },
        {
            "id": 63,
            "bank": "BANK ALFALAH LIMITED",
            "city": "KARACHI",
            "branch": "(TREASURY OPERATIONS (CON))",
            "swift_code": "ALFHPKKATRY"
        },
        {
            "id": 64,
            "bank": "BANK ALFALAH LIMITED",
            "city": "KARACHI",
            "branch": null,
            "swift_code": "ALFHPKKA"
        },
        {
            "id": 65,
            "bank": "BANK ALFALAH LIMITED",
            "city": "LAHORE",
            "branch": "(GULBERG BRANCH, LAHORE)",
            "swift_code": "ALFHPKKAGBL"
        },
        {
            "id": 66,
            "bank": "BANK ALFALAH LIMITED",
            "city": "MULTAN",
            "branch": "(QUAID-E-AZAM ROAD BR MULTAN CANTT)",
            "swift_code": "ALFHPKKA285"
        },
        {
            "id": 67,
            "bank": "BANK ALFALAH LIMITED",
            "city": "SIALKOT",
            "branch": "(SIALKOT BRANCH)",
            "swift_code": "ALFHPKKASKT"
        },
        {
            "id": 68,
            "bank": "BANK OF CHINA LIMITED KARACHI BRANCH",
            "city": "KARACHI",
            "branch": null,
            "swift_code": "BKCHPKKA"
        },
        {
            "id": 69,
            "bank": "BANK OF KHYBER, THE",
            "city": "ABBOTTABAD",
            "branch": "(MANSEHRA ROAD BRANCH)",
            "swift_code": "KHYBPKKAMRA"
        },
        {
            "id": 70,
            "bank": "BANK OF KHYBER, THE",
            "city": "ATTOCK",
            "branch": "(ATTOCK BRANCH)",
            "swift_code": "KHYBPKKAATT"
        },
        {
            "id": 71,
            "bank": "BANK OF KHYBER, THE",
            "city": "FAISALABAD",
            "branch": "(KOTWALI ROAD BRANCH)",
            "swift_code": "KHYBPKKAKRF"
        },
        {
            "id": 72,
            "bank": "BANK OF KHYBER, THE",
            "city": "FAISALABAD",
            "branch": "(SOOSAN ROAD BRANCH)",
            "swift_code": "KHYBPKKASRF"
        },
        {
            "id": 73,
            "bank": "BANK OF KHYBER, THE",
            "city": "GUJRANWALA",
            "branch": "(GUJRANWALA BRANCH)",
            "swift_code": "KHYBPKKAGJR"
        },
        {
            "id": 74,
            "bank": "BANK OF KHYBER, THE",
            "city": "GUJRAT",
            "branch": "(GUJRAT BRANCH)",
            "swift_code": "KHYBPKKAGUJ"
        },
        {
            "id": 75,
            "bank": "BANK OF KHYBER, THE",
            "city": "ISLAMABAD",
            "branch": "(ISLAMABAD BRANCH)",
            "swift_code": "KHYBPKKAISB"
        },
        {
            "id": 76,
            "bank": "BANK OF KHYBER, THE",
            "city": "JHELUM",
            "branch": "(JHELUM BRANCH)",
            "swift_code": "KHYBPKKAJHE"
        },
        {
            "id": 77,
            "bank": "BANK OF KHYBER, THE",
            "city": "KARACHI",
            "branch": "(CLIFTON BRANCH)",
            "swift_code": "KHYBPKKACLK"
        },
        {
            "id": 78,
            "bank": "BANK OF KHYBER, THE",
            "city": "KARACHI",
            "branch": "(ISLAMIC BANKING DIVISION)",
            "swift_code": "KHYBPKKA024"
        },
        {
            "id": 79,
            "bank": "BANK OF KHYBER, THE",
            "city": "KARACHI",
            "branch": "(S.I.T.E BRANCH)",
            "swift_code": "KHYBPKKASIK"
        },
        {
            "id": 80,
            "bank": "BANK OF KHYBER, THE",
            "city": "KARACHI",
            "branch": "(SHAHRAH-E-FAISAL BRANCH)",
            "swift_code": "KHYBPKKASFK"
        },
        {
            "id": 81,
            "bank": "BANK OF KHYBER, THE",
            "city": "KARACHI",
            "branch": "(TREASURY OPERATIONS)",
            "swift_code": "KHYBPKKATRY"
        },
        {
            "id": 82,
            "bank": "BANK OF KHYBER, THE",
            "city": "LAHORE",
            "branch": "(DAVIS ROAD BRANCH)",
            "swift_code": "KHYBPKKADRL"
        },
        {
            "id": 83,
            "bank": "BANK OF KHYBER, THE",
            "city": "LAHORE",
            "branch": "(FAISAL TOWN BRANCH)",
            "swift_code": "KHYBPKKAFTL"
        },
        {
            "id": 84,
            "bank": "BANK OF KHYBER, THE",
            "city": "LAHORE",
            "branch": "(JOHAR TOWN BRANCH)",
            "swift_code": "KHYBPKKAJTL"
        },
        {
            "id": 85,
            "bank": "BANK OF KHYBER, THE",
            "city": "LAHORE",
            "branch": "(M.M. ALAM ROAD BRANCH)",
            "swift_code": "KHYBPKKAMML"
        },
        {
            "id": 86,
            "bank": "BANK OF KHYBER, THE",
            "city": "LAHORE",
            "branch": "(SHAH ALAM MARKET BRANCH)",
            "swift_code": "KHYBPKKASAL"
        },
        {
            "id": 87,
            "bank": "BANK OF KHYBER, THE",
            "city": "MIRPUR",
            "branch": "(MIRPUR BRANCH)",
            "swift_code": "KHYBPKKAMIR"
        },
        {
            "id": 88,
            "bank": "BANK OF KHYBER, THE",
            "city": "MULTAN",
            "branch": "(MULTAN BRANCH)",
            "swift_code": "KHYBPKKAMUL"
        },
        {
            "id": 89,
            "bank": "BANK OF KHYBER, THE",
            "city": "PESHAWAR",
            "branch": "(ASHRAF ROAD BRANCH)",
            "swift_code": "KHYBPKKAARP"
        },
        {
            "id": 90,
            "bank": "BANK OF KHYBER, THE",
            "city": "PESHAWAR",
            "branch": "(CITY BRANCH)",
            "swift_code": "KHYBPKKACTP"
        },
        {
            "id": 91,
            "bank": "BANK OF KHYBER, THE",
            "city": "PESHAWAR",
            "branch": "(G.T. ROAD BRANCH)",
            "swift_code": "KHYBPKKAGTP"
        },
        {
            "id": 92,
            "bank": "BANK OF KHYBER, THE",
            "city": "PESHAWAR",
            "branch": "(HATTAR BRANCH)",
            "swift_code": "KHYBPKKAHAP"
        },
        {
            "id": 93,
            "bank": "BANK OF KHYBER, THE",
            "city": "PESHAWAR",
            "branch": "(HAYATABAD BRANCH)",
            "swift_code": "KHYBPKKAHYP"
        },
        {
            "id": 94,
            "bank": "BANK OF KHYBER, THE",
            "city": "PESHAWAR",
            "branch": "(KHYBER BAZAR BRANCH)",
            "swift_code": "KHYBPKKAKBP"
        },
        {
            "id": 95,
            "bank": "BANK OF KHYBER, THE",
            "city": "PESHAWAR",
            "branch": "(MAIN BRANCH)",
            "swift_code": "KHYBPKKAPSH"
        },
        {
            "id": 96,
            "bank": "BANK OF KHYBER, THE",
            "city": "PESHAWAR",
            "branch": "(SADDAR ROAD BRANCH)",
            "swift_code": "KHYBPKKASRP"
        },
        {
            "id": 97,
            "bank": "BANK OF KHYBER, THE",
            "city": "PESHAWAR",
            "branch": "(UNIVERSITY ROAD BRANCH)",
            "swift_code": "KHYBPKKAURP"
        },
        {
            "id": 98,
            "bank": "BANK OF KHYBER, THE",
            "city": "PESHAWAR",
            "branch": "(WARSAK ROAD BRANCH)",
            "swift_code": "KHYBPKKAWRP"
        },
        {
            "id": 99,
            "bank": "BANK OF KHYBER, THE",
            "city": "PESHAWAR",
            "branch": null,
            "swift_code": "KHYBPKKA"
        },
        {
            "id": 100,
            "bank": "BANK OF KHYBER, THE",
            "city": "QUETTA",
            "branch": "(QANDHARI BAZAR BRANCH)",
            "swift_code": "KHYBPKKAQBQ"
        },
        {
            "id": 101,
            "bank": "BANK OF KHYBER, THE",
            "city": "QUETTA",
            "branch": "(QUETTA BRANCH)",
            "swift_code": "KHYBPKKAQTA"
        },
        {
            "id": 102,
            "bank": "BANK OF KHYBER, THE",
            "city": "RAWALPINDI",
            "branch": "(BANK ROAD BRANCH)",
            "swift_code": "KHYBPKKABRR"
        },
        {
            "id": 103,
            "bank": "BANK OF KHYBER, THE",
            "city": "RAWALPINDI",
            "branch": "(JINNAH ROAD BRANCH)",
            "swift_code": "KHYBPKKAJRR"
        },
        {
            "id": 104,
            "bank": "BANK OF KHYBER, THE",
            "city": "SAHIWAL",
            "branch": "(SAHIWAL BRANCH)",
            "swift_code": "KHYBPKKASAH"
        },
        {
            "id": 105,
            "bank": "BANK OF KHYBER, THE",
            "city": "SARGODHA",
            "branch": "(SARGODHA BRANCH)",
            "swift_code": "KHYBPKKASGD"
        },
        {
            "id": 106,
            "bank": "BANK OF KHYBER, THE",
            "city": "SIALKOT",
            "branch": "(SIALKOT BRANCH)",
            "swift_code": "KHYBPKKASKT"
        },
        {
            "id": 107,
            "bank": "BANK OF PUNJAB, THE",
            "city": "FAISALABAD",
            "branch": "(SMALL D GROUND BRANCH)",
            "swift_code": "BPUNPKKA010"
        },
        {
            "id": 108,
            "bank": "BANK OF PUNJAB, THE",
            "city": "GUJRANWALA",
            "branch": "(TRUST PLAZA BRANCH)",
            "swift_code": "BPUNPKKA011"
        },
        {
            "id": 109,
            "bank": "BANK OF PUNJAB, THE",
            "city": "KARACHI",
            "branch": "(CENTRALIZED REMITTANCE UNIT - CRU)",
            "swift_code": "BPUNPKKACRU"
        },
        {
            "id": 110,
            "bank": "BANK OF PUNJAB, THE",
            "city": "KARACHI",
            "branch": "(TPC KARACHI)",
            "swift_code": "BPUNPKKA239"
        },
        {
            "id": 111,
            "bank": "BANK OF PUNJAB, THE",
            "city": "KARACHI",
            "branch": null,
            "swift_code": "BPUNPKKA"
        },
        {
            "id": 112,
            "bank": "BANK OF PUNJAB, THE",
            "city": "LAHORE",
            "branch": "(BANK SQUARE BRANCH)",
            "swift_code": "BPUNPKKA024"
        },
        {
            "id": 113,
            "bank": "BANK OF PUNJAB, THE",
            "city": "LAHORE",
            "branch": "(M.M TOWER BRANCH, LAHORE)",
            "swift_code": "BPUNPKKA052"
        },
        {
            "id": 114,
            "bank": "BANK OF PUNJAB, THE",
            "city": "LAHORE",
            "branch": "(MAIN BRANCH)",
            "swift_code": "BPUNPKKA002"
        },
        {
            "id": 115,
            "bank": "BANK OF PUNJAB, THE",
            "city": "MULTAN",
            "branch": "(NUSRAT ROAD BRANCH)",
            "swift_code": "BPUNPKKA004"
        },
        {
            "id": 116,
            "bank": "BANK OF PUNJAB, THE",
            "city": "PESHAWAR",
            "branch": "(SADDAR ROAD BRANCH)",
            "swift_code": "BPUNPKKA241"
        },
        {
            "id": 117,
            "bank": "BANK OF PUNJAB, THE",
            "city": "RAWALPINDI",
            "branch": "(GUL-E-AKRA PLAZA BRANCH)",
            "swift_code": "BPUNPKKA014"
        },
        {
            "id": 118,
            "bank": "BANK OF TOKYO-MITSUBISHI UFJ, LTD., THE",
            "city": "KARACHI",
            "branch": "(KARACHI BRANCH)",
            "swift_code": "BOTKPKKA"
        },
        {
            "id": 119,
            "bank": "BANKISLAMI PAKISTAN LIMITED",
            "city": "KARACHI",
            "branch": null,
            "swift_code": "BKIPPKKA"
        },
        {
            "id": 120,
            "bank": "BHAYANI SECURITIES (PVT) LTD.",
            "city": "KARACHI",
            "branch": null,
            "swift_code": "KABBPKK1"
        },
        {
            "id": 121,
            "bank": "BMA CAPITAL MANAGEMENT LIMITED",
            "city": "KARACHI",
            "branch": null,
            "swift_code": "BMCMPKK1"
        },
        {
            "id": 122,
            "bank": "CENTRAL DEPOSITORY COMPANY OF PAKISTAN LIMITED",
            "city": "KARACHI",
            "branch": null,
            "swift_code": "CDCPPKK1"
        },
        {
            "id": 123,
            "bank": "CITIBANK N.A.",
            "city": "FAISALABAD",
            "branch": null,
            "swift_code": "CITIPKKXFAI"
        },
        {
            "id": 124,
            "bank": "CITIBANK N.A.",
            "city": "KARACHI",
            "branch": "(TRADE SERVICES DEPARTMENT - ALL BRANCHES)",
            "swift_code": "CITIPKKXTRD"
        },
        {
            "id": 125,
            "bank": "CITIBANK N.A.",
            "city": "KARACHI",
            "branch": null,
            "swift_code": "CITIPKKX"
        },
        {
            "id": 126,
            "bank": "CITIBANK N.A.",
            "city": "LAHORE",
            "branch": null,
            "swift_code": "CITIPKKXLAH"
        },
        {
            "id": 127,
            "bank": "CITIBANK N.A.",
            "city": "RAWALPINDI",
            "branch": null,
            "swift_code": "CITIPKKXRAW"
        },
        {
            "id": 128,
            "bank": "DEUTSCHE BANK AG, ISLAMABAD BRANCH",
            "city": "ISLAMABAD",
            "branch": null,
            "swift_code": "DEUTPKK1ISL"
        },
        {
            "id": 129,
            "bank": "DEUTSCHE BANK AG, KARACHI BRANCH",
            "city": "ISLAMABAD",
            "branch": "(ISLAMABAD)",
            "swift_code": "DEUTPKKAISB"
        },
        {
            "id": 130,
            "bank": "DEUTSCHE BANK AG, KARACHI BRANCH",
            "city": "KARACHI",
            "branch": null,
            "swift_code": "DEUTPKKA"
        },
        {
            "id": 131,
            "bank": "DEUTSCHE BANK AG, KARACHI BRANCH",
            "city": "LAHORE",
            "branch": "(LAHORE BRANCH)",
            "swift_code": "DEUTPKKALHR"
        },
        {
            "id": 132,
            "bank": "DEUTSCHE BANK AG, LAHORE BRANCH",
            "city": "LAHORE",
            "branch": null,
            "swift_code": "DEUTPKK102L"
        },
        {
            "id": 133,
            "bank": "DUBAI ISLAMIC BANK PAKISTAN LIMITED",
            "city": "KARACHI",
            "branch": null,
            "swift_code": "DUIBPKKA"
        },
        {
            "id": 134,
            "bank": "EFG HERMES PAKISTAN LIMITED",
            "city": "KARACHI",
            "branch": null,
            "swift_code": "EFHPPKK1"
        },
        {
            "id": 135,
            "bank": "ELIXIR SECURITIES PAKISTAN (PVT) LTD",
            "city": "KARACHI",
            "branch": null,
            "swift_code": "WICAPKK1"
        },
        {
            "id": 136,
            "bank": "FAISAL ISLAMIC BANK OF BAHRAIN",
            "city": "KARACHI",
            "branch": null,
            "swift_code": "FAIBPKK1"
        },
        {
            "id": 137,
            "bank": "FAYSAL BANK LIMITED",
            "city": "FAISALABAD",
            "branch": "(FAISALABAD BRANCH)",
            "swift_code": "FAYSPKKA111"
        },
        {
            "id": 138,
            "bank": "FAYSAL BANK LIMITED",
            "city": "ISLAMABAD",
            "branch": "(F-10 MARKAZ BRANCH)",
            "swift_code": "FAYSPKKA126"
        },
        {
            "id": 139,
            "bank": "FAYSAL BANK LIMITED",
            "city": "ISLAMABAD",
            "branch": "(ISLAMABAD BLUE AREA BRANCH)",
            "swift_code": "FAYSPKKA113"
        },
        {
            "id": 140,
            "bank": "FAYSAL BANK LIMITED",
            "city": "KARACHI",
            "branch": "(CLIFTON BRANCH)",
            "swift_code": "FAYSPKKA118"
        },
        {
            "id": 141,
            "bank": "FAYSAL BANK LIMITED",
            "city": "KARACHI",
            "branch": "(DHA-KARACHI BRANCH)",
            "swift_code": "FAYSPKKA124"
        },
        {
            "id": 142,
            "bank": "FAYSAL BANK LIMITED",
            "city": "KARACHI",
            "branch": "(GULSHAN-E-IQBAL BRANCH)",
            "swift_code": "FAYSPKKA119"
        },
        {
            "id": 143,
            "bank": "FAYSAL BANK LIMITED",
            "city": "KARACHI",
            "branch": "(JODIA BAZAR BRANCH)",
            "swift_code": "FAYSPKKA123"
        },
        {
            "id": 144,
            "bank": "FAYSAL BANK LIMITED",
            "city": "KARACHI",
            "branch": "(SHAHEED-E-MILLAT BRANCH, KARACHI)",
            "swift_code": "FAYSPKKA127"
        },
        {
            "id": 145,
            "bank": "FAYSAL BANK LIMITED",
            "city": "KARACHI",
            "branch": null,
            "swift_code": "FAYSPKKA"
        },
        {
            "id": 146,
            "bank": "FAYSAL BANK LIMITED",
            "city": "LAHORE",
            "branch": "(DHA-LAHORE BRANCH)",
            "swift_code": "FAYSPKKA125"
        },
        {
            "id": 147,
            "bank": "FAYSAL BANK LIMITED",
            "city": "LAHORE",
            "branch": "(GULBERG BRANCH)",
            "swift_code": "FAYSPKKA117"
        },
        {
            "id": 148,
            "bank": "FAYSAL BANK LIMITED",
            "city": "LAHORE",
            "branch": "(LAHORE MALL BRANCH)",
            "swift_code": "FAYSPKKA112"
        },
        {
            "id": 149,
            "bank": "FAYSAL BANK LIMITED",
            "city": "MIRPUR",
            "branch": "(MIRPUR -AJ AND K- BRANCH)",
            "swift_code": "FAYSPKKA116"
        },
        {
            "id": 150,
            "bank": "FAYSAL BANK LIMITED",
            "city": "MULTAN",
            "branch": "(MULTAN BRANCH)",
            "swift_code": "FAYSPKKA121"
        },
        {
            "id": 151,
            "bank": "FAYSAL BANK LIMITED",
            "city": "PESHAWAR",
            "branch": "(PESHAWAR BRANCH)",
            "swift_code": "FAYSPKKA114"
        },
        {
            "id": 152,
            "bank": "FAYSAL BANK LIMITED",
            "city": "QUETTA",
            "branch": "(QUETTA BRANCH)",
            "swift_code": "FAYSPKKA115"
        },
        {
            "id": 153,
            "bank": "FAYSAL BANK LIMITED",
            "city": "RAWALPINDI",
            "branch": "(RAWALPINDI BRANCH)",
            "swift_code": "FAYSPKKA120"
        },
        {
            "id": 154,
            "bank": "FAYSAL BANK LIMITED",
            "city": "SIALKOT",
            "branch": "(SIALKOT BRANCH)",
            "swift_code": "FAYSPKKA122"
        },
        {
            "id": 155,
            "bank": "FIRST CAPITAL EQUITIES LIMITED",
            "city": "KARACHI",
            "branch": null,
            "swift_code": "FCEQPKK1"
        },
        {
            "id": 156,
            "bank": "FIRST WOMEN BANK LIMITED",
            "city": "KARACHI",
            "branch": null,
            "swift_code": "FWOMPKKA"
        },
        {
            "id": 157,
            "bank": "HABIB BANK LIMITED",
            "city": "FAISALABAD",
            "branch": "(ALLAMA IQBAL ROAD BRANCH)",
            "swift_code": "HABBPKKA852"
        },
        {
            "id": 158,
            "bank": "HABIB BANK LIMITED",
            "city": "FAISALABAD",
            "branch": "(CIRCULAR ROAD BRANCH)",
            "swift_code": "HABBPKKA143"
        },
        {
            "id": 159,
            "bank": "HABIB BANK LIMITED",
            "city": "FAISALABAD",
            "branch": "(CORPORATE CENTRE)",
            "swift_code": "HABBPKKA152"
        },
        {
            "id": 160,
            "bank": "HABIB BANK LIMITED",
            "city": "FAISALABAD",
            "branch": "(D.GROUND P.COLONY BRANCH)",
            "swift_code": "HABBPKKA683"
        },
        {
            "id": 161,
            "bank": "HABIB BANK LIMITED",
            "city": "FAISALABAD",
            "branch": "(MADINA TOWN BRANCH)",
            "swift_code": "HABBPKKA748"
        },
        {
            "id": 162,
            "bank": "HABIB BANK LIMITED",
            "city": "GUJRANWALA",
            "branch": "(BANK SQUARE BRANCH)",
            "swift_code": "HABBPKKA109"
        },
        {
            "id": 163,
            "bank": "HABIB BANK LIMITED",
            "city": "GUJRANWALA",
            "branch": "(G.T. ROAD BRANCH)",
            "swift_code": "HABBPKKA682"
        },
        {
            "id": 164,
            "bank": "HABIB BANK LIMITED",
            "city": "GUJRAT",
            "branch": "(CIRCULAR ROAD BRANCH)",
            "swift_code": "HABBPKKA111"
        },
        {
            "id": 165,
            "bank": "HABIB BANK LIMITED",
            "city": "HYDERABAD",
            "branch": "(CORPORATE CENTRE)",
            "swift_code": "HABBPKKA260"
        },
        {
            "id": 166,
            "bank": "HABIB BANK LIMITED",
            "city": "HYDERABAD",
            "branch": "(STATION ROAD BRANCH)",
            "swift_code": "HABBPKKA068"
        },
        {
            "id": 167,
            "bank": "HABIB BANK LIMITED",
            "city": "ISLAMABAD",
            "branch": "(CDA CIVIC CENTRE BRANCH)",
            "swift_code": "HABBPKKA602"
        },
        {
            "id": 168,
            "bank": "HABIB BANK LIMITED",
            "city": "ISLAMABAD",
            "branch": "(ISLAMABAD CORPORATE CENTRE)",
            "swift_code": "HABBPKKA874"
        },
        {
            "id": 169,
            "bank": "HABIB BANK LIMITED",
            "city": "JHANG",
            "branch": "(SHAHEED ROAD BRANCH)",
            "swift_code": "HABBPKKA114"
        },
        {
            "id": 170,
            "bank": "HABIB BANK LIMITED",
            "city": "KARACHI",
            "branch": "(BAHADURABAD BRANCH)",
            "swift_code": "HABBPKKA526"
        },
        {
            "id": 171,
            "bank": "HABIB BANK LIMITED",
            "city": "KARACHI",
            "branch": "(CENTRAL BRANCH)",
            "swift_code": "HABBPKKA786"
        },
        {
            "id": 172,
            "bank": "HABIB BANK LIMITED",
            "city": "KARACHI",
            "branch": "(CENTRAL PROCESSING UNIT - GLOBAL OPERATIONS)",
            "swift_code": "HABBPKKATIC"
        },
        {
            "id": 173,
            "bank": "HABIB BANK LIMITED",
            "city": "KARACHI",
            "branch": "(CLOTH MARKET BRANCH)",
            "swift_code": "HABBPKKA004"
        },
        {
            "id": 174,
            "bank": "HABIB BANK LIMITED",
            "city": "KARACHI",
            "branch": "(CORPORATE SUB-CENTRE-PIA BRANCH)",
            "swift_code": "HABBPKKA048"
        },
        {
            "id": 175,
            "bank": "HABIB BANK LIMITED",
            "city": "KARACHI",
            "branch": "(F.T.C. CORPORATE CENTRE)",
            "swift_code": "HABBPKKA216"
        },
        {
            "id": 176,
            "bank": "HABIB BANK LIMITED",
            "city": "KARACHI",
            "branch": "(FOREIGN EXCHANGE BRANCH - HABIB SQUARE)",
            "swift_code": "HABBPKKA007"
        },
        {
            "id": 177,
            "bank": "HABIB BANK LIMITED",
            "city": "KARACHI",
            "branch": "(HEAD OFFICE - TREASURY)",
            "swift_code": "HABBPKKATRY"
        },
        {
            "id": 178,
            "bank": "HABIB BANK LIMITED",
            "city": "KARACHI",
            "branch": "(INDUSTRIAL ESTATE CORPORATE CENTRE)",
            "swift_code": "HABBPKKA947"
        },
        {
            "id": 179,
            "bank": "HABIB BANK LIMITED",
            "city": "KARACHI",
            "branch": "(NAPIER ROAD BRANCH)",
            "swift_code": "HABBPKKA023"
        },
        {
            "id": 180,
            "bank": "HABIB BANK LIMITED",
            "city": "KARACHI",
            "branch": "(NURSERY BRANCH)",
            "swift_code": "HABBPKKA027"
        },
        {
            "id": 181,
            "bank": "HABIB BANK LIMITED",
            "city": "KARACHI",
            "branch": "(OBU-K.E.P.Z. BRANCH)",
            "swift_code": "HABBPKKAEPZ"
        },
        {
            "id": 182,
            "bank": "HABIB BANK LIMITED",
            "city": "KARACHI",
            "branch": "(PAK A\/C - RECONCILIATION DIVISION - H.O.K)",
            "swift_code": "HABBPKKAREC"
        },
        {
            "id": 183,
            "bank": "HABIB BANK LIMITED",
            "city": "KARACHI",
            "branch": "(RTGS SERVICES)",
            "swift_code": "HABBPKKARTG"
        },
        {
            "id": 184,
            "bank": "HABIB BANK LIMITED",
            "city": "KARACHI",
            "branch": "(S.D.V. BRANCH)",
            "swift_code": "HABBPKKA034"
        },
        {
            "id": 185,
            "bank": "HABIB BANK LIMITED",
            "city": "KARACHI",
            "branch": "(SADDAR BRANCH)",
            "swift_code": "HABBPKKA033"
        },
        {
            "id": 186,
            "bank": "HABIB BANK LIMITED",
            "city": "KARACHI",
            "branch": "(TARIQ ROAD BRANCH)",
            "swift_code": "HABBPKKA038"
        },
        {
            "id": 187,
            "bank": "HABIB BANK LIMITED",
            "city": "KARACHI",
            "branch": null,
            "swift_code": "HABBPKKA"
        },
        {
            "id": 188,
            "bank": "HABIB BANK LIMITED",
            "city": "LAHORE",
            "branch": "(BADAMI BAGH BRANCH)",
            "swift_code": "HABBPKKA122"
        },
        {
            "id": 189,
            "bank": "HABIB BANK LIMITED",
            "city": "LAHORE",
            "branch": "(BRANDRETH ROAD BRANCH)",
            "swift_code": "HABBPKKA124"
        },
        {
            "id": 190,
            "bank": "HABIB BANK LIMITED",
            "city": "LAHORE",
            "branch": "(CANTONMENT BRANCH)",
            "swift_code": "HABBPKKA125"
        },
        {
            "id": 191,
            "bank": "HABIB BANK LIMITED",
            "city": "LAHORE",
            "branch": "(CENTRE BRANCH)",
            "swift_code": "HABBPKKA242"
        },
        {
            "id": 192,
            "bank": "HABIB BANK LIMITED",
            "city": "LAHORE",
            "branch": "(L.D.A. PLAZA BRANCH)",
            "swift_code": "HABBPKKA315"
        },
        {
            "id": 193,
            "bank": "HABIB BANK LIMITED",
            "city": "LAHORE",
            "branch": "(MAIN MARKET GULBERG CENTRE BRANCH)",
            "swift_code": "HABBPKKA172"
        },
        {
            "id": 194,
            "bank": "HABIB BANK LIMITED",
            "city": "LAHORE",
            "branch": "(OPP. HIGH COURT BRANCH)",
            "swift_code": "HABBPKKA617"
        },
        {
            "id": 195,
            "bank": "HABIB BANK LIMITED",
            "city": "LAHORE",
            "branch": "(PANORAMA CENTRE BRANCH)",
            "swift_code": "HABBPKKA741"
        },
        {
            "id": 196,
            "bank": "HABIB BANK LIMITED",
            "city": "LAHORE",
            "branch": "(PECO ROAD BRANCH)",
            "swift_code": "HABBPKKA589"
        },
        {
            "id": 197,
            "bank": "HABIB BANK LIMITED",
            "city": "LAHORE",
            "branch": "(SHAH ALAM MARKET BRANCH)",
            "swift_code": "HABBPKKA134"
        },
        {
            "id": 198,
            "bank": "HABIB BANK LIMITED",
            "city": "LAHORE",
            "branch": "(THE MALL BRANCH)",
            "swift_code": "HABBPKKA135"
        },
        {
            "id": 199,
            "bank": "HABIB BANK LIMITED",
            "city": "LAHORE",
            "branch": "(WAPDA HOUSE BRANCH)",
            "swift_code": "HABBPKKA552"
        },
        {
            "id": 200,
            "bank": "HABIB BANK LIMITED",
            "city": "MIRPUR",
            "branch": "(MAIN BRANCH)",
            "swift_code": "HABBPKKA190"
        },
        {
            "id": 201,
            "bank": "HABIB BANK LIMITED",
            "city": "MULTAN",
            "branch": "(CANTONMENT BRANCH)",
            "swift_code": "HABBPKKA211"
        },
        {
            "id": 202,
            "bank": "HABIB BANK LIMITED",
            "city": "MULTAN",
            "branch": "(CORPORATE CENTRE)",
            "swift_code": "HABBPKKA270"
        },
        {
            "id": 203,
            "bank": "HABIB BANK LIMITED",
            "city": "MULTAN",
            "branch": "(HUSSAIN AGAHI BR. MULTAN BRANCH)",
            "swift_code": "HABBPKKA150"
        },
        {
            "id": 204,
            "bank": "HABIB BANK LIMITED",
            "city": "PESHAWAR",
            "branch": "(CANTONMENT BRANCH)",
            "swift_code": "HABBPKKA224"
        },
        {
            "id": 205,
            "bank": "HABIB BANK LIMITED",
            "city": "PESHAWAR",
            "branch": "(CITY BRANCH)",
            "swift_code": "HABBPKKA223"
        },
        {
            "id": 206,
            "bank": "HABIB BANK LIMITED",
            "city": "PESHAWAR",
            "branch": "(CORPORATE CENTRE)",
            "swift_code": "HABBPKKA959"
        },
        {
            "id": 207,
            "bank": "HABIB BANK LIMITED",
            "city": "QUETTA",
            "branch": "(COMPLEX BRANCH)",
            "swift_code": "HABBPKKA649"
        },
        {
            "id": 208,
            "bank": "HABIB BANK LIMITED",
            "city": "QUETTA",
            "branch": "(JINNAH ROAD BRANCH)",
            "swift_code": "HABBPKKA229"
        },
        {
            "id": 209,
            "bank": "HABIB BANK LIMITED",
            "city": "RAWALPINDI",
            "branch": "(CANTT. BRANCH)",
            "swift_code": "HABBPKKA155"
        },
        {
            "id": 210,
            "bank": "HABIB BANK LIMITED",
            "city": "RAWALPINDI",
            "branch": "(CITY BRANCH)",
            "swift_code": "HABBPKKA156"
        },
        {
            "id": 211,
            "bank": "HABIB BANK LIMITED",
            "city": "RAWALPINDI",
            "branch": "(S.D.V. BRANCH)",
            "swift_code": "HABBPKKA814"
        },
        {
            "id": 212,
            "bank": "HABIB BANK LIMITED",
            "city": "SAHIWAL",
            "branch": "(JINNAH CHOWK BRANCH)",
            "swift_code": "HABBPKKA147"
        },
        {
            "id": 213,
            "bank": "HABIB BANK LIMITED",
            "city": "SARGODHA",
            "branch": "(KUTCHERY BAZAR BRANCH)",
            "swift_code": "HABBPKKA162"
        },
        {
            "id": 214,
            "bank": "HABIB BANK LIMITED",
            "city": "SIALKOT",
            "branch": "(CITY BRANCH)",
            "swift_code": "HABBPKKA166"
        },
        {
            "id": 215,
            "bank": "HABIB BANK LIMITED",
            "city": "SIALKOT",
            "branch": "(CORPORATE CENTRE)",
            "swift_code": "HABBPKKA574"
        },
        {
            "id": 216,
            "bank": "HABIB BANK LIMITED",
            "city": "SIALKOT",
            "branch": "(M.F.ELAHI BLDG BRANCH)",
            "swift_code": "HABBPKKA541"
        },
        {
            "id": 217,
            "bank": "HABIB BANK LIMITED",
            "city": "SIALKOT",
            "branch": "(SMALL INDUSTRIAL ESTATE BRANCH)",
            "swift_code": "HABBPKKA285"
        },
        {
            "id": 218,
            "bank": "HABIB BANK LIMITED",
            "city": "SUKKUR",
            "branch": "(FRERE ROAD BRANCH)",
            "swift_code": "HABBPKKA082"
        },
        {
            "id": 219,
            "bank": "HABIB BANK LIMITED",
            "city": "WAH CANTT",
            "branch": "(WAH CANTT BRANCH)",
            "swift_code": "HABBPKKA170"
        },
        {
            "id": 220,
            "bank": "HABIB BANK LIMITED",
            "city": "WAZIRABAD",
            "branch": "(MAIN BAZAR BRANCH)",
            "swift_code": "HABBPKKA464"
        },
        {
            "id": 221,
            "bank": "HABIB METROPOLITAN BANK LIMITED",
            "city": "FAISALABAD",
            "branch": "(FAISALABAD BRANCH)",
            "swift_code": "MPBLPKKA009"
        },
        {
            "id": 222,
            "bank": "HABIB METROPOLITAN BANK LIMITED",
            "city": "FAISALABAD",
            "branch": "(SARGODHA ROAD BRANCH)",
            "swift_code": "MPBLPKKA054"
        },
        {
            "id": 223,
            "bank": "HABIB METROPOLITAN BANK LIMITED",
            "city": "GUJRANWALA",
            "branch": "(GUJRANWALA BRANCH)",
            "swift_code": "MPBLPKKA019"
        },
        {
            "id": 224,
            "bank": "HABIB METROPOLITAN BANK LIMITED",
            "city": "HYDERABAD",
            "branch": "(HYDERABAD BRANCH)",
            "swift_code": "MPBLPKKA007"
        },
        {
            "id": 225,
            "bank": "HABIB METROPOLITAN BANK LIMITED",
            "city": "ISLAMABAD",
            "branch": "(F-10 MARKAZ BRANCH)",
            "swift_code": "MPBLPKKA047"
        },
        {
            "id": 226,
            "bank": "HABIB METROPOLITAN BANK LIMITED",
            "city": "ISLAMABAD",
            "branch": "(ISLAMABAD BRANCH)",
            "swift_code": "MPBLPKKA010"
        },
        {
            "id": 227,
            "bank": "HABIB METROPOLITAN BANK LIMITED",
            "city": "KARACHI",
            "branch": "(ALAMGIR ROAD BRANCH)",
            "swift_code": "MPBLPKKA029"
        },
        {
            "id": 228,
            "bank": "HABIB METROPOLITAN BANK LIMITED",
            "city": "KARACHI",
            "branch": "(ALLAMA IQBAL ROAD BRANCH)",
            "swift_code": "MPBLPKKA081"
        },
        {
            "id": 229,
            "bank": "HABIB METROPOLITAN BANK LIMITED",
            "city": "KARACHI",
            "branch": "(BOAT BASIN CLIFTON BRANCH)",
            "swift_code": "MPBLPKKA051"
        },
        {
            "id": 230,
            "bank": "HABIB METROPOLITAN BANK LIMITED",
            "city": "KARACHI",
            "branch": "(BUSINESS AVENUE BRANCH)",
            "swift_code": "MPBLPKKA065"
        },
        {
            "id": 231,
            "bank": "HABIB METROPOLITAN BANK LIMITED",
            "city": "KARACHI",
            "branch": "(CENTRAL EXPORT UNIT)",
            "swift_code": "MPBLPKKACEU"
        },
        {
            "id": 232,
            "bank": "HABIB METROPOLITAN BANK LIMITED",
            "city": "KARACHI",
            "branch": "(CENTRAL IMPORT UNIT)",
            "swift_code": "MPBLPKKACIU"
        },
        {
            "id": 233,
            "bank": "HABIB METROPOLITAN BANK LIMITED",
            "city": "KARACHI",
            "branch": "(CERAMIC MARKET BRANCH)",
            "swift_code": "MPBLPKKA040"
        },
        {
            "id": 234,
            "bank": "HABIB METROPOLITAN BANK LIMITED",
            "city": "KARACHI",
            "branch": "(CITY COURT BRANCH)",
            "swift_code": "MPBLPKKA058"
        },
        {
            "id": 235,
            "bank": "HABIB METROPOLITAN BANK LIMITED",
            "city": "KARACHI",
            "branch": "(CLOTH MARKET BRANCH)",
            "swift_code": "MPBLPKKA011"
        },
        {
            "id": 236,
            "bank": "HABIB METROPOLITAN BANK LIMITED",
            "city": "KARACHI",
            "branch": "(D.H.A. BRANCH)",
            "swift_code": "MPBLPKKA024"
        },
        {
            "id": 237,
            "bank": "HABIB METROPOLITAN BANK LIMITED",
            "city": "KARACHI",
            "branch": "(DHA PHASE II BRANCH)",
            "swift_code": "MPBLPKKA077"
        },
        {
            "id": 238,
            "bank": "HABIB METROPOLITAN BANK LIMITED",
            "city": "KARACHI",
            "branch": "(DHORAJI BRANCH)",
            "swift_code": "MPBLPKKA033"
        },
        {
            "id": 239,
            "bank": "HABIB METROPOLITAN BANK LIMITED",
            "city": "KARACHI",
            "branch": "(GULISTAN-E-JOHAR BRANCH)",
            "swift_code": "MPBLPKKA078"
        },
        {
            "id": 240,
            "bank": "HABIB METROPOLITAN BANK LIMITED",
            "city": "KARACHI",
            "branch": "(GULSHAN CHOWRANGI BRANCH)",
            "swift_code": "MPBLPKKA037"
        },
        {
            "id": 241,
            "bank": "HABIB METROPOLITAN BANK LIMITED",
            "city": "KARACHI",
            "branch": "(GULSHAN-E-IQBAL BRANCH)",
            "swift_code": "MPBLPKKA014"
        },
        {
            "id": 242,
            "bank": "HABIB METROPOLITAN BANK LIMITED",
            "city": "KARACHI",
            "branch": "(HBZ BAHADURABAD BRANCH)",
            "swift_code": "MPBLPKKA068"
        },
        {
            "id": 243,
            "bank": "HABIB METROPOLITAN BANK LIMITED",
            "city": "KARACHI",
            "branch": "(HBZ CLIFTON BRANCH)",
            "swift_code": "MPBLPKKA057"
        },
        {
            "id": 244,
            "bank": "HABIB METROPOLITAN BANK LIMITED",
            "city": "KARACHI",
            "branch": "(HBZ ISLAMIC BANKING BRANCH)",
            "swift_code": "MPBLPKKA064"
        },
        {
            "id": 245,
            "bank": "HABIB METROPOLITAN BANK LIMITED",
            "city": "KARACHI",
            "branch": "(HBZ PLAZA BRANCH)",
            "swift_code": "MPBLPKKA052"
        },
        {
            "id": 246,
            "bank": "HABIB METROPOLITAN BANK LIMITED",
            "city": "KARACHI",
            "branch": "(HYDERI BRANCH)",
            "swift_code": "MPBLPKKA031"
        },
        {
            "id": 247,
            "bank": "HABIB METROPOLITAN BANK LIMITED",
            "city": "KARACHI",
            "branch": "(ISLAMIC BANKING BRANCH)",
            "swift_code": "MPBLPKKA043"
        },
        {
            "id": 248,
            "bank": "HABIB METROPOLITAN BANK LIMITED",
            "city": "KARACHI",
            "branch": "(JODIA BAZAR BRANCH)",
            "swift_code": "MPBLPKKA015"
        },
        {
            "id": 249,
            "bank": "HABIB METROPOLITAN BANK LIMITED",
            "city": "KARACHI",
            "branch": "(KARACHI STOCK EXCHANGE BRANCH)",
            "swift_code": "MPBLPKKA018"
        },
        {
            "id": 250,
            "bank": "HABIB METROPOLITAN BANK LIMITED",
            "city": "KARACHI",
            "branch": "(KARIMABAD BRANCH)",
            "swift_code": "MPBLPKKA022"
        },
        {
            "id": 251,
            "bank": "HABIB METROPOLITAN BANK LIMITED",
            "city": "KARACHI",
            "branch": "(KHALID BIN WALID BRANCH)",
            "swift_code": "MPBLPKKA038"
        },
        {
            "id": 252,
            "bank": "HABIB METROPOLITAN BANK LIMITED",
            "city": "KARACHI",
            "branch": "(KHAYABAN-E-ITTEHAD BRANCH)",
            "swift_code": "MPBLPKKA030"
        },
        {
            "id": 253,
            "bank": "HABIB METROPOLITAN BANK LIMITED",
            "city": "KARACHI",
            "branch": "(KHAYABAN-E-SHAHBAZ BRANCH)",
            "swift_code": "MPBLPKKA070"
        },
        {
            "id": 254,
            "bank": "HABIB METROPOLITAN BANK LIMITED",
            "city": "KARACHI",
            "branch": "(KORANGI BRANCH)",
            "swift_code": "MPBLPKKA026"
        },
        {
            "id": 255,
            "bank": "HABIB METROPOLITAN BANK LIMITED",
            "city": "KARACHI",
            "branch": "(KORANGI INDUSTRIAL AREA BRANCH)",
            "swift_code": "MPBLPKKA062"
        },
        {
            "id": 256,
            "bank": "HABIB METROPOLITAN BANK LIMITED",
            "city": "KARACHI",
            "branch": "(LANDHI BRANCH)",
            "swift_code": "MPBLPKKA039"
        },
        {
            "id": 257,
            "bank": "HABIB METROPOLITAN BANK LIMITED",
            "city": "KARACHI",
            "branch": "(LINES AREA BRANCH)",
            "swift_code": "MPBLPKKA083"
        },
        {
            "id": 258,
            "bank": "HABIB METROPOLITAN BANK LIMITED",
            "city": "KARACHI",
            "branch": "(M.A.JINNAH ROAD BRANCH)",
            "swift_code": "MPBLPKKA020"
        },
        {
            "id": 259,
            "bank": "HABIB METROPOLITAN BANK LIMITED",
            "city": "KARACHI",
            "branch": "(MAIN BRANCH)",
            "swift_code": "MPBLPKKA001"
        },
        {
            "id": 260,
            "bank": "HABIB METROPOLITAN BANK LIMITED",
            "city": "KARACHI",
            "branch": "(MANGOPIR ROAD BRANCH)",
            "swift_code": "MPBLPKKA075"
        },
        {
            "id": 261,
            "bank": "HABIB METROPOLITAN BANK LIMITED",
            "city": "KARACHI",
            "branch": "(MARRIOT ROAD BRANCH)",
            "swift_code": "MPBLPKKA063"
        },
        {
            "id": 262,
            "bank": "HABIB METROPOLITAN BANK LIMITED",
            "city": "KARACHI",
            "branch": "(MEREWEATHER BRANCH)",
            "swift_code": "MPBLPKKA056"
        },
        {
            "id": 263,
            "bank": "HABIB METROPOLITAN BANK LIMITED",
            "city": "KARACHI",
            "branch": "(MISSION ROAD BRANCH)",
            "swift_code": "MPBLPKKA073"
        },
        {
            "id": 264,
            "bank": "HABIB METROPOLITAN BANK LIMITED",
            "city": "KARACHI",
            "branch": "(NORTH KARACHI INDUSTRIAL AREA BRANCH)",
            "swift_code": "MPBLPKKA035"
        },
        {
            "id": 265,
            "bank": "HABIB METROPOLITAN BANK LIMITED",
            "city": "KARACHI",
            "branch": "(NORTH NAPIER ROAD BRANCH)",
            "swift_code": "MPBLPKKA021"
        },
        {
            "id": 266,
            "bank": "HABIB METROPOLITAN BANK LIMITED",
            "city": "KARACHI",
            "branch": "(NORTH NAZIMABAD BRANCH)",
            "swift_code": "MPBLPKKA071"
        },
        {
            "id": 267,
            "bank": "HABIB METROPOLITAN BANK LIMITED",
            "city": "KARACHI",
            "branch": "(PAPER MARKET BRANCH)",
            "swift_code": "MPBLPKKA013"
        },
        {
            "id": 268,
            "bank": "HABIB METROPOLITAN BANK LIMITED",
            "city": "KARACHI",
            "branch": "(PAPOSH NAGAR BRANCH)",
            "swift_code": "MPBLPKKA041"
        },
        {
            "id": 269,
            "bank": "HABIB METROPOLITAN BANK LIMITED",
            "city": "KARACHI",
            "branch": "(PLAZA SQUARE BRANCH)",
            "swift_code": "MPBLPKKA059"
        },
        {
            "id": 270,
            "bank": "HABIB METROPOLITAN BANK LIMITED",
            "city": "KARACHI",
            "branch": "(PREEDY STREET BRANCH)",
            "swift_code": "MPBLPKKA066"
        },
        {
            "id": 271,
            "bank": "HABIB METROPOLITAN BANK LIMITED",
            "city": "KARACHI",
            "branch": "(RASHID MINHAS ROAD BRANCH)",
            "swift_code": "MPBLPKKA072"
        },
        {
            "id": 272,
            "bank": "HABIB METROPOLITAN BANK LIMITED",
            "city": "KARACHI",
            "branch": "(S.I.T.E. BRANCH)",
            "swift_code": "MPBLPKKA023"
        },
        {
            "id": 273,
            "bank": "HABIB METROPOLITAN BANK LIMITED",
            "city": "KARACHI",
            "branch": "(SADDAR BRANCH)",
            "swift_code": "MPBLPKKA028"
        },
        {
            "id": 274,
            "bank": "HABIB METROPOLITAN BANK LIMITED",
            "city": "KARACHI",
            "branch": "(SHARAH-E-FAISAL BRANCH)",
            "swift_code": "MPBLPKKA012"
        },
        {
            "id": 275,
            "bank": "HABIB METROPOLITAN BANK LIMITED",
            "city": "KARACHI",
            "branch": "(SHERSHAH BRANCH)",
            "swift_code": "MPBLPKKA045"
        },
        {
            "id": 276,
            "bank": "HABIB METROPOLITAN BANK LIMITED",
            "city": "KARACHI",
            "branch": "(SITE AVENUE BRANCH)",
            "swift_code": "MPBLPKKA060"
        },
        {
            "id": 277,
            "bank": "HABIB METROPOLITAN BANK LIMITED",
            "city": "KARACHI",
            "branch": "(SOLDIER BAZAR BRANCH)",
            "swift_code": "MPBLPKKA079"
        },
        {
            "id": 278,
            "bank": "HABIB METROPOLITAN BANK LIMITED",
            "city": "KARACHI",
            "branch": "(TEXTILE PLAZA BRANCH)",
            "swift_code": "MPBLPKKA042"
        },
        {
            "id": 279,
            "bank": "HABIB METROPOLITAN BANK LIMITED",
            "city": "KARACHI",
            "branch": "(TIMBER MARKET BRANCH)",
            "swift_code": "MPBLPKKA027"
        },
        {
            "id": 280,
            "bank": "HABIB METROPOLITAN BANK LIMITED",
            "city": "KARACHI",
            "branch": "(TREASURY DEPT. , HEAD OFFICE)",
            "swift_code": "MPBLPKKA092"
        },
        {
            "id": 281,
            "bank": "HABIB METROPOLITAN BANK LIMITED",
            "city": "KARACHI",
            "branch": "(U.P. MORE BRANCH)",
            "swift_code": "MPBLPKKA080"
        },
        {
            "id": 282,
            "bank": "HABIB METROPOLITAN BANK LIMITED",
            "city": "KARACHI",
            "branch": "(UNIVERSITY ROAD BRANCH)",
            "swift_code": "MPBLPKKA050"
        },
        {
            "id": 283,
            "bank": "HABIB METROPOLITAN BANK LIMITED",
            "city": "KARACHI",
            "branch": "(WATER PUMP BRANCH)",
            "swift_code": "MPBLPKKA044"
        },
        {
            "id": 284,
            "bank": "HABIB METROPOLITAN BANK LIMITED",
            "city": "KARACHI",
            "branch": null,
            "swift_code": "MPBLPKKA"
        },
        {
            "id": 285,
            "bank": "HABIB METROPOLITAN BANK LIMITED",
            "city": "KASUR",
            "branch": "(KASUR BRANCH)",
            "swift_code": "MPBLPKKA017"
        },
        {
            "id": 286,
            "bank": "HABIB METROPOLITAN BANK LIMITED",
            "city": "LAHORE",
            "branch": "(BADAMI BAGH BRANCH)",
            "swift_code": "MPBLPKKA046"
        },
        {
            "id": 287,
            "bank": "HABIB METROPOLITAN BANK LIMITED",
            "city": "LAHORE",
            "branch": "(BAGHBANPURA BRANCH)",
            "swift_code": "MPBLPKKA067"
        },
        {
            "id": 288,
            "bank": "HABIB METROPOLITAN BANK LIMITED",
            "city": "LAHORE",
            "branch": "(CIRCULAR ROAD BRANCH)",
            "swift_code": "MPBLPKKA032"
        },
        {
            "id": 289,
            "bank": "HABIB METROPOLITAN BANK LIMITED",
            "city": "LAHORE",
            "branch": "(DAVIS ROAD BRANCH)",
            "swift_code": "MPBLPKKA053"
        },
        {
            "id": 290,
            "bank": "HABIB METROPOLITAN BANK LIMITED",
            "city": "LAHORE",
            "branch": "(DEFENCE BRANCH)",
            "swift_code": "MPBLPKKA034"
        },
        {
            "id": 291,
            "bank": "HABIB METROPOLITAN BANK LIMITED",
            "city": "LAHORE",
            "branch": "(GARDEN TOWN BRANCH)",
            "swift_code": "MPBLPKKA074"
        },
        {
            "id": 292,
            "bank": "HABIB METROPOLITAN BANK LIMITED",
            "city": "LAHORE",
            "branch": "(GULBERG BRANCH)",
            "swift_code": "MPBLPKKA025"
        },
        {
            "id": 293,
            "bank": "HABIB METROPOLITAN BANK LIMITED",
            "city": "LAHORE",
            "branch": "(ISLAMIC BANKING GULBERG BRANCH)",
            "swift_code": "MPBLPKKA082"
        },
        {
            "id": 294,
            "bank": "HABIB METROPOLITAN BANK LIMITED",
            "city": "LAHORE",
            "branch": "(LAHORE BRANCH)",
            "swift_code": "MPBLPKKA002"
        },
        {
            "id": 295,
            "bank": "HABIB METROPOLITAN BANK LIMITED",
            "city": "LAHORE",
            "branch": "(MAIN BOULEVARD BRANCH)",
            "swift_code": "MPBLPKKA061"
        },
        {
            "id": 296,
            "bank": "HABIB METROPOLITAN BANK LIMITED",
            "city": "LAHORE",
            "branch": "(MODEL TOWN BRANCH)",
            "swift_code": "MPBLPKKA048"
        },
        {
            "id": 297,
            "bank": "HABIB METROPOLITAN BANK LIMITED",
            "city": "LAHORE",
            "branch": "(RAIWIND ROAD BRANCH)",
            "swift_code": "MPBLPKKA069"
        },
        {
            "id": 298,
            "bank": "HABIB METROPOLITAN BANK LIMITED",
            "city": "LAHORE",
            "branch": "(RAVI ROAD BRANCH)",
            "swift_code": "MPBLPKKA076"
        },
        {
            "id": 299,
            "bank": "HABIB METROPOLITAN BANK LIMITED",
            "city": "LAHORE",
            "branch": "(SHAHRAH-E-QUAID-E-AZAM BRANCH)",
            "swift_code": "MPBLPKKA084"
        },
        {
            "id": 300,
            "bank": "HABIB METROPOLITAN BANK LIMITED",
            "city": "MIRPUR",
            "branch": "(MIRPUR (A.K.) BRANCH)",
            "swift_code": "MPBLPKKA005"
        },
        {
            "id": 301,
            "bank": "HABIB METROPOLITAN BANK LIMITED",
            "city": "MULTAN",
            "branch": "(MULTAN BRANCH)",
            "swift_code": "MPBLPKKA008"
        },
        {
            "id": 302,
            "bank": "HABIB METROPOLITAN BANK LIMITED",
            "city": "PESHAWAR",
            "branch": "(PESHAWAR BRANCH)",
            "swift_code": "MPBLPKKA003"
        },
        {
            "id": 303,
            "bank": "HABIB METROPOLITAN BANK LIMITED",
            "city": "QUETTA",
            "branch": "(QUETTA BRANCH)",
            "swift_code": "MPBLPKKA004"
        },
        {
            "id": 304,
            "bank": "HABIB METROPOLITAN BANK LIMITED",
            "city": "RAHIMYAR KHAN",
            "branch": "(RAHIM YAR KHAN BRANCH)",
            "swift_code": "MPBLPKKA016"
        },
        {
            "id": 305,
            "bank": "HABIB METROPOLITAN BANK LIMITED",
            "city": "RAWALPINDI",
            "branch": "(MURREE ROAD BRANCH)",
            "swift_code": "MPBLPKKA055"
        },
        {
            "id": 306,
            "bank": "HABIB METROPOLITAN BANK LIMITED",
            "city": "RAWALPINDI",
            "branch": "(RAWALPINDI BRANCH)",
            "swift_code": "MPBLPKKA036"
        },
        {
            "id": 307,
            "bank": "HABIB METROPOLITAN BANK LIMITED",
            "city": "SIALKOT",
            "branch": "(SIALKOT BRANCH)",
            "swift_code": "MPBLPKKA006"
        },
        {
            "id": 308,
            "bank": "HABIB METROPOLITAN BANK LIMITED",
            "city": "SIALKOT",
            "branch": "(SMALL INDUSTRIAL ESTATES BRANCH)",
            "swift_code": "MPBLPKKA049"
        },
        {
            "id": 309,
            "bank": "HSBC BANK OMAN S.A.O.G. (FORMERLY OMAN INTERNATIONAL BANK)",
            "city": "KARACHI",
            "branch": null,
            "swift_code": "OIBAPKK1"
        },
        {
            "id": 310,
            "bank": "HSBC BANK OMAN S.A.O.G. (FORMERLY OMAN INTERNATIONAL BANK)",
            "city": "LAHORE",
            "branch": "(LAHORE BRANCH)",
            "swift_code": "OIBAPKK1LHR"
        },
        {
            "id": 311,
            "bank": "I. PURI SECURITIES (PVT) LIMITED",
            "city": "KARACHI",
            "branch": null,
            "swift_code": "PUSVPKK1"
        },
        {
            "id": 312,
            "bank": "IFIC BANK LTD",
            "city": "KARACHI",
            "branch": null,
            "swift_code": "IFBLPKK1"
        },
        {
            "id": 313,
            "bank": "IGI FINEX SECURITIES",
            "city": "KARACHI",
            "branch": null,
            "swift_code": "IGFSPKK1"
        },
        {
            "id": 314,
            "bank": "INDUSTRIAL AND COMMERCIAL BANK OF CHINA, KARACHI BRANCH",
            "city": "KARACHI",
            "branch": null,
            "swift_code": "ICBKPKKA"
        },
        {
            "id": 315,
            "bank": "INSIGHT SECURITIES (PRIVATE) LTD",
            "city": "KARACHI",
            "branch": null,
            "swift_code": "ISSTPKK1"
        },
        {
            "id": 316,
            "bank": "INTERMARKET SECURITIES LIMITED",
            "city": "KARACHI",
            "branch": null,
            "swift_code": "ITSRPKK1"
        },
        {
            "id": 317,
            "bank": "INVISOR SECURITIES (PVT) LIMITED",
            "city": "KARACHI",
            "branch": null,
            "swift_code": "IVSPPKK1"
        },
        {
            "id": 318,
            "bank": "JARDINE FLEMING PAKISTAN LTD.",
            "city": "KARACHI",
            "branch": null,
            "swift_code": "JAFPPKK1"
        },
        {
            "id": 319,
            "bank": "JEHANGIR SIDDIQUI AND CO . LIMITED",
            "city": "KARACHI",
            "branch": null,
            "swift_code": "JESIPKK1"
        },
        {
            "id": 320,
            "bank": "JS BANK LIMITED",
            "city": "KARACHI",
            "branch": null,
            "swift_code": "JSBLPKKA"
        },
        {
            "id": 321,
            "bank": "JS GLOBAL CAPITAL LTD.",
            "city": "KARACHI",
            "branch": null,
            "swift_code": "JSCMPKK1"
        },
        {
            "id": 322,
            "bank": "KARACHI STOCK EXCHANGE (GUARANTEE) LIMITED, THE",
            "city": "KARACHI",
            "branch": null,
            "swift_code": "XKARPKK1"
        },
        {
            "id": 323,
            "bank": "KHADIM ALI SHAH BUKHARI AND CO. LTD",
            "city": "KARACHI",
            "branch": null,
            "swift_code": "KASBPKK1"
        },
        {
            "id": 324,
            "bank": "MAJEED ADAM",
            "city": "KARACHI",
            "branch": null,
            "swift_code": "MAADPKK1"
        },
        {
            "id": 325,
            "bank": "MCB BANK LIMITED",
            "city": "FAISALABAD",
            "branch": "(CIRCULAR ROAD)",
            "swift_code": "MUCBPKKACRF"
        },
        {
            "id": 326,
            "bank": "MCB BANK LIMITED",
            "city": "GUJRANWALA",
            "branch": "(BANK SQUARE)",
            "swift_code": "MUCBPKKABSG"
        },
        {
            "id": 327,
            "bank": "MCB BANK LIMITED",
            "city": "ISLAMABAD",
            "branch": "(MAIN CIVIC CENTRE BRANCH)",
            "swift_code": "MUCBPKKAMCC"
        },
        {
            "id": 328,
            "bank": "MCB BANK LIMITED",
            "city": "KARACHI",
            "branch": "(EXPORT PROCESSING ZONE)",
            "swift_code": "MUCBPKKAEPZ"
        },
        {
            "id": 329,
            "bank": "MCB BANK LIMITED",
            "city": "KARACHI",
            "branch": "(FINANCE AND TRADE CENTRE BRANCH)",
            "swift_code": "MUCBPKKAFTK"
        },
        {
            "id": 330,
            "bank": "MCB BANK LIMITED",
            "city": "KARACHI",
            "branch": "(JODIA BAZAR BRANCH)",
            "swift_code": "MUCBPKKAJBK"
        },
        {
            "id": 331,
            "bank": "MCB BANK LIMITED",
            "city": "KARACHI",
            "branch": "(MAIN BRANCH)",
            "swift_code": "MUCBPKKAMBK"
        },
        {
            "id": 332,
            "bank": "MCB BANK LIMITED",
            "city": "KARACHI",
            "branch": "(NEW CHALLI BRANCH)",
            "swift_code": "MUCBPKKANCK"
        },
        {
            "id": 333,
            "bank": "MCB BANK LIMITED",
            "city": "KARACHI",
            "branch": "(SHAHEEN COMPLEX BRANCH)",
            "swift_code": "MUCBPKKASCK"
        },
        {
            "id": 334,
            "bank": "MCB BANK LIMITED",
            "city": "KARACHI",
            "branch": "(TREASURY-RTGS)",
            "swift_code": "MUCBPKKARTG"
        },
        {
            "id": 335,
            "bank": "MCB BANK LIMITED",
            "city": "KARACHI",
            "branch": null,
            "swift_code": "MUCBPKKA"
        },
        {
            "id": 336,
            "bank": "MCB BANK LIMITED",
            "city": "LAHORE",
            "branch": "(ISLAMIC BANKING GROUP)",
            "swift_code": "MUCBPKKAIBG"
        },
        {
            "id": 337,
            "bank": "MCB BANK LIMITED",
            "city": "LAHORE",
            "branch": "(NILA GUMBAD BRANCH)",
            "swift_code": "MUCBPKKANGL"
        },
        {
            "id": 338,
            "bank": "MCB BANK LIMITED",
            "city": "MULTAN",
            "branch": "(HUSSAIN AGAHI ROAD BRANCH)",
            "swift_code": "MUCBPKKAHAM"
        },
        {
            "id": 339,
            "bank": "MCB BANK LIMITED",
            "city": "PESHAWAR",
            "branch": "(CHOWK YADGAR)",
            "swift_code": "MUCBPKKACYP"
        },
        {
            "id": 340,
            "bank": "MCB BANK LIMITED",
            "city": "SIALKOT",
            "branch": "(TRUNK BAZAR BRANCH)",
            "swift_code": "MUCBPKKATBS"
        },
        {
            "id": 341,
            "bank": "MCB ISLAMIC BANK LIMITED",
            "city": "LAHORE",
            "branch": null,
            "swift_code": "MCIBPKKI"
        },
        {
            "id": 342,
            "bank": "MEEZAN BANK LIMITED",
            "city": "FAISALABAD",
            "branch": "(CIVIL LINES)",
            "swift_code": "MEZNPKKAFSD"
        },
        {
            "id": 343,
            "bank": "MEEZAN BANK LIMITED",
            "city": "GUJRANWALA",
            "branch": "(GUJRANWALA BRANCH, TRADE FINANCE DEPARTMENT)",
            "swift_code": "MEZNPKKAGRW"
        },
        {
            "id": 344,
            "bank": "MEEZAN BANK LIMITED",
            "city": "ISLAMABAD",
            "branch": "(JINNAH AVENUE)",
            "swift_code": "MEZNPKKAISD"
        },
        {
            "id": 345,
            "bank": "MEEZAN BANK LIMITED",
            "city": "KARACHI",
            "branch": "(BIN QASIM BRANCH, TRADE FINANCE DEPARTMENT)",
            "swift_code": "MEZNPKKAK04"
        },
        {
            "id": 346,
            "bank": "MEEZAN BANK LIMITED",
            "city": "KARACHI",
            "branch": "(DHA PHASE II EXTENSION BRANCH, TRADE FINANCE DEPARTMENT)",
            "swift_code": "MEZNPKKADHA"
        },
        {
            "id": 347,
            "bank": "MEEZAN BANK LIMITED",
            "city": "KARACHI",
            "branch": "(HEAD OFFICE, GLOBAL REMITTANCE DEPARTMENT)",
            "swift_code": "MEZNPKKAGRD"
        },
        {
            "id": 348,
            "bank": "MEEZAN BANK LIMITED",
            "city": "KARACHI",
            "branch": "(HEAD OFFICE, TRADE FINANCE DEPARTMENT)",
            "swift_code": "MEZNPKKATFD"
        },
        {
            "id": 349,
            "bank": "MEEZAN BANK LIMITED",
            "city": "KARACHI",
            "branch": "(HEAD OFFICE, TREASURY BACK OFFICE)",
            "swift_code": "MEZNPKKATRY"
        },
        {
            "id": 350,
            "bank": "MEEZAN BANK LIMITED",
            "city": "KARACHI",
            "branch": "(KORANGI BRANCH, TRADE FINANCE DEPARTMENT)",
            "swift_code": "MEZNPKKAK02"
        },
        {
            "id": 351,
            "bank": "MEEZAN BANK LIMITED",
            "city": "KARACHI",
            "branch": "(NEW CHALLIE)",
            "swift_code": "MEZNPKKAK01"
        },
        {
            "id": 352,
            "bank": "MEEZAN BANK LIMITED",
            "city": "KARACHI",
            "branch": "(SITE AREA BRANCH, TRADE FINANCE DEPARTMENT)",
            "swift_code": "MEZNPKKAK03"
        },
        {
            "id": 353,
            "bank": "MEEZAN BANK LIMITED",
            "city": "KARACHI",
            "branch": null,
            "swift_code": "MEZNPKKA"
        },
        {
            "id": 354,
            "bank": "MEEZAN BANK LIMITED",
            "city": "LAHORE",
            "branch": "(CIRCULAR ROAD BRANCH, LAHORE, TRADE FINANCE DEPARTMENT)",
            "swift_code": "MEZNPKKALH2"
        },
        {
            "id": 355,
            "bank": "MEEZAN BANK LIMITED",
            "city": "LAHORE",
            "branch": "(GULBERG)",
            "swift_code": "MEZNPKKALHR"
        },
        {
            "id": 356,
            "bank": "MEEZAN BANK LIMITED",
            "city": "MULTAN",
            "branch": "(NAWAH SHAHER)",
            "swift_code": "MEZNPKKAMTN"
        },
        {
            "id": 357,
            "bank": "MEEZAN BANK LIMITED",
            "city": "PESHAWAR",
            "branch": "(PESHAWAR BRANCH, TRADE FINANCE DEPARTMENT)",
            "swift_code": "MEZNPKKAPEW"
        },
        {
            "id": 358,
            "bank": "MEEZAN BANK LIMITED",
            "city": "SIALKOT",
            "branch": "(SIALKOT BRANCH, TRADE FINANCE DEPARTMENT)",
            "swift_code": "MEZNPKKASKT"
        },
        {
            "id": 359,
            "bank": "NATIONAL BANK OF PAKISTAN",
            "city": "FAISALABAD",
            "branch": "(COOPRATE)",
            "swift_code": "NBPAPKKACOF"
        },
        {
            "id": 360,
            "bank": "NATIONAL BANK OF PAKISTAN",
            "city": "FAISALABAD",
            "branch": null,
            "swift_code": "NBPAPKKA02F"
        },
        {
            "id": 361,
            "bank": "NATIONAL BANK OF PAKISTAN",
            "city": "GUJRANWALA",
            "branch": null,
            "swift_code": "NBPAPKKA02G"
        },
        {
            "id": 362,
            "bank": "NATIONAL BANK OF PAKISTAN",
            "city": "HYDERABAD",
            "branch": null,
            "swift_code": "NBPAPKKA02H"
        },
        {
            "id": 363,
            "bank": "NATIONAL BANK OF PAKISTAN",
            "city": "ISLAMABAD",
            "branch": "(CORPORATE)",
            "swift_code": "NBPAPKKASMB"
        },
        {
            "id": 364,
            "bank": "NATIONAL BANK OF PAKISTAN",
            "city": "ISLAMABAD",
            "branch": null,
            "swift_code": "NBPAPKKA02I"
        },
        {
            "id": 365,
            "bank": "NATIONAL BANK OF PAKISTAN",
            "city": "KARACHI",
            "branch": "(CORPORATE BRANCH)",
            "swift_code": "NBPAPKKACPB"
        },
        {
            "id": 366,
            "bank": "NATIONAL BANK OF PAKISTAN",
            "city": "KARACHI",
            "branch": "(HEAD OFFICE)",
            "swift_code": "NBPAPKKA"
        },
        {
            "id": 367,
            "bank": "NATIONAL BANK OF PAKISTAN",
            "city": "KARACHI",
            "branch": "(HEAD OFFICE)",
            "swift_code": "NBPAPKKAITD"
        },
        {
            "id": 368,
            "bank": "NATIONAL BANK OF PAKISTAN",
            "city": "KARACHI",
            "branch": "(MAIN BRANCH)",
            "swift_code": "NBPAPKKAMBR"
        },
        {
            "id": 369,
            "bank": "NATIONAL BANK OF PAKISTAN",
            "city": "KARACHI",
            "branch": "(OVERSEAS BANKING OPERATIONS-HEAD OFFICE KARACHI)",
            "swift_code": "NBPAPKKANEC"
        },
        {
            "id": 370,
            "bank": "NATIONAL BANK OF PAKISTAN",
            "city": "LAHORE",
            "branch": "(COOPRATE BRANCH)",
            "swift_code": "NBPAPKKACBL"
        },
        {
            "id": 371,
            "bank": "NATIONAL BANK OF PAKISTAN",
            "city": "LAHORE",
            "branch": null,
            "swift_code": "NBPAPKKA02L"
        },
        {
            "id": 372,
            "bank": "NATIONAL BANK OF PAKISTAN",
            "city": "MIRPUR",
            "branch": "(MAIN BRANCH\/CORPORATE BRANCH)",
            "swift_code": "NBPAPKKA02U"
        },
        {
            "id": 373,
            "bank": "NATIONAL BANK OF PAKISTAN",
            "city": "MULTAN",
            "branch": "(COOPRATE BRANCH MULTAN)",
            "swift_code": "NBPAPKK1COM"
        },
        {
            "id": 374,
            "bank": "NATIONAL BANK OF PAKISTAN",
            "city": "MULTAN",
            "branch": "(COOPRATE BRANCH)",
            "swift_code": "NBPAPKKACBM"
        },
        {
            "id": 375,
            "bank": "NATIONAL BANK OF PAKISTAN",
            "city": "MULTAN",
            "branch": null,
            "swift_code": "NBPAPKKA02M"
        },
        {
            "id": 376,
            "bank": "NATIONAL BANK OF PAKISTAN",
            "city": "MUZAFFARABAD",
            "branch": null,
            "swift_code": "NBPAPKKA02Z"
        },
        {
            "id": 377,
            "bank": "NATIONAL BANK OF PAKISTAN",
            "city": "PESHAWAR",
            "branch": null,
            "swift_code": "NBPAPKKA02P"
        },
        {
            "id": 378,
            "bank": "NATIONAL BANK OF PAKISTAN",
            "city": "QUETTA",
            "branch": null,
            "swift_code": "NBPAPKKA02Q"
        },
        {
            "id": 379,
            "bank": "NATIONAL BANK OF PAKISTAN",
            "city": "RAWALPINDI",
            "branch": null,
            "swift_code": "NBPAPKKA02R"
        },
        {
            "id": 380,
            "bank": "NATIONAL BANK OF PAKISTAN",
            "city": "SIALKOT",
            "branch": "(DISTRICT COURT BRANCH)",
            "swift_code": "NBPAPKKA02S"
        },
        {
            "id": 381,
            "bank": "NEXT CAPITAL LIMITED",
            "city": "KARACHI",
            "branch": null,
            "swift_code": "NEAIPKK1"
        },
        {
            "id": 382,
            "bank": "OPTIMUS CAPITAL MANAGEMENT (PVT) LTD",
            "city": "KARACHI",
            "branch": null,
            "swift_code": "OCMVPKK1"
        },
        {
            "id": 383,
            "bank": "PAKISTAN KUWAIT INVESTMENT COMPANY PRIVATE LIMITED",
            "city": "KARACHI",
            "branch": null,
            "swift_code": "PKICPKK1"
        },
        {
            "id": 384,
            "bank": "PAKISTAN TOBACCO COMPANY LIMITED",
            "city": "ISLAMABAD",
            "branch": null,
            "swift_code": "BATSPKA1"
        },
        {
            "id": 385,
            "bank": "PAKLIBYA HOLDING COMPANY (PRIVATE) LIMITED",
            "city": "KARACHI",
            "branch": null,
            "swift_code": "PHCPPKK1"
        },
        {
            "id": 386,
            "bank": "ROYAL EXCHANGE LTD",
            "city": "SIALKOT",
            "branch": "(BRANCH)",
            "swift_code": "ROEXPKK1SKT"
        },
        {
            "id": 387,
            "bank": "ROYAL EXCHANGE LTD",
            "city": "SIALKOT",
            "branch": null,
            "swift_code": "ROEXPKK1"
        },
        {
            "id": 388,
            "bank": "ROYAL EXCHANGE LTD",
            "city": "SIALKOT",
            "branch": null,
            "swift_code": "ROEXPKK1GAO"
        },
        {
            "id": 389,
            "bank": "RUPALI BANK LIMITED",
            "city": "KARACHI",
            "branch": null,
            "swift_code": "RUPBPKK1"
        },
        {
            "id": 390,
            "bank": "SAMBA BANK LIMITED",
            "city": "KARACHI",
            "branch": null,
            "swift_code": "SAMBPKKA"
        },
        {
            "id": 391,
            "bank": "SILK FINANCE",
            "city": "SIALKOT",
            "branch": null,
            "swift_code": "SILKPKK1"
        },
        {
            "id": 392,
            "bank": "SILKBANK LIMITED",
            "city": "KARACHI",
            "branch": null,
            "swift_code": "SAUDPKKA"
        },
        {
            "id": 393,
            "bank": "SINDH BANK LIMITED",
            "city": "KARACHI",
            "branch": null,
            "swift_code": "SINDPKKA"
        },
        {
            "id": 394,
            "bank": "SME BANK LTD",
            "city": "ISLAMABAD",
            "branch": null,
            "swift_code": "SMESPKK1"
        },
        {
            "id": 395,
            "bank": "SOCIETE GENERALE, THE FRENCH AND INTERNATIONAL BANK",
            "city": "KARACHI",
            "branch": null,
            "swift_code": "SOGEPKK1"
        },
        {
            "id": 396,
            "bank": "SONERI BANK LIMITED",
            "city": "BAHAWALPUR",
            "branch": "(BAHAWALPUR BRANCH)",
            "swift_code": "SONEPKKABWP"
        },
        {
            "id": 397,
            "bank": "SONERI BANK LIMITED",
            "city": "FAISALABAD",
            "branch": "(MAIN BRANCH,FAISALABAD)",
            "swift_code": "SONEPKKAFSD"
        },
        {
            "id": 398,
            "bank": "SONERI BANK LIMITED",
            "city": "GUJRANWALA",
            "branch": "(MAIN BRANCH GUNJRANWALA)",
            "swift_code": "SONEPKKAGJR"
        },
        {
            "id": 399,
            "bank": "SONERI BANK LIMITED",
            "city": "HYDERABAD",
            "branch": "(MAIN BRANCH, HYDERABAD)",
            "swift_code": "SONEPKKAHYD"
        },
        {
            "id": 400,
            "bank": "SONERI BANK LIMITED",
            "city": "ISLAMABAD",
            "branch": "(CENTRALIZED TRADE OPERATIONS)",
            "swift_code": "SONEPKKAISD"
        },
        {
            "id": 401,
            "bank": "SONERI BANK LIMITED",
            "city": "ISLAMABAD",
            "branch": null,
            "swift_code": "SONEPKKAMIS"
        },
        {
            "id": 402,
            "bank": "SONERI BANK LIMITED",
            "city": "KARACHI",
            "branch": "(CENTRALIZED TRADE OPERATIONS)",
            "swift_code": "SONEPKKACTO"
        },
        {
            "id": 403,
            "bank": "SONERI BANK LIMITED",
            "city": "KARACHI",
            "branch": "(CLIFTON BRANCH)",
            "swift_code": "SONEPKKACKR"
        },
        {
            "id": 404,
            "bank": "SONERI BANK LIMITED",
            "city": "KARACHI",
            "branch": "(DEFENCE BRANCH)",
            "swift_code": "SONEPKKADHK"
        },
        {
            "id": 405,
            "bank": "SONERI BANK LIMITED",
            "city": "KARACHI",
            "branch": "(FOREX AND TREASURY DEPARTMENT)",
            "swift_code": "SONEPKKATRY"
        },
        {
            "id": 406,
            "bank": "SONERI BANK LIMITED",
            "city": "KARACHI",
            "branch": "(ISLAMIC BANKING CLOTH MARKET BRANCH)",
            "swift_code": "SONEPKKAICK"
        },
        {
            "id": 407,
            "bank": "SONERI BANK LIMITED",
            "city": "KARACHI",
            "branch": "(JODIA BAZAR, KARACHI)",
            "swift_code": "SONEPKKAJKR"
        },
        {
            "id": 408,
            "bank": "SONERI BANK LIMITED",
            "city": "KARACHI",
            "branch": "(KORANGI INDUSTRIAL AREA BRANCH)",
            "swift_code": "SONEPKKAKKR"
        },
        {
            "id": 409,
            "bank": "SONERI BANK LIMITED",
            "city": "KARACHI",
            "branch": "(MAIN BRANCH)",
            "swift_code": "SONEPKKAKAR"
        },
        {
            "id": 410,
            "bank": "SONERI BANK LIMITED",
            "city": "KARACHI",
            "branch": "(NEW CHALLI BRANCH)",
            "swift_code": "SONEPKKANCK"
        },
        {
            "id": 411,
            "bank": "SONERI BANK LIMITED",
            "city": "KARACHI",
            "branch": "(SHAHRAH-E-FAISAL BRANCH)",
            "swift_code": "SONEPKKASFK"
        },
        {
            "id": 412,
            "bank": "SONERI BANK LIMITED",
            "city": "KARACHI",
            "branch": "(SITE BRANCH)",
            "swift_code": "SONEPKKASIK"
        },
        {
            "id": 413,
            "bank": "SONERI BANK LIMITED",
            "city": "KARACHI",
            "branch": null,
            "swift_code": "SONEPKKA"
        },
        {
            "id": 414,
            "bank": "SONERI BANK LIMITED",
            "city": "KARACHI",
            "branch": null,
            "swift_code": "SONEPKKAMJK"
        },
        {
            "id": 415,
            "bank": "SONERI BANK LIMITED",
            "city": "LAHORE",
            "branch": "(AKBAR CHOWK BRANCH)",
            "swift_code": "SONEPKKAALH"
        },
        {
            "id": 416,
            "bank": "SONERI BANK LIMITED",
            "city": "LAHORE",
            "branch": "(BADAMI BAGH BRANCH)",
            "swift_code": "SONEPKKABBL"
        },
        {
            "id": 417,
            "bank": "SONERI BANK LIMITED",
            "city": "LAHORE",
            "branch": "(CAVALARY GROUND BRANCH)",
            "swift_code": "SONEPKKACGL"
        },
        {
            "id": 418,
            "bank": "SONERI BANK LIMITED",
            "city": "LAHORE",
            "branch": "(CENTRALIZED TRADE OPERATIONS)",
            "swift_code": "SONEPKKALHR"
        },
        {
            "id": 419,
            "bank": "SONERI BANK LIMITED",
            "city": "LAHORE",
            "branch": "(CHUNGI AMER SADHU)",
            "swift_code": "SONEPKKACAL"
        },
        {
            "id": 420,
            "bank": "SONERI BANK LIMITED",
            "city": "LAHORE",
            "branch": "(CIRCULAR ROAD, LAHORE BRANCH)",
            "swift_code": "SONEPKKACLH"
        },
        {
            "id": 421,
            "bank": "SONERI BANK LIMITED",
            "city": "LAHORE",
            "branch": "(DEFENCE BRANCH, LAHORE)",
            "swift_code": "SONEPKKADLH"
        },
        {
            "id": 422,
            "bank": "SONERI BANK LIMITED",
            "city": "LAHORE",
            "branch": "(GULBERG BRANCH, LAHORE)",
            "swift_code": "SONEPKKAGLH"
        },
        {
            "id": 423,
            "bank": "SONERI BANK LIMITED",
            "city": "LAHORE",
            "branch": "(ISLAMIC BANKING NEW GARDEN TOWN BRANCH)",
            "swift_code": "SONEPKKAIGL"
        },
        {
            "id": 424,
            "bank": "SONERI BANK LIMITED",
            "city": "LAHORE",
            "branch": "(MODEL TOWN BRANCH)",
            "swift_code": "SONEPKKAMLH"
        },
        {
            "id": 425,
            "bank": "SONERI BANK LIMITED",
            "city": "LAHORE",
            "branch": "(PHASE III, DEFENCE)",
            "swift_code": "SONEPKKADPL"
        },
        {
            "id": 426,
            "bank": "SONERI BANK LIMITED",
            "city": "LAHORE",
            "branch": "(QARTABA CHOWK BRANCH LAHORE)",
            "swift_code": "SONEPKKAQCL"
        },
        {
            "id": 427,
            "bank": "SONERI BANK LIMITED",
            "city": "LAHORE",
            "branch": "(THOKER NIAZ BAIG)",
            "swift_code": "SONEPKKATNL"
        },
        {
            "id": 428,
            "bank": "SONERI BANK LIMITED",
            "city": "LAHORE",
            "branch": "(UPPER MALL BRANCH)",
            "swift_code": "SONEPKKAUML"
        },
        {
            "id": 429,
            "bank": "SONERI BANK LIMITED",
            "city": "MULTAN",
            "branch": "(CENTRALIZED TRADE OPERATIONS)",
            "swift_code": "SONEPKKAMTN"
        },
        {
            "id": 430,
            "bank": "SONERI BANK LIMITED",
            "city": "PESHAWAR",
            "branch": "(CHOWK YADGAR, PESHAWAR)",
            "swift_code": "SONEPKKACYP"
        },
        {
            "id": 431,
            "bank": "SONERI BANK LIMITED",
            "city": "PESHAWAR",
            "branch": "(MAIN BRANCH,PESHAWAR)",
            "swift_code": "SONEPKKAPSH"
        },
        {
            "id": 432,
            "bank": "SONERI BANK LIMITED",
            "city": "PESHAWAR",
            "branch": null,
            "swift_code": "SONEPKKAIBP"
        },
        {
            "id": 433,
            "bank": "SONERI BANK LIMITED",
            "city": "QUETTA",
            "branch": "(MAIN BRANCH,QUETTA)",
            "swift_code": "SONEPKKAQTA"
        },
        {
            "id": 434,
            "bank": "SONERI BANK LIMITED",
            "city": "RAWALPINDI",
            "branch": "(MAIN BRANCH RAWALPINDI)",
            "swift_code": "SONEPKKARWP"
        },
        {
            "id": 435,
            "bank": "SONERI BANK LIMITED",
            "city": "SIALKOT",
            "branch": "(CENTRALIZED TRADE OPERATIONS)",
            "swift_code": "SONEPKKASKT"
        },
        {
            "id": 436,
            "bank": "SONERI BANK LIMITED",
            "city": "SUKKUR",
            "branch": "(MAIN BRANCH SUKKUR)",
            "swift_code": "SONEPKKASUK"
        },
        {
            "id": 437,
            "bank": "SONERI BANK LIMITED",
            "city": "WAZIRABAD",
            "branch": "(MAIN BRANCH WAZIRABAD)",
            "swift_code": "SONEPKKAWZD"
        },
        {
            "id": 438,
            "bank": "STANDARD CHARTERED BANK (PAKISTAN) LIMITED",
            "city": "KARACHI",
            "branch": "(CLIFTON BRANCH)",
            "swift_code": "SCBLPKKXCLF"
        },
        {
            "id": 439,
            "bank": "STANDARD CHARTERED BANK (PAKISTAN) LIMITED",
            "city": "KARACHI",
            "branch": null,
            "swift_code": "SCBLPKKX"
        },
        {
            "id": 440,
            "bank": "STANDARD CHARTERED BANK (PAKISTAN) LIMITED",
            "city": "KARACHI",
            "branch": null,
            "swift_code": "SCBLPKKXEQI"
        },
        {
            "id": 441,
            "bank": "STANDARD CHARTERED BANK (PAKISTAN) LIMITED",
            "city": "LAHORE",
            "branch": "(LAHORE BRANCH)",
            "swift_code": "SCBLPKKXLHR"
        },
        {
            "id": 442,
            "bank": "STATE BANK OF PAKISTAN",
            "city": "KARACHI",
            "branch": null,
            "swift_code": "SBPPPKKA"
        },
        {
            "id": 443,
            "bank": "SULTAN GHULAM HUSEIN DATTOO (BROKERS)",
            "city": "KARACHI",
            "branch": null,
            "swift_code": "SGHDPKK1"
        },
        {
            "id": 444,
            "bank": "SUMMIT BANK LTD",
            "city": "KARACHI",
            "branch": "(FOREX AND TREASURY DEPARTMENT)",
            "swift_code": "SUMBPKKATRY"
        },
        {
            "id": 445,
            "bank": "SUMMIT BANK LTD",
            "city": "KARACHI",
            "branch": "(ISLAMIC BANKING GROUP)",
            "swift_code": "SUMBPKKAIBG"
        },
        {
            "id": 446,
            "bank": "SUMMIT BANK LTD",
            "city": "KARACHI",
            "branch": "(TRADE PROCESSING CENTER (SOUTH))",
            "swift_code": "SUMBPKKAKHI"
        },
        {
            "id": 447,
            "bank": "SUMMIT BANK LTD",
            "city": "KARACHI",
            "branch": null,
            "swift_code": "SUMBPKKA"
        },
        {
            "id": 448,
            "bank": "SUMMIT BANK LTD",
            "city": "LAHORE",
            "branch": "(TRADE PROCESSING CENTRE (NORTH))",
            "swift_code": "SUMBPKKALHE"
        },
        {
            "id": 449,
            "bank": "TAURUS SECURITIES LIMITED",
            "city": "KARACHI",
            "branch": null,
            "swift_code": "TASRPKK1"
        },
        {
            "id": 450,
            "bank": "THE ROYAL BANK OF SCOTLAND LIMITED",
            "city": "ISLAMABAD",
            "branch": "(CPU TRADE OPERATION, ISLAMABAD)",
            "swift_code": "ABNAPKK1CIB"
        },
        {
            "id": 451,
            "bank": "THE ROYAL BANK OF SCOTLAND LIMITED",
            "city": "ISLAMABAD",
            "branch": "(ISLAMABAD BRANCH)",
            "swift_code": "ABNAPKK1ISB"
        },
        {
            "id": 452,
            "bank": "THE ROYAL BANK OF SCOTLAND LIMITED",
            "city": "KARACHI",
            "branch": "(CPU TRADE OPERATION, KARACHI)",
            "swift_code": "ABNAPKK1CKH"
        },
        {
            "id": 453,
            "bank": "THE ROYAL BANK OF SCOTLAND LIMITED",
            "city": "KARACHI",
            "branch": "(REMITTANCE DEPARTMENT, KARACHI)",
            "swift_code": "ABNAPKK1PIN"
        },
        {
            "id": 454,
            "bank": "THE ROYAL BANK OF SCOTLAND LIMITED",
            "city": "KARACHI",
            "branch": null,
            "swift_code": "ABNAPKK1"
        },
        {
            "id": 455,
            "bank": "THE ROYAL BANK OF SCOTLAND LIMITED",
            "city": "LAHORE",
            "branch": "(CPU TRADE OPERATION)",
            "swift_code": "ABNAPKK1CLH"
        },
        {
            "id": 456,
            "bank": "THE ROYAL BANK OF SCOTLAND LIMITED",
            "city": "LAHORE",
            "branch": "(LAHORE BRANCH)",
            "swift_code": "ABNAPKK1LHR"
        },
        {
            "id": 457,
            "bank": "TOPLINE SECURITIES PVT LTD.",
            "city": "KARACHI",
            "branch": null,
            "swift_code": "TOSVPKK1"
        },
        {
            "id": 458,
            "bank": "TRUST BANK LIMITED",
            "city": "KARACHI",
            "branch": null,
            "swift_code": "TRBAPKK1"
        },
        {
            "id": 459,
            "bank": "TRUST BANK LIMITED",
            "city": "KARACHI",
            "branch": null,
            "swift_code": "TRBAPKK1CLI"
        },
        {
            "id": 460,
            "bank": "TRUST INVESTMENT BANK LIMITED",
            "city": "LAHORE",
            "branch": null,
            "swift_code": "TIBLPKKA"
        },
        {
            "id": 461,
            "bank": "UNITED BANK LIMITED",
            "city": "FAISALABAD",
            "branch": "(BANK SQUARE BRANCH)",
            "swift_code": "UNILPKKA686"
        },
        {
            "id": 462,
            "bank": "UNITED BANK LIMITED",
            "city": "ISLAMABAD",
            "branch": "(JINNAH AVENUE BRANCH)",
            "swift_code": "UNILPKKA741"
        },
        {
            "id": 463,
            "bank": "UNITED BANK LIMITED",
            "city": "KARACHI",
            "branch": "(CPU TRADE, HEAD OFFICE)",
            "swift_code": "UNILPKKATFC"
        },
        {
            "id": 464,
            "bank": "UNITED BANK LIMITED",
            "city": "KARACHI",
            "branch": "(UBL AMEEN-ISLAMIC BANKING DIVISION, HEAD OFFICE, KARACHI)",
            "swift_code": "UNILPKKAIMB"
        },
        {
            "id": 465,
            "bank": "UNITED BANK LIMITED",
            "city": "KARACHI",
            "branch": null,
            "swift_code": "UNILPKKA"
        },
        {
            "id": 466,
            "bank": "UNITED BANK LIMITED",
            "city": "LAHORE",
            "branch": "(BANK SQUARE BRANCH)",
            "swift_code": "UNILPKKA028"
        },
        {
            "id": 467,
            "bank": "UNITED BANK LIMITED",
            "city": "PESHAWAR",
            "branch": "(DEANS TRADE CENTRE BRANCH)",
            "swift_code": "UNILPKKA939"
        },
        {
            "id": 468,
            "bank": "WALL STREET EXCHANGE COMPANY (PVT) LTD.",
            "city": "KARACHI",
            "branch": null,
            "swift_code": "WSEPPKK1"
        }
    ]
}
