{
    "country": "Puerto Rico",
    "country_code": "PR",
    "list": [
        {
            "id": 1,
            "bank": "ACESCO CARIBE, MFG.",
            "city": "CATANO",
            "branch": null,
            "swift_code": "ACAIPR21"
        },
        {
            "id": 2,
            "bank": "ACTIVO INTERNATIONAL BANK",
            "city": "SAN JUAN",
            "branch": null,
            "swift_code": "ACTTPRSJ"
        },
        {
            "id": 3,
            "bank": "ANDCAPITAL BANK INTERNATIONAL CORP",
            "city": "HATO REY",
            "branch": null,
            "swift_code": "ACBIPR22"
        },
        {
            "id": 4,
            "bank": "ARCA INTERNATIONAL BANK, INC.",
            "city": "SAN JUAN",
            "branch": null,
            "swift_code": "ARNRPRSJ"
        },
        {
            "id": 5,
            "bank": "BANCO POPULAR DE PUERTO RICO",
            "city": "SAN JUAN",
            "branch": null,
            "swift_code": "BPPRPRSB"
        },
        {
            "id": 6,
            "bank": "BANCO POPULAR DE PUERTO RICO",
            "city": "SAN JUAN",
            "branch": null,
            "swift_code": "BPPRPRSX"
        },
        {
            "id": 7,
            "bank": "BANCO SAN JUAN INTERNACIONAL INC",
            "city": "GUAYNABO",
            "branch": null,
            "swift_code": "BSJIPRSJ"
        },
        {
            "id": 8,
            "bank": "BANCO SANTANDER PUERTO RICO",
            "city": "SAN JUAN",
            "branch": null,
            "swift_code": "BSCHPRP1SOB"
        },
        {
            "id": 9,
            "bank": "BANCO SANTANDER PUERTO RICO",
            "city": "SAN JUAN",
            "branch": null,
            "swift_code": "BSCHPRSX"
        },
        {
            "id": 10,
            "bank": "BANCO SANTANDER PUERTO RICO",
            "city": "SAN JUAN",
            "branch": null,
            "swift_code": "BSCHPRSXSOV"
        },
        {
            "id": 11,
            "bank": "BANCOLOMBIA PUERTO RICO INTERNACIONAL INC.",
            "city": "SAN JUAN",
            "branch": null,
            "swift_code": "CFSUPRSJ"
        },
        {
            "id": 12,
            "bank": "BANCREDITO INTERNATIONAL BANK CORP",
            "city": "SAN JUAN",
            "branch": null,
            "swift_code": "BIBCPRSJ"
        },
        {
            "id": 13,
            "bank": "BANPLUS INTERNATIONAL BANK, INC.",
            "city": "SAN JUAN",
            "branch": null,
            "swift_code": "BIPNPRSJ"
        },
        {
            "id": 14,
            "bank": "BNC INTERNATIONAL BANKING CORPORATION",
            "city": "SAN JUAN",
            "branch": null,
            "swift_code": "CIBPPRSJ"
        },
        {
            "id": 15,
            "bank": "CARIBE INTERNATIONAL BANK, CORP.",
            "city": "SAN JUAN",
            "branch": null,
            "swift_code": "CBNTPRSJ"
        },
        {
            "id": 16,
            "bank": "CITIBANK, NA PUERTO RICO",
            "city": "SAN JUAN",
            "branch": null,
            "swift_code": "CITIPRSJ"
        },
        {
            "id": 17,
            "bank": "COOPERATIVA DE AHORRO Y CREDITO SOL",
            "city": "SAN JUAN",
            "branch": null,
            "swift_code": "CPELPRSJ"
        },
        {
            "id": 18,
            "bank": "ELITE INTERNATIONAL BANK",
            "city": "SAN JUAN",
            "branch": null,
            "swift_code": "ELIRPRSJ"
        },
        {
            "id": 19,
            "bank": "EURO PACIFIC INTL. BANK, INC.",
            "city": "SAN JUAN",
            "branch": null,
            "swift_code": "EUPNPRSJ"
        },
        {
            "id": 20,
            "bank": "FACEBANK INTERNATIONAL CORPORATION",
            "city": "GUAYNABO",
            "branch": null,
            "swift_code": "FILCPR22"
        },
        {
            "id": 21,
            "bank": "FIRSTBANK PUERTO RICO",
            "city": "SANTURCE",
            "branch": null,
            "swift_code": "FBPRPRSJ"
        },
        {
            "id": 22,
            "bank": "GBTD CAPITAL ADVISERS LLC",
            "city": "GUAYNABO",
            "branch": null,
            "swift_code": "GBDCPR21"
        },
        {
            "id": 23,
            "bank": "GBTD GROUP-PUERTO RICO",
            "city": "GUAYNABO",
            "branch": null,
            "swift_code": "GBPRPR21"
        },
        {
            "id": 24,
            "bank": "GBTD SAVINGS AND LOAN GROUP-PUERTO RICO",
            "city": "GUAYNABO",
            "branch": null,
            "swift_code": "GBLGPR21"
        },
        {
            "id": 25,
            "bank": "ITALBANK INTERNATIONAL, INC",
            "city": "SAN JUAN",
            "branch": null,
            "swift_code": "IBIIPRSJ"
        },
        {
            "id": 26,
            "bank": "NODUS INTERNATIONAL BANK",
            "city": "SAN JUAN",
            "branch": null,
            "swift_code": "NDBKPRSJ"
        },
        {
            "id": 27,
            "bank": "ORIENTAL BANK",
            "city": "HATO REY",
            "branch": null,
            "swift_code": "OBPRPRSJ"
        },
        {
            "id": 28,
            "bank": "PONCE FEDERAL BANK",
            "city": "PONCE",
            "branch": null,
            "swift_code": "PFEBPR21"
        },
        {
            "id": 29,
            "bank": "SCOTIABANK DE PUERTO RICO",
            "city": "HATO REY",
            "branch": null,
            "swift_code": "NOSCPR22"
        },
        {
            "id": 30,
            "bank": "SCOTIABANK DE PUERTO RICO",
            "city": "SAN JUAN",
            "branch": null,
            "swift_code": "NOSCPR22MIA"
        },
        {
            "id": 31,
            "bank": "STATETRUST INTERNATIONAL BANK AND TRUST, LLC",
            "city": "SAN JUAN",
            "branch": null,
            "swift_code": "STULPRSJ"
        },
        {
            "id": 32,
            "bank": "STERN INTERNATIONAL BANK LLC",
            "city": "SAN JUAN",
            "branch": null,
            "swift_code": "SIECPRSJ"
        },
        {
            "id": 33,
            "bank": "VESTIN BANK INTERNATIONAL LLC",
            "city": "SAN JUAN",
            "branch": null,
            "swift_code": "VEILPRSJ"
        }
    ]
}
