{
    "country": "Romania",
    "country_code": "RO",
    "list": [
        {
            "id": 1,
            "bank": "ACTINVEST SA",
            "city": "BRASOV",
            "branch": null,
            "swift_code": "ACTNRO21"
        },
        {
            "id": 2,
            "bank": "ACTIVE INTERNATIONAL SA",
            "city": "BUCHAREST",
            "branch": null,
            "swift_code": "ACIRROB1"
        },
        {
            "id": 3,
            "bank": "ALIOR BANK SA WARSAW BUCHAREST BRANCH",
            "city": "BUCHAREST",
            "branch": null,
            "swift_code": "ALBPROBU"
        },
        {
            "id": 4,
            "bank": "ALPHA BANK ROMANIA SA",
            "city": "BUCHAREST",
            "branch": null,
            "swift_code": "BUCUROBU"
        },
        {
            "id": 5,
            "bank": "ALPHA FINANCE ROMANIA SA",
            "city": "BUCHAREST",
            "branch": null,
            "swift_code": "ALNRROB1"
        },
        {
            "id": 6,
            "bank": "ARCELORMITTAL TUBULAR PRODUCTS ROMAN SA",
            "city": "GALATI",
            "branch": null,
            "swift_code": "USINRO21GAL"
        },
        {
            "id": 7,
            "bank": "ARCELORMITTAL TUBULAR PRODUCTS ROMAN SA",
            "city": "IASI",
            "branch": null,
            "swift_code": "USINRO21IAS"
        },
        {
            "id": 8,
            "bank": "ARCELORMITTAL TUBULAR PRODUCTS ROMAN SA",
            "city": "ROMAN",
            "branch": null,
            "swift_code": "USINRO21"
        },
        {
            "id": 9,
            "bank": "ARCELORMITTAL TUBULAR PRODUCTS ROMAN SA",
            "city": "ROMAN",
            "branch": null,
            "swift_code": "USINRO21MSR"
        },
        {
            "id": 10,
            "bank": "AUSTRO-ROM S.A.",
            "city": "BUCHAREST",
            "branch": null,
            "swift_code": "AUSMROB1"
        },
        {
            "id": 11,
            "bank": "B.C.R. SECURITIES S.A.",
            "city": "BUCHAREST",
            "branch": null,
            "swift_code": "BCERROB1"
        },
        {
            "id": 12,
            "bank": "BANC POST S.A.",
            "city": "BUCHAREST",
            "branch": null,
            "swift_code": "BPOSROBU"
        },
        {
            "id": 13,
            "bank": "BANCA CENTRALA COOPERATISTA CREDITCOOP",
            "city": "BUCHAREST",
            "branch": null,
            "swift_code": "CRCOROBU"
        },
        {
            "id": 14,
            "bank": "BANCA COMERCIALA FEROVIARA S.A.",
            "city": "BUCHAREST",
            "branch": null,
            "swift_code": "BFERROBU"
        },
        {
            "id": 15,
            "bank": "BANCA COMERCIALA ROMANA S.A",
            "city": "ARAD",
            "branch": "(ARAD BRANCH)",
            "swift_code": "RNCBROBUAR0"
        },
        {
            "id": 16,
            "bank": "BANCA COMERCIALA ROMANA S.A",
            "city": "BUCHAREST",
            "branch": null,
            "swift_code": "RNCBROBU"
        },
        {
            "id": 17,
            "bank": "BANCA COMERCIALA ROMANA S.A",
            "city": "BUCHAREST",
            "branch": null,
            "swift_code": "RNCBROBUT2S"
        },
        {
            "id": 18,
            "bank": "BANCA COMERCIALA ROMANA S.A",
            "city": "RESITA",
            "branch": "(CARAS SEVERIN BRANCH)",
            "swift_code": "RNCBROBUCS0"
        },
        {
            "id": 19,
            "bank": "BANCA COMERCIALA ROMANA S.A",
            "city": "SFANTU GHEORGHE",
            "branch": "(COVASNA BRANCH)",
            "swift_code": "RNCBROBUCV0"
        },
        {
            "id": 20,
            "bank": "BANCA COMERCIALA ROMANA S.A",
            "city": "SLOBOZIA",
            "branch": "(IALOMITA BRANCH)",
            "swift_code": "RNCBROBUIL0"
        },
        {
            "id": 21,
            "bank": "BANCA ROMANA DE CREDITE SI INVESTITII S.A.",
            "city": "BUCHAREST",
            "branch": null,
            "swift_code": "MINDROBU"
        },
        {
            "id": 22,
            "bank": "BANCA ROMANEASCA S.A.",
            "city": "BUCHAREST",
            "branch": null,
            "swift_code": "BRMAROBU"
        },
        {
            "id": 23,
            "bank": "BANCA TRANSILVANIA S.A.",
            "city": "AIUD",
            "branch": "(AIUD)",
            "swift_code": "BTRLRO22ABI"
        },
        {
            "id": 24,
            "bank": "BANCA TRANSILVANIA S.A.",
            "city": "ALBA IULIA",
            "branch": "(ALBA BRANCH)",
            "swift_code": "BTRLRO22ABA"
        },
        {
            "id": 25,
            "bank": "BANCA TRANSILVANIA S.A.",
            "city": "ALESD",
            "branch": "(AG. ALESD)",
            "swift_code": "BTRLRO22BH4"
        },
        {
            "id": 26,
            "bank": "BANCA TRANSILVANIA S.A.",
            "city": "ALEXANDRIA",
            "branch": "(ALEXANDRIA)",
            "swift_code": "BTRLRO22TRA"
        },
        {
            "id": 27,
            "bank": "BANCA TRANSILVANIA S.A.",
            "city": "ARAD",
            "branch": "(AG. ARAD)",
            "swift_code": "BTRLRO22AR1"
        },
        {
            "id": 28,
            "bank": "BANCA TRANSILVANIA S.A.",
            "city": "ARAD",
            "branch": "(AG. ARAD)",
            "swift_code": "BTRLRO22AR2"
        },
        {
            "id": 29,
            "bank": "BANCA TRANSILVANIA S.A.",
            "city": "ARAD",
            "branch": "(ARAD BRANCH)",
            "swift_code": "BTRLRO22ARA"
        },
        {
            "id": 30,
            "bank": "BANCA TRANSILVANIA S.A.",
            "city": "BACAU",
            "branch": "(BACAU BRANCH)",
            "swift_code": "BTRLRO22BCA"
        },
        {
            "id": 31,
            "bank": "BANCA TRANSILVANIA S.A.",
            "city": "BAIA MARE",
            "branch": "(BAIA MARE BRANCH)",
            "swift_code": "BTRLRO22MMA"
        },
        {
            "id": 32,
            "bank": "BANCA TRANSILVANIA S.A.",
            "city": "BEIUS",
            "branch": "(BEIUS)",
            "swift_code": "BTRLRO22BHB"
        },
        {
            "id": 33,
            "bank": "BANCA TRANSILVANIA S.A.",
            "city": "BISTRITA",
            "branch": "(BISTRITA BRANCH)",
            "swift_code": "BTRLRO22BNA"
        },
        {
            "id": 34,
            "bank": "BANCA TRANSILVANIA S.A.",
            "city": "BOTOSANI",
            "branch": "(BOTOSANI)",
            "swift_code": "BTRLRO22BTA"
        },
        {
            "id": 35,
            "bank": "BANCA TRANSILVANIA S.A.",
            "city": "BRAILA",
            "branch": "(BRAILA BRANCH)",
            "swift_code": "BTRLRO22BRA"
        },
        {
            "id": 36,
            "bank": "BANCA TRANSILVANIA S.A.",
            "city": "BRASOV",
            "branch": "(BRASOV BRANCH)",
            "swift_code": "BTRLRO22BVA"
        },
        {
            "id": 37,
            "bank": "BANCA TRANSILVANIA S.A.",
            "city": "BUCHAREST",
            "branch": "(AG. DOROBANTI)",
            "swift_code": "BTRLRO22BB4"
        },
        {
            "id": 38,
            "bank": "BANCA TRANSILVANIA S.A.",
            "city": "BUCHAREST",
            "branch": "(AG. MAGHERU)",
            "swift_code": "BTRLRO22BB3"
        },
        {
            "id": 39,
            "bank": "BANCA TRANSILVANIA S.A.",
            "city": "BUCHAREST",
            "branch": "(AG. MARRIOTT)",
            "swift_code": "BTRLRO22BB2"
        },
        {
            "id": 40,
            "bank": "BANCA TRANSILVANIA S.A.",
            "city": "BUCHAREST",
            "branch": "(BUCURESTI CHIBRIT)",
            "swift_code": "BTRLRO22BBC"
        },
        {
            "id": 41,
            "bank": "BANCA TRANSILVANIA S.A.",
            "city": "BUCHAREST",
            "branch": "(BUCURESTI OTOPENI)",
            "swift_code": "BTRLRO22BOT"
        },
        {
            "id": 42,
            "bank": "BANCA TRANSILVANIA S.A.",
            "city": "BUCHAREST",
            "branch": "(BUCURESTI VOLUNTARI)",
            "swift_code": "BTRLRO22BVO"
        },
        {
            "id": 43,
            "bank": "BANCA TRANSILVANIA S.A.",
            "city": "BUCHAREST",
            "branch": "(CENTRE NOUVEAU BRANCH)",
            "swift_code": "BTRLRO22BBL"
        },
        {
            "id": 44,
            "bank": "BANCA TRANSILVANIA S.A.",
            "city": "BUCHAREST",
            "branch": "(MILITARI BRANCH)",
            "swift_code": "BTRLRO22BB1"
        },
        {
            "id": 45,
            "bank": "BANCA TRANSILVANIA S.A.",
            "city": "BUCHAREST",
            "branch": "(OBOR BRANCH)",
            "swift_code": "BTRLRO22BBB"
        },
        {
            "id": 46,
            "bank": "BANCA TRANSILVANIA S.A.",
            "city": "BUCHAREST",
            "branch": "(PANTELIMON BRANCH)",
            "swift_code": "BTRLRO22BBP"
        },
        {
            "id": 47,
            "bank": "BANCA TRANSILVANIA S.A.",
            "city": "BUCHAREST",
            "branch": "(PIATA ALBA-IULIA BRANCH)",
            "swift_code": "BTRLRO22BBA"
        },
        {
            "id": 48,
            "bank": "BANCA TRANSILVANIA S.A.",
            "city": "BUCHAREST",
            "branch": "(ROSETTI BRANCH)",
            "swift_code": "BTRLRO21BBT"
        },
        {
            "id": 49,
            "bank": "BANCA TRANSILVANIA S.A.",
            "city": "BUCHAREST",
            "branch": "(VICTORIEI BRANCH)",
            "swift_code": "BTRLRO22BBV"
        },
        {
            "id": 50,
            "bank": "BANCA TRANSILVANIA S.A.",
            "city": "BUZAU",
            "branch": "(BUZAU BRANCH)",
            "swift_code": "BTRLRO22BZA"
        },
        {
            "id": 51,
            "bank": "BANCA TRANSILVANIA S.A.",
            "city": "CAMPIA TURZII",
            "branch": "(CAMPIA TURZII BRANCH)",
            "swift_code": "BTRLRO21CJ7"
        },
        {
            "id": 52,
            "bank": "BANCA TRANSILVANIA S.A.",
            "city": "CAMPINA",
            "branch": "(AG. CAMPINA)",
            "swift_code": "BTRLRO21PH1"
        },
        {
            "id": 53,
            "bank": "BANCA TRANSILVANIA S.A.",
            "city": "CAREI",
            "branch": "(AG. CAREI)",
            "swift_code": "BTRLRO22SMC"
        },
        {
            "id": 54,
            "bank": "BANCA TRANSILVANIA S.A.",
            "city": "CHISINAU CRIS",
            "branch": "(AG. CHISINAU CRIS)",
            "swift_code": "BTRLRO22AR4"
        },
        {
            "id": 55,
            "bank": "BANCA TRANSILVANIA S.A.",
            "city": "CLUJ-NAPOCA",
            "branch": "(AG BARITIU)",
            "swift_code": "BTRLRO21CJ3"
        },
        {
            "id": 56,
            "bank": "BANCA TRANSILVANIA S.A.",
            "city": "CLUJ-NAPOCA",
            "branch": "(AG MANASTUR)",
            "swift_code": "BTRLRO21CJ2"
        },
        {
            "id": 57,
            "bank": "BANCA TRANSILVANIA S.A.",
            "city": "CLUJ-NAPOCA",
            "branch": "(AG. BILLA)",
            "swift_code": "BTRLRO22CJ8"
        },
        {
            "id": 58,
            "bank": "BANCA TRANSILVANIA S.A.",
            "city": "CLUJ-NAPOCA",
            "branch": "(AG. DOROBANTILOR)",
            "swift_code": "BTRLRO21CJ1"
        },
        {
            "id": 59,
            "bank": "BANCA TRANSILVANIA S.A.",
            "city": "CLUJ-NAPOCA",
            "branch": "(BT SECURITIES)",
            "swift_code": "BTRLRO22BTS"
        },
        {
            "id": 60,
            "bank": "BANCA TRANSILVANIA S.A.",
            "city": "CLUJ-NAPOCA",
            "branch": "(CLUJ-NAPOCA BRANCH)",
            "swift_code": "BTRLRO22CJA"
        },
        {
            "id": 61,
            "bank": "BANCA TRANSILVANIA S.A.",
            "city": "CLUJ-NAPOCA",
            "branch": "(GRIGORESCU BRANCH)",
            "swift_code": "BTRLRO21CJ5"
        },
        {
            "id": 62,
            "bank": "BANCA TRANSILVANIA S.A.",
            "city": "CLUJ-NAPOCA",
            "branch": "(MARASTI BRANCH)",
            "swift_code": "BTRLRO21CJ6"
        },
        {
            "id": 63,
            "bank": "BANCA TRANSILVANIA S.A.",
            "city": "CLUJ-NAPOCA",
            "branch": "(MARASTI)",
            "swift_code": "BTRLRO22CJM"
        },
        {
            "id": 64,
            "bank": "BANCA TRANSILVANIA S.A.",
            "city": "CLUJ-NAPOCA",
            "branch": "(ZORILOR BRANCH)",
            "swift_code": "BTRLRO21CJ4"
        },
        {
            "id": 65,
            "bank": "BANCA TRANSILVANIA S.A.",
            "city": "CLUJ-NAPOCA",
            "branch": "(ZORILOR)",
            "swift_code": "BTRLRO22CJZ"
        },
        {
            "id": 66,
            "bank": "BANCA TRANSILVANIA S.A.",
            "city": "CLUJ-NAPOCA",
            "branch": null,
            "swift_code": "BTRLRO22"
        },
        {
            "id": 67,
            "bank": "BANCA TRANSILVANIA S.A.",
            "city": "CONSTANTA",
            "branch": "(CONSTANTA BRANCH)",
            "swift_code": "BTRLRO22CTA"
        },
        {
            "id": 68,
            "bank": "BANCA TRANSILVANIA S.A.",
            "city": "CRAIOVA",
            "branch": "(CRAIOVA BRANCH)",
            "swift_code": "BTRLRO22DJA"
        },
        {
            "id": 69,
            "bank": "BANCA TRANSILVANIA S.A.",
            "city": "DEJ",
            "branch": "(DEJ BRANCH)",
            "swift_code": "BTRLRO22CJD"
        },
        {
            "id": 70,
            "bank": "BANCA TRANSILVANIA S.A.",
            "city": "DEVA",
            "branch": "(DEVA BRANCH)",
            "swift_code": "BTRLRO22HDA"
        },
        {
            "id": 71,
            "bank": "BANCA TRANSILVANIA S.A.",
            "city": "DRAGASANI",
            "branch": "(DRAGASANI)",
            "swift_code": "BTRLRO22VLD"
        },
        {
            "id": 72,
            "bank": "BANCA TRANSILVANIA S.A.",
            "city": "FAGARAS",
            "branch": "(FAGARAS)",
            "swift_code": "BTRLRO22BVF"
        },
        {
            "id": 73,
            "bank": "BANCA TRANSILVANIA S.A.",
            "city": "FALTICENI",
            "branch": "(FALTICENI)",
            "swift_code": "BTRLRO22SVF"
        },
        {
            "id": 74,
            "bank": "BANCA TRANSILVANIA S.A.",
            "city": "FOCSANI",
            "branch": "(FOCSANI BRANCH)",
            "swift_code": "BTRLRO22VRA"
        },
        {
            "id": 75,
            "bank": "BANCA TRANSILVANIA S.A.",
            "city": "GALATI",
            "branch": "(GALATI BRANCH)",
            "swift_code": "BTRLRO22GLA"
        },
        {
            "id": 76,
            "bank": "BANCA TRANSILVANIA S.A.",
            "city": "GHERLA",
            "branch": "(GHERLA)",
            "swift_code": "BTRLRO22CJG"
        },
        {
            "id": 77,
            "bank": "BANCA TRANSILVANIA S.A.",
            "city": "GIURGIU",
            "branch": "(AG. GIURGIU)",
            "swift_code": "BTRLRO21GR1"
        },
        {
            "id": 78,
            "bank": "BANCA TRANSILVANIA S.A.",
            "city": "GIURGIU",
            "branch": "(ZONA LIBERTA GIURGIU BRANCH)",
            "swift_code": "BTRLRO22GRA"
        },
        {
            "id": 79,
            "bank": "BANCA TRANSILVANIA S.A.",
            "city": "HUEDIN",
            "branch": "(HUEDIN)",
            "swift_code": "BTRLRO22CJH"
        },
        {
            "id": 80,
            "bank": "BANCA TRANSILVANIA S.A.",
            "city": "HUNEDOARA",
            "branch": "(AG HUNEDOARA)",
            "swift_code": "BTRLRO21HD1"
        },
        {
            "id": 81,
            "bank": "BANCA TRANSILVANIA S.A.",
            "city": "IASI",
            "branch": "(IASI BRANCH)",
            "swift_code": "BTRLRO22ISA"
        },
        {
            "id": 82,
            "bank": "BANCA TRANSILVANIA S.A.",
            "city": "INEU",
            "branch": "(AG. INEU)",
            "swift_code": "BTRLRO22AR5"
        },
        {
            "id": 83,
            "bank": "BANCA TRANSILVANIA S.A.",
            "city": "LUGOJ",
            "branch": "(AG. LUGOJ)",
            "swift_code": "BTRLRO22TML"
        },
        {
            "id": 84,
            "bank": "BANCA TRANSILVANIA S.A.",
            "city": "MANGALIA",
            "branch": "(AG. MANGALIA)",
            "swift_code": "BTRLRO22CTM"
        },
        {
            "id": 85,
            "bank": "BANCA TRANSILVANIA S.A.",
            "city": "MEDIAS",
            "branch": "(MEDIAS BRANCH)",
            "swift_code": "BTRLRO21SB1"
        },
        {
            "id": 86,
            "bank": "BANCA TRANSILVANIA S.A.",
            "city": "MIERCUREA CIUC",
            "branch": "(MIERCUREA CIUC BRANCH)",
            "swift_code": "BTRLRO21HRA"
        },
        {
            "id": 87,
            "bank": "BANCA TRANSILVANIA S.A.",
            "city": "NADLAC",
            "branch": "(AG. NADLAC)",
            "swift_code": "BTRLRO22AR3"
        },
        {
            "id": 88,
            "bank": "BANCA TRANSILVANIA S.A.",
            "city": "ODORHEIU SECUIESC",
            "branch": "(ODORHEIU SECUIESC)",
            "swift_code": "BTRLRO22HRO"
        },
        {
            "id": 89,
            "bank": "BANCA TRANSILVANIA S.A.",
            "city": "ONESTI",
            "branch": "(ONESTI)",
            "swift_code": "BTRLRO22BCO"
        },
        {
            "id": 90,
            "bank": "BANCA TRANSILVANIA S.A.",
            "city": "ORADEA",
            "branch": "(AG CANTEMIR)",
            "swift_code": "BTRLRO21BH2"
        },
        {
            "id": 91,
            "bank": "BANCA TRANSILVANIA S.A.",
            "city": "ORADEA",
            "branch": "(AG LOTUS)",
            "swift_code": "BTRLRO21BH3"
        },
        {
            "id": 92,
            "bank": "BANCA TRANSILVANIA S.A.",
            "city": "ORADEA",
            "branch": "(AG. REPUBLICII)",
            "swift_code": "BTRLRO21BH1"
        },
        {
            "id": 93,
            "bank": "BANCA TRANSILVANIA S.A.",
            "city": "ORADEA",
            "branch": "(ORADEA BRANCH)",
            "swift_code": "BTRLRO22BHA"
        },
        {
            "id": 94,
            "bank": "BANCA TRANSILVANIA S.A.",
            "city": "PETROSANI",
            "branch": "(PETROSANI)",
            "swift_code": "BTRLRO22HDP"
        },
        {
            "id": 95,
            "bank": "BANCA TRANSILVANIA S.A.",
            "city": "PIATRA NEAMT",
            "branch": "(NEAMT BRANCH)",
            "swift_code": "BTRLRO22NTA"
        },
        {
            "id": 96,
            "bank": "BANCA TRANSILVANIA S.A.",
            "city": "PITESTI",
            "branch": "(PITESTI BRANCH)",
            "swift_code": "BTRLRO22AGA"
        },
        {
            "id": 97,
            "bank": "BANCA TRANSILVANIA S.A.",
            "city": "PLOIESTI",
            "branch": "(PLOIESTI BRANCH)",
            "swift_code": "BTRLRO22PHA"
        },
        {
            "id": 98,
            "bank": "BANCA TRANSILVANIA S.A.",
            "city": "RADAUTI",
            "branch": "(AG. RADAUTI)",
            "swift_code": "BTRLRO22SVR"
        },
        {
            "id": 99,
            "bank": "BANCA TRANSILVANIA S.A.",
            "city": "RAMNICU SARAT",
            "branch": "(RAMNICU SARAT)",
            "swift_code": "BTRLRO22BZR"
        },
        {
            "id": 100,
            "bank": "BANCA TRANSILVANIA S.A.",
            "city": "RAMNICU VALCEA",
            "branch": "(VALCEA BRANCH)",
            "swift_code": "BTRLRO22VLA"
        },
        {
            "id": 101,
            "bank": "BANCA TRANSILVANIA S.A.",
            "city": "REGHIN",
            "branch": "(AG. REGHIN)",
            "swift_code": "BTRLRO22MSR"
        },
        {
            "id": 102,
            "bank": "BANCA TRANSILVANIA S.A.",
            "city": "RESITA",
            "branch": "(RESITA)",
            "swift_code": "BTRLRO22CSA"
        },
        {
            "id": 103,
            "bank": "BANCA TRANSILVANIA S.A.",
            "city": "ROMAN",
            "branch": "(AG. ROMAN)",
            "swift_code": "BTRLRO22NTR"
        },
        {
            "id": 104,
            "bank": "BANCA TRANSILVANIA S.A.",
            "city": "SATU MARE",
            "branch": "(SATU MARE BRANCH)",
            "swift_code": "BTRLRO22SMA"
        },
        {
            "id": 105,
            "bank": "BANCA TRANSILVANIA S.A.",
            "city": "SEBES",
            "branch": "(SEBES BRANCH)",
            "swift_code": "BTRLRO21AB1"
        },
        {
            "id": 106,
            "bank": "BANCA TRANSILVANIA S.A.",
            "city": "SFANTU GHEORGHE",
            "branch": "(SFANTU GHEORGHE BRANCH)",
            "swift_code": "BTRLRO22CVA"
        },
        {
            "id": 107,
            "bank": "BANCA TRANSILVANIA S.A.",
            "city": "SIBIU",
            "branch": "(SIBIU BRANCH)",
            "swift_code": "BTRLRO21SB2"
        },
        {
            "id": 108,
            "bank": "BANCA TRANSILVANIA S.A.",
            "city": "SIBIU",
            "branch": "(SIBIU BRANCH)",
            "swift_code": "BTRLRO22SBA"
        },
        {
            "id": 109,
            "bank": "BANCA TRANSILVANIA S.A.",
            "city": "SIGHET",
            "branch": "(AG. SIGHET)",
            "swift_code": "BTRLRO22MMS"
        },
        {
            "id": 110,
            "bank": "BANCA TRANSILVANIA S.A.",
            "city": "SIGHISOARA",
            "branch": "(SIGHISOARA BRANCH)",
            "swift_code": "BTRLRO21MS2"
        },
        {
            "id": 111,
            "bank": "BANCA TRANSILVANIA S.A.",
            "city": "SLATINA",
            "branch": "(SLATINA)",
            "swift_code": "BTRLRO22OTA"
        },
        {
            "id": 112,
            "bank": "BANCA TRANSILVANIA S.A.",
            "city": "SLOBOZIA",
            "branch": "(SLOBOZIA)",
            "swift_code": "BTRLRO22ILA"
        },
        {
            "id": 113,
            "bank": "BANCA TRANSILVANIA S.A.",
            "city": "SUCEAVA",
            "branch": "(SUCEAVA BRANCH)",
            "swift_code": "BTRLRO22SVA"
        },
        {
            "id": 114,
            "bank": "BANCA TRANSILVANIA S.A.",
            "city": "TARGOVISTE",
            "branch": "(DAMBOVITA BRANCH)",
            "swift_code": "BTRLRO22DBA"
        },
        {
            "id": 115,
            "bank": "BANCA TRANSILVANIA S.A.",
            "city": "TARGU JIU",
            "branch": "(TG. JIU BRANCH)",
            "swift_code": "BTRLRO22GJA"
        },
        {
            "id": 116,
            "bank": "BANCA TRANSILVANIA S.A.",
            "city": "TARGU MURES",
            "branch": "(MURES BRANCH)",
            "swift_code": "BTRLRO22MSA"
        },
        {
            "id": 117,
            "bank": "BANCA TRANSILVANIA S.A.",
            "city": "TARGU MURES",
            "branch": "(TARGU MURES BRANCH)",
            "swift_code": "BTRLRO21MS1"
        },
        {
            "id": 118,
            "bank": "BANCA TRANSILVANIA S.A.",
            "city": "TARGU NEAMT",
            "branch": "(TARGU NEAMT)",
            "swift_code": "BTRLRO22NTT"
        },
        {
            "id": 119,
            "bank": "BANCA TRANSILVANIA S.A.",
            "city": "TARGU SECUIESC",
            "branch": "(AG. TG. SECUIESC)",
            "swift_code": "BTRLRO22CVT"
        },
        {
            "id": 120,
            "bank": "BANCA TRANSILVANIA S.A.",
            "city": "TECUCI",
            "branch": "(TECUCI)",
            "swift_code": "BTRLRO22GLT"
        },
        {
            "id": 121,
            "bank": "BANCA TRANSILVANIA S.A.",
            "city": "TIMISOARA",
            "branch": "(TIMISOARA BRANCH)",
            "swift_code": "BTRLRO22TMA"
        },
        {
            "id": 122,
            "bank": "BANCA TRANSILVANIA S.A.",
            "city": "TULCEA",
            "branch": "(TULCEA BRANCH)",
            "swift_code": "BTRLRO21TLA"
        },
        {
            "id": 123,
            "bank": "BANCA TRANSILVANIA S.A.",
            "city": "TURDA",
            "branch": "(TURDA BRANCH)",
            "swift_code": "BTRLRO22CJT"
        },
        {
            "id": 124,
            "bank": "BANCA TRANSILVANIA S.A.",
            "city": "TURNU SEVERIN",
            "branch": "(MEHEDINTI BRANCH)",
            "swift_code": "BTRLRO22MHA"
        },
        {
            "id": 125,
            "bank": "BANCA TRANSILVANIA S.A.",
            "city": "VATRA DORNEI",
            "branch": "(VATRA DORNEI)",
            "swift_code": "BTRLRO22SVV"
        },
        {
            "id": 126,
            "bank": "BANCA TRANSILVANIA S.A.",
            "city": "ZALAU",
            "branch": "(ZALAU BRANCH)",
            "swift_code": "BTRLRO22SJA"
        },
        {
            "id": 127,
            "bank": "BANK LEUMI ROMANIA S.A.",
            "city": "BRASOV",
            "branch": null,
            "swift_code": "DAFBRO22BRA"
        },
        {
            "id": 128,
            "bank": "BANK LEUMI ROMANIA S.A.",
            "city": "BUCHAREST",
            "branch": "(HEAD OFFICE)",
            "swift_code": "DAFBRO22"
        },
        {
            "id": 129,
            "bank": "BANK LEUMI ROMANIA S.A.",
            "city": "BUCHAREST",
            "branch": null,
            "swift_code": "DAFBRO22BUC"
        },
        {
            "id": 130,
            "bank": "BANK LEUMI ROMANIA S.A.",
            "city": "CLUJ-NAPOCA",
            "branch": null,
            "swift_code": "DAFBRO22CLU"
        },
        {
            "id": 131,
            "bank": "BANK LEUMI ROMANIA S.A.",
            "city": "CONSTANTA",
            "branch": null,
            "swift_code": "DAFBRO22CTA"
        },
        {
            "id": 132,
            "bank": "BANK LEUMI ROMANIA S.A.",
            "city": "ORADEA",
            "branch": null,
            "swift_code": "DAFBRO22ORA"
        },
        {
            "id": 133,
            "bank": "BANK LEUMI ROMANIA S.A.",
            "city": "TIMISOARA",
            "branch": null,
            "swift_code": "DAFBRO22TIM"
        },
        {
            "id": 134,
            "bank": "BANK OF CYPRUS PCL NICOSIA, ROMANIAN BRANCH",
            "city": "BUCHAREST",
            "branch": null,
            "swift_code": "BCYPROBU"
        },
        {
            "id": 135,
            "bank": "BCR BANCA PENTRU LOCUINTE S.A.",
            "city": "BUCHAREST",
            "branch": null,
            "swift_code": "BCRLROBU"
        },
        {
            "id": 136,
            "bank": "BFOREX GLOBAL TRADING S.A.",
            "city": "BUCHAREST",
            "branch": null,
            "swift_code": "BGLTROB1"
        },
        {
            "id": 137,
            "bank": "BLOM BANK FRANCE S.A. ROMANIA BRANCH",
            "city": "BUCHAREST",
            "branch": null,
            "swift_code": "BLOMROBU"
        },
        {
            "id": 138,
            "bank": "BLUE ROCK FINANCIAL SERVICES",
            "city": "BUCHAREST",
            "branch": null,
            "swift_code": "TRPTRO21"
        },
        {
            "id": 139,
            "bank": "BNP PARIBAS S.A. PARIS SUCURSALA BUCURESTI",
            "city": "BUCHAREST",
            "branch": null,
            "swift_code": "FTSBROBU"
        },
        {
            "id": 140,
            "bank": "BRD - GROUPE SOCIETE GENERALE SA",
            "city": "BUCHAREST",
            "branch": "(CAMPINEANU BRANCH)",
            "swift_code": "BRDEROBUCAM"
        },
        {
            "id": 141,
            "bank": "BRD - GROUPE SOCIETE GENERALE SA",
            "city": "BUCHAREST",
            "branch": "(SECURITIES DIVISION)",
            "swift_code": "BRDEROBUTIT"
        },
        {
            "id": 142,
            "bank": "BRD - GROUPE SOCIETE GENERALE SA",
            "city": "BUCHAREST",
            "branch": null,
            "swift_code": "BRDEROBU"
        },
        {
            "id": 143,
            "bank": "BRD SECURITIES-GROUPE SOCIETE GENERALE S.A.",
            "city": "BUCHAREST",
            "branch": null,
            "swift_code": "BSGSROB1"
        },
        {
            "id": 144,
            "bank": "BT SECURITIES S.A.",
            "city": "CLUJ-NAPOCA",
            "branch": null,
            "swift_code": "SEEERO21"
        },
        {
            "id": 145,
            "bank": "BUCURESTI GLOBAL INVEST S.A.",
            "city": "BUCHAREST",
            "branch": null,
            "swift_code": "BUGIROB1"
        },
        {
            "id": 146,
            "bank": "BURSA DE VALORI BUCURESTI SA",
            "city": "BUCHAREST",
            "branch": null,
            "swift_code": "XBSEROB1"
        },
        {
            "id": 147,
            "bank": "BURSA ROMANA DE MARFURI (ROMANIAN COMMODITIES EXCHANGE) SA",
            "city": "BUCHAREST",
            "branch": null,
            "swift_code": "BURMROB1"
        },
        {
            "id": 148,
            "bank": "CAPA FINANCE IFN SA",
            "city": "BUCHAREST",
            "branch": null,
            "swift_code": "PATRROB1"
        },
        {
            "id": 149,
            "bank": "CAPITAL FINANCIAL SERVICES SA",
            "city": "BUCHAREST",
            "branch": null,
            "swift_code": "CPFSROBU"
        },
        {
            "id": 150,
            "bank": "CAPITOL S.A.",
            "city": "BUCHAREST",
            "branch": null,
            "swift_code": "CATLROB1"
        },
        {
            "id": 151,
            "bank": "CARPATICA INVEST SA",
            "city": "SIBIU",
            "branch": null,
            "swift_code": "CRNVRO21"
        },
        {
            "id": 152,
            "bank": "CASA DE COMPENSARE BUCURESTI S.A.",
            "city": "BUCHAREST",
            "branch": null,
            "swift_code": "CCBUROB1"
        },
        {
            "id": 153,
            "bank": "CASA ROMANA DE COMPENSATIE S.A.",
            "city": "SIBIU",
            "branch": null,
            "swift_code": "CSRCRO21"
        },
        {
            "id": 154,
            "bank": "CEC BANK-S.A.",
            "city": "BUCHAREST",
            "branch": null,
            "swift_code": "CECEROBU"
        },
        {
            "id": 155,
            "bank": "CENTRAL EUROPEAN INVESTMENTS S.A.",
            "city": "BUCHAREST",
            "branch": null,
            "swift_code": "CEENROB1"
        },
        {
            "id": 156,
            "bank": "CITIBANK EUROPE PLC, DUBLIN-SUCURSALA ROMANIA",
            "city": "BUCHAREST",
            "branch": "(TARGET 2)",
            "swift_code": "CITIROBUTGT"
        },
        {
            "id": 157,
            "bank": "CITIBANK EUROPE PLC, DUBLIN-SUCURSALA ROMANIA",
            "city": "BUCHAREST",
            "branch": "(TRADE SERVICES DEPT.)",
            "swift_code": "CITIROBUTRD"
        },
        {
            "id": 158,
            "bank": "CITIBANK EUROPE PLC, DUBLIN-SUCURSALA ROMANIA",
            "city": "BUCHAREST",
            "branch": null,
            "swift_code": "CITIROBU"
        },
        {
            "id": 159,
            "bank": "CITY INVEST S.A.",
            "city": "GALATI",
            "branch": null,
            "swift_code": "CIYIRO21"
        },
        {
            "id": 160,
            "bank": "CONFIDENT INVEST BUCHAREST S.A.",
            "city": "BUCHAREST",
            "branch": null,
            "swift_code": "COIHROB1"
        },
        {
            "id": 161,
            "bank": "CREDIT AGRICOLE BANK ROMANIA S.A.",
            "city": "BUCHAREST",
            "branch": null,
            "swift_code": "BSEAROBU"
        },
        {
            "id": 162,
            "bank": "CREDIT EUROPE BANK (ROMANIA) S.A.",
            "city": "BUCHAREST",
            "branch": null,
            "swift_code": "FNNBROBU"
        },
        {
            "id": 163,
            "bank": "DELTA VALORI MOBILIARE (D.V.M.) S.A",
            "city": "BUCHAREST",
            "branch": null,
            "swift_code": "DVMDROB1"
        },
        {
            "id": 164,
            "bank": "DEPOZITARUL CENTRAL S.A.",
            "city": "BUCHAREST",
            "branch": null,
            "swift_code": "DECNROBU"
        },
        {
            "id": 165,
            "bank": "DORINVEST S.A.",
            "city": "BUCHAREST",
            "branch": null,
            "swift_code": "DORNROB1"
        },
        {
            "id": 166,
            "bank": "EASTERN SECURITIES S.A.",
            "city": "BUCHAREST",
            "branch": null,
            "swift_code": "EASCROB1"
        },
        {
            "id": 167,
            "bank": "EGNATIA SECURITIES S.A.",
            "city": "BUCHAREST",
            "branch": null,
            "swift_code": "EGNTROB1"
        },
        {
            "id": 168,
            "bank": "ELDAINVEST S.A.",
            "city": "GALATI",
            "branch": null,
            "swift_code": "ELDARO21"
        },
        {
            "id": 169,
            "bank": "EQUITY INVEST S.A.",
            "city": "BUCHAREST",
            "branch": null,
            "swift_code": "EQIVROB1"
        },
        {
            "id": 170,
            "bank": "ESTEURO CAPITAL S.A.",
            "city": "BUCHAREST",
            "branch": null,
            "swift_code": "ESCPROB1"
        },
        {
            "id": 171,
            "bank": "ESTINVEST S.A.",
            "city": "FOCSANI",
            "branch": null,
            "swift_code": "ESTIRO21"
        },
        {
            "id": 172,
            "bank": "ETEBA ROMANIA S.A.",
            "city": "BUCHAREST",
            "branch": null,
            "swift_code": "ETROROB1"
        },
        {
            "id": 173,
            "bank": "ETR ROMANIA",
            "city": "BUCHAREST",
            "branch": null,
            "swift_code": "ETRMROB1"
        },
        {
            "id": 174,
            "bank": "EUROBANK SECURITIES S.A.",
            "city": "BUCHAREST",
            "branch": null,
            "swift_code": "EFESROB1"
        },
        {
            "id": 175,
            "bank": "EUROSAVAM S.A.",
            "city": "PLOIESTI",
            "branch": null,
            "swift_code": "EURVROB1"
        },
        {
            "id": 176,
            "bank": "EXIMBANK OF ROMANIA",
            "city": "BUCHAREST",
            "branch": null,
            "swift_code": "EXIMROBU"
        },
        {
            "id": 177,
            "bank": "FAIRWIND SECURITIES S.A.",
            "city": "BUCHAREST",
            "branch": null,
            "swift_code": "UNSUROB1"
        },
        {
            "id": 178,
            "bank": "FINACO SECURITIES S.A.",
            "city": "BUCHAREST",
            "branch": null,
            "swift_code": "FIUEROB1"
        },
        {
            "id": 179,
            "bank": "G.I.F.-GRUPUL DE INTERMEDIERE FINANCIARA S.A.",
            "city": "BUCHAREST",
            "branch": null,
            "swift_code": "GGIFROB1"
        },
        {
            "id": 180,
            "bank": "G.M. INVEST S.A.",
            "city": "BUCHAREST",
            "branch": null,
            "swift_code": "IVTEROB1"
        },
        {
            "id": 181,
            "bank": "GARANTI BANK S.A.",
            "city": "BUCHAREST",
            "branch": null,
            "swift_code": "UGBIROBU"
        },
        {
            "id": 182,
            "bank": "GLOBAL VALORI MOBILIARE S.A.",
            "city": "BUCHAREST",
            "branch": null,
            "swift_code": "GLVMROB1"
        },
        {
            "id": 183,
            "bank": "GOLDRING S.A.",
            "city": "TARGU MURES",
            "branch": null,
            "swift_code": "GOLIRO21"
        },
        {
            "id": 184,
            "bank": "HARINVEST S.A.",
            "city": "RAMNICU VALCEA",
            "branch": null,
            "swift_code": "HARIRO21"
        },
        {
            "id": 185,
            "bank": "HB INVEST S.A.",
            "city": "BRASOV",
            "branch": null,
            "swift_code": "IVTSRO21"
        },
        {
            "id": 186,
            "bank": "HTI VALORI MOBILIARE S.A.",
            "city": "BUCHAREST",
            "branch": null,
            "swift_code": "HTVMROB1"
        },
        {
            "id": 187,
            "bank": "IDEA BANK SA",
            "city": "BUCHAREST",
            "branch": null,
            "swift_code": "ROINROBU"
        },
        {
            "id": 188,
            "bank": "IEBA TRUST S.A.",
            "city": "BUCHAREST",
            "branch": null,
            "swift_code": "IETRROB1"
        },
        {
            "id": 189,
            "bank": "IFB FINWEST S.A.",
            "city": "ARAD",
            "branch": null,
            "swift_code": "IFFNRO21"
        },
        {
            "id": 190,
            "bank": "ING BANK N.V., BUCHAREST BRANCH",
            "city": "BUCHAREST",
            "branch": null,
            "swift_code": "INGBROBU"
        },
        {
            "id": 191,
            "bank": "INTERCAPITAL INVEST S.A.",
            "city": "BUCHAREST",
            "branch": null,
            "swift_code": "ITINROB1"
        },
        {
            "id": 192,
            "bank": "INTERDEALER CAPITAL INVEST S.A.",
            "city": "CLUJ-NAPOCA",
            "branch": null,
            "swift_code": "INLNRO21"
        },
        {
            "id": 193,
            "bank": "INTERFINBROK CORPORATION S.A.",
            "city": "CONSTANTA",
            "branch": null,
            "swift_code": "INAORO21"
        },
        {
            "id": 194,
            "bank": "INTERVAM S.A.",
            "city": "BUCHAREST",
            "branch": null,
            "swift_code": "ITTRROB1"
        },
        {
            "id": 195,
            "bank": "INTESA SANPAOLO ROMANIA S.A.",
            "city": "BUCHAREST",
            "branch": null,
            "swift_code": "WBANRO22"
        },
        {
            "id": 196,
            "bank": "INVEST TRUST S.A.",
            "city": "CRAIOVA",
            "branch": null,
            "swift_code": "INUTRO21"
        },
        {
            "id": 197,
            "bank": "KD CAPITAL MANAGEMENT S.A.",
            "city": "BUCHAREST",
            "branch": null,
            "swift_code": "CPMAROB1"
        },
        {
            "id": 198,
            "bank": "KIRA CREDITO AND CAUZIONI IFN S.A",
            "city": "IASI",
            "branch": null,
            "swift_code": "KCCFRO21"
        },
        {
            "id": 199,
            "bank": "KMG ROMPETROL",
            "city": "BUCHAREST",
            "branch": null,
            "swift_code": "KMGRROBU"
        },
        {
            "id": 200,
            "bank": "LIBRA BANK S.A.",
            "city": "BUCHAREST",
            "branch": null,
            "swift_code": "BRELROBU"
        },
        {
            "id": 201,
            "bank": "LIBRA BANK S.A.",
            "city": "BUCHAREST",
            "branch": null,
            "swift_code": "BRELROBUCAM"
        },
        {
            "id": 202,
            "bank": "MARFIN BANK (ROMANIA) S.A.",
            "city": "BUCHAREST",
            "branch": null,
            "swift_code": "EGNAROBX"
        },
        {
            "id": 203,
            "bank": "MINISTRY OF PUBLIC FINANCE",
            "city": "BUCHAREST",
            "branch": null,
            "swift_code": "TREZROBU"
        },
        {
            "id": 204,
            "bank": "MONDIAL SA",
            "city": "LUGOJ",
            "branch": null,
            "swift_code": "MODLRO21"
        },
        {
            "id": 205,
            "bank": "MUNTENIA GLOBAL INVEST S.A.",
            "city": "BUCHAREST",
            "branch": null,
            "swift_code": "MUGIROB1"
        },
        {
            "id": 206,
            "bank": "NATIONAL BANK OF ROMANIA",
            "city": "BUCHAREST",
            "branch": null,
            "swift_code": "NBORROBP"
        },
        {
            "id": 207,
            "bank": "NATIONAL BANK OF ROMANIA",
            "city": "BUCHAREST",
            "branch": null,
            "swift_code": "NBORROBS"
        },
        {
            "id": 208,
            "bank": "NATIONAL BANK OF ROMANIA",
            "city": "BUCHAREST",
            "branch": null,
            "swift_code": "NBORROBU"
        },
        {
            "id": 209,
            "bank": "NATIONAL BANK OF ROMANIA - REGIS",
            "city": "BUCHAREST",
            "branch": null,
            "swift_code": "NBORROBA"
        },
        {
            "id": 210,
            "bank": "NATIONAL BANK OF ROMANIA - SAFIR",
            "city": "BUCHAREST",
            "branch": null,
            "swift_code": "NBORROBB"
        },
        {
            "id": 211,
            "bank": "NHL SECURITIES S.A.",
            "city": "BUCHAREST",
            "branch": null,
            "swift_code": "SMRSROB1"
        },
        {
            "id": 212,
            "bank": "NOVA INVEST S.A.",
            "city": "SATU MARE",
            "branch": null,
            "swift_code": "NOIVRO21"
        },
        {
            "id": 213,
            "bank": "OLTENIA GRUP INVEST S.A.",
            "city": "CRAIOVA",
            "branch": null,
            "swift_code": "OLGIRO21"
        },
        {
            "id": 214,
            "bank": "OTP BANK ROMANIA S.A.",
            "city": "BUCHAREST",
            "branch": null,
            "swift_code": "OTPVROBU"
        },
        {
            "id": 215,
            "bank": "PATRIA BANK S.A.",
            "city": "SIBIU",
            "branch": null,
            "swift_code": "CARPRO22"
        },
        {
            "id": 216,
            "bank": "PIRAEUS BANK ROMANIA",
            "city": "BUCHAREST",
            "branch": null,
            "swift_code": "PIRBROBU"
        },
        {
            "id": 217,
            "bank": "PORSCHE BANK ROMANIA SA",
            "city": "VOLUNTARI",
            "branch": null,
            "swift_code": "PORLROBU"
        },
        {
            "id": 218,
            "bank": "PRIME TRANSACTION S.A.",
            "city": "BUCHAREST",
            "branch": null,
            "swift_code": "PRTAROB1"
        },
        {
            "id": 219,
            "bank": "PROCREDITBANK S.A.",
            "city": "BUCHAREST",
            "branch": null,
            "swift_code": "MIROROBU"
        },
        {
            "id": 220,
            "bank": "RAIFFEISEN BANCA PENTRU LOCUINTE S.A.",
            "city": "BUCHAREST",
            "branch": null,
            "swift_code": "RZBLROBU"
        },
        {
            "id": 221,
            "bank": "RAIFFEISEN BANK S.A.",
            "city": "BUCHAREST",
            "branch": null,
            "swift_code": "RZBRROBU"
        },
        {
            "id": 222,
            "bank": "RAIFFEISEN CAPITAL AND INVESTMENT S.A.",
            "city": "BUCHAREST",
            "branch": null,
            "swift_code": "RACIROB1"
        },
        {
            "id": 223,
            "bank": "RASDAQ",
            "city": "BUCHAREST",
            "branch": null,
            "swift_code": "XRASROB1"
        },
        {
            "id": 224,
            "bank": "RBS SECURITIES (ROMANIA) S.A.",
            "city": "BUCHAREST",
            "branch": null,
            "swift_code": "AASOROB1"
        },
        {
            "id": 225,
            "bank": "ROINVEST BUCOVINA S.A.",
            "city": "SUCEAVA",
            "branch": null,
            "swift_code": "ROBURO21"
        },
        {
            "id": 226,
            "bank": "ROMANIAN POST NATIONAL COMPANY",
            "city": "BUCHAREST",
            "branch": null,
            "swift_code": "RONCROB1"
        },
        {
            "id": 227,
            "bank": "ROMBELL SECURITIES S.A.",
            "city": "BUCHAREST",
            "branch": null,
            "swift_code": "ROECROB1"
        },
        {
            "id": 228,
            "bank": "ROMCAPITAL S.A.",
            "city": "TIMIS",
            "branch": null,
            "swift_code": "ROMCRO21"
        },
        {
            "id": 229,
            "bank": "ROMEXTERRA FINANCE S.A",
            "city": "TARGU MURES",
            "branch": null,
            "swift_code": "FNCCRO21"
        },
        {
            "id": 230,
            "bank": "S.C. DEPOZITARUL SIBEX S.A.",
            "city": "SIBIU",
            "branch": null,
            "swift_code": "DESXRO21"
        },
        {
            "id": 231,
            "bank": "S.S.I.F. FORTIUS FINANCE S.A.",
            "city": "BUCHAREST",
            "branch": null,
            "swift_code": "SSFIROB1"
        },
        {
            "id": 232,
            "bank": "S.S.I.F. ORIZONT VEST S.A.",
            "city": "ORADEA",
            "branch": null,
            "swift_code": "SSOVRO21"
        },
        {
            "id": 233,
            "bank": "S.S.I.F. PIRAEUS SECURITIES ROMANIA S.A.",
            "city": "BUCHAREST",
            "branch": null,
            "swift_code": "SPSMROB1"
        },
        {
            "id": 234,
            "bank": "S.S.I.F. ROMINTRADE S.A.",
            "city": "BRASOV",
            "branch": null,
            "swift_code": "SSRORO21"
        },
        {
            "id": 235,
            "bank": "S.S.I.F. VIENNA INVESTMENT TRUST S.A.",
            "city": "BUCHAREST",
            "branch": null,
            "swift_code": "FIEFROB1"
        },
        {
            "id": 236,
            "bank": "SAMSUNG ELECTRONICS ROMANIA SRL",
            "city": "VOLUNTARI",
            "branch": null,
            "swift_code": "SECTRO21"
        },
        {
            "id": 237,
            "bank": "SAMSUNG ELECTRONICS ROMANIA SRL",
            "city": "VOLUNTARI",
            "branch": null,
            "swift_code": "SECTRO214B6"
        },
        {
            "id": 238,
            "bank": "SC SMITH AND SMITH SRL",
            "city": "BUCHAREST",
            "branch": null,
            "swift_code": "SSRRROB1"
        },
        {
            "id": 239,
            "bank": "SOCIETATE DE INVESTITII FINANCIARE BROKER S.A.",
            "city": "CLUJ-NAPOCA",
            "branch": null,
            "swift_code": "SIFKRO21"
        },
        {
            "id": 240,
            "bank": "SOCIETATEA NATIONALA DE COMPENSARE, DECONTARE SI DEPOZITARE PENTRU VALORI MOBILIARE SA",
            "city": "BUCHAREST",
            "branch": null,
            "swift_code": "SNCDROB1"
        },
        {
            "id": 241,
            "bank": "SPEED TRANSFER FINANCIAR SRL",
            "city": "BUCHAREST",
            "branch": null,
            "swift_code": "SRFSROB1"
        },
        {
            "id": 242,
            "bank": "SSIF MOBINVEST S.A.",
            "city": "ORADEA",
            "branch": null,
            "swift_code": "SSMORO21"
        },
        {
            "id": 243,
            "bank": "SSIF STK TRADING S.A.",
            "city": "ARAD",
            "branch": null,
            "swift_code": "SSSRRO21"
        },
        {
            "id": 244,
            "bank": "SUPER GOLD INVEST S.A.",
            "city": "PITESTI",
            "branch": null,
            "swift_code": "SUGIRO21"
        },
        {
            "id": 245,
            "bank": "SWISS CAPITAL SA",
            "city": "BUCHAREST",
            "branch": null,
            "swift_code": "KSRSROB1"
        },
        {
            "id": 246,
            "bank": "T.G.H. INVESTMENT S.A.",
            "city": "IASI",
            "branch": null,
            "swift_code": "TGINRO21"
        },
        {
            "id": 247,
            "bank": "TARGET CAPITAL S.A.",
            "city": "CLUJ-NAPOCA",
            "branch": null,
            "swift_code": "TACIRO21"
        },
        {
            "id": 248,
            "bank": "TBI BANK EAD SOFIA BUCHAREST BRANCH",
            "city": "BUCHAREST",
            "branch": null,
            "swift_code": "TBIBROBU"
        },
        {
            "id": 249,
            "bank": "TRADEVILLE SA",
            "city": "BUCHAREST",
            "branch": null,
            "swift_code": "VANGROB1"
        },
        {
            "id": 250,
            "bank": "TRANSFOND S.A.",
            "city": "BUCHAREST",
            "branch": "(BACK OFFICE APPLICATION)",
            "swift_code": "TRFDROBSSNT"
        },
        {
            "id": 251,
            "bank": "TRANSFOND S.A.",
            "city": "BUCHAREST",
            "branch": null,
            "swift_code": "TRFDROBS"
        },
        {
            "id": 252,
            "bank": "TRANSFOND S.A.",
            "city": "BUCHAREST",
            "branch": null,
            "swift_code": "TRFDROBU"
        },
        {
            "id": 253,
            "bank": "TREND S.A.",
            "city": "BACAU",
            "branch": null,
            "swift_code": "TEENRO21"
        },
        {
            "id": 254,
            "bank": "UNICAPITAL S.A.",
            "city": "BUCHAREST",
            "branch": null,
            "swift_code": "UNCPROB1"
        },
        {
            "id": 255,
            "bank": "UNICREDIT BANK SA",
            "city": "BUCHAREST",
            "branch": null,
            "swift_code": "BACXROBU"
        },
        {
            "id": 256,
            "bank": "UNICREDIT CA-IB SECURITIES SA",
            "city": "BUCHAREST",
            "branch": null,
            "swift_code": "CAUEROB1"
        },
        {
            "id": 257,
            "bank": "URSUS BREWERIES SA",
            "city": "BUCHAREST",
            "branch": null,
            "swift_code": "SABMROB1"
        },
        {
            "id": 258,
            "bank": "VALAHIA CAPITAL SA",
            "city": "BUCHAREST",
            "branch": null,
            "swift_code": "VACTROB1"
        },
        {
            "id": 259,
            "bank": "VALMOB INTERMEDIA S.A.",
            "city": "PITESTI",
            "branch": null,
            "swift_code": "VAITRO21"
        },
        {
            "id": 260,
            "bank": "VENETO BANCA S.P.A. ITALIA MONTEBELLUNA SUCURSALA BUCURESTI",
            "city": "BUCHAREST",
            "branch": null,
            "swift_code": "BITRROBU"
        },
        {
            "id": 261,
            "bank": "VENTRUST INVESTMENT S.A.",
            "city": "TARGU MURES",
            "branch": null,
            "swift_code": "VEIVRO21"
        },
        {
            "id": 262,
            "bank": "VOLTINVEST S.A.",
            "city": "CRAIOVA",
            "branch": null,
            "swift_code": "VOLTRO21"
        },
        {
            "id": 263,
            "bank": "W.B.S. ROMANIA S.A.",
            "city": "BUCHAREST",
            "branch": null,
            "swift_code": "WBROROB1"
        }
    ]
}
