{
    "country": "Saudi Arabia",
    "country_code": "SA",
    "list": [
        {
            "id": 1,
            "bank": "AL AMOUNDI EXCHANGE AND TRADING",
            "city": "JEDDAH",
            "branch": null,
            "swift_code": "AMETSAJ1"
        },
        {
            "id": 2,
            "bank": "AL INMA BANK",
            "city": "RIYADH",
            "branch": null,
            "swift_code": "INMASARI"
        },
        {
            "id": 3,
            "bank": "AL RAJHI BANK",
            "city": "RIYADH",
            "branch": "(HEAD OFFICE)",
            "swift_code": "RJHISARI"
        },
        {
            "id": 4,
            "bank": "ALAMOUDI EXCHANGE COMPANY",
            "city": "JEDDAH",
            "branch": null,
            "swift_code": "AMDISAJE"
        },
        {
            "id": 5,
            "bank": "ALAWWAL BANK",
            "city": "ALKHOBAR",
            "branch": "(EASTERN AREA ALKHOBAR)",
            "swift_code": "AAALSARIALK"
        },
        {
            "id": 6,
            "bank": "ALAWWAL BANK",
            "city": "JEDDAH",
            "branch": "(WESTERN AREA JEDDAH)",
            "swift_code": "AAALSARIJED"
        },
        {
            "id": 7,
            "bank": "ALAWWAL BANK",
            "city": "RIYADH",
            "branch": "(CENTRAL AREA RIYADH)",
            "swift_code": "AAALSARIRYD"
        },
        {
            "id": 8,
            "bank": "ALAWWAL BANK",
            "city": "RIYADH",
            "branch": "(CENTRAL TREASURY DEPT.)",
            "swift_code": "AAALSARICTD"
        },
        {
            "id": 9,
            "bank": "ALAWWAL BANK",
            "city": "RIYADH",
            "branch": null,
            "swift_code": "AAALSARI"
        },
        {
            "id": 10,
            "bank": "ALAWWAL INVEST",
            "city": "RIYADH",
            "branch": null,
            "swift_code": "SAHCSARI"
        },
        {
            "id": 11,
            "bank": "ALMARAI COMPANY",
            "city": "RIYADH",
            "branch": null,
            "swift_code": "ALMRSARI"
        },
        {
            "id": 12,
            "bank": "ALRAJHI COMMERCIAL FOREIGN EXCHANGE",
            "city": "JEDDAH",
            "branch": null,
            "swift_code": "AFEXSAJ1"
        },
        {
            "id": 13,
            "bank": "ARAB NATIONAL BANK",
            "city": "RIYADH",
            "branch": "(HEAD OFFICE)",
            "swift_code": "ARNBSARI"
        },
        {
            "id": 14,
            "bank": "ARAB PETROLEM INVESTMENTS CORPORATION",
            "city": "DAMMAM",
            "branch": null,
            "swift_code": "APICSADM"
        },
        {
            "id": 15,
            "bank": "ARAB PETROLEUM INVESTMENTS CORPORATION",
            "city": "DAMMAM",
            "branch": null,
            "swift_code": "APIASAR1"
        },
        {
            "id": 16,
            "bank": "BANK AL BILAD",
            "city": "DAMMAM",
            "branch": "(DAMMAM)",
            "swift_code": "ALBISARIDAM"
        },
        {
            "id": 17,
            "bank": "BANK AL BILAD",
            "city": "JEDDAH",
            "branch": "(JEDDAH)",
            "swift_code": "ALBISARIJED"
        },
        {
            "id": 18,
            "bank": "BANK AL BILAD",
            "city": "RIYADH",
            "branch": "(ALBILAD CUSTODY)",
            "swift_code": "ALBISARICAP"
        },
        {
            "id": 19,
            "bank": "BANK AL BILAD",
            "city": "RIYADH",
            "branch": "(TRADE FINANCE CENTER)",
            "swift_code": "ALBISARITFC"
        },
        {
            "id": 20,
            "bank": "BANK AL BILAD",
            "city": "RIYADH",
            "branch": null,
            "swift_code": "ALBISARI"
        },
        {
            "id": 21,
            "bank": "BANK AL-JAZIRA",
            "city": "ALKHOBAR",
            "branch": "(ALKHOBAR BRANCH)",
            "swift_code": "BJAZSAJE013"
        },
        {
            "id": 22,
            "bank": "BANK AL-JAZIRA",
            "city": "BURAIDAH",
            "branch": "(BURAIDAH BRANCH)",
            "swift_code": "BJAZSAJE026"
        },
        {
            "id": 23,
            "bank": "BANK AL-JAZIRA",
            "city": "DAMMAM",
            "branch": "(DAMMAM BRANCH)",
            "swift_code": "BJAZSAJE009"
        },
        {
            "id": 24,
            "bank": "BANK AL-JAZIRA",
            "city": "HOFUF",
            "branch": "(HOFUF BRANCH)",
            "swift_code": "BJAZSAJE025"
        },
        {
            "id": 25,
            "bank": "BANK AL-JAZIRA",
            "city": "JEDDAH",
            "branch": "(HEAD OFFICE)",
            "swift_code": "BJAZSAJE002"
        },
        {
            "id": 26,
            "bank": "BANK AL-JAZIRA",
            "city": "JEDDAH",
            "branch": "(KHALID BIN WALEED STREET BRANCH)",
            "swift_code": "BJAZSAJE007"
        },
        {
            "id": 27,
            "bank": "BANK AL-JAZIRA",
            "city": "JEDDAH",
            "branch": "(KING ABDUL AZIZ STREET BR.)",
            "swift_code": "BJAZSAJE006"
        },
        {
            "id": 28,
            "bank": "BANK AL-JAZIRA",
            "city": "JEDDAH",
            "branch": "(MADINA ROAD BRANCH)",
            "swift_code": "BJAZSAJE021"
        },
        {
            "id": 29,
            "bank": "BANK AL-JAZIRA",
            "city": "JEDDAH",
            "branch": null,
            "swift_code": "BJAZSAJE"
        },
        {
            "id": 30,
            "bank": "BANK AL-JAZIRA",
            "city": "JUBAIL",
            "branch": "(JUBAIL BRANCH)",
            "swift_code": "BJAZSAJE019"
        },
        {
            "id": 31,
            "bank": "BANK AL-JAZIRA",
            "city": "MADINA MUNAWWARA",
            "branch": "(MADINA MUNAWWARA BRANCH)",
            "swift_code": "BJAZSAJE011"
        },
        {
            "id": 32,
            "bank": "BANK AL-JAZIRA",
            "city": "MAKKAH AL-MUKARRAMA",
            "branch": "(MAKKAH MUKARRAMA BRANCH)",
            "swift_code": "BJAZSAJE010"
        },
        {
            "id": 33,
            "bank": "BANK AL-JAZIRA",
            "city": "RIYADH",
            "branch": "(OLAYYAH BRANCH)",
            "swift_code": "BJAZSAJE016"
        },
        {
            "id": 34,
            "bank": "BANK AL-JAZIRA",
            "city": "RIYADH",
            "branch": "(SITTEEN STREET BRANCH)",
            "swift_code": "BJAZSAJE027"
        },
        {
            "id": 35,
            "bank": "BANKMUSCAT",
            "city": "RIYADH",
            "branch": null,
            "swift_code": "BMUSSARI"
        },
        {
            "id": 36,
            "bank": "BANQUE SAUDI FRANSI",
            "city": "ALKHOBAR",
            "branch": "(EASTERN REGION)",
            "swift_code": "BSFRSARIEST"
        },
        {
            "id": 37,
            "bank": "BANQUE SAUDI FRANSI",
            "city": "JEDDAH",
            "branch": "(WESTERN REGION)",
            "swift_code": "BSFRSARIWST"
        },
        {
            "id": 38,
            "bank": "BANQUE SAUDI FRANSI",
            "city": "RIYADH",
            "branch": "(CENTRAL REGION)",
            "swift_code": "BSFRSARIRYD"
        },
        {
            "id": 39,
            "bank": "BANQUE SAUDI FRANSI",
            "city": "RIYADH",
            "branch": "(HEAD OFFICE)",
            "swift_code": "BSFRSARIGEM"
        },
        {
            "id": 40,
            "bank": "BANQUE SAUDI FRANSI",
            "city": "RIYADH",
            "branch": null,
            "swift_code": "BSFRSARI"
        },
        {
            "id": 41,
            "bank": "BNP PARIBAS INVESTMENT COMPANY KSA",
            "city": "RIYADH",
            "branch": null,
            "swift_code": "BNPASARB"
        },
        {
            "id": 42,
            "bank": "BNP PARIBAS INVESTMENT COMPANY KSA",
            "city": "RIYADH",
            "branch": null,
            "swift_code": "BNPASARBWMI"
        },
        {
            "id": 43,
            "bank": "BNP PARIBAS SAUDI ARABIA",
            "city": "RIYADH",
            "branch": null,
            "swift_code": "BNPASARI"
        },
        {
            "id": 44,
            "bank": "CREDIT SUISSE SAUDI ARABIA",
            "city": "RIYADH",
            "branch": null,
            "swift_code": "CRESSARA"
        },
        {
            "id": 45,
            "bank": "CREDIT SUISSE SAUDI ARABIA",
            "city": "RIYADH",
            "branch": null,
            "swift_code": "CRESSARA20R"
        },
        {
            "id": 46,
            "bank": "DEUTSCHE BANK AG, RIYADH BRANCH",
            "city": "RIYADH",
            "branch": "(DOMESTIC CUSTODY SERVICES)",
            "swift_code": "DEUTSARICUS"
        },
        {
            "id": 47,
            "bank": "DEUTSCHE BANK AG, RIYADH BRANCH",
            "city": "RIYADH",
            "branch": null,
            "swift_code": "DEUTSARA"
        },
        {
            "id": 48,
            "bank": "DEUTSCHE BANK AG, RIYADH BRANCH",
            "city": "RIYADH",
            "branch": null,
            "swift_code": "DEUTSARAAWM"
        },
        {
            "id": 49,
            "bank": "DEUTSCHE BANK AG, RIYADH BRANCH",
            "city": "RIYADH",
            "branch": null,
            "swift_code": "DEUTSARACUS"
        },
        {
            "id": 50,
            "bank": "DEUTSCHE BANK AG, RIYADH BRANCH",
            "city": "RIYADH",
            "branch": null,
            "swift_code": "DEUTSARI"
        },
        {
            "id": 51,
            "bank": "DEUTSCHE BANK AG, RIYADH BRANCH",
            "city": "RIYADH",
            "branch": null,
            "swift_code": "DEUTSARIGES"
        },
        {
            "id": 52,
            "bank": "DEUTSCHE SECURITIES SAUDI ARABIA",
            "city": "RIYADH",
            "branch": null,
            "swift_code": "DEUTSARB"
        },
        {
            "id": 53,
            "bank": "EAST AFRICA MARITIME",
            "city": "JEDDAH",
            "branch": null,
            "swift_code": "EAAMSAJ1"
        },
        {
            "id": 54,
            "bank": "EFG-HERMES KSA",
            "city": "RIYADH",
            "branch": null,
            "swift_code": "EFKSSAR1"
        },
        {
            "id": 55,
            "bank": "EMIRATES NBD PJSC",
            "city": "RIYADH",
            "branch": null,
            "swift_code": "EBILSARI"
        },
        {
            "id": 56,
            "bank": "GULF INTERNATIONAL BANK B.S.C., RIYADH",
            "city": "RIYADH",
            "branch": null,
            "swift_code": "GULFSARI"
        },
        {
            "id": 57,
            "bank": "INDUSTRIAL AND COMMERCIAL BANK OF CHINA RIYADH BRANCH, SA",
            "city": "RIYADH",
            "branch": null,
            "swift_code": "ICBKSARI"
        },
        {
            "id": 58,
            "bank": "INTERNATIONAL ISLAMIC TRADE FINANCE CORPORATION (MEMBER ISLAMIC DEVELOPMENT BANK GROUP)",
            "city": "JEDDAH",
            "branch": null,
            "swift_code": "ITFKSAJE"
        },
        {
            "id": 59,
            "bank": "ISLAMIC CORPORATION FOR THE DEVELOPMENT OF THE PRIVATE SECTOR (MEMBER, ISLAMIC DEVELOPMENT BANK GROUP)",
            "city": "JEDDAH",
            "branch": null,
            "swift_code": "ICDKSAJE"
        },
        {
            "id": 60,
            "bank": "ISLAMIC DEVELOPMENT BANK",
            "city": "JEDDAH",
            "branch": "(INTERNATIONAL TRADE FINANCE)",
            "swift_code": "ISLDSAJEITF"
        },
        {
            "id": 61,
            "bank": "ISLAMIC DEVELOPMENT BANK",
            "city": "JEDDAH",
            "branch": null,
            "swift_code": "ISLDSAJE"
        },
        {
            "id": 62,
            "bank": "ISLAMIC DEVELOPMENT BANK",
            "city": "JEDDAH",
            "branch": null,
            "swift_code": "ISLDSAJEICD"
        },
        {
            "id": 63,
            "bank": "J.P. MORGAN SAUDI ARABIA LIMITED",
            "city": "RIYADH",
            "branch": "(DIRECT CUSTODY AND CLEARING- KINGDOM OF SAUDIA ARABIA)",
            "swift_code": "JPMGSARYDCC"
        },
        {
            "id": 64,
            "bank": "J.P. MORGAN SAUDI ARABIA LIMITED",
            "city": "RIYADH",
            "branch": null,
            "swift_code": "JPMGSARY"
        },
        {
            "id": 65,
            "bank": "JPMORGAN CHASE BANK, N.A. RIYADH",
            "city": "RIYADH",
            "branch": "(SAUDI ARABIA EXPENSES)",
            "swift_code": "CHASSARISAU"
        },
        {
            "id": 66,
            "bank": "JPMORGAN CHASE BANK, N.A. RIYADH",
            "city": "RIYADH",
            "branch": null,
            "swift_code": "CHASSARI"
        },
        {
            "id": 67,
            "bank": "KING ABDULLAH PETROLEUM STUDIES AND RESEARCH CENTER",
            "city": "DHAHRAN",
            "branch": null,
            "swift_code": "KPSRSADD"
        },
        {
            "id": 68,
            "bank": "M. MOUNIR HALAWANI SONS, EXCHANGE COMPANY",
            "city": "JEDDAH",
            "branch": null,
            "swift_code": "HFEXSAJ1"
        },
        {
            "id": 69,
            "bank": "MERRILL LYNCH KINGDOM OF SAUDI ARABIA",
            "city": "RIYADH",
            "branch": null,
            "swift_code": "MLSASARI"
        },
        {
            "id": 70,
            "bank": "MOHAMMED HASSAN YELLA AND SONS EXCHANGE COMPANY",
            "city": "JEDDAH",
            "branch": null,
            "swift_code": "MHYCSAJE"
        },
        {
            "id": 71,
            "bank": "MORGAN STANLEY SAUDI ARABIA",
            "city": "RIYADH",
            "branch": null,
            "swift_code": "MSRISAR1"
        },
        {
            "id": 72,
            "bank": "MORGAN STANLEY SAUDI ARABIA",
            "city": "RIYADH",
            "branch": null,
            "swift_code": "MSSRSAR1"
        },
        {
            "id": 73,
            "bank": "NAHDI MEDICAL COMPANY",
            "city": "JEDDAH",
            "branch": null,
            "swift_code": "NHDISAJE"
        },
        {
            "id": 74,
            "bank": "NATIONAL BANK OF BAHRAIN",
            "city": "RIYADH",
            "branch": null,
            "swift_code": "NBOBSARI"
        },
        {
            "id": 75,
            "bank": "NATIONAL BANK OF KUWAIT",
            "city": "JEDDAH",
            "branch": null,
            "swift_code": "NBOKSAJE"
        },
        {
            "id": 76,
            "bank": "NATIONAL BANK OF PAKISTAN",
            "city": "RIYADH",
            "branch": null,
            "swift_code": "NBPASARI"
        },
        {
            "id": 77,
            "bank": "NATIONAL BISCUITS AND CONFECTIONERY COMPANY",
            "city": "JEDDAH",
            "branch": null,
            "swift_code": "NBCCSAJE"
        },
        {
            "id": 78,
            "bank": "NATIONAL COMMERCIAL BANK, THE",
            "city": "DAMMAM",
            "branch": "(TRADE SERVICES-EAST)",
            "swift_code": "NCBKSAJE615"
        },
        {
            "id": 79,
            "bank": "NATIONAL COMMERCIAL BANK, THE",
            "city": "JEDDAH",
            "branch": "(HEAD OFFICE)",
            "swift_code": "NCBKSAJE"
        },
        {
            "id": 80,
            "bank": "NATIONAL COMMERCIAL BANK, THE",
            "city": "JEDDAH",
            "branch": "(JEDDAH, MAIN BRANCH)",
            "swift_code": "NCBKSAJE101"
        },
        {
            "id": 81,
            "bank": "NATIONAL COMMERCIAL BANK, THE",
            "city": "JEDDAH",
            "branch": "(TRADE SERVICES-WEST)",
            "swift_code": "NCBKSAJE613"
        },
        {
            "id": 82,
            "bank": "NATIONAL COMMERCIAL BANK, THE",
            "city": "JEDDAH",
            "branch": "(TREASURY DIVISION)",
            "swift_code": "NCBKSAJE555"
        },
        {
            "id": 83,
            "bank": "NATIONAL COMMERCIAL BANK, THE",
            "city": "RIYADH",
            "branch": "(TRADE SERVICES-CENTRAL)",
            "swift_code": "NCBKSAJE614"
        },
        {
            "id": 84,
            "bank": "NATIONAL FOOD INDUSTRIES CO. LTD",
            "city": "JEDDAH",
            "branch": null,
            "swift_code": "NAFDSAJE"
        },
        {
            "id": 85,
            "bank": "NATIONAL WATER COMPANY",
            "city": "RIYADH",
            "branch": null,
            "swift_code": "NWCYSARI"
        },
        {
            "id": 86,
            "bank": "NCB CAPITAL COMPANY",
            "city": "JEDDAH",
            "branch": null,
            "swift_code": "NCCOSAJE"
        },
        {
            "id": 87,
            "bank": "OMAR KASSEM ALESAYI MARKETING CO. LIMITED",
            "city": "JEDDAH",
            "branch": null,
            "swift_code": "OKAMSARI"
        },
        {
            "id": 88,
            "bank": "QATAR NATIONAL BANK",
            "city": "RIYADH",
            "branch": null,
            "swift_code": "QNBASARI"
        },
        {
            "id": 89,
            "bank": "QINVEST SAUDI ARABIA",
            "city": "RIYADH",
            "branch": null,
            "swift_code": "QINVSAR1"
        },
        {
            "id": 90,
            "bank": "RIYAD BANK",
            "city": "RIYADH",
            "branch": "(RIYAD CAPITAL)",
            "swift_code": "RIBLSARISSD"
        },
        {
            "id": 91,
            "bank": "RIYAD BANK",
            "city": "RIYADH",
            "branch": null,
            "swift_code": "RIBLSARI"
        },
        {
            "id": 92,
            "bank": "SADARA CHEMICAL COMPANY",
            "city": "DHAHRAN",
            "branch": null,
            "swift_code": "SDCCSADA"
        },
        {
            "id": 93,
            "bank": "SAHARA PETROCHEMICALS COMPANY SAUDI JOINT STOCK COMPANY",
            "city": "JUBAIL",
            "branch": null,
            "swift_code": "SPCUSAJB"
        },
        {
            "id": 94,
            "bank": "SAMBA FINANCIAL GROUP",
            "city": "ALKHOBAR",
            "branch": "(EASTERN REGION BRANCH)",
            "swift_code": "SAMBSARIACS"
        },
        {
            "id": 95,
            "bank": "SAMBA FINANCIAL GROUP",
            "city": "JEDDAH",
            "branch": "(WESTERN REGION BRANCH)",
            "swift_code": "SAMBSARIJCS"
        },
        {
            "id": 96,
            "bank": "SAMBA FINANCIAL GROUP",
            "city": "RIYADH",
            "branch": "(CENTRAL REGION BRANCH)",
            "swift_code": "SAMBSARIRCS"
        },
        {
            "id": 97,
            "bank": "SAMBA FINANCIAL GROUP",
            "city": "RIYADH",
            "branch": "(CONSUMERS BRANCH)",
            "swift_code": "SAMBSARIRCP"
        },
        {
            "id": 98,
            "bank": "SAMBA FINANCIAL GROUP",
            "city": "RIYADH",
            "branch": "(RIYADH BRANCH)",
            "swift_code": "SAMBSARIRFX"
        },
        {
            "id": 99,
            "bank": "SAMBA FINANCIAL GROUP",
            "city": "RIYADH",
            "branch": null,
            "swift_code": "SAMBSARI"
        },
        {
            "id": 100,
            "bank": "SAUDI ARABIAN MONETARY AUTHORITY",
            "city": "RIYADH",
            "branch": null,
            "swift_code": "SAMASARI"
        },
        {
            "id": 101,
            "bank": "SAUDI ARAMCO",
            "city": "DHAHRAN",
            "branch": null,
            "swift_code": "ARAMSADH"
        },
        {
            "id": 102,
            "bank": "SAUDI ARAMCO LUBRICATING OIL REFINING COMPANY (LUBEREF)",
            "city": "JEDDAH",
            "branch": null,
            "swift_code": "LBRFSAJD"
        },
        {
            "id": 103,
            "bank": "SAUDI ARAMCO MOBIL REFINERY COMPANY LIMITED (SAMREF)",
            "city": "YANBU",
            "branch": null,
            "swift_code": "SRMRSADB"
        },
        {
            "id": 104,
            "bank": "SAUDI ARAMCO PRODUCT TRADING CO.",
            "city": "DHAHRAN",
            "branch": null,
            "swift_code": "SAPCSADH"
        },
        {
            "id": 105,
            "bank": "SAUDI BASIC INDUSTRIES CORPORATION (SABIC)",
            "city": "RIYADH",
            "branch": null,
            "swift_code": "SBHQSARR"
        },
        {
            "id": 106,
            "bank": "SAUDI BRITISH BANK, THE",
            "city": "RIYADH",
            "branch": "(HEAD OFFICE)",
            "swift_code": "SABBSARI"
        },
        {
            "id": 107,
            "bank": "SAUDI CERAMIC COMPANY",
            "city": "RIYADH",
            "branch": null,
            "swift_code": "SACYSAR1"
        },
        {
            "id": 108,
            "bank": "SAUDI CHEVRON PHILLIPS CO.",
            "city": "JUBAIL",
            "branch": null,
            "swift_code": "SCHMSADE"
        },
        {
            "id": 109,
            "bank": "SAUDI ECONOMIC AND DEVELOPMENT COMPANY FOR SECURITIES",
            "city": "JEDDAH",
            "branch": null,
            "swift_code": "SEDPSAJE"
        },
        {
            "id": 110,
            "bank": "SAUDI INTERNATIONAL PETROCHEMICAL CO. (SIPCHEM)",
            "city": "JUBAIL",
            "branch": null,
            "swift_code": "SIPHSADB"
        },
        {
            "id": 111,
            "bank": "SAUDI INVESTMENT BANK, THE",
            "city": "RIYADH",
            "branch": null,
            "swift_code": "SIBCSARI"
        },
        {
            "id": 112,
            "bank": "SAUDI STOCK EXCHANGE",
            "city": "RIYADH",
            "branch": null,
            "swift_code": "TSSMSAR1"
        },
        {
            "id": 113,
            "bank": "SAUDI TELECOM COMPANY",
            "city": "RIYADH",
            "branch": null,
            "swift_code": "STCOSARI"
        },
        {
            "id": 114,
            "bank": "SHUAA CAPITAL SAUDI ARABIA",
            "city": "RIYADH",
            "branch": null,
            "swift_code": "SHUASAR1"
        },
        {
            "id": 115,
            "bank": "STANDARD CHARTERED CAPITAL (SAUDI ARABIA)",
            "city": "RIYADH",
            "branch": null,
            "swift_code": "SCBLSARI"
        },
        {
            "id": 116,
            "bank": "STATE BANK OF INDIA",
            "city": "JEDDAH",
            "branch": null,
            "swift_code": "SBINSAJE"
        },
        {
            "id": 117,
            "bank": "SUPREME FOODS COMPANY LIMITED",
            "city": "RIYADH",
            "branch": null,
            "swift_code": "SUFCSAR1"
        },
        {
            "id": 118,
            "bank": "T.C. ZIRAAT BANKASI A.S.",
            "city": "JEDDAH",
            "branch": null,
            "swift_code": "TCZBSAJE"
        },
        {
            "id": 119,
            "bank": "THE ISLAMIC CORP FOR THE INSURANCE OF INVESTMENT AND EXPORT CREDIT (MEMBER ISLAMIC DEVELOPMENT BANKGROUP)",
            "city": "JEDDAH",
            "branch": null,
            "swift_code": "ICECSAJE"
        },
        {
            "id": 120,
            "bank": "THE SAUDI FUND FOR DEVELOPMENT",
            "city": "RIYADH",
            "branch": null,
            "swift_code": "SFFDSARI"
        },
        {
            "id": 121,
            "bank": "UNITED CARTON INDUSTRIES COMPANY",
            "city": "JEDDAH",
            "branch": null,
            "swift_code": "UCSASAJ1"
        },
        {
            "id": 122,
            "bank": "YANBU ARAMCO SINOPEC REFINING (YASREF) LIMITED",
            "city": "YANBU",
            "branch": null,
            "swift_code": "YASRSADB"
        },
        {
            "id": 123,
            "bank": "ZAHID TRACTOR AND HM",
            "city": "JEDDAH",
            "branch": null,
            "swift_code": "ZTHMSAJE"
        }
    ]
}
