{
    "country": "Seychelles",
    "country_code": "SC",
    "list": [
        {
            "id": 1,
            "bank": "AL SALAM BANK SEYCHELLES LIMITED",
            "city": "PROVIDENCE MAHE",
            "branch": null,
            "swift_code": "BMUSSCSC"
        },
        {
            "id": 2,
            "bank": "BANK AL HABIB LIMITED",
            "city": "VICTORIA",
            "branch": null,
            "swift_code": "BAHLSCSC"
        },
        {
            "id": 3,
            "bank": "BANK OF BARODA",
            "city": "VICTORIA",
            "branch": null,
            "swift_code": "BARBSCSC"
        },
        {
            "id": 4,
            "bank": "BANK OF CEYLON, SEYCHELLES BRANCH",
            "city": "VICTORIA",
            "branch": null,
            "swift_code": "BCEYSCSC"
        },
        {
            "id": 5,
            "bank": "BARCLAYS BANK (SEYCHELLES) LTD",
            "city": "VICTORIA",
            "branch": null,
            "swift_code": "BARCSCSC"
        },
        {
            "id": 6,
            "bank": "BARONS DE EZE LIMITED",
            "city": "VICTORIA",
            "branch": null,
            "swift_code": "BAEZSCS1"
        },
        {
            "id": 7,
            "bank": "CENTRAL BANK OF SEYCHELLES",
            "city": "VICTORIA",
            "branch": null,
            "swift_code": "SSCBSCSC"
        },
        {
            "id": 8,
            "bank": "HABIB BANK LIMITED",
            "city": "VICTORIA",
            "branch": null,
            "swift_code": "HABBSCSC"
        },
        {
            "id": 9,
            "bank": "MAGNATE PREMIER PRIVATE BANK LIMITED",
            "city": "VICTORIA",
            "branch": null,
            "swift_code": "MARVSCS1"
        },
        {
            "id": 10,
            "bank": "MCB SEYCHELLES",
            "city": "VICTORIA",
            "branch": null,
            "swift_code": "MCBLSCSC"
        },
        {
            "id": 11,
            "bank": "MILS CORP LIMITED",
            "city": "PROVIDENCE MAHE",
            "branch": null,
            "swift_code": "MLLSSCS1"
        },
        {
            "id": 12,
            "bank": "NOUVOBANQ",
            "city": "VICTORIA",
            "branch": null,
            "swift_code": "NOVHSCSC"
        },
        {
            "id": 13,
            "bank": "RM INTERNATIONAL HOLDINGS AG",
            "city": "PROVIDENCE MAHE",
            "branch": null,
            "swift_code": "INHLSCS1"
        },
        {
            "id": 14,
            "bank": "SBM BANK (SEYCHELLES) LIMITED.",
            "city": "VICTORIA",
            "branch": null,
            "swift_code": "STCBSCSC"
        },
        {
            "id": 15,
            "bank": "SEYCHELLES COMMERCIAL BANK",
            "city": "VICTORIA",
            "branch": null,
            "swift_code": "SEYSSCSC"
        }
    ]
}
