{
    "country": "Slovenia",
    "country_code": "SI",
    "list": [
        {
            "id": 1,
            "bank": "ABANKA D.D.",
            "city": "LJUBLJANA",
            "branch": null,
            "swift_code": "ABANSI2X"
        },
        {
            "id": 2,
            "bank": "ADDIKO BANK D.D.",
            "city": "LJUBLJANA",
            "branch": null,
            "swift_code": "HAABSI22"
        },
        {
            "id": 3,
            "bank": "ADRIATIC SLOVENICA",
            "city": "KOPER",
            "branch": null,
            "swift_code": "ADSVSI21"
        },
        {
            "id": 4,
            "bank": "ALTA INVEST, INVESTICIJSKE STORITVE, D.D.",
            "city": "LJUBLJANA",
            "branch": null,
            "swift_code": "POPJSI21"
        },
        {
            "id": 5,
            "bank": "ARGONOS, BORZNO POSREDNISKA HISA, D.O.O.",
            "city": "LJUBLJANA",
            "branch": null,
            "swift_code": "ABPHSI21"
        },
        {
            "id": 6,
            "bank": "BANK OF SLOVENIA",
            "city": "LJUBLJANA",
            "branch": "(CCBM)",
            "swift_code": "BSLJSI2XCCB"
        },
        {
            "id": 7,
            "bank": "BANK OF SLOVENIA",
            "city": "LJUBLJANA",
            "branch": "(MONEY MARKET AND FOREIGN EXCHANGE ONLY)",
            "swift_code": "BSLJSI2XFNB"
        },
        {
            "id": 8,
            "bank": "BANK OF SLOVENIA",
            "city": "LJUBLJANA",
            "branch": "(PORAVNAVA SEPA CT)",
            "swift_code": "BSLJSI2XSCT"
        },
        {
            "id": 9,
            "bank": "BANK OF SLOVENIA",
            "city": "LJUBLJANA",
            "branch": "(PORAVNAVA STEP2 MPEDD - STORITEV B2B)",
            "swift_code": "BSLJSI2XB2B"
        },
        {
            "id": 10,
            "bank": "BANK OF SLOVENIA",
            "city": "LJUBLJANA",
            "branch": "(PORAVNAVA STEP2 MPEDD - STORITEV CORE)",
            "swift_code": "BSLJSI2XCOR"
        },
        {
            "id": 11,
            "bank": "BANK OF SLOVENIA",
            "city": "LJUBLJANA",
            "branch": "(TARGET)",
            "swift_code": "BSLJSI2XEUX"
        },
        {
            "id": 12,
            "bank": "BANK OF SLOVENIA",
            "city": "LJUBLJANA",
            "branch": null,
            "swift_code": "BSLJSI2X"
        },
        {
            "id": 13,
            "bank": "BANK OF SLOVENIA",
            "city": "LJUBLJANA",
            "branch": null,
            "swift_code": "BSLJSI2XIND"
        },
        {
            "id": 14,
            "bank": "BANKA INTESA SANPAOLO D.D.",
            "city": "KOPER",
            "branch": "(IBOS CODE)",
            "swift_code": "BAKOSI2XIBO"
        },
        {
            "id": 15,
            "bank": "BANKA INTESA SANPAOLO D.D.",
            "city": "KOPER",
            "branch": null,
            "swift_code": "BAKOSI2X"
        },
        {
            "id": 16,
            "bank": "BANKA SPARKASSE D.D.",
            "city": "LJUBLJANA",
            "branch": null,
            "swift_code": "KSPKSI22"
        },
        {
            "id": 17,
            "bank": "BANQUECORP PHYSICAL GOLD D.O.O.",
            "city": "LJUBLJANA",
            "branch": null,
            "swift_code": "BPHGSI22"
        },
        {
            "id": 18,
            "bank": "BKS BANK AG, BANCNA PODRUZNICA",
            "city": "LJUBLJANA",
            "branch": null,
            "swift_code": "BFKKSI22"
        },
        {
            "id": 19,
            "bank": "BROKERJET SPARKASSE-BORZNO POSREDNISKA DRUZBA, D.D.",
            "city": "LJUBLJANA",
            "branch": null,
            "swift_code": "BSPDSI21"
        },
        {
            "id": 20,
            "bank": "CENTRAL SECURITIES CLEARING CORPORATION - KDD",
            "city": "LJUBLJANA",
            "branch": null,
            "swift_code": "KDDSSI22"
        },
        {
            "id": 21,
            "bank": "CERTIUS BPH D.O.O.",
            "city": "LJUBLJANA",
            "branch": null,
            "swift_code": "CEBDSI21"
        },
        {
            "id": 22,
            "bank": "DELAVSKA HRANILNICA D.D. LJUBLJANA",
            "city": "LJUBLJANA",
            "branch": null,
            "swift_code": "HDELSI22"
        },
        {
            "id": 23,
            "bank": "DEZELNA BANKA SLOVENIJE D.D.",
            "city": "LJUBLJANA",
            "branch": null,
            "swift_code": "SZKBSI2X"
        },
        {
            "id": 24,
            "bank": "GBD GORENJSKA BORZNOPOSREDNISKA DRUZBA D.D.",
            "city": "KRANJ",
            "branch": null,
            "swift_code": "GBDGSI21"
        },
        {
            "id": 25,
            "bank": "GENERALI INSURANCE CO.",
            "city": "LJUBLJANA",
            "branch": null,
            "swift_code": "GEIUSI21"
        },
        {
            "id": 26,
            "bank": "GORENJSKA BANKA D.D., KRANJ",
            "city": "KRANJ",
            "branch": null,
            "swift_code": "GORESI2X"
        },
        {
            "id": 27,
            "bank": "GRAWE ZAVAROVALNICA D.D.",
            "city": "MARIBOR",
            "branch": null,
            "swift_code": "GRZASI21"
        },
        {
            "id": 28,
            "bank": "HRANILNICA LON D.D.",
            "city": "KRANJ",
            "branch": null,
            "swift_code": "HLONSI22"
        },
        {
            "id": 29,
            "bank": "HRANILNICA VIPAVA D.D.",
            "city": "VIPAVA",
            "branch": null,
            "swift_code": "HKVISI22"
        },
        {
            "id": 30,
            "bank": "HSBC KIRISH AND CO.",
            "city": "NOVA GORICA",
            "branch": null,
            "swift_code": "HSKISI21"
        },
        {
            "id": 31,
            "bank": "ILIRIKA D.D. LJUBLJANA",
            "city": "LJUBLJANA",
            "branch": null,
            "swift_code": "ILIISI21"
        },
        {
            "id": 32,
            "bank": "JASMIN MUHIC",
            "city": "VODICE",
            "branch": null,
            "swift_code": "JASMSI21"
        },
        {
            "id": 33,
            "bank": "KAPITALSKA DRUZBA",
            "city": "LJUBLJANA",
            "branch": null,
            "swift_code": "KADRSI21"
        },
        {
            "id": 34,
            "bank": "KBM INFOND DZU",
            "city": "MARIBOR",
            "branch": null,
            "swift_code": "KBIZSI21"
        },
        {
            "id": 35,
            "bank": "KD FUNDS",
            "city": "LJUBLJANA",
            "branch": null,
            "swift_code": "FNDDSI21"
        },
        {
            "id": 36,
            "bank": "KD SKLADI D.O.O.",
            "city": "LJUBLJANA",
            "branch": null,
            "swift_code": "SKOOSI21"
        },
        {
            "id": 37,
            "bank": "KD, BORZNOPOSREDNISKA DRUZBA, D.O.O",
            "city": "LJUBLJANA",
            "branch": null,
            "swift_code": "BDDOSI21"
        },
        {
            "id": 38,
            "bank": "LJUBLJANA STOCK EXCHANGE",
            "city": "LJUBLJANA",
            "branch": null,
            "swift_code": "XLJUSI21"
        },
        {
            "id": 39,
            "bank": "MODRA ZAVAROVALNICA, D.D.",
            "city": "LJUBLJANA",
            "branch": null,
            "swift_code": "MOZVSI21"
        },
        {
            "id": 40,
            "bank": "MOJA DELNICA BPH D.D.",
            "city": "LJUBLJANA",
            "branch": null,
            "swift_code": "MODPSI21"
        },
        {
            "id": 41,
            "bank": "MOJA NALOZBA POKOJNINSKA DRURBA",
            "city": "MARIBOR",
            "branch": null,
            "swift_code": "MNPDSI21"
        },
        {
            "id": 42,
            "bank": "MP BPH D.D.",
            "city": "LJUBLJANA",
            "branch": null,
            "swift_code": "BPHBSI21"
        },
        {
            "id": 43,
            "bank": "NLB SKLADI, UPRAVLJANJE PREMOZENJA, D.O.O.",
            "city": "LJUBLJANA",
            "branch": null,
            "swift_code": "NSUPSI21"
        },
        {
            "id": 44,
            "bank": "NOVA KREDITNA BANKA MARIBOR D.D.",
            "city": "MARIBOR",
            "branch": null,
            "swift_code": "KBMASI2X"
        },
        {
            "id": 45,
            "bank": "NOVA KREDITNA BANKA MARIBOR D.D. (FORMERLY KBS BANKA D.D.)",
            "city": "MARIBOR",
            "branch": null,
            "swift_code": "KREKSI22"
        },
        {
            "id": 46,
            "bank": "NOVA LJUBLJANSKA BANKA D.D.",
            "city": "LJUBLJANA",
            "branch": null,
            "swift_code": "LJBASI2X"
        },
        {
            "id": 47,
            "bank": "PAYSERA LT",
            "city": "SLOVENJ GRADEC",
            "branch": null,
            "swift_code": "PAYESI21"
        },
        {
            "id": 48,
            "bank": "PERSPEKTIVA BPD D.D.",
            "city": "LJUBLJANA",
            "branch": null,
            "swift_code": "PEBPSI21"
        },
        {
            "id": 49,
            "bank": "POTEZA D.D.",
            "city": "LJUBLJANA",
            "branch": null,
            "swift_code": "POBFSI21"
        },
        {
            "id": 50,
            "bank": "PRIMORSKI FINANCNI CENTER INTERFIN D.O.O.",
            "city": "KOPER",
            "branch": null,
            "swift_code": "PFCISI21"
        },
        {
            "id": 51,
            "bank": "PRVA OSEBNA ZAVAROVALNICA",
            "city": "LJUBLJANA",
            "branch": null,
            "swift_code": "PROZSI21"
        },
        {
            "id": 52,
            "bank": "PUBLIKUM BORZNO POSREDOVANJE,D.D.",
            "city": "LJUBLJANA",
            "branch": null,
            "swift_code": "PUBPSI21"
        },
        {
            "id": 53,
            "bank": "REPUBLIKA SLOVENIJA MINISTRSTVO ZA FINANCE",
            "city": "LJUBLJANA",
            "branch": null,
            "swift_code": "RSMFSI21"
        },
        {
            "id": 54,
            "bank": "SBERBANK BANKA D.D.",
            "city": "LJUBLJANA",
            "branch": null,
            "swift_code": "SABRSI2X"
        },
        {
            "id": 55,
            "bank": "SID-SLOVENE EXPORT AND DEVELOPMENT BANK INC., LJUBLJANA",
            "city": "LJUBLJANA",
            "branch": null,
            "swift_code": "SEDJSI21"
        },
        {
            "id": 56,
            "bank": "SID-SLOVENSKA IZVOZNA IN RAZVOJNA BANKA, D.D., LJUBLJANA",
            "city": "LJUBLJANA",
            "branch": null,
            "swift_code": "SIDRSI22"
        },
        {
            "id": 57,
            "bank": "SKB BANKA D.D.",
            "city": "LJUBLJANA",
            "branch": null,
            "swift_code": "SKBASI2X"
        },
        {
            "id": 58,
            "bank": "SLOVENSKI DRZAVNI HOLDING D.D.",
            "city": "LJUBLJANA",
            "branch": null,
            "swift_code": "SDRHSI21"
        },
        {
            "id": 59,
            "bank": "TRIGLAV DRUZBA ZA",
            "city": "LJUBLJANA",
            "branch": null,
            "swift_code": "TRDRSI21"
        },
        {
            "id": 60,
            "bank": "TS ZERON IMPERIAL LTD",
            "city": "CELJE",
            "branch": null,
            "swift_code": "ZEIMSI21"
        },
        {
            "id": 61,
            "bank": "UNICREDIT BANKA SLOVENIJA D.D.",
            "city": "LJUBLJANA",
            "branch": null,
            "swift_code": "BACXSI22"
        },
        {
            "id": 62,
            "bank": "VERITAS B.H. D.O.O.",
            "city": "MARIBOR",
            "branch": null,
            "swift_code": "VERISI21"
        },
        {
            "id": 63,
            "bank": "ZAVAROVALNICA MARBOR",
            "city": "MARBOR",
            "branch": null,
            "swift_code": "ZAMASI21"
        },
        {
            "id": 64,
            "bank": "ZAVAROVALNICA TRIGLAV D.D.",
            "city": "LJUBLJANA",
            "branch": null,
            "swift_code": "ZATRSI21"
        }
    ]
}
