{
    "country": "Sierra Leone",
    "country_code": "SL",
    "list": [
        {
            "id": 1,
            "bank": "ACCESS BANK SIERRA LEONE LIMITED",
            "city": "FREETOWN",
            "branch": null,
            "swift_code": "ABSFSLFR"
        },
        {
            "id": 2,
            "bank": "APEX BANK SIERRA LEONE LIMITED",
            "city": "FREETOWN",
            "branch": null,
            "swift_code": "APIESLFR"
        },
        {
            "id": 3,
            "bank": "BANK OF SIERRA LEONE",
            "city": "FREETOWN",
            "branch": null,
            "swift_code": "BSLESLFA"
        },
        {
            "id": 4,
            "bank": "BANK OF SIERRA LEONE",
            "city": "FREETOWN",
            "branch": null,
            "swift_code": "BSLESLFR"
        },
        {
            "id": 5,
            "bank": "COMMERCE AND MORTGAGE BANK (SL) PLC",
            "city": "FREETOWN",
            "branch": null,
            "swift_code": "HFCMSLFR"
        },
        {
            "id": 6,
            "bank": "ECOBANK SIERRA LEONE LIMITED",
            "city": "FREETOWN",
            "branch": null,
            "swift_code": "ECOCSLFR"
        },
        {
            "id": 7,
            "bank": "FIRST INTERNATIONAL BANK (SL) LIMITED",
            "city": "FREETOWN",
            "branch": null,
            "swift_code": "FSTISLFR"
        },
        {
            "id": 8,
            "bank": "GUARANTY TRUST BANK (SL) LTD",
            "city": "FREETOWN",
            "branch": null,
            "swift_code": "GTBISLFR"
        },
        {
            "id": 9,
            "bank": "INTERNATIONAL COMMERCIAL BANK(SL) LIMITED",
            "city": "FREETOWN",
            "branch": null,
            "swift_code": "ICBZSLFR"
        },
        {
            "id": 10,
            "bank": "KEYSTONE BANK (SL) LIMITED",
            "city": "FREETOWN",
            "branch": null,
            "swift_code": "PHBXSLFR"
        },
        {
            "id": 11,
            "bank": "NATIONAL COOPERATIVE DEVELOPMENT BANK LTD.",
            "city": "FREETOWN",
            "branch": null,
            "swift_code": "NCDBSLF1"
        },
        {
            "id": 12,
            "bank": "ROKEL COMMERCIAL BANK (SIERRA LEONE) LTD.",
            "city": "FREETOWN",
            "branch": null,
            "swift_code": "RCBKSLFR"
        },
        {
            "id": 13,
            "bank": "SIERRA LEONE COMMERCIAL BANK LTD",
            "city": "FREETOWN",
            "branch": null,
            "swift_code": "SLCBSLFR"
        },
        {
            "id": 14,
            "bank": "SKYE BANK (SL) LTD",
            "city": "FREETOWN",
            "branch": null,
            "swift_code": "SKYESLFR"
        },
        {
            "id": 15,
            "bank": "STANDARD CHARTERED BANK SIERRA LEONE LTD",
            "city": "FREETOWN",
            "branch": null,
            "swift_code": "SCBLSLFR"
        },
        {
            "id": 16,
            "bank": "UNION TRUST BANK LIMITED",
            "city": "FREETOWN",
            "branch": null,
            "swift_code": "UTBSSLFR"
        },
        {
            "id": 17,
            "bank": "UNITED BANK FOR AFRICA (S\/L) LTD",
            "city": "FREETOWN",
            "branch": null,
            "swift_code": "UNAFSLFR"
        },
        {
            "id": 18,
            "bank": "ZENITH BANK (SIERRA LEONE) LIMITED",
            "city": "FREETOWN",
            "branch": null,
            "swift_code": "ZESLSLFR"
        }
    ]
}
