{
    "country": "S\u00e3o Tom\u00e9 and Pr\u00edncipe",
    "country_code": "ST",
    "list": [
        {
            "id": 1,
            "bank": "AFRILAND FIRST BANK STP",
            "city": "SAO TOME",
            "branch": null,
            "swift_code": "AFFSSTST"
        },
        {
            "id": 2,
            "bank": "BANCO CENTRAL DE SAO TOME E PRINCIPE",
            "city": "SAO TOME",
            "branch": null,
            "swift_code": "CSTPSTST"
        },
        {
            "id": 3,
            "bank": "BANCO INTERNACIONAL DE SAO TOME E PRINCIPE",
            "city": "SAO TOME",
            "branch": null,
            "swift_code": "INOISTST"
        },
        {
            "id": 4,
            "bank": "BANCO NACIONAL DE SAO TOME E PRINCIPE",
            "city": "SAO TOME",
            "branch": null,
            "swift_code": "BNSTSTS1"
        },
        {
            "id": 5,
            "bank": "BANCO PRIVADO SAO TOME E PRINCIPE",
            "city": "SAO TOME",
            "branch": null,
            "swift_code": "BPACSTST"
        },
        {
            "id": 6,
            "bank": "BGFIBANK SAO TOME ET PRINCIPE",
            "city": "SAO TOME",
            "branch": null,
            "swift_code": "BGFISTST"
        },
        {
            "id": 7,
            "bank": "ECOBANK SAO TOME",
            "city": "SAO TOME",
            "branch": null,
            "swift_code": "ECOCSTST"
        },
        {
            "id": 8,
            "bank": "ENERGYBANK SAO TOME E PRICIPE S.A",
            "city": "SAO TOME",
            "branch": null,
            "swift_code": "ESTPSTST"
        }
    ]
}
