{
    "country": "El Salvador",
    "country_code": "SV",
    "list": [
        {
            "id": 1,
            "bank": "ASOCIACION COOPERATIVA DE AHORRO Y CREDITO DEL COLEGIO MEDICO DE EL SALVADOR (COMEDICA DE R.L.)",
            "city": "SAN SALVADOR",
            "branch": null,
            "swift_code": "ACATSVS1"
        },
        {
            "id": 2,
            "bank": "ASOCIACION COOPERATIVA DE AHORRO Y CREDITO VICENTINA DE R.L. ACCOVI DE R.L.",
            "city": "SAN VICENTE",
            "branch": null,
            "swift_code": "ACHESVS1"
        },
        {
            "id": 3,
            "bank": "BANCO AGRICOLA, S.A.",
            "city": "SAN SALVADOR",
            "branch": null,
            "swift_code": "CAGRSVSS"
        },
        {
            "id": 4,
            "bank": "BANCO AZUL DE EL SALVADOR, SOCIEDAD ANONIMA",
            "city": "SAN SALVADOR",
            "branch": null,
            "swift_code": "AZULSVSS"
        },
        {
            "id": 5,
            "bank": "BANCO CENTRAL DE RESERVA DE EL SALVADOR",
            "city": "SAN SALVADOR",
            "branch": "(GERENCIA DE TESORERIA)",
            "swift_code": "CENRSVSSGTE"
        },
        {
            "id": 6,
            "bank": "BANCO CENTRAL DE RESERVA DE EL SALVADOR",
            "city": "SAN SALVADOR",
            "branch": null,
            "swift_code": "CENRSVSS"
        },
        {
            "id": 7,
            "bank": "BANCO CENTROAMERICANO DE INTEGRACION ECONOMICA",
            "city": "SAN SALVADOR",
            "branch": null,
            "swift_code": "BCIESVS1"
        },
        {
            "id": 8,
            "bank": "BANCO CUSCATLAN DE EL SALVADOR S.A.",
            "city": "SAN SALVADOR",
            "branch": "(NOSTRO ACCOUNT)",
            "swift_code": "BACUSVSSNOS"
        },
        {
            "id": 9,
            "bank": "BANCO CUSCATLAN DE EL SALVADOR S.A.",
            "city": "SAN SALVADOR",
            "branch": null,
            "swift_code": "BACUSVSS"
        },
        {
            "id": 10,
            "bank": "BANCO DAVIVIENDA SALVADORENO SA",
            "city": "SAN SALVADOR",
            "branch": null,
            "swift_code": "BSALSVSS"
        },
        {
            "id": 11,
            "bank": "BANCO DE AMERICA CENTRAL, S.A.",
            "city": "SAN SALVADOR",
            "branch": null,
            "swift_code": "BAMCSVSS"
        },
        {
            "id": 12,
            "bank": "BANCO DE CREDITO POPULAR S.A.",
            "city": "SAN SALVADOR",
            "branch": null,
            "swift_code": "POPCSVS1"
        },
        {
            "id": 13,
            "bank": "BANCO DE FOMENTO AGROPECUARIO",
            "city": "SAN SALVADOR",
            "branch": null,
            "swift_code": "FOAGSVSS"
        },
        {
            "id": 14,
            "bank": "BANCO G AND T CONTINENTAL EL SALVADOR",
            "city": "SAN SALVADOR",
            "branch": null,
            "swift_code": "GTCSSVSS"
        },
        {
            "id": 15,
            "bank": "BANCO HIPOTECARIO DE EL SALVADOR S.A.",
            "city": "SAN SALVADOR",
            "branch": null,
            "swift_code": "BHSASVSS"
        },
        {
            "id": 16,
            "bank": "BANCO INDUSTRIAL EL SALVADOR, S.A.",
            "city": "SAN SALVADOR",
            "branch": null,
            "swift_code": "INDLSVSS"
        },
        {
            "id": 17,
            "bank": "BANCO PROCREDIT, S.A.",
            "city": "SAN SALVADOR",
            "branch": null,
            "swift_code": "PRCBSVSS"
        },
        {
            "id": 18,
            "bank": "BANCO PROMERICA, S.A.",
            "city": "ANTIGUO CUSCATLAN",
            "branch": null,
            "swift_code": "BPRASVSS"
        },
        {
            "id": 19,
            "bank": "CENTRAL DE DEPOSITO DE VALORES DE EL SALVADOR SA DE CV",
            "city": "SAN SALVADOR",
            "branch": null,
            "swift_code": "CDVSSVS1"
        },
        {
            "id": 20,
            "bank": "CITIBANK, N.A",
            "city": "SAN SALVADOR",
            "branch": null,
            "swift_code": "CITISVS1"
        },
        {
            "id": 21,
            "bank": "FEDECREDITO DE CV",
            "city": "SAN SALVADOR",
            "branch": null,
            "swift_code": "FEDRSVS1"
        },
        {
            "id": 22,
            "bank": "FITCH CENTROAMERICA (EL SALVADOR BRANCH OF PANAMANIAN ENTITY)",
            "city": "SAN SALVADOR",
            "branch": null,
            "swift_code": "FRIPSVS1"
        },
        {
            "id": 23,
            "bank": "MULTI INVERSIONES BANCO COOPERATIVO DE LOS TRABAJADORES S.C. DE R.L. DE C.V.",
            "city": "SAN SALVADOR",
            "branch": null,
            "swift_code": "MICJSVS1"
        },
        {
            "id": 24,
            "bank": "PRIMER BANCO DE LOS TRABAJADORES SOC. COOP. DE R.L. DE C.V.",
            "city": "SAN SALVADOR",
            "branch": null,
            "swift_code": "PBTRSVS1"
        },
        {
            "id": 25,
            "bank": "SCOTIABANK EL SALVADOR, S.A.",
            "city": "SAN SALVADOR",
            "branch": null,
            "swift_code": "BCSASVSS"
        },
        {
            "id": 26,
            "bank": "SOCIEDAD DE AHORRO Y CREDITO CONSTELACION, S.A.",
            "city": "LA LIBERTAD",
            "branch": null,
            "swift_code": "SADTSV21"
        },
        {
            "id": 27,
            "bank": "SOCIEDAD DE AHORRO Y CREDITO MULTIVALORES",
            "city": "SAN SALVADOR",
            "branch": null,
            "swift_code": "SADISVS1"
        }
    ]
}
