{
    "country": "Syria",
    "country_code": "SY",
    "list": [
        {
            "id": 1,
            "bank": "AL BARAKA BANK SYRIA",
            "city": "DAMASCUS",
            "branch": null,
            "swift_code": "BBSYSYDA"
        },
        {
            "id": 2,
            "bank": "ARAB BANK-SYRIA",
            "city": "DAMASCUS",
            "branch": null,
            "swift_code": "ARBXSYDA"
        },
        {
            "id": 3,
            "bank": "BANK AL-SHARQ S.A.",
            "city": "DAMASCUS",
            "branch": null,
            "swift_code": "SHRQSYDA"
        },
        {
            "id": 4,
            "bank": "BANK AUDI SYRIA S.A.",
            "city": "DAMASCUS",
            "branch": null,
            "swift_code": "BASYSYDA"
        },
        {
            "id": 5,
            "bank": "BANK OF JORDAN-SYRIA-",
            "city": "DAMASCUS",
            "branch": null,
            "swift_code": "BJORSYDA"
        },
        {
            "id": 6,
            "bank": "BANK OF SYRIA AND OVERSEAS",
            "city": "DAMASCUS",
            "branch": null,
            "swift_code": "BSOMSYDA"
        },
        {
            "id": 7,
            "bank": "BANQUE BEMO SAUDI FRANSI S.A.",
            "city": "DAMASCUS",
            "branch": null,
            "swift_code": "BBSFSYDA"
        },
        {
            "id": 8,
            "bank": "BYBLOS BANK SYRIA SA",
            "city": "DAMASCUS",
            "branch": null,
            "swift_code": "BYBASYDA"
        },
        {
            "id": 9,
            "bank": "CENTRAL BANK OF SYRIA",
            "city": "DAMASCUS",
            "branch": null,
            "swift_code": "CBSYSYDA"
        },
        {
            "id": 10,
            "bank": "CHAM BANK",
            "city": "DAMASCUS",
            "branch": null,
            "swift_code": "CHMMSYDA"
        },
        {
            "id": 11,
            "bank": "COMMERCIAL BANK OF SYRIA",
            "city": "AL RAKKA",
            "branch": "(AL RAKKA BRANCH)",
            "swift_code": "CMSYSYDARK1"
        },
        {
            "id": 12,
            "bank": "COMMERCIAL BANK OF SYRIA",
            "city": "AL SUWAIDA",
            "branch": "(AL SUWAIDA BRANCH)",
            "swift_code": "CMSYSYDASW1"
        },
        {
            "id": 13,
            "bank": "COMMERCIAL BANK OF SYRIA",
            "city": "ALEPPO",
            "branch": "(ALEPPO 1 BRANCH)",
            "swift_code": "CMSYSYDAAL1"
        },
        {
            "id": 14,
            "bank": "COMMERCIAL BANK OF SYRIA",
            "city": "ALEPPO",
            "branch": "(ALEPPO 2 BRANCH)",
            "swift_code": "CMSYSYDAAL2"
        },
        {
            "id": 15,
            "bank": "COMMERCIAL BANK OF SYRIA",
            "city": "ALEPPO",
            "branch": "(ALEPPO 3 BRANCH)",
            "swift_code": "CMSYSYDAAL3"
        },
        {
            "id": 16,
            "bank": "COMMERCIAL BANK OF SYRIA",
            "city": "ALEPPO",
            "branch": "(ALEPPO 6 BRANCH)",
            "swift_code": "CMSYSYDAAL6"
        },
        {
            "id": 17,
            "bank": "COMMERCIAL BANK OF SYRIA",
            "city": "ALEPPO",
            "branch": "(ALEPPO 8 BRANCH)",
            "swift_code": "CMSYSYDAAL8"
        },
        {
            "id": 18,
            "bank": "COMMERCIAL BANK OF SYRIA",
            "city": "ALEPPO",
            "branch": "(ALEPPO BRANCH NR.4)",
            "swift_code": "CMSYSYDAAL4"
        },
        {
            "id": 19,
            "bank": "COMMERCIAL BANK OF SYRIA",
            "city": "ALEPPO",
            "branch": "(ALEPPO BRANCH NR.5)",
            "swift_code": "CMSYSYDAAL5"
        },
        {
            "id": 20,
            "bank": "COMMERCIAL BANK OF SYRIA",
            "city": "ALEPPO",
            "branch": "(ALEPPO BRANCH NR.7)",
            "swift_code": "CMSYSYDAAL7"
        },
        {
            "id": 21,
            "bank": "COMMERCIAL BANK OF SYRIA",
            "city": "ALEPPO",
            "branch": "(ALEPPO FREE ZONE BRANCH)",
            "swift_code": "CMSYSYDAAFZ"
        },
        {
            "id": 22,
            "bank": "COMMERCIAL BANK OF SYRIA",
            "city": "DAMASCUS",
            "branch": "(AL TEL)",
            "swift_code": "CMSYSYDATL1"
        },
        {
            "id": 23,
            "bank": "COMMERCIAL BANK OF SYRIA",
            "city": "DAMASCUS",
            "branch": "(BRANCH NR.10 DAMASCUS)",
            "swift_code": "CMSYSYDAD10"
        },
        {
            "id": 24,
            "bank": "COMMERCIAL BANK OF SYRIA",
            "city": "DAMASCUS",
            "branch": "(BRANCH NR.11 DAMASCUS)",
            "swift_code": "CMSYSYDAD11"
        },
        {
            "id": 25,
            "bank": "COMMERCIAL BANK OF SYRIA",
            "city": "DAMASCUS",
            "branch": "(BRANCH NR.12 DAMASCUS)",
            "swift_code": "CMSYSYDAD12"
        },
        {
            "id": 26,
            "bank": "COMMERCIAL BANK OF SYRIA",
            "city": "DAMASCUS",
            "branch": "(BRANCH NR.13 DAMASCUS)",
            "swift_code": "CMSYSYDAD13"
        },
        {
            "id": 27,
            "bank": "COMMERCIAL BANK OF SYRIA",
            "city": "DAMASCUS",
            "branch": "(BRANCH NR.15 DAMASCUS)",
            "swift_code": "CMSYSYDAD15"
        },
        {
            "id": 28,
            "bank": "COMMERCIAL BANK OF SYRIA",
            "city": "DAMASCUS",
            "branch": "(BRANCH NR.18 DAMASCUS)",
            "swift_code": "CMSYSYDAD18"
        },
        {
            "id": 29,
            "bank": "COMMERCIAL BANK OF SYRIA",
            "city": "DAMASCUS",
            "branch": "(BRANCH NR.7 DAMASCUS)",
            "swift_code": "CMSYSYDADA7"
        },
        {
            "id": 30,
            "bank": "COMMERCIAL BANK OF SYRIA",
            "city": "DAMASCUS",
            "branch": "(BRANCH NR.8 DAMASCUS)",
            "swift_code": "CMSYSYDADA8"
        },
        {
            "id": 31,
            "bank": "COMMERCIAL BANK OF SYRIA",
            "city": "DAMASCUS",
            "branch": "(BRANCH NR.9 DAMASCUS)",
            "swift_code": "CMSYSYDADA9"
        },
        {
            "id": 32,
            "bank": "COMMERCIAL BANK OF SYRIA",
            "city": "DAMASCUS",
            "branch": "(DAHET ASSAD BR)",
            "swift_code": "CMSYSYDAD24"
        },
        {
            "id": 33,
            "bank": "COMMERCIAL BANK OF SYRIA",
            "city": "DAMASCUS",
            "branch": "(DAMASCUS 1 BRANCH)",
            "swift_code": "CMSYSYDADA1"
        },
        {
            "id": 34,
            "bank": "COMMERCIAL BANK OF SYRIA",
            "city": "DAMASCUS",
            "branch": "(DAMASCUS 16 BRANCH)",
            "swift_code": "CMSYSYDAD16"
        },
        {
            "id": 35,
            "bank": "COMMERCIAL BANK OF SYRIA",
            "city": "DAMASCUS",
            "branch": "(DAMASCUS 17 BRANCH)",
            "swift_code": "CMSYSYDAD17"
        },
        {
            "id": 36,
            "bank": "COMMERCIAL BANK OF SYRIA",
            "city": "DAMASCUS",
            "branch": "(DAMASCUS 2 BRANCH)",
            "swift_code": "CMSYSYDADA2"
        },
        {
            "id": 37,
            "bank": "COMMERCIAL BANK OF SYRIA",
            "city": "DAMASCUS",
            "branch": "(DAMASCUS 3 BRANCH)",
            "swift_code": "CMSYSYDADA3"
        },
        {
            "id": 38,
            "bank": "COMMERCIAL BANK OF SYRIA",
            "city": "DAMASCUS",
            "branch": "(DAMASCUS 4 BRANCH)",
            "swift_code": "CMSYSYDADA4"
        },
        {
            "id": 39,
            "bank": "COMMERCIAL BANK OF SYRIA",
            "city": "DAMASCUS",
            "branch": "(DAMASCUS 5 BRANCH)",
            "swift_code": "CMSYSYDADA5"
        },
        {
            "id": 40,
            "bank": "COMMERCIAL BANK OF SYRIA",
            "city": "DAMASCUS",
            "branch": "(DAMASCUS 6 BRANCH)",
            "swift_code": "CMSYSYDADA6"
        },
        {
            "id": 41,
            "bank": "COMMERCIAL BANK OF SYRIA",
            "city": "DAMASCUS",
            "branch": "(DAMASCUS FREE ZONE BRANCH)",
            "swift_code": "CMSYSYDADFZ"
        },
        {
            "id": 42,
            "bank": "COMMERCIAL BANK OF SYRIA",
            "city": "DAMASCUS",
            "branch": "(DEIR ATTIEH BR)",
            "swift_code": "CMSYSYDAD25"
        },
        {
            "id": 43,
            "bank": "COMMERCIAL BANK OF SYRIA",
            "city": "DAMASCUS",
            "branch": "(DOUMA BRANCH)",
            "swift_code": "CMSYSYDADUM"
        },
        {
            "id": 44,
            "bank": "COMMERCIAL BANK OF SYRIA",
            "city": "DAMASCUS",
            "branch": "(MALLIEH BR)",
            "swift_code": "CMSYSYDAD21"
        },
        {
            "id": 45,
            "bank": "COMMERCIAL BANK OF SYRIA",
            "city": "DAMASCUS",
            "branch": "(MASAKIN BARZEH BR)",
            "swift_code": "CMSYSYDABA1"
        },
        {
            "id": 46,
            "bank": "COMMERCIAL BANK OF SYRIA",
            "city": "DAMASCUS",
            "branch": "(ZABADANI)",
            "swift_code": "CMSYSYDAZA1"
        },
        {
            "id": 47,
            "bank": "COMMERCIAL BANK OF SYRIA",
            "city": "DAMASCUS",
            "branch": null,
            "swift_code": "CMSYSYDA"
        },
        {
            "id": 48,
            "bank": "COMMERCIAL BANK OF SYRIA",
            "city": "DAMASCUS",
            "branch": null,
            "swift_code": "CMSYSYDAD14"
        },
        {
            "id": 49,
            "bank": "COMMERCIAL BANK OF SYRIA",
            "city": "DAMASCUS",
            "branch": null,
            "swift_code": "CMSYSYDAD26"
        },
        {
            "id": 50,
            "bank": "COMMERCIAL BANK OF SYRIA",
            "city": "DAMASCUS",
            "branch": null,
            "swift_code": "CMSYSYDAD27"
        },
        {
            "id": 51,
            "bank": "COMMERCIAL BANK OF SYRIA",
            "city": "DAMASCUS",
            "branch": null,
            "swift_code": "CMSYSYDAD28"
        },
        {
            "id": 52,
            "bank": "COMMERCIAL BANK OF SYRIA",
            "city": "DARAA",
            "branch": "(DARAA BRANCH)",
            "swift_code": "CMSYSYDADR1"
        },
        {
            "id": 53,
            "bank": "COMMERCIAL BANK OF SYRIA",
            "city": "DEIR ALZZOR",
            "branch": "(BOU KAMAL)",
            "swift_code": "CMSYSYDABK1"
        },
        {
            "id": 54,
            "bank": "COMMERCIAL BANK OF SYRIA",
            "city": "DEIR ALZZOR",
            "branch": "(DEIR ALZZOR BRANCH)",
            "swift_code": "CMSYSYDADZ1"
        },
        {
            "id": 55,
            "bank": "COMMERCIAL BANK OF SYRIA",
            "city": "DEIR ALZZOR",
            "branch": "(MAYADINE)",
            "swift_code": "CMSYSYDAMA1"
        },
        {
            "id": 56,
            "bank": "COMMERCIAL BANK OF SYRIA",
            "city": "HAMA",
            "branch": "(HAMA 1 BRANCH)",
            "swift_code": "CMSYSYDAHA1"
        },
        {
            "id": 57,
            "bank": "COMMERCIAL BANK OF SYRIA",
            "city": "HAMA",
            "branch": "(HAMA BRANCH NR.2)",
            "swift_code": "CMSYSYDAHA2"
        },
        {
            "id": 58,
            "bank": "COMMERCIAL BANK OF SYRIA",
            "city": "HAMA",
            "branch": "(HAMA BRANCH NR.3)",
            "swift_code": "CMSYSYDAHA3"
        },
        {
            "id": 59,
            "bank": "COMMERCIAL BANK OF SYRIA",
            "city": "HAMA",
            "branch": null,
            "swift_code": "CMSYSYDAHA4"
        },
        {
            "id": 60,
            "bank": "COMMERCIAL BANK OF SYRIA",
            "city": "HASSAKAH",
            "branch": "(HASSAKAH BRANCH)",
            "swift_code": "CMSYSYDAHS1"
        },
        {
            "id": 61,
            "bank": "COMMERCIAL BANK OF SYRIA",
            "city": "HOMS",
            "branch": "(BRANCH NR.2 HOMS)",
            "swift_code": "CMSYSYDAHO2"
        },
        {
            "id": 62,
            "bank": "COMMERCIAL BANK OF SYRIA",
            "city": "HOMS",
            "branch": "(BRANCH NR.3 HOMS)",
            "swift_code": "CMSYSYDAHO3"
        },
        {
            "id": 63,
            "bank": "COMMERCIAL BANK OF SYRIA",
            "city": "HOMS",
            "branch": "(BRANCH NR.4 HOMS)",
            "swift_code": "CMSYSYDAHO4"
        },
        {
            "id": 64,
            "bank": "COMMERCIAL BANK OF SYRIA",
            "city": "HOMS",
            "branch": "(HOMS 1 BRANCH)",
            "swift_code": "CMSYSYDAHO1"
        },
        {
            "id": 65,
            "bank": "COMMERCIAL BANK OF SYRIA",
            "city": "IDLIB",
            "branch": "(IDLIB BRANCH)",
            "swift_code": "CMSYSYDAID1"
        },
        {
            "id": 66,
            "bank": "COMMERCIAL BANK OF SYRIA",
            "city": "KAMECHLI",
            "branch": "(KAMECHLI BRANCH)",
            "swift_code": "CMSYSYDAKA1"
        },
        {
            "id": 67,
            "bank": "COMMERCIAL BANK OF SYRIA",
            "city": "LATAKIA",
            "branch": "(JABLEH BR)",
            "swift_code": "CMSYSYDAJA1"
        },
        {
            "id": 68,
            "bank": "COMMERCIAL BANK OF SYRIA",
            "city": "LATAKIA",
            "branch": "(LATAKIA 1 BRANCH)",
            "swift_code": "CMSYSYDALA1"
        },
        {
            "id": 69,
            "bank": "COMMERCIAL BANK OF SYRIA",
            "city": "LATAKIA",
            "branch": "(LATAKIA BRANCH NR.2)",
            "swift_code": "CMSYSYDALA2"
        },
        {
            "id": 70,
            "bank": "COMMERCIAL BANK OF SYRIA",
            "city": "LATAKIA",
            "branch": "(LATAKIA BRANCH NR.3)",
            "swift_code": "CMSYSYDALA3"
        },
        {
            "id": 71,
            "bank": "COMMERCIAL BANK OF SYRIA",
            "city": "LATAKIA",
            "branch": "(LATAKIA FREE ZONE BRANCH)",
            "swift_code": "CMSYSYDALFZ"
        },
        {
            "id": 72,
            "bank": "COMMERCIAL BANK OF SYRIA",
            "city": "LATAKIA",
            "branch": null,
            "swift_code": "CMSYSYDALA4"
        },
        {
            "id": 73,
            "bank": "COMMERCIAL BANK OF SYRIA",
            "city": "TARTOUS",
            "branch": "(DREIKISH BR)",
            "swift_code": "CMSYSYDADK1"
        },
        {
            "id": 74,
            "bank": "COMMERCIAL BANK OF SYRIA",
            "city": "TARTOUS",
            "branch": "(SAFITA)",
            "swift_code": "CMSYSYDASA1"
        },
        {
            "id": 75,
            "bank": "COMMERCIAL BANK OF SYRIA",
            "city": "TARTOUS",
            "branch": "(TARTOUS 1 BRANCH)",
            "swift_code": "CMSYSYDATA1"
        },
        {
            "id": 76,
            "bank": "COMMERCIAL BANK OF SYRIA",
            "city": "TARTOUS",
            "branch": "(TARTOUS BRANCH NR.2)",
            "swift_code": "CMSYSYDATA2"
        },
        {
            "id": 77,
            "bank": "COMMERCIAL BANK OF SYRIA",
            "city": "TARTOUS",
            "branch": "(TARTOUS FREE ZONE BRANCH)",
            "swift_code": "CMSYSYDATFZ"
        },
        {
            "id": 78,
            "bank": "COMMERCIAL BANK OF SYRIA",
            "city": "TARTOUS",
            "branch": null,
            "swift_code": "CMSYSYDABM1"
        },
        {
            "id": 79,
            "bank": "COMMERCIAL BANK OF SYRIA",
            "city": "TARTOUS",
            "branch": null,
            "swift_code": "CMSYSYDABS1"
        },
        {
            "id": 80,
            "bank": "FRANSABANK SYRIA SA",
            "city": "DAMASCUS",
            "branch": null,
            "swift_code": "FSBSSYDA"
        },
        {
            "id": 81,
            "bank": "INTERNATIONAL BANK FOR TRADE AND FINANCE, THE",
            "city": "DAMASCUS",
            "branch": null,
            "swift_code": "GBTFSYDA"
        },
        {
            "id": 82,
            "bank": "QNB",
            "city": "DAMASCUS",
            "branch": null,
            "swift_code": "QNBASYDA"
        },
        {
            "id": 83,
            "bank": "REAL ESTATE BANK",
            "city": "DAMASCUS",
            "branch": null,
            "swift_code": "REBSSYDA"
        },
        {
            "id": 84,
            "bank": "SYRIA GULF BANK, S.A.",
            "city": "DAMASCUS",
            "branch": null,
            "swift_code": "SGBSSYDA"
        },
        {
            "id": 85,
            "bank": "SYRIA INTERNATIONAL ISLAMIC BANK",
            "city": "DAMASCUS",
            "branch": null,
            "swift_code": "SIIBSYDA"
        }
    ]
}
