{
    "country": "Swaziland",
    "country_code": "SZ",
    "list": [
        {
            "id": 1,
            "bank": "CENTRAL BANK OF SWAZILAND",
            "city": "MBABANE",
            "branch": null,
            "swift_code": "SWAZSZMB"
        },
        {
            "id": 2,
            "bank": "FIRST NATIONAL BANK OF SWAZILAND LIMITED",
            "city": "MBABANE",
            "branch": null,
            "swift_code": "FIRNSZMX"
        },
        {
            "id": 3,
            "bank": "NEDBANK (SWAZILAND) LIMITED",
            "city": "MBABANE",
            "branch": null,
            "swift_code": "NESWSZMX"
        },
        {
            "id": 4,
            "bank": "STANDARD BANK SWAZILAND LTD",
            "city": "MBABANE",
            "branch": null,
            "swift_code": "SBICSZMX"
        },
        {
            "id": 5,
            "bank": "SWAZILAND BEVERAGES LIMITED",
            "city": "MATSAPHA",
            "branch": null,
            "swift_code": "SABMSZM1"
        },
        {
            "id": 6,
            "bank": "SWAZILAND DEVELOPMENT AND SAVINGS BANK",
            "city": "MBABANE",
            "branch": null,
            "swift_code": "SDSBSZMB"
        },
        {
            "id": 7,
            "bank": "SWAZILAND STOCKBROKERS LTD",
            "city": "MBABANE",
            "branch": null,
            "swift_code": "SWAOSZM1"
        }
    ]
}
