{
    "country": "Togo",
    "country_code": "TG",
    "list": [
        {
            "id": 1,
            "bank": "BANK OF AFRICA TOGO",
            "city": "LOME",
            "branch": null,
            "swift_code": "AFRITGTG"
        },
        {
            "id": 2,
            "bank": "BANQUE ATLANTIQUE TOGO",
            "city": "LOME",
            "branch": null,
            "swift_code": "ATTGTGTG"
        },
        {
            "id": 3,
            "bank": "BANQUE CENTRALE DES ETATS DE L'AFRIQUE DE L'OUEST",
            "city": "KARA",
            "branch": "(KARA BRANCH)",
            "swift_code": "BCAOTGTGKAR"
        },
        {
            "id": 4,
            "bank": "BANQUE CENTRALE DES ETATS DE L'AFRIQUE DE L'OUEST",
            "city": "LOME",
            "branch": null,
            "swift_code": "BCAOTGTG"
        },
        {
            "id": 5,
            "bank": "BANQUE INTERNATIONALE POUR L'AFRIQUE AU TOGO",
            "city": "LOME",
            "branch": null,
            "swift_code": "BILTTGTG"
        },
        {
            "id": 6,
            "bank": "BANQUE OUEST AFRICAINE DE DEVELOPPEMENT (BOAD)",
            "city": "LOME",
            "branch": null,
            "swift_code": "BOADTGTG"
        },
        {
            "id": 7,
            "bank": "BANQUE POPULAIRE POUR L'EPARGNE ET LE CREDIT (FORMERLY CAISSE D'EPARGNE DU TOGO)",
            "city": "LOME",
            "branch": null,
            "swift_code": "BPECTGTG"
        },
        {
            "id": 8,
            "bank": "BANQUE TOGOLAISE POUR LE COMMERCE ET L'INDUSTRIE",
            "city": "LOME",
            "branch": null,
            "swift_code": "BTCITGTG"
        },
        {
            "id": 9,
            "bank": "BSIC TOGO SA",
            "city": "LOME",
            "branch": null,
            "swift_code": "BSAHTGTG"
        },
        {
            "id": 10,
            "bank": "CORIS BANK INTERNATIONAL TOGO",
            "city": "LOME",
            "branch": null,
            "swift_code": "CORITGTG"
        },
        {
            "id": 11,
            "bank": "DEPOSITAIRE CENTRAL-BANQUE DE REGLEMENT (DCBR TOGO)",
            "city": "LOME",
            "branch": null,
            "swift_code": "DCEDTGT1"
        },
        {
            "id": 12,
            "bank": "DIAMONDBANK TOGO",
            "city": "LOME",
            "branch": null,
            "swift_code": "DBLNTGTG"
        },
        {
            "id": 13,
            "bank": "ECOBANK TOGO",
            "city": "LOME",
            "branch": "(EPROCESS INT.)",
            "swift_code": "ECOCTGTGEPI"
        },
        {
            "id": 14,
            "bank": "ECOBANK TOGO",
            "city": "LOME",
            "branch": "(ETI DEPARTMENT)",
            "swift_code": "ECOCTGTGETI"
        },
        {
            "id": 15,
            "bank": "ECOBANK TOGO",
            "city": "LOME",
            "branch": "(SOAPI\/WAIPS)",
            "swift_code": "ECOCTGTGWPS"
        },
        {
            "id": 16,
            "bank": "ECOBANK TOGO",
            "city": "LOME",
            "branch": null,
            "swift_code": "ECOCTGTA"
        },
        {
            "id": 17,
            "bank": "ECOBANK TOGO",
            "city": "LOME",
            "branch": null,
            "swift_code": "ECOCTGTG"
        },
        {
            "id": 18,
            "bank": "ECOBANK TOGO",
            "city": "LOME",
            "branch": null,
            "swift_code": "ECOCTGTGBID"
        },
        {
            "id": 19,
            "bank": "ECOBANK TOGO",
            "city": "LOME",
            "branch": null,
            "swift_code": "ECOCTGTS"
        },
        {
            "id": 20,
            "bank": "ECOBANK TOGO",
            "city": "LOME",
            "branch": null,
            "swift_code": "ECOCTGTU"
        },
        {
            "id": 21,
            "bank": "ECOBANK TOGO",
            "city": "LOME",
            "branch": null,
            "swift_code": "ECOCTGTX"
        },
        {
            "id": 22,
            "bank": "ECOWAS BANK FOR INVESTMENT AND DEVELOPMENT",
            "city": "LOME",
            "branch": null,
            "swift_code": "EBIDTGTG"
        },
        {
            "id": 23,
            "bank": "ORABANK TOGO",
            "city": "LOME",
            "branch": null,
            "swift_code": "ORBKTGTG"
        },
        {
            "id": 24,
            "bank": "SOCIETE DES POSTES DU TOGO",
            "city": "LOME",
            "branch": null,
            "swift_code": "SOTOTGT1"
        },
        {
            "id": 25,
            "bank": "SOCIETE GENERALE BENIN SUCCURSALE DU TOGO",
            "city": "LOME",
            "branch": null,
            "swift_code": "SOGETGTG"
        },
        {
            "id": 26,
            "bank": "SOCIETE INTER AFRICAINE DE BANQUE, SA",
            "city": "LOME",
            "branch": null,
            "swift_code": "BALTTGT1"
        },
        {
            "id": 27,
            "bank": "SOCIETE INTER-AFRICAINE DE BANQUE",
            "city": "LOME",
            "branch": null,
            "swift_code": "SIABTGTG"
        },
        {
            "id": 28,
            "bank": "UNION TOGOLAISE DE BANQUE",
            "city": "LOME",
            "branch": null,
            "swift_code": "UNTBTGTG"
        }
    ]
}
