{
    "country": "Turkmenistan",
    "country_code": "TM",
    "list": [
        {
            "id": 1,
            "bank": "CENTRAL BANK OF TURKMENISTAN, THE",
            "city": "ASHKHABAD",
            "branch": null,
            "swift_code": "CBTUTM2A"
        },
        {
            "id": 2,
            "bank": "DAYKHANBANK",
            "city": "ASHKHABAD",
            "branch": null,
            "swift_code": "BDAYTM22"
        },
        {
            "id": 3,
            "bank": "HALKBANK",
            "city": "ASHKHABAD",
            "branch": null,
            "swift_code": "HALKTM22"
        },
        {
            "id": 4,
            "bank": "JOINT-STOCK COMMERCIAL BANK RYSGAL",
            "city": "ASHKHABAD",
            "branch": null,
            "swift_code": "RYSGTM2A"
        },
        {
            "id": 5,
            "bank": "NATIONAL BANK OF PAKISTAN",
            "city": "ASHKHABAD",
            "branch": null,
            "swift_code": "NBPATM22"
        },
        {
            "id": 6,
            "bank": "SAVINGS BANK OF TURKMENISTAN",
            "city": "ASHKHABAD",
            "branch": null,
            "swift_code": "SATUTM21"
        },
        {
            "id": 7,
            "bank": "SENAGAT BANK JSCB",
            "city": "ASHKHABAD",
            "branch": null,
            "swift_code": "SENBTM22"
        },
        {
            "id": 8,
            "bank": "STATE BANK FOR FOREIGN ECONOMIC AFFAIRS OF TURKMENISTAN",
            "city": "ASHKHABAD",
            "branch": null,
            "swift_code": "SBFETM22"
        },
        {
            "id": 9,
            "bank": "STATE COMMERCIAL BANK 'GARASHSYZLYK '",
            "city": "ASHKHABAD",
            "branch": null,
            "swift_code": "STCGTM21"
        },
        {
            "id": 10,
            "bank": "TURKMEN TURKISH JOINT STOCK COMMERCIAL BANK",
            "city": "ASHKHABAD",
            "branch": null,
            "swift_code": "TUTCTM2X"
        },
        {
            "id": 11,
            "bank": "TURKMENBANK",
            "city": "ASHKHABAD",
            "branch": null,
            "swift_code": "TNBKTM2X"
        },
        {
            "id": 12,
            "bank": "TURKMENBASHIBANK",
            "city": "ASHKHABAD",
            "branch": null,
            "swift_code": "INVATM2X"
        }
    ]
}
