{
    "country": "Tunisia",
    "country_code": "TN",
    "list": [
        {
            "id": 1,
            "bank": "AL BARAKA BANK TUNISIA",
            "city": "TUNIS",
            "branch": null,
            "swift_code": "BEITTNTT"
        },
        {
            "id": 2,
            "bank": "ALUBAF INTERNATIONAL BANK TUNIS",
            "city": "TUNIS",
            "branch": null,
            "swift_code": "ALUBTNTT"
        },
        {
            "id": 3,
            "bank": "AMEN BANK",
            "city": "TUNIS",
            "branch": null,
            "swift_code": "CFCTTNTT"
        },
        {
            "id": 4,
            "bank": "ARAB BANKING CORPORATION",
            "city": "TUNIS",
            "branch": "(ONSHORE BRANCH TUNISIE)",
            "swift_code": "ABCOTNTT001"
        },
        {
            "id": 5,
            "bank": "ARAB BANKING CORPORATION",
            "city": "TUNIS",
            "branch": null,
            "swift_code": "ABCOTNTT"
        },
        {
            "id": 6,
            "bank": "ARAB TUNISIAN BANK",
            "city": "TUNIS",
            "branch": null,
            "swift_code": "ATBKTNTT"
        },
        {
            "id": 7,
            "bank": "ATTIJARI BANK",
            "city": "TUNIS",
            "branch": "(ATTIJARI INTERMEDIATION)",
            "swift_code": "BSTUTNTTAIN"
        },
        {
            "id": 8,
            "bank": "ATTIJARI BANK",
            "city": "TUNIS",
            "branch": "(ATTIJARI TITRE)",
            "swift_code": "BSTUTNTTTIT"
        },
        {
            "id": 9,
            "bank": "ATTIJARI BANK",
            "city": "TUNIS",
            "branch": "(INTERNATIONAL DEPARTMENT)",
            "swift_code": "BSTUTNTTINT"
        },
        {
            "id": 10,
            "bank": "ATTIJARI BANK",
            "city": "TUNIS",
            "branch": null,
            "swift_code": "BSTUTNTT"
        },
        {
            "id": 11,
            "bank": "BANKERS TRUST COMPANY",
            "city": "TUNIS",
            "branch": null,
            "swift_code": "BKTRTNT1"
        },
        {
            "id": 12,
            "bank": "BANQUE CENTRALE DE TUNISIE",
            "city": "TUNIS",
            "branch": null,
            "swift_code": "BCTNTNTT"
        },
        {
            "id": 13,
            "bank": "BANQUE CENTRALE DE TUNISIE",
            "city": "TUNIS",
            "branch": null,
            "swift_code": "BCTNTNTTVGM"
        },
        {
            "id": 14,
            "bank": "BANQUE DE FINANCEMENT DES PME",
            "city": "TUNIS",
            "branch": null,
            "swift_code": "BFPMTNTT"
        },
        {
            "id": 15,
            "bank": "BANQUE DE L'HABITAT",
            "city": "TUNIS",
            "branch": null,
            "swift_code": "BHBKTNTT"
        },
        {
            "id": 16,
            "bank": "BANQUE DE TUNISIE",
            "city": "TUNIS",
            "branch": null,
            "swift_code": "BTBKTNTT"
        },
        {
            "id": 17,
            "bank": "BANQUE DE TUNISIE",
            "city": "TUNIS",
            "branch": null,
            "swift_code": "BTBKTNTTVGM"
        },
        {
            "id": 18,
            "bank": "BANQUE DE TUNISIE ET DES EMIRATS",
            "city": "TUNIS",
            "branch": null,
            "swift_code": "BTEXTNTT"
        },
        {
            "id": 19,
            "bank": "BANQUE FRANCO TUNISIENNE",
            "city": "TUNIS",
            "branch": "(TRESORERIE)",
            "swift_code": "BFTNTNTTTRS"
        },
        {
            "id": 20,
            "bank": "BANQUE FRANCO TUNISIENNE",
            "city": "TUNIS",
            "branch": null,
            "swift_code": "BFTNTNTT"
        },
        {
            "id": 21,
            "bank": "BANQUE INTERNATIONALE ARABE DE TUNISIE",
            "city": "SFAX",
            "branch": "(CREDIT DOCUMENTAIRE EXPORT SFAX)",
            "swift_code": "BIATTNTTDXS"
        },
        {
            "id": 22,
            "bank": "BANQUE INTERNATIONALE ARABE DE TUNISIE",
            "city": "SFAX",
            "branch": "(CREDIT DOCUMENTAIRE IMPORT SFAX)",
            "swift_code": "BIATTNTTDMS"
        },
        {
            "id": 23,
            "bank": "BANQUE INTERNATIONALE ARABE DE TUNISIE",
            "city": "SFAX",
            "branch": "(REMISE EXPORT SFAX)",
            "swift_code": "BIATTNTTRXS"
        },
        {
            "id": 24,
            "bank": "BANQUE INTERNATIONALE ARABE DE TUNISIE",
            "city": "SFAX",
            "branch": "(REMISE IMPORT SFAX)",
            "swift_code": "BIATTNTTRMS"
        },
        {
            "id": 25,
            "bank": "BANQUE INTERNATIONALE ARABE DE TUNISIE",
            "city": "SFAX",
            "branch": "(TRANSFERT EMIS SFAX)",
            "swift_code": "BIATTNTTTES"
        },
        {
            "id": 26,
            "bank": "BANQUE INTERNATIONALE ARABE DE TUNISIE",
            "city": "SFAX",
            "branch": "(TRANSFERT RECU SFAX)",
            "swift_code": "BIATTNTTTRS"
        },
        {
            "id": 27,
            "bank": "BANQUE INTERNATIONALE ARABE DE TUNISIE",
            "city": "SFAX",
            "branch": null,
            "swift_code": "BIATTNTTSFX"
        },
        {
            "id": 28,
            "bank": "BANQUE INTERNATIONALE ARABE DE TUNISIE",
            "city": "TUNIS",
            "branch": "(CREDIT DOCUMENTAIRE EXPORT TUNIS)",
            "swift_code": "BIATTNTTDXT"
        },
        {
            "id": 29,
            "bank": "BANQUE INTERNATIONALE ARABE DE TUNISIE",
            "city": "TUNIS",
            "branch": "(CREDIT DOCUMENTAIRE IMPORT TUNIS)",
            "swift_code": "BIATTNTTDMT"
        },
        {
            "id": 30,
            "bank": "BANQUE INTERNATIONALE ARABE DE TUNISIE",
            "city": "TUNIS",
            "branch": "(ENCAISSEMENT CHEQUE INTERNATIONALE)",
            "swift_code": "BIATTNTTECI"
        },
        {
            "id": 31,
            "bank": "BANQUE INTERNATIONALE ARABE DE TUNISIE",
            "city": "TUNIS",
            "branch": "(FINANCEMENT EN DEVISE EXPORT)",
            "swift_code": "BIATTNTTFDE"
        },
        {
            "id": 32,
            "bank": "BANQUE INTERNATIONALE ARABE DE TUNISIE",
            "city": "TUNIS",
            "branch": "(FINANCEMENT EN DEVISE IMPORT)",
            "swift_code": "BIATTNTTFDI"
        },
        {
            "id": 33,
            "bank": "BANQUE INTERNATIONALE ARABE DE TUNISIE",
            "city": "TUNIS",
            "branch": "(GARANTIE INTERNATIONALE EMISE)",
            "swift_code": "BIATTNTTGIE"
        },
        {
            "id": 34,
            "bank": "BANQUE INTERNATIONALE ARABE DE TUNISIE",
            "city": "TUNIS",
            "branch": "(GARANTIE INTERNATIONALE RECUE)",
            "swift_code": "BIATTNTTGIR"
        },
        {
            "id": 35,
            "bank": "BANQUE INTERNATIONALE ARABE DE TUNISIE",
            "city": "TUNIS",
            "branch": "(PAIEMENT CHEQUE INTERNATIONALE)",
            "swift_code": "BIATTNTTPCI"
        },
        {
            "id": 36,
            "bank": "BANQUE INTERNATIONALE ARABE DE TUNISIE",
            "city": "TUNIS",
            "branch": "(REMISE EXPORT TUNIS)",
            "swift_code": "BIATTNTTRXT"
        },
        {
            "id": 37,
            "bank": "BANQUE INTERNATIONALE ARABE DE TUNISIE",
            "city": "TUNIS",
            "branch": "(REMISE IMPORT TUNIS)",
            "swift_code": "BIATTNTTRMT"
        },
        {
            "id": 38,
            "bank": "BANQUE INTERNATIONALE ARABE DE TUNISIE",
            "city": "TUNIS",
            "branch": "(TRANSFERT EMIS TUNIS)",
            "swift_code": "BIATTNTTTET"
        },
        {
            "id": 39,
            "bank": "BANQUE INTERNATIONALE ARABE DE TUNISIE",
            "city": "TUNIS",
            "branch": "(TRANSFERT RECU TUNIS)",
            "swift_code": "BIATTNTTTRT"
        },
        {
            "id": 40,
            "bank": "BANQUE INTERNATIONALE ARABE DE TUNISIE",
            "city": "TUNIS",
            "branch": null,
            "swift_code": "BIATTNTT"
        },
        {
            "id": 41,
            "bank": "BANQUE NATIONALE AGRICOLE",
            "city": "SFAX",
            "branch": "(DIRECTION REGIONALE)",
            "swift_code": "BNTETNTTSFX"
        },
        {
            "id": 42,
            "bank": "BANQUE NATIONALE AGRICOLE",
            "city": "SOUSSE",
            "branch": "(DIRECTION REGIONALE)",
            "swift_code": "BNTETNTTSSE"
        },
        {
            "id": 43,
            "bank": "BANQUE NATIONALE AGRICOLE",
            "city": "TUNIS",
            "branch": null,
            "swift_code": "BNTETNTT"
        },
        {
            "id": 44,
            "bank": "BANQUE TUNISIENNE DE SOLIDARITE",
            "city": "TUNIS",
            "branch": null,
            "swift_code": "TUSOTNT1"
        },
        {
            "id": 45,
            "bank": "BANQUE TUNISO-KOWEITIENNE",
            "city": "TUNIS",
            "branch": null,
            "swift_code": "BTKOTNTT"
        },
        {
            "id": 46,
            "bank": "BANQUE TUNISO-LIBYENNE",
            "city": "TUNIS",
            "branch": null,
            "swift_code": "ATLDTNTT"
        },
        {
            "id": 47,
            "bank": "BANQUE ZITOUNA",
            "city": "TUNIS",
            "branch": "(SALLE DES MARCHES)",
            "swift_code": "BZITTNTTSDM"
        },
        {
            "id": 48,
            "bank": "BANQUE ZITOUNA",
            "city": "TUNIS",
            "branch": "(VIREMENTS GROS MONTANTS)",
            "swift_code": "BZITTNTTVGM"
        },
        {
            "id": 49,
            "bank": "BANQUE ZITOUNA",
            "city": "TUNIS",
            "branch": null,
            "swift_code": "BZITTNTT"
        },
        {
            "id": 50,
            "bank": "BOURSE DES VALEURS MOBILIERES DE TUNIS",
            "city": "TUNIS",
            "branch": null,
            "swift_code": "XTUNTNT1"
        },
        {
            "id": 51,
            "bank": "CITIBANK N.A.",
            "city": "TUNIS",
            "branch": "(ON SHORE BRANCH)",
            "swift_code": "CITITNTXONS"
        },
        {
            "id": 52,
            "bank": "CITIBANK N.A.",
            "city": "TUNIS",
            "branch": null,
            "swift_code": "CITITNTX"
        },
        {
            "id": 53,
            "bank": "FITCH NORTH AFRICA SA",
            "city": "TUNIS",
            "branch": null,
            "swift_code": "FRIPTNT1"
        },
        {
            "id": 54,
            "bank": "LA POSTE TUNISIENNE",
            "city": "TUNIS",
            "branch": null,
            "swift_code": "LPTNTNTT"
        },
        {
            "id": 55,
            "bank": "NORTH AFRICA INTERNATIONAL BANK",
            "city": "TUNIS",
            "branch": null,
            "swift_code": "NOAFTNTT"
        },
        {
            "id": 56,
            "bank": "QATAR NATIONAL BANK-TUNISIA",
            "city": "ARIANA",
            "branch": null,
            "swift_code": "BTQITNTT"
        },
        {
            "id": 57,
            "bank": "SOCIETE TUNISIENNE DE BANQUE",
            "city": "MONASTIR",
            "branch": "(MONASTIR)",
            "swift_code": "STBKTNTT017"
        },
        {
            "id": 58,
            "bank": "SOCIETE TUNISIENNE DE BANQUE",
            "city": "NABEUL",
            "branch": "(DIRECTION REGIONALE)",
            "swift_code": "STBKTNTT925"
        },
        {
            "id": 59,
            "bank": "SOCIETE TUNISIENNE DE BANQUE",
            "city": "SFAX",
            "branch": "(DIRECTION REGIONALE)",
            "swift_code": "STBKTNTT940"
        },
        {
            "id": 60,
            "bank": "SOCIETE TUNISIENNE DE BANQUE",
            "city": "SOUSSE",
            "branch": "(DIRECTION REGIONALE)",
            "swift_code": "STBKTNTT930"
        },
        {
            "id": 61,
            "bank": "SOCIETE TUNISIENNE DE BANQUE",
            "city": "TUNIS",
            "branch": "(DIRECTION DE LA SUCCURSALE THAMEUR)",
            "swift_code": "STBKTNTT000"
        },
        {
            "id": 62,
            "bank": "SOCIETE TUNISIENNE DE BANQUE",
            "city": "TUNIS",
            "branch": "(HEAD OFFICE AND ALL OTHER DEPARTMENTS)",
            "swift_code": "STBKTNTT"
        },
        {
            "id": 63,
            "bank": "SOCIETE TUNISIENNE INTERPROFESSIONNELLE POUR LA COMPENSATION ET LE DEPOT DES VALEURS MOBILIERES",
            "city": "TUNIS",
            "branch": null,
            "swift_code": "STICTNT1"
        },
        {
            "id": 64,
            "bank": "TUNIS INTERNATIONAL BANK",
            "city": "TUNIS",
            "branch": null,
            "swift_code": "TUIBTNTT"
        },
        {
            "id": 65,
            "bank": "TUNISIAN FOREIGN BANK",
            "city": "TUNIS",
            "branch": null,
            "swift_code": "UTUBTNTT"
        },
        {
            "id": 66,
            "bank": "TUNISIAN SAUDI BANK",
            "city": "TUNIS",
            "branch": null,
            "swift_code": "TSIDTNTT"
        },
        {
            "id": 67,
            "bank": "TUNISIE VALEURS",
            "city": "TUNIS",
            "branch": null,
            "swift_code": "TUNVTNT1"
        },
        {
            "id": 68,
            "bank": "UNION BANCAIRE POUR LE COMMERCE ET L'INDUSTRIE (GROUPE BNP PARIBAS)",
            "city": "NABEUL",
            "branch": "(NABEUL BRANCH)",
            "swift_code": "UBCITNTTNBL"
        },
        {
            "id": 69,
            "bank": "UNION BANCAIRE POUR LE COMMERCE ET L'INDUSTRIE (GROUPE BNP PARIBAS)",
            "city": "SFAX",
            "branch": "(SFAX BRANCH)",
            "swift_code": "UBCITNTTSFX"
        },
        {
            "id": 70,
            "bank": "UNION BANCAIRE POUR LE COMMERCE ET L'INDUSTRIE (GROUPE BNP PARIBAS)",
            "city": "SOUSSE",
            "branch": "(SOUSSE BRANCH)",
            "swift_code": "UBCITNTTSSE"
        },
        {
            "id": 71,
            "bank": "UNION BANCAIRE POUR LE COMMERCE ET L'INDUSTRIE (GROUPE BNP PARIBAS)",
            "city": "TUNIS",
            "branch": "(ENGAGEMENT)",
            "swift_code": "UBCITNTTENG"
        },
        {
            "id": 72,
            "bank": "UNION BANCAIRE POUR LE COMMERCE ET L'INDUSTRIE (GROUPE BNP PARIBAS)",
            "city": "TUNIS",
            "branch": "(SALLE DES MARCHES)",
            "swift_code": "UBCITNTTSDM"
        },
        {
            "id": 73,
            "bank": "UNION BANCAIRE POUR LE COMMERCE ET L'INDUSTRIE (GROUPE BNP PARIBAS)",
            "city": "TUNIS",
            "branch": "(VIREMENTS GROS MONTANTS)",
            "swift_code": "UBCITNTTVGM"
        },
        {
            "id": 74,
            "bank": "UNION BANCAIRE POUR LE COMMERCE ET L'INDUSTRIE (GROUPE BNP PARIBAS)",
            "city": "TUNIS",
            "branch": null,
            "swift_code": "UBCITNTT"
        },
        {
            "id": 75,
            "bank": "UNION BANCAIRE POUR LE COMMERCE ET L'INDUSTRIE (GROUPE BNP PARIBAS)",
            "city": "TUNIS",
            "branch": null,
            "swift_code": "UBCITNTTCHG"
        },
        {
            "id": 76,
            "bank": "UNION BANCAIRE POUR LE COMMERCE ET L'INDUSTRIE (GROUPE BNP PARIBAS)",
            "city": "TUNIS",
            "branch": null,
            "swift_code": "UBCITNTTPST"
        },
        {
            "id": 77,
            "bank": "UNION BANCAIRE POUR LE COMMERCE ET L'INDUSTRIE (GROUPE BNP PARIBAS)",
            "city": "TUNIS",
            "branch": null,
            "swift_code": "UBCITNTTTCE"
        },
        {
            "id": 78,
            "bank": "UNION INTERNATIONALE DE BANQUES",
            "city": "TUNIS",
            "branch": null,
            "swift_code": "UIBKTNTT"
        },
        {
            "id": 79,
            "bank": "WIFACK INTERNATIONAL BANK",
            "city": "MEDENINE",
            "branch": null,
            "swift_code": "WKIBTNTT"
        }
    ]
}
