{
    "country": "Tanzania",
    "country_code": "TZ",
    "list": [
        {
            "id": 1,
            "bank": "ACCESSBANK TANZANIA LTD",
            "city": "DAR ES SALAAM",
            "branch": null,
            "swift_code": "ACTZTZTZ"
        },
        {
            "id": 2,
            "bank": "ADVANS BANK TANZANIA",
            "city": "DAR ES SALAAM",
            "branch": null,
            "swift_code": "ADVBTZTZ"
        },
        {
            "id": 3,
            "bank": "AFRICAN BANKING CORPORATION TANZANIA LIMITED",
            "city": "DAR ES SALAAM",
            "branch": null,
            "swift_code": "FMBZTZTX"
        },
        {
            "id": 4,
            "bank": "AKIBA COMMERCIAL BANK PLC",
            "city": "DAR ES SALAAM",
            "branch": null,
            "swift_code": "AKCOTZTZ"
        },
        {
            "id": 5,
            "bank": "AMANA BANK LIMITED",
            "city": "DAR ES SALAAM",
            "branch": null,
            "swift_code": "AMNNTZTZ"
        },
        {
            "id": 6,
            "bank": "AZANIA BANK LIMITED",
            "city": "DAR ES SALAAM",
            "branch": null,
            "swift_code": "AZANTZTZ"
        },
        {
            "id": 7,
            "bank": "BANK M TANZANIA PLC",
            "city": "DAR ES SALAAM",
            "branch": null,
            "swift_code": "BNKMTZTZ"
        },
        {
            "id": 8,
            "bank": "BANK OF BARODA (TANZANIA) LTD",
            "city": "DAR ES SALAAM",
            "branch": null,
            "swift_code": "BARBTZTZ"
        },
        {
            "id": 9,
            "bank": "BANK OF INDIA (TANZANIA) LIMITED",
            "city": "DAR ES SALAAM",
            "branch": null,
            "swift_code": "BKIDTZTZ"
        },
        {
            "id": 10,
            "bank": "BANK OF TANZANIA",
            "city": "DAR ES SALAAM",
            "branch": null,
            "swift_code": "TANZTZTX"
        },
        {
            "id": 11,
            "bank": "BARCLAYS BANK TANZANIA LTD",
            "city": "DAR ES SALAAM",
            "branch": null,
            "swift_code": "BARCTZTZ"
        },
        {
            "id": 12,
            "bank": "BOA BANK TANZANIA",
            "city": "DAR ES SALAAM",
            "branch": null,
            "swift_code": "EUAFTZTZ"
        },
        {
            "id": 13,
            "bank": "CANARA BANK  (TANZANIA) LTD",
            "city": "DAR ES SALAAM",
            "branch": null,
            "swift_code": "CNRBTZTZ"
        },
        {
            "id": 14,
            "bank": "CHINA COMMERCIAL BANK LIMITED",
            "city": "DAR ES SALAAM",
            "branch": null,
            "swift_code": "CHLMTZTZ"
        },
        {
            "id": 15,
            "bank": "CITIBANK TANZANIA LTD",
            "city": "DAR ES SALAAM",
            "branch": null,
            "swift_code": "CITITZTZ"
        },
        {
            "id": 16,
            "bank": "COMMERCIAL BANK OF AFRICA (TANZANIA) LTD",
            "city": "DAR ES SALAAM",
            "branch": null,
            "swift_code": "CBAFTZTZ"
        },
        {
            "id": 17,
            "bank": "COVENANT BANK FOR WOMEN (TANZANIA) LIMITED",
            "city": "DAR ES SALAAM",
            "branch": null,
            "swift_code": "CBFWTZTZ"
        },
        {
            "id": 18,
            "bank": "CRDB BANK LIMITED",
            "city": "ARUSHA",
            "branch": null,
            "swift_code": "CORUTZT10T4"
        },
        {
            "id": 19,
            "bank": "CRDB BANK LIMITED",
            "city": "DAR ES SALAAM",
            "branch": "(AZIKIWE BRANCH)",
            "swift_code": "CORUTZT10TD"
        },
        {
            "id": 20,
            "bank": "CRDB BANK LIMITED",
            "city": "DAR ES SALAAM",
            "branch": "(LUMUMBA BRANCH)",
            "swift_code": "CORUTZT10T2"
        },
        {
            "id": 21,
            "bank": "CRDB BANK LIMITED",
            "city": "DAR ES SALAAM",
            "branch": null,
            "swift_code": "CORUTZTZ"
        },
        {
            "id": 22,
            "bank": "CRDB BANK LIMITED",
            "city": "MWANZA",
            "branch": null,
            "swift_code": "CORUTZT10T5"
        },
        {
            "id": 23,
            "bank": "CRDB BANK LIMITED",
            "city": "SHINYANGA",
            "branch": null,
            "swift_code": "CORUTZT10T6"
        },
        {
            "id": 24,
            "bank": "CRDB BANK LIMITED",
            "city": "TANGA",
            "branch": null,
            "swift_code": "CORUTZT10T3"
        },
        {
            "id": 25,
            "bank": "CROWN FINANCE AND LEASING LIMITED",
            "city": "DAR ES SALAAM",
            "branch": null,
            "swift_code": "CFLLTZT1"
        },
        {
            "id": 26,
            "bank": "DAR ES SALAAM COMMUNITY BANK LTD",
            "city": "DAR ES SALAAM",
            "branch": null,
            "swift_code": "DASUTZTZ"
        },
        {
            "id": 27,
            "bank": "DAR ES SALAAM STOCK EXCHANGE",
            "city": "DAR ES SALAAM",
            "branch": null,
            "swift_code": "DSTXTZTZ"
        },
        {
            "id": 28,
            "bank": "DIAMOND TRUST BANK TANZANIA LTD",
            "city": "DAR ES SALAAM",
            "branch": null,
            "swift_code": "DTKETZTZ"
        },
        {
            "id": 29,
            "bank": "EAST AFRICAN DEVELOPMENT BANK",
            "city": "DAR ES SALAAM",
            "branch": null,
            "swift_code": "AFDETZT1"
        },
        {
            "id": 30,
            "bank": "ECOBANK TANZANIA LIMITED",
            "city": "DAR ES SALAAM",
            "branch": null,
            "swift_code": "ECOCTZTZ"
        },
        {
            "id": 31,
            "bank": "EFATHA BANK LIMITED",
            "city": "DAR ES SALAAM",
            "branch": null,
            "swift_code": "EFABTZTZ"
        },
        {
            "id": 32,
            "bank": "EQUITY BANK TANZANIA LIMITED",
            "city": "DAR ES SALAAM",
            "branch": null,
            "swift_code": "EQBLTZTZ"
        },
        {
            "id": 33,
            "bank": "EXIMBANK (TANZANIA) LTD",
            "city": "DAR ES SALAAM",
            "branch": null,
            "swift_code": "EXTNTZTZ"
        },
        {
            "id": 34,
            "bank": "FINCA MICROFINANCE BANK LIMITED",
            "city": "DAR ES SALAAM",
            "branch": null,
            "swift_code": "FNMITZTZ"
        },
        {
            "id": 35,
            "bank": "FIRST NATIONAL BANK OF TANZANIA",
            "city": "DAR ES SALAAM",
            "branch": null,
            "swift_code": "FIRNTZTX"
        },
        {
            "id": 36,
            "bank": "HABIB AFRICAN BANK",
            "city": "DAR ES SALAAM",
            "branch": null,
            "swift_code": "HABLTZTZ"
        },
        {
            "id": 37,
            "bank": "I AND M BANK (T) LIMITED",
            "city": "DAR ES SALAAM",
            "branch": null,
            "swift_code": "IMBLTZTZ"
        },
        {
            "id": 38,
            "bank": "INTERNATIONAL COMMERCIAL BANK (TANZANIA) LIMITED",
            "city": "DAR ES SALAAM",
            "branch": null,
            "swift_code": "BKMYTZTZ"
        },
        {
            "id": 39,
            "bank": "KARADHA COMPANY LTD",
            "city": "DAR ES SALAAM",
            "branch": null,
            "swift_code": "KACLTZT1"
        },
        {
            "id": 40,
            "bank": "KCB BANK TANZANIA LIMITED",
            "city": "DAR ES SALAAM",
            "branch": null,
            "swift_code": "KCBLTZTZ"
        },
        {
            "id": 41,
            "bank": "KILIMANJARO CO-OPERATIVE BANK LTD",
            "city": "MOSHI",
            "branch": null,
            "swift_code": "KLMJTZTZ"
        },
        {
            "id": 42,
            "bank": "MAENDELEO BANK LTD",
            "city": "DAR ES SALAAM",
            "branch": null,
            "swift_code": "MBTLTZTZ"
        },
        {
            "id": 43,
            "bank": "MERU COMMUNITY BANK LTD",
            "city": "ARUSHA",
            "branch": null,
            "swift_code": "MCBNTZTZ"
        },
        {
            "id": 44,
            "bank": "MKOMBOZI COMMERCIAL BANK LTD",
            "city": "DAR ES SALAAM",
            "branch": null,
            "swift_code": "MKCBTZTZ"
        },
        {
            "id": 45,
            "bank": "MUCOBA BANK PLC",
            "city": "IRINGA",
            "branch": null,
            "swift_code": "MUOBTZTZ"
        },
        {
            "id": 46,
            "bank": "MWALIMU COMMERCIAL BANK PLC",
            "city": "DAR ES SALAAM",
            "branch": null,
            "swift_code": "MWCOTZTZ"
        },
        {
            "id": 47,
            "bank": "MWANGA COMMUNITY BANK LTD",
            "city": "MOSHI",
            "branch": null,
            "swift_code": "MWCBTZTZ"
        },
        {
            "id": 48,
            "bank": "NATIONAL BANK OF COMMERCE, THE",
            "city": "ARUSHA",
            "branch": "(ARUSHA BRANCH)",
            "swift_code": "NLCBTZTX0T4"
        },
        {
            "id": 49,
            "bank": "NATIONAL BANK OF COMMERCE, THE",
            "city": "DAR ES SALAAM",
            "branch": "(BANK HOUSE BRANCH)",
            "swift_code": "NLCBTZT10T6"
        },
        {
            "id": 50,
            "bank": "NATIONAL BANK OF COMMERCE, THE",
            "city": "DAR ES SALAAM",
            "branch": "(CORPORATE BRANCH)",
            "swift_code": "NLCBTZTX0T3"
        },
        {
            "id": 51,
            "bank": "NATIONAL BANK OF COMMERCE, THE",
            "city": "DAR ES SALAAM",
            "branch": "(FINANCIAL DEPARTMENT-NBC HOUSE)",
            "swift_code": "NLCBTZTXFIN"
        },
        {
            "id": 52,
            "bank": "NATIONAL BANK OF COMMERCE, THE",
            "city": "DAR ES SALAAM",
            "branch": "(HEADOFFICE)",
            "swift_code": "NLCBTZTX"
        },
        {
            "id": 53,
            "bank": "NATIONAL BANK OF COMMERCE, THE",
            "city": "DAR ES SALAAM",
            "branch": "(INDUSTRIAL BRANCH)",
            "swift_code": "NLCBTZTXIND"
        },
        {
            "id": 54,
            "bank": "NATIONAL BANK OF COMMERCE, THE",
            "city": "DAR ES SALAAM",
            "branch": "(KICHWELE BRANCH)",
            "swift_code": "NLCBTZTXKIC"
        },
        {
            "id": 55,
            "bank": "NATIONAL BANK OF COMMERCE, THE",
            "city": "DAR ES SALAAM",
            "branch": "(MASDO HOUSE BRANCH)",
            "swift_code": "NLCBTZT10T7"
        },
        {
            "id": 56,
            "bank": "NATIONAL BANK OF COMMERCE, THE",
            "city": "DAR ES SALAAM",
            "branch": "(MNAZI MMOJA BRANCH)",
            "swift_code": "NLCBTZTXMNA"
        },
        {
            "id": 57,
            "bank": "NATIONAL BANK OF COMMERCE, THE",
            "city": "DAR ES SALAAM",
            "branch": "(SAMORA BRANCH)",
            "swift_code": "NLCBTZTX0T8"
        },
        {
            "id": 58,
            "bank": "NATIONAL BANK OF COMMERCE, THE",
            "city": "MBEYA",
            "branch": "(MBEYA BRANCH)",
            "swift_code": "NLCBTZTXMBE"
        },
        {
            "id": 59,
            "bank": "NATIONAL BANK OF COMMERCE, THE",
            "city": "MOROGORO",
            "branch": "(MOROGORO BRANCH)",
            "swift_code": "NLCBTZTXMOR"
        },
        {
            "id": 60,
            "bank": "NATIONAL BANK OF COMMERCE, THE",
            "city": "MOSHI",
            "branch": "(MOSHI BRANCH)",
            "swift_code": "NLCBTZTX0TM"
        },
        {
            "id": 61,
            "bank": "NATIONAL BANK OF COMMERCE, THE",
            "city": "MWANZA",
            "branch": "(MWANZA BRANCH)",
            "swift_code": "NLCBTZTX0T5"
        },
        {
            "id": 62,
            "bank": "NATIONAL BANK OF COMMERCE, THE",
            "city": "TANGA",
            "branch": "(TANGA BRANCH)",
            "swift_code": "NLCBTZTXTAN"
        },
        {
            "id": 63,
            "bank": "NATIONAL BANK OF COMMERCE, THE",
            "city": "ZANZIBAR",
            "branch": "(ZANZIBAR BRANCH-UNGUJA)",
            "swift_code": "NLCBTZTXZAN"
        },
        {
            "id": 64,
            "bank": "NIC BANK (TANZANIA) LIMITED",
            "city": "DAR ES SALAAM",
            "branch": null,
            "swift_code": "SFICTZTZ"
        },
        {
            "id": 65,
            "bank": "NMB BANK PLC",
            "city": "DAR ES SALAAM",
            "branch": null,
            "swift_code": "NMIBTZTZ"
        },
        {
            "id": 66,
            "bank": "ORBIT SECURITES CO LTD",
            "city": "DAR ES SALAAM",
            "branch": null,
            "swift_code": "ORSUTZT1"
        },
        {
            "id": 67,
            "bank": "PEOPLE'S BANK OF ZANZIBAR, THE",
            "city": "ZANZIBAR",
            "branch": "(CHAKE CHAKE BRANCH)",
            "swift_code": "PBZATZTZCHK"
        },
        {
            "id": 68,
            "bank": "PEOPLE'S BANK OF ZANZIBAR, THE",
            "city": "ZANZIBAR",
            "branch": "(MWANAKWEREKWE BRANCH)",
            "swift_code": "PBZATZTZNWK"
        },
        {
            "id": 69,
            "bank": "PEOPLE'S BANK OF ZANZIBAR, THE",
            "city": "ZANZIBAR",
            "branch": null,
            "swift_code": "PBZATZTZ"
        },
        {
            "id": 70,
            "bank": "SABMILLER TANZANIA",
            "city": "DAR ES SALAAM",
            "branch": null,
            "swift_code": "SABMTZT1"
        },
        {
            "id": 71,
            "bank": "SABMILLER TANZANIA",
            "city": "DAR ES SALAAM",
            "branch": null,
            "swift_code": "SABMTZT1TBL"
        },
        {
            "id": 72,
            "bank": "SABMILLER TANZANIA",
            "city": "DAR ES SALAAM",
            "branch": null,
            "swift_code": "SABMTZT1TDL"
        },
        {
            "id": 73,
            "bank": "STANBIC BANK TANZANIA LIMITED",
            "city": "DAR ES SALAAM",
            "branch": null,
            "swift_code": "SBICTZTX"
        },
        {
            "id": 74,
            "bank": "STANDARD CHARTERED BANK TANZANIA LTD",
            "city": "DAR ES SALAAM",
            "branch": "(SECURITIES SERVICES UNIT)",
            "swift_code": "SCBLTZTXSSU"
        },
        {
            "id": 75,
            "bank": "STANDARD CHARTERED BANK TANZANIA LTD",
            "city": "DAR ES SALAAM",
            "branch": null,
            "swift_code": "SCBLTZTX"
        },
        {
            "id": 76,
            "bank": "STATE BANK OF INDIA",
            "city": "DAR ES SALAAM",
            "branch": null,
            "swift_code": "SBINTZT1"
        },
        {
            "id": 77,
            "bank": "TANZANIA AGRICULTURAL DEVELOPMENT BANK",
            "city": "DAR ES SALAAM",
            "branch": null,
            "swift_code": "TZADTZTZ"
        },
        {
            "id": 78,
            "bank": "TANZANIA HOUSING BANK",
            "city": "DAR ES SALAAM",
            "branch": "(CITY BRANCH)",
            "swift_code": "TAHOTZT1"
        },
        {
            "id": 79,
            "bank": "TANZANIA HOUSING BANK",
            "city": "DAR ES SALAAM",
            "branch": "(HIFADHI BRANCH)",
            "swift_code": "TAHOTZT10T2"
        },
        {
            "id": 80,
            "bank": "TANZANIA HOUSING BANK",
            "city": "DODOMA",
            "branch": "(DODOMA BRANCH)",
            "swift_code": "TAHOTZT10T4"
        },
        {
            "id": 81,
            "bank": "TANZANIA HOUSING BANK",
            "city": "MBEYA",
            "branch": "(MBEYA BRANCH)",
            "swift_code": "TAHOTZT10T6"
        },
        {
            "id": 82,
            "bank": "TANZANIA HOUSING BANK",
            "city": "MOROGORO",
            "branch": "(MOROGORO BRANCH)",
            "swift_code": "TAHOTZT10T7"
        },
        {
            "id": 83,
            "bank": "TANZANIA HOUSING BANK",
            "city": "MOSHI",
            "branch": "(MOSHI BRANCH)",
            "swift_code": "TAHOTZT10T8"
        },
        {
            "id": 84,
            "bank": "TANZANIA HOUSING BANK",
            "city": "MWANZA",
            "branch": "(MWANZA BRANCH)",
            "swift_code": "TAHOTZT10T5"
        },
        {
            "id": 85,
            "bank": "TANZANIA HOUSING BANK",
            "city": "TANGA",
            "branch": "(TANGA BRANCH)",
            "swift_code": "TAHOTZT10T3"
        },
        {
            "id": 86,
            "bank": "TANZANIA HOUSING BANK",
            "city": "ZANZIBAR",
            "branch": "(ZANZIBAR BRANCH)",
            "swift_code": "TAHOTZT10TA"
        },
        {
            "id": 87,
            "bank": "TANZANIA REVENUE AUTHORITY",
            "city": "DAR ES SALAAM",
            "branch": null,
            "swift_code": "TARATZTZ"
        },
        {
            "id": 88,
            "bank": "TANZANIA WOMEN'S BANK LTD",
            "city": "DAR ES SALAAM",
            "branch": null,
            "swift_code": "TWBLTZTZ"
        },
        {
            "id": 89,
            "bank": "TIB CORPORATE BANK LIMITED",
            "city": "DAR ES SALAAM",
            "branch": null,
            "swift_code": "TAINTZTZ"
        },
        {
            "id": 90,
            "bank": "TPB BANK PLC",
            "city": "DAR ES SALAAM",
            "branch": null,
            "swift_code": "TAPBTZTZ"
        },
        {
            "id": 91,
            "bank": "TRUST BANK (TANZANIA) LIMITED",
            "city": "DAR ES SALAAM",
            "branch": null,
            "swift_code": "TRBATZT1"
        },
        {
            "id": 92,
            "bank": "TWIGA BANCORP LIMITED",
            "city": "DAR ES SALAAM",
            "branch": null,
            "swift_code": "NABHTZT1"
        },
        {
            "id": 93,
            "bank": "TWIGA BANCORP LIMITED",
            "city": "DAR ES SALAAM",
            "branch": null,
            "swift_code": "TWIGTZTZ"
        },
        {
            "id": 94,
            "bank": "UBL BANK (TANZANIA) LIMITED",
            "city": "DAR ES SALAAM",
            "branch": null,
            "swift_code": "UNILTZTZ"
        },
        {
            "id": 95,
            "bank": "UCHUMI COMMERCIAL BANK LTD",
            "city": "MOSHI",
            "branch": null,
            "swift_code": "UCCTTZTZ"
        },
        {
            "id": 96,
            "bank": "ULC (TANZANIA) LTD",
            "city": "DAR ES SALAAM",
            "branch": null,
            "swift_code": "ULCTTZT1"
        },
        {
            "id": 97,
            "bank": "UNITED BANK FOR AFRICA (TANZANIA) LIMITED",
            "city": "DAR ES SALAAM",
            "branch": null,
            "swift_code": "UNAFTZTZ"
        }
    ]
}
