{
    "country": "Ukraine",
    "country_code": "UA",
    "list": [
        {
            "id": 1,
            "bank": "ACCORDBANK COMMERCIAL BANK",
            "city": "KIEV",
            "branch": null,
            "swift_code": "ACDCUAUK"
        },
        {
            "id": 2,
            "bank": "AGROPROSPERIS BANK",
            "city": "KIEV",
            "branch": null,
            "swift_code": "ASTRUAUK"
        },
        {
            "id": 3,
            "bank": "APEKS-BANK",
            "city": "KIEV",
            "branch": null,
            "swift_code": "APKSUAUK"
        },
        {
            "id": 4,
            "bank": "ARCADA JSCB",
            "city": "KIEV",
            "branch": null,
            "swift_code": "ARJSUAUK"
        },
        {
            "id": 5,
            "bank": "ARCELORMITTAL KRYVIY RIH VAT",
            "city": "KRYVY RIH",
            "branch": null,
            "swift_code": "USINUA21"
        },
        {
            "id": 6,
            "bank": "ARGO LTD",
            "city": "CHERNIVTSI",
            "branch": null,
            "swift_code": "AROOUA21"
        },
        {
            "id": 7,
            "bank": "BANK 3\/4",
            "city": "KIEV",
            "branch": null,
            "swift_code": "BKVKUAUK"
        },
        {
            "id": 8,
            "bank": "BANK ALLIANCE PJSC",
            "city": "KIEV",
            "branch": null,
            "swift_code": "ALJJUAU1"
        },
        {
            "id": 9,
            "bank": "BANK FOR INVESTMENTS AND SAVINGS",
            "city": "KIEV",
            "branch": null,
            "swift_code": "BFISUAUK"
        },
        {
            "id": 10,
            "bank": "BANK PIVDENNYI",
            "city": "ODESA",
            "branch": null,
            "swift_code": "PIVDUA22"
        },
        {
            "id": 11,
            "bank": "BANK PORTAL PUBLIC JOINT STOCK COMPANY",
            "city": "KIEV",
            "branch": null,
            "swift_code": "BPRTUAUK"
        },
        {
            "id": 12,
            "bank": "BANK PRESTIGE JSB",
            "city": "KIEV",
            "branch": null,
            "swift_code": "SLAPUAU1"
        },
        {
            "id": 13,
            "bank": "BANK SICH",
            "city": "KIEV",
            "branch": null,
            "swift_code": "SICHUAUK"
        },
        {
            "id": 14,
            "bank": "BM BANK, PJSC",
            "city": "KIEV",
            "branch": null,
            "swift_code": "BMLTUAUK"
        },
        {
            "id": 15,
            "bank": "BOHUSLAV BANK",
            "city": "KIEV",
            "branch": null,
            "swift_code": "BOHUUAUK"
        },
        {
            "id": 16,
            "bank": "CAPITALIUM LLC",
            "city": "KIEV",
            "branch": null,
            "swift_code": "CILCUAU1"
        },
        {
            "id": 17,
            "bank": "CB 'ZEMELNY CAPITAL', LTD.",
            "city": "DNIPRO",
            "branch": null,
            "swift_code": "ZECPUAU1"
        },
        {
            "id": 18,
            "bank": "CENTER COMMERCIAL BANK",
            "city": "KIEV",
            "branch": null,
            "swift_code": "CENTUAUK"
        },
        {
            "id": 19,
            "bank": "CHERNIGIV BANK",
            "city": "CHERNIHIV",
            "branch": null,
            "swift_code": "CHRKUA21"
        },
        {
            "id": 20,
            "bank": "CITIBANK PJSC",
            "city": "KIEV",
            "branch": null,
            "swift_code": "CITIUAUK"
        },
        {
            "id": 21,
            "bank": "CREDIT AGRICOLE BANK PJSC",
            "city": "KIEV",
            "branch": null,
            "swift_code": "AGRIUAUK"
        },
        {
            "id": 22,
            "bank": "CREDIT AGRICOLE BANK PJSC",
            "city": "KYIV",
            "branch": "(CIB BRANCH)",
            "swift_code": "AGRIUAUKCIB"
        },
        {
            "id": 23,
            "bank": "CREDIT EUROPE BANK PJSC",
            "city": "KIEV",
            "branch": null,
            "swift_code": "FBHLUAUK"
        },
        {
            "id": 24,
            "bank": "CREDIT OPTIMA BANK PJSC",
            "city": "KIEV",
            "branch": null,
            "swift_code": "CEOIUAU1"
        },
        {
            "id": 25,
            "bank": "CREDIT UNION NARODNA",
            "city": "DNIPRO",
            "branch": null,
            "swift_code": "CRURUA21"
        },
        {
            "id": 26,
            "bank": "CRISTALBANK JOINT STOCK PUBLIC BANK",
            "city": "KIEV",
            "branch": null,
            "swift_code": "CRBPUAUK"
        },
        {
            "id": 27,
            "bank": "DELTA BANK",
            "city": "KIEV",
            "branch": null,
            "swift_code": "DELTUAU1"
        },
        {
            "id": 28,
            "bank": "DIALOGBANK, LTD.",
            "city": "DNIPRO",
            "branch": null,
            "swift_code": "DIAOUA21"
        },
        {
            "id": 29,
            "bank": "DRAGON CAPITAL",
            "city": "KIEV",
            "branch": null,
            "swift_code": "DRCPUAU1"
        },
        {
            "id": 30,
            "bank": "DRGN LIMITED",
            "city": "KIEV",
            "branch": null,
            "swift_code": "DRAOUAU1"
        },
        {
            "id": 31,
            "bank": "DV BANK PJSC",
            "city": "KIEV",
            "branch": null,
            "swift_code": "DVBKUAUK"
        },
        {
            "id": 32,
            "bank": "'EAST-INDUSTRIAL COMMERCIAL BANK ' JSC",
            "city": "LUGANSK",
            "branch": null,
            "swift_code": "EACJUA21"
        },
        {
            "id": 33,
            "bank": "ETALON BANK",
            "city": "KIEV",
            "branch": null,
            "swift_code": "ETALUAU1"
        },
        {
            "id": 34,
            "bank": "FANAK CAPITAL LLC",
            "city": "KIEV",
            "branch": null,
            "swift_code": "FAPCUAU1"
        },
        {
            "id": 35,
            "bank": "FIRST UKRAINIAN INTERNATIONAL BANK",
            "city": "DNIPRO",
            "branch": "(DNIPRO BRANCH)",
            "swift_code": "FUIBUA2XDNI"
        },
        {
            "id": 36,
            "bank": "FIRST UKRAINIAN INTERNATIONAL BANK",
            "city": "DONETSK",
            "branch": "(COMMERCIAL BRANCH)",
            "swift_code": "FUIBUA2XDON"
        },
        {
            "id": 37,
            "bank": "FIRST UKRAINIAN INTERNATIONAL BANK",
            "city": "KHARKIV",
            "branch": "(KHARKIV BRANCH)",
            "swift_code": "FUIBUA2XKHA"
        },
        {
            "id": 38,
            "bank": "FIRST UKRAINIAN INTERNATIONAL BANK",
            "city": "KIEV",
            "branch": "(MAIN COMMERCIAL BRANCH)",
            "swift_code": "FUIBUA2XKIE"
        },
        {
            "id": 39,
            "bank": "FIRST UKRAINIAN INTERNATIONAL BANK",
            "city": "KYIV",
            "branch": "(HEAD OFFICE)",
            "swift_code": "FUIBUA2X"
        },
        {
            "id": 40,
            "bank": "FIRST UKRAINIAN INTERNATIONAL BANK",
            "city": "LUHANSK",
            "branch": "(COMMERCIAL BRANCH)",
            "swift_code": "FUIBUA2XLUG"
        },
        {
            "id": 41,
            "bank": "FIRST UKRAINIAN INTERNATIONAL BANK",
            "city": "LVIV",
            "branch": "(LVIV BRANCH)",
            "swift_code": "FUIBUA2XLVO"
        },
        {
            "id": 42,
            "bank": "FIRST UKRAINIAN INTERNATIONAL BANK",
            "city": "MARIUPOL",
            "branch": "(MARIUPOL BRANCH)",
            "swift_code": "FUIBUA2XMPL"
        },
        {
            "id": 43,
            "bank": "FIRST UKRAINIAN INTERNATIONAL BANK",
            "city": "MYKOLAIV",
            "branch": "(MYKOLAIV BRANCH)",
            "swift_code": "FUIBUA2XNIC"
        },
        {
            "id": 44,
            "bank": "FIRST UKRAINIAN INTERNATIONAL BANK",
            "city": "ODESA",
            "branch": "(ODESA BRANCH)",
            "swift_code": "FUIBUA2XODE"
        },
        {
            "id": 45,
            "bank": "FIRST UKRAINIAN INTERNATIONAL BANK",
            "city": "ZAPOROZHYE",
            "branch": "(ZAPOROZHYE BRANCH)",
            "swift_code": "FUIBUA2XZAP"
        },
        {
            "id": 46,
            "bank": "FOYIL SECURITIES NEW EUROPE ZAT",
            "city": "KIEV",
            "branch": null,
            "swift_code": "FSNEUAU1"
        },
        {
            "id": 47,
            "bank": "GASBANK, JOINT STOCK BANK UKRAINE",
            "city": "KIEV",
            "branch": null,
            "swift_code": "GJSAUAU1"
        },
        {
            "id": 48,
            "bank": "GLOBUS BANK",
            "city": "KIEV",
            "branch": null,
            "swift_code": "GLIBUA22"
        },
        {
            "id": 49,
            "bank": "ING BANK UKRAINE",
            "city": "KIEV",
            "branch": null,
            "swift_code": "INGBUAUK"
        },
        {
            "id": 50,
            "bank": "INTERNATIONAL INVESTMENT BANK",
            "city": "KIEV",
            "branch": null,
            "swift_code": "IINBUAUK"
        },
        {
            "id": 51,
            "bank": "INTERREGIONAL FINANCIAL COMPANY",
            "city": "KIEV",
            "branch": null,
            "swift_code": "INFYUAU1"
        },
        {
            "id": 52,
            "bank": "INVEST-BANK UKRAINE JSC",
            "city": "KHARKIV",
            "branch": null,
            "swift_code": "KIBBUA21"
        },
        {
            "id": 53,
            "bank": "JOINT STOCK COMPANY 'ACCENT-BANK'",
            "city": "DNIPRO",
            "branch": null,
            "swift_code": "UKCBUAUK"
        },
        {
            "id": 54,
            "bank": "JOINT STOCK COMPANY 'ACCENT-BANK'",
            "city": "LVIV",
            "branch": null,
            "swift_code": "UKCBUAU102V"
        },
        {
            "id": 55,
            "bank": "JOINT STOCK COMPANY TMM-BANK",
            "city": "KIEV",
            "branch": null,
            "swift_code": "JSOTUAU1"
        },
        {
            "id": 56,
            "bank": "JSB 'CLEARING HOUSE'",
            "city": "KIEV",
            "branch": null,
            "swift_code": "CLHSUAUX"
        },
        {
            "id": 57,
            "bank": "JSB OLUMPIC UKRAINE",
            "city": "KIEV",
            "branch": null,
            "swift_code": "JSOUUAU1"
        },
        {
            "id": 58,
            "bank": "JSB 'UKOOPSPILKA'",
            "city": "KIEV",
            "branch": null,
            "swift_code": "JSUKUAU1"
        },
        {
            "id": 59,
            "bank": "JSB'COMMERCIAL INDUSTRIAL BANK'",
            "city": "KIEV",
            "branch": null,
            "swift_code": "CIBFUAUK"
        },
        {
            "id": 60,
            "bank": "JSC 'COMINVESTBANK' (FORMERLY KOOPINVESTBANK LTD COMMERCIAL BANK)",
            "city": "UZHHOROD",
            "branch": null,
            "swift_code": "KOOPUAUX"
        },
        {
            "id": 61,
            "bank": "JSC KREDOBANK (FORMERLY JSC KREDYT BANK(UKRAINA))",
            "city": "LVIV",
            "branch": null,
            "swift_code": "WUCBUA2X"
        },
        {
            "id": 62,
            "bank": "JSC SETTLEMENT CENTER",
            "city": "KIEV",
            "branch": null,
            "swift_code": "IRSUUAUK"
        },
        {
            "id": 63,
            "bank": "JSC THE STATE EXPORT-IMPORT BANK OF UKRAINE",
            "city": "CHERKASY",
            "branch": "(CHERKASY BRANCH)",
            "swift_code": "EXBSUAUXCHK"
        },
        {
            "id": 64,
            "bank": "JSC THE STATE EXPORT-IMPORT BANK OF UKRAINE",
            "city": "CHERNIHIV",
            "branch": "(CHERNIGIV BRANCH)",
            "swift_code": "EXBSUAUXCHH"
        },
        {
            "id": 65,
            "bank": "JSC THE STATE EXPORT-IMPORT BANK OF UKRAINE",
            "city": "CHERNIVTSI",
            "branch": "(CHERNIVTSI BRANCH)",
            "swift_code": "EXBSUAUXCHV"
        },
        {
            "id": 66,
            "bank": "JSC THE STATE EXPORT-IMPORT BANK OF UKRAINE",
            "city": "DNIPRO",
            "branch": "(DNIPRO BRANCH)",
            "swift_code": "EXBSUAUXDNI"
        },
        {
            "id": 67,
            "bank": "JSC THE STATE EXPORT-IMPORT BANK OF UKRAINE",
            "city": "IVANO-FRANKIVSK",
            "branch": "(IVANO-FRANKIVSK BRANCH)",
            "swift_code": "EXBSUAUXIVF"
        },
        {
            "id": 68,
            "bank": "JSC THE STATE EXPORT-IMPORT BANK OF UKRAINE",
            "city": "IZMAIL",
            "branch": "(IZMAIL BRANCH)",
            "swift_code": "EXBSUAUXIZM"
        },
        {
            "id": 69,
            "bank": "JSC THE STATE EXPORT-IMPORT BANK OF UKRAINE",
            "city": "KHARKIV",
            "branch": "(KHARKIV BRANCH)",
            "swift_code": "EXBSUAUXKHA"
        },
        {
            "id": 70,
            "bank": "JSC THE STATE EXPORT-IMPORT BANK OF UKRAINE",
            "city": "KHERSON",
            "branch": "(KHERSON BRANCH)",
            "swift_code": "EXBSUAUXKHE"
        },
        {
            "id": 71,
            "bank": "JSC THE STATE EXPORT-IMPORT BANK OF UKRAINE",
            "city": "KHMELNYTSKY",
            "branch": "(KHMELNYTSKY BRANCH)",
            "swift_code": "EXBSUAUXKHM"
        },
        {
            "id": 72,
            "bank": "JSC THE STATE EXPORT-IMPORT BANK OF UKRAINE",
            "city": "KIEV",
            "branch": "(KYIV BRANCH)",
            "swift_code": "EXBSUAUXKIV"
        },
        {
            "id": 73,
            "bank": "JSC THE STATE EXPORT-IMPORT BANK OF UKRAINE",
            "city": "KROPYVNYTSKY",
            "branch": "(KROPYVNYTSKY BRANCH)",
            "swift_code": "EXBSUAUXKIR"
        },
        {
            "id": 74,
            "bank": "JSC THE STATE EXPORT-IMPORT BANK OF UKRAINE",
            "city": "KRYVY RIH",
            "branch": "(KRYVY RIH BRANCH)",
            "swift_code": "EXBSUAUXKRH"
        },
        {
            "id": 75,
            "bank": "JSC THE STATE EXPORT-IMPORT BANK OF UKRAINE",
            "city": "KYIV",
            "branch": null,
            "swift_code": "EXBSUAUX"
        },
        {
            "id": 76,
            "bank": "JSC THE STATE EXPORT-IMPORT BANK OF UKRAINE",
            "city": "LUTSK",
            "branch": "(LUTSK BRANCH)",
            "swift_code": "EXBSUAUXLUT"
        },
        {
            "id": 77,
            "bank": "JSC THE STATE EXPORT-IMPORT BANK OF UKRAINE",
            "city": "LVIV",
            "branch": "(LVIV BRANCH)",
            "swift_code": "EXBSUAUXLVI"
        },
        {
            "id": 78,
            "bank": "JSC THE STATE EXPORT-IMPORT BANK OF UKRAINE",
            "city": "MARIUPOL",
            "branch": "(MARIUPOL BRANCH)",
            "swift_code": "EXBSUAUXMAR"
        },
        {
            "id": 79,
            "bank": "JSC THE STATE EXPORT-IMPORT BANK OF UKRAINE",
            "city": "MYKOLAIV",
            "branch": "(MYKOLAIV BRANCH)",
            "swift_code": "EXBSUAUXMYK"
        },
        {
            "id": 80,
            "bank": "JSC THE STATE EXPORT-IMPORT BANK OF UKRAINE",
            "city": "ODESA",
            "branch": "(ODESA BRANCH)",
            "swift_code": "EXBSUAUXODE"
        },
        {
            "id": 81,
            "bank": "JSC THE STATE EXPORT-IMPORT BANK OF UKRAINE",
            "city": "POLTAVA",
            "branch": "(POLTAVA BRANCH)",
            "swift_code": "EXBSUAUXPOL"
        },
        {
            "id": 82,
            "bank": "JSC THE STATE EXPORT-IMPORT BANK OF UKRAINE",
            "city": "RIVNE",
            "branch": "(RIVNE BRANCH)",
            "swift_code": "EXBSUAUXRIV"
        },
        {
            "id": 83,
            "bank": "JSC THE STATE EXPORT-IMPORT BANK OF UKRAINE",
            "city": "SUMY",
            "branch": "(SUMY BRANCH)",
            "swift_code": "EXBSUAUXSUM"
        },
        {
            "id": 84,
            "bank": "JSC THE STATE EXPORT-IMPORT BANK OF UKRAINE",
            "city": "TERNOPIL",
            "branch": "(TERNOPIL BRANCH)",
            "swift_code": "EXBSUAUXTER"
        },
        {
            "id": 85,
            "bank": "JSC THE STATE EXPORT-IMPORT BANK OF UKRAINE",
            "city": "UZHHOROD",
            "branch": "(UZHGOROD BRANCH)",
            "swift_code": "EXBSUAUXUZH"
        },
        {
            "id": 86,
            "bank": "JSC THE STATE EXPORT-IMPORT BANK OF UKRAINE",
            "city": "VINNYTSIA",
            "branch": "(VINNITSA BRANCH)",
            "swift_code": "EXBSUAUXVIN"
        },
        {
            "id": 87,
            "bank": "JSC THE STATE EXPORT-IMPORT BANK OF UKRAINE",
            "city": "ZAPORIZHZHYA",
            "branch": "(ZAPORIZHIA BRANCH)",
            "swift_code": "EXBSUAUXZAP"
        },
        {
            "id": 88,
            "bank": "JSC THE STATE EXPORT-IMPORT BANK OF UKRAINE",
            "city": "ZHYTOMYR",
            "branch": "(ZHYTOMYR BRANCH)",
            "swift_code": "EXBSUAUXZHY"
        },
        {
            "id": 89,
            "bank": "JSCB INDUSTRIALBANK UKRAINE",
            "city": "DNIPRO",
            "branch": "(DNIPRO BRANCH)",
            "swift_code": "IJSOUA2NDNI"
        },
        {
            "id": 90,
            "bank": "JSCB INDUSTRIALBANK UKRAINE",
            "city": "KHERSON",
            "branch": "(KHERSON BRANCH)",
            "swift_code": "IJSOUA2NKHE"
        },
        {
            "id": 91,
            "bank": "JSCB INDUSTRIALBANK UKRAINE",
            "city": "KIEV",
            "branch": "(KIEV BRANCH)",
            "swift_code": "IJSOUA2NKIE"
        },
        {
            "id": 92,
            "bank": "JSCB INDUSTRIALBANK UKRAINE",
            "city": "KREMENCHUG",
            "branch": "(KREMENCHUG BRANCH)",
            "swift_code": "IJSOUA2NKRE"
        },
        {
            "id": 93,
            "bank": "JSCB INDUSTRIALBANK UKRAINE",
            "city": "LUHANSK",
            "branch": "(LUHANSK)",
            "swift_code": "IJSOUA2NLUH"
        },
        {
            "id": 94,
            "bank": "JSCB INDUSTRIALBANK UKRAINE",
            "city": "LVIV",
            "branch": "(LVIV BRANCH)",
            "swift_code": "IJSOUA2NLVI"
        },
        {
            "id": 95,
            "bank": "JSCB INDUSTRIALBANK UKRAINE",
            "city": "RIVNE",
            "branch": "(RIVNE BRANCH)",
            "swift_code": "IJSOUA2NRIV"
        },
        {
            "id": 96,
            "bank": "JSCB INDUSTRIALBANK UKRAINE",
            "city": "SUMY",
            "branch": "(SUMY BRANCH)",
            "swift_code": "IJSOUA2NSUM"
        },
        {
            "id": 97,
            "bank": "JSCB INDUSTRIALBANK UKRAINE",
            "city": "ZAPORIZHZHYA",
            "branch": null,
            "swift_code": "IJSOUA2N"
        },
        {
            "id": 98,
            "bank": "JSCB INDUSTRIALBANK UKRAINE",
            "city": "ZAPOROZHYE",
            "branch": "(ZAPOROZHYE BRANCH)",
            "swift_code": "IJSOUA2NZAP"
        },
        {
            "id": 99,
            "bank": "KHARKOV COMMODITY EXCHANGE",
            "city": "KHARKIV",
            "branch": null,
            "swift_code": "XKHRUA21"
        },
        {
            "id": 100,
            "bank": "KIEV UNIVERSAL EXCHANGE",
            "city": "KIEV",
            "branch": null,
            "swift_code": "XKIEUAU1"
        },
        {
            "id": 101,
            "bank": "LVIV BANK",
            "city": "LVIV",
            "branch": null,
            "swift_code": "LVIVUA2X"
        },
        {
            "id": 102,
            "bank": "MARFIN BANK",
            "city": "ILICHEVSK",
            "branch": "(ILICHEVSK BRANCH)",
            "swift_code": "MTBAUA2DILK"
        },
        {
            "id": 103,
            "bank": "MARFIN BANK",
            "city": "ODESA",
            "branch": "(ODESA CENTRAL BRANCH)",
            "swift_code": "MTBAUA2DODE"
        },
        {
            "id": 104,
            "bank": "MARFIN BANK",
            "city": "ODESSA",
            "branch": null,
            "swift_code": "MTBAUA2D"
        },
        {
            "id": 105,
            "bank": "MARFIN BANK",
            "city": "SIMFEROPOL",
            "branch": "(SIMFEROPOL BRANCH)",
            "swift_code": "MTBAUA2DSYM"
        },
        {
            "id": 106,
            "bank": "MEGABANK PJSC",
            "city": "CHERKASY",
            "branch": null,
            "swift_code": "DBBKUA2KCHK"
        },
        {
            "id": 107,
            "bank": "MEGABANK PJSC",
            "city": "CHERNIHIV",
            "branch": null,
            "swift_code": "DBBKUA2KCHE"
        },
        {
            "id": 108,
            "bank": "MEGABANK PJSC",
            "city": "DONETSK",
            "branch": null,
            "swift_code": "DBBKUA2KDON"
        },
        {
            "id": 109,
            "bank": "MEGABANK PJSC",
            "city": "KHARKIV",
            "branch": null,
            "swift_code": "DBBKUA2K"
        },
        {
            "id": 110,
            "bank": "MEGABANK PJSC",
            "city": "KHERSON",
            "branch": null,
            "swift_code": "DBBKUA2KKHE"
        },
        {
            "id": 111,
            "bank": "MEGABANK PJSC",
            "city": "KIEV",
            "branch": null,
            "swift_code": "DBBKUA2KKIE"
        },
        {
            "id": 112,
            "bank": "MEGABANK PJSC",
            "city": "KROPYVNYTSKYI",
            "branch": null,
            "swift_code": "DBBKUA2KKIR"
        },
        {
            "id": 113,
            "bank": "MEGABANK PJSC",
            "city": "LVIV",
            "branch": null,
            "swift_code": "DBBKUA2KLVI"
        },
        {
            "id": 114,
            "bank": "MEGABANK PJSC",
            "city": "MYKOLAIV",
            "branch": null,
            "swift_code": "DBBKUA2KMYK"
        },
        {
            "id": 115,
            "bank": "MEGABANK PJSC",
            "city": "POLTAVA",
            "branch": null,
            "swift_code": "DBBKUA2KPOL"
        },
        {
            "id": 116,
            "bank": "MEGABANK PJSC",
            "city": "VINNYTSIA",
            "branch": null,
            "swift_code": "DBBKUA2KVIN"
        },
        {
            "id": 117,
            "bank": "MEGABANK PJSC",
            "city": "ZHYTOMYR",
            "branch": null,
            "swift_code": "DBBKUA2KZHY"
        },
        {
            "id": 118,
            "bank": "MISTO BANK",
            "city": "ODESA",
            "branch": null,
            "swift_code": "MIBKUA2D"
        },
        {
            "id": 119,
            "bank": "NATIONAL BANK OF UKRAINE",
            "city": "KIEV",
            "branch": "(PROJECT MONITORING UNIT)",
            "swift_code": "NBUAUAU1PMU"
        },
        {
            "id": 120,
            "bank": "NATIONAL BANK OF UKRAINE",
            "city": "KIEV",
            "branch": null,
            "swift_code": "NBUAUAUX"
        },
        {
            "id": 121,
            "bank": "NATIONAL DEPOSITORY OF UKRAINE",
            "city": "KIEV",
            "branch": null,
            "swift_code": "NADUUAUK"
        },
        {
            "id": 122,
            "bank": "NATIONAL ELECTRONIC REGISTRY OF UKRAINE",
            "city": "KIEV",
            "branch": null,
            "swift_code": "NERKUAU1"
        },
        {
            "id": 123,
            "bank": "ODESSA COMMODITY EXCHANGE",
            "city": "ODESA",
            "branch": null,
            "swift_code": "XODEUA21"
        },
        {
            "id": 124,
            "bank": "ODESSA-BANK JSCB",
            "city": "ODESA",
            "branch": null,
            "swift_code": "ODBKUA21"
        },
        {
            "id": 125,
            "bank": "OKCI BANK, PJSC",
            "city": "LVIV",
            "branch": null,
            "swift_code": "OKCIUA2X"
        },
        {
            "id": 126,
            "bank": "PC BANK  JSC",
            "city": "KIEV",
            "branch": null,
            "swift_code": "JSCJUAU1"
        },
        {
            "id": 127,
            "bank": "PIRAEUS BANK ICB, JSC",
            "city": "KIEV",
            "branch": null,
            "swift_code": "ICBIUAUK"
        },
        {
            "id": 128,
            "bank": "PJSC ALFA-BANK",
            "city": "KIEV",
            "branch": null,
            "swift_code": "ALFAUAUK"
        },
        {
            "id": 129,
            "bank": "PJSC 'ALPARI BANK'",
            "city": "KIEV",
            "branch": null,
            "swift_code": "ALPAUAUK"
        },
        {
            "id": 130,
            "bank": "PJSC ALTBANK",
            "city": "KIEV",
            "branch": null,
            "swift_code": "AVTOUA22"
        },
        {
            "id": 131,
            "bank": "PJSC ASVIO BANK",
            "city": "CHERNIHIV",
            "branch": null,
            "swift_code": "ASVBUA2C"
        },
        {
            "id": 132,
            "bank": "PJSC BANK AVANGARD",
            "city": "KIEV",
            "branch": null,
            "swift_code": "AVGDUAUK"
        },
        {
            "id": 133,
            "bank": "PJSC 'BANK CREDIT DNEPR'",
            "city": "KYIV",
            "branch": null,
            "swift_code": "CRDEUA2N"
        },
        {
            "id": 134,
            "bank": "PJSC BANK FORWARD",
            "city": "KIEV",
            "branch": null,
            "swift_code": "FRWDUAUK"
        },
        {
            "id": 135,
            "bank": "PJSC BANK GRANT",
            "city": "KHARKIV",
            "branch": "(1ST SUBSIDIARY)",
            "swift_code": "GRBKUA2X011"
        },
        {
            "id": 136,
            "bank": "PJSC BANK GRANT",
            "city": "KHARKIV",
            "branch": "(2ND SUBSIDIARY)",
            "swift_code": "GRBKUA2X012"
        },
        {
            "id": 137,
            "bank": "PJSC BANK GRANT",
            "city": "KHARKIV",
            "branch": null,
            "swift_code": "GRBKUA2X"
        },
        {
            "id": 138,
            "bank": "PJSC BANK GRANT",
            "city": "KIEV",
            "branch": null,
            "swift_code": "GRBKUA2XKIE"
        },
        {
            "id": 139,
            "bank": "PJSC 'BANK VOSTOK'",
            "city": "DNIPRO",
            "branch": null,
            "swift_code": "ACJCUA2N"
        },
        {
            "id": 140,
            "bank": "PJSC BAT PRILUCKY TOBACCO COMPANY",
            "city": "PRYLUCKY",
            "branch": null,
            "swift_code": "BATSUA21"
        },
        {
            "id": 141,
            "bank": "PJSC BTA BANK",
            "city": "KIEV",
            "branch": null,
            "swift_code": "UCTBUAUK"
        },
        {
            "id": 142,
            "bank": "PJSC CB PRIVATBANK",
            "city": "ARTEMOVSK",
            "branch": "(BRANCH 1)",
            "swift_code": "PBANUA2XGA1"
        },
        {
            "id": 143,
            "bank": "PJSC CB PRIVATBANK",
            "city": "ARTEMOVSK",
            "branch": "(BRANCH 2)",
            "swift_code": "PBANUA2XGA2"
        },
        {
            "id": 144,
            "bank": "PJSC CB PRIVATBANK",
            "city": "CHERKASY",
            "branch": null,
            "swift_code": "PBANUA2XCHK"
        },
        {
            "id": 145,
            "bank": "PJSC CB PRIVATBANK",
            "city": "CHERNIHIV",
            "branch": "(CHERNIHIV REGIONAL BRANCH)",
            "swift_code": "PBANUA2XCHR"
        },
        {
            "id": 146,
            "bank": "PJSC CB PRIVATBANK",
            "city": "CHERNIVTSI",
            "branch": "(CHERNIVTSI BRANCH)",
            "swift_code": "PBANUA2XCVF"
        },
        {
            "id": 147,
            "bank": "PJSC CB PRIVATBANK",
            "city": "CHERVONOGRAD",
            "branch": "(CHERVONOGRAD BRANCH)",
            "swift_code": "PBANUA2XCGF"
        },
        {
            "id": 148,
            "bank": "PJSC CB PRIVATBANK",
            "city": "DNIPRODZERJINSK",
            "branch": "(DNIPRODZERJINSK BRANCH)",
            "swift_code": "PBANUA2XDZF"
        },
        {
            "id": 149,
            "bank": "PJSC CB PRIVATBANK",
            "city": "DONETSK",
            "branch": null,
            "swift_code": "PBANUA2XDON"
        },
        {
            "id": 150,
            "bank": "PJSC CB PRIVATBANK",
            "city": "EVPATORIA",
            "branch": "(EVPATORIA BRANCH)",
            "swift_code": "PBANUA2XEVF"
        },
        {
            "id": 151,
            "bank": "PJSC CB PRIVATBANK",
            "city": "FEODOSIYA",
            "branch": "(FEODOSIYA BRANCH)",
            "swift_code": "PBANUA2XFEF"
        },
        {
            "id": 152,
            "bank": "PJSC CB PRIVATBANK",
            "city": "GORLOVKA CITY",
            "branch": "(CENTRAL BRANCH)",
            "swift_code": "PBANUA2XGR1"
        },
        {
            "id": 153,
            "bank": "PJSC CB PRIVATBANK",
            "city": "GORLOVKA CITY",
            "branch": "(GORLOVKA MAIN BRANCH)",
            "swift_code": "PBANUA2XGRL"
        },
        {
            "id": 154,
            "bank": "PJSC CB PRIVATBANK",
            "city": "IVANO-FRANKIVSK",
            "branch": "(IVANO-FRANKIVSK BRANCH)",
            "swift_code": "PBANUA2XIFF"
        },
        {
            "id": 155,
            "bank": "PJSC CB PRIVATBANK",
            "city": "KERCH",
            "branch": "(KERCH BRANCH)",
            "swift_code": "PBANUA2XKHF"
        },
        {
            "id": 156,
            "bank": "PJSC CB PRIVATBANK",
            "city": "KHARKIV",
            "branch": "(KHARKIV BRANCH)",
            "swift_code": "PBANUA2XHAF"
        },
        {
            "id": 157,
            "bank": "PJSC CB PRIVATBANK",
            "city": "KHARTSIZSK",
            "branch": null,
            "swift_code": "PBANUA2XGKH"
        },
        {
            "id": 158,
            "bank": "PJSC CB PRIVATBANK",
            "city": "KHERSON",
            "branch": null,
            "swift_code": "PBANUA2XHRN"
        },
        {
            "id": 159,
            "bank": "PJSC CB PRIVATBANK",
            "city": "KHMELNYTSKY",
            "branch": "(KHMELNYTSKY BRANCH)",
            "swift_code": "PBANUA2XHMF"
        },
        {
            "id": 160,
            "bank": "PJSC CB PRIVATBANK",
            "city": "KIEV",
            "branch": "(BRANCH NO 1)",
            "swift_code": "PBANUA2XKIE"
        },
        {
            "id": 161,
            "bank": "PJSC CB PRIVATBANK",
            "city": "KIEV",
            "branch": "(PECHERSKY BRANCH (BRANCH NO 3))",
            "swift_code": "PBANUA2XK3F"
        },
        {
            "id": 162,
            "bank": "PJSC CB PRIVATBANK",
            "city": "KIEV",
            "branch": "(RASCHETNY CENTR (BRANCH NO 2))",
            "swift_code": "PBANUA2XK2F"
        },
        {
            "id": 163,
            "bank": "PJSC CB PRIVATBANK",
            "city": "KIEV",
            "branch": null,
            "swift_code": "PBANUA2X"
        },
        {
            "id": 164,
            "bank": "PJSC CB PRIVATBANK",
            "city": "KOVEL",
            "branch": "(KOVEL BRANCH)",
            "swift_code": "PBANUA2XKOF"
        },
        {
            "id": 165,
            "bank": "PJSC CB PRIVATBANK",
            "city": "KRAMATORSK",
            "branch": "(KRAMATORSK BRANCH)",
            "swift_code": "PBANUA2XKTF"
        },
        {
            "id": 166,
            "bank": "PJSC CB PRIVATBANK",
            "city": "KREMENCHUG",
            "branch": "(KREMENCHUG BRANCH)",
            "swift_code": "PBANUA2XKMF"
        },
        {
            "id": 167,
            "bank": "PJSC CB PRIVATBANK",
            "city": "KROPYVNYTSKYI",
            "branch": "(KROPYVNYTSKYI BRANCH)",
            "swift_code": "PBANUA2XKGF"
        },
        {
            "id": 168,
            "bank": "PJSC CB PRIVATBANK",
            "city": "KRYVY RIH",
            "branch": null,
            "swift_code": "PBANUA2XKRI"
        },
        {
            "id": 169,
            "bank": "PJSC CB PRIVATBANK",
            "city": "LUHANSK",
            "branch": "(LUHANSK BRANCH)",
            "swift_code": "PBANUA2XLGF"
        },
        {
            "id": 170,
            "bank": "PJSC CB PRIVATBANK",
            "city": "LUTSK",
            "branch": null,
            "swift_code": "PBANUA2XLUT"
        },
        {
            "id": 171,
            "bank": "PJSC CB PRIVATBANK",
            "city": "LVIV",
            "branch": null,
            "swift_code": "PBANUA2XLVI"
        },
        {
            "id": 172,
            "bank": "PJSC CB PRIVATBANK",
            "city": "MARIUPOL",
            "branch": "(MARIUPOL BRANCH)",
            "swift_code": "PBANUA2XMRF"
        },
        {
            "id": 173,
            "bank": "PJSC CB PRIVATBANK",
            "city": "MUKACHEVO",
            "branch": "(ZAKARPATIAN REGIONAL BRANCH)",
            "swift_code": "PBANUA2XMKR"
        },
        {
            "id": 174,
            "bank": "PJSC CB PRIVATBANK",
            "city": "MYKOLAIV",
            "branch": null,
            "swift_code": "PBANUA2XMYK"
        },
        {
            "id": 175,
            "bank": "PJSC CB PRIVATBANK",
            "city": "NIKOPOL",
            "branch": "(NIKOPOL BRANCH)",
            "swift_code": "PBANUA2XNIF"
        },
        {
            "id": 176,
            "bank": "PJSC CB PRIVATBANK",
            "city": "NOVOVOLINSK",
            "branch": "(NOVOVOLINSK BRANCH)",
            "swift_code": "PBANUA2XNVF"
        },
        {
            "id": 177,
            "bank": "PJSC CB PRIVATBANK",
            "city": "ODESA",
            "branch": "(ODESA BRANCH)",
            "swift_code": "PBANUA2XODF"
        },
        {
            "id": 178,
            "bank": "PJSC CB PRIVATBANK",
            "city": "PAVLOGRAD",
            "branch": null,
            "swift_code": "PBANUA2XPAV"
        },
        {
            "id": 179,
            "bank": "PJSC CB PRIVATBANK",
            "city": "POLTAVA",
            "branch": null,
            "swift_code": "PBANUA2XPOL"
        },
        {
            "id": 180,
            "bank": "PJSC CB PRIVATBANK",
            "city": "RIVNE",
            "branch": null,
            "swift_code": "PBANUA2XRIV"
        },
        {
            "id": 181,
            "bank": "PJSC CB PRIVATBANK",
            "city": "SEVASTOPOL",
            "branch": null,
            "swift_code": "PBANUA2XSEV"
        },
        {
            "id": 182,
            "bank": "PJSC CB PRIVATBANK",
            "city": "SIMFEROPOL",
            "branch": "(CRIMEAN REGIONAL BRANCH)",
            "swift_code": "PBANUA2XSIR"
        },
        {
            "id": 183,
            "bank": "PJSC CB PRIVATBANK",
            "city": "STARA VIZHVA",
            "branch": null,
            "swift_code": "PBANUA2XVIZ"
        },
        {
            "id": 184,
            "bank": "PJSC CB PRIVATBANK",
            "city": "SUMY",
            "branch": "(SUMY BRANCH)",
            "swift_code": "PBANUA2XSUF"
        },
        {
            "id": 185,
            "bank": "PJSC CB PRIVATBANK",
            "city": "TERNOPIL",
            "branch": "(TERNOPIL BRANCH)",
            "swift_code": "PBANUA2XTEF"
        },
        {
            "id": 186,
            "bank": "PJSC CB PRIVATBANK",
            "city": "VINNYTSIA",
            "branch": "(VINNITSIA BRANCH)",
            "swift_code": "PBANUA2XVIF"
        },
        {
            "id": 187,
            "bank": "PJSC CB PRIVATBANK",
            "city": "YALTA",
            "branch": "(YALTA BRANCH)",
            "swift_code": "PBANUA2XYLF"
        },
        {
            "id": 188,
            "bank": "PJSC CB PRIVATBANK",
            "city": "ZAPOROZHYE",
            "branch": null,
            "swift_code": "PBANUA2XZAP"
        },
        {
            "id": 189,
            "bank": "PJSC CB PRIVATBANK",
            "city": "ZHOVTI VODY",
            "branch": null,
            "swift_code": "PBANUA2XZHO"
        },
        {
            "id": 190,
            "bank": "PJSC CB PRIVATBANK",
            "city": "ZHYTOMYR",
            "branch": "(ZHYTOMYR BRANCH)",
            "swift_code": "PBANUA2XZHF"
        },
        {
            "id": 191,
            "bank": "PJSC CB PRIVATBANK",
            "city": "ZHYTOMYR",
            "branch": "(ZHYTOMYR REGIONAL BRANCH)",
            "swift_code": "PBANUA2XZRR"
        },
        {
            "id": 192,
            "bank": "PJSC CREDITWEST BANK",
            "city": "KIEV",
            "branch": null,
            "swift_code": "CREWUAUK"
        },
        {
            "id": 193,
            "bank": "PJSC DEUTSCHE BANK DBU",
            "city": "KIEV",
            "branch": null,
            "swift_code": "DEUTUAUK"
        },
        {
            "id": 194,
            "bank": "PJSC 'EUROINDUSTRIBANK'",
            "city": "KIEV",
            "branch": null,
            "swift_code": "EUOMUA2X"
        },
        {
            "id": 195,
            "bank": "PJSC 'EXPRESS-BANK'",
            "city": "DONETSK",
            "branch": "(DONETSK BRANCH)",
            "swift_code": "EXPBUAUKDON"
        },
        {
            "id": 196,
            "bank": "PJSC 'EXPRESS-BANK'",
            "city": "KHARKIV",
            "branch": "(KHARKIV BRANCH)",
            "swift_code": "EXPBUAUKKHA"
        },
        {
            "id": 197,
            "bank": "PJSC 'EXPRESS-BANK'",
            "city": "KIEV",
            "branch": null,
            "swift_code": "EXPBUAUK"
        },
        {
            "id": 198,
            "bank": "PJSC 'EXPRESS-BANK'",
            "city": "KONOTOP",
            "branch": "(KONOTOP BRANCH)",
            "swift_code": "EXPBUAUKKON"
        },
        {
            "id": 199,
            "bank": "PJSC 'EXPRESS-BANK'",
            "city": "LVIV",
            "branch": "(LVIV BRANCH)",
            "swift_code": "EXPBUAUKLVI"
        },
        {
            "id": 200,
            "bank": "PJSC 'EXPRESS-BANK'",
            "city": "ODESA",
            "branch": "(ODESA BRANCH)",
            "swift_code": "EXPBUAUKODE"
        },
        {
            "id": 201,
            "bank": "PJSC IBOX BANK",
            "city": "KIEV",
            "branch": null,
            "swift_code": "AGCBUAUK"
        },
        {
            "id": 202,
            "bank": "PJSC IDEA BANK",
            "city": "LVIV",
            "branch": null,
            "swift_code": "IDBAUAUK"
        },
        {
            "id": 203,
            "bank": "PJSC JSC BANK TRUST-CAPITAL",
            "city": "KIEV",
            "branch": null,
            "swift_code": "TCBNUAUK"
        },
        {
            "id": 204,
            "bank": "PJSC 'JSCB CONCORD'",
            "city": "DNIPROPETROVSK",
            "branch": null,
            "swift_code": "CNRDUA22"
        },
        {
            "id": 205,
            "bank": "PJSC 'MOTOR-BANK'",
            "city": "ZAPORIZHZHYA",
            "branch": null,
            "swift_code": "MOOJUA2Z"
        },
        {
            "id": 206,
            "bank": "PJSC RODOVID BANK",
            "city": "KIEV",
            "branch": null,
            "swift_code": "PERCUAU1"
        },
        {
            "id": 207,
            "bank": "PJSC RWS BANK",
            "city": "KIEV",
            "branch": null,
            "swift_code": "RWSPUAUK"
        },
        {
            "id": 208,
            "bank": "PJSC SEB CORPORATE BANK",
            "city": "KIEV",
            "branch": null,
            "swift_code": "ESSEUAUK"
        },
        {
            "id": 209,
            "bank": "PJSC UKRAINIAN CONSTRUCTION INVESTMENT BANK",
            "city": "KYIV",
            "branch": null,
            "swift_code": "UCIBUAUK"
        },
        {
            "id": 210,
            "bank": "PJSC UKRSOTSBANK",
            "city": "KIEV",
            "branch": null,
            "swift_code": "UKRSUAUX"
        },
        {
            "id": 211,
            "bank": "PJSC VS BANK",
            "city": "LVIV",
            "branch": null,
            "swift_code": "ELECUA2X"
        },
        {
            "id": 212,
            "bank": "PJSC 'VTB BANK'",
            "city": "KIEV",
            "branch": null,
            "swift_code": "VTBRUAUK"
        },
        {
            "id": 213,
            "bank": "POLICOMBANK JSCB",
            "city": "CHERNIHIV",
            "branch": null,
            "swift_code": "PLICUA22"
        },
        {
            "id": 214,
            "bank": "POLTAVA-BANK POLTAVA JOINT STOCK BANK",
            "city": "POLTAVA",
            "branch": null,
            "swift_code": "POLTUA2X"
        },
        {
            "id": 215,
            "bank": "PORTAL BANK PUBLIC JOINT STOCK COMPANY",
            "city": "KIEV",
            "branch": null,
            "swift_code": "PPJCUAU1"
        },
        {
            "id": 216,
            "bank": "PRICHERNOMORYE BANK",
            "city": "DNIPRO",
            "branch": null,
            "swift_code": "PRIHUA21"
        },
        {
            "id": 217,
            "bank": "PRIDNEPROVSK COMMODITY EXCHANGE",
            "city": "DNIPRO",
            "branch": null,
            "swift_code": "XPRIUA21"
        },
        {
            "id": 218,
            "bank": "PROCREDIT BANK, PUBLIC JOINT STOCK COMPANY",
            "city": "KIEV",
            "branch": null,
            "swift_code": "MIFCUAUK"
        },
        {
            "id": 219,
            "bank": "PROMINVESTBANK",
            "city": "KIEV",
            "branch": "(THIRD PARTY STATEMENTS)",
            "swift_code": "UPIBUAUXKIE"
        },
        {
            "id": 220,
            "bank": "PROMINVESTBANK",
            "city": "KIEV",
            "branch": null,
            "swift_code": "UPIBUAUX"
        },
        {
            "id": 221,
            "bank": "PUBLIC JOINT STOCK COMPANY BANK ALLIANCE",
            "city": "KIEV",
            "branch": null,
            "swift_code": "ALJSUAUK"
        },
        {
            "id": 222,
            "bank": "PUBLIC JOINT STOCK COMPANY 'BANK FAMILNY'",
            "city": "KIEV",
            "branch": null,
            "swift_code": "DOBYUA2T"
        },
        {
            "id": 223,
            "bank": "PUBLIC JOINT STOCK COMPANY FIRST INVESTMENT BANK",
            "city": "KIEV",
            "branch": null,
            "swift_code": "FIBXUAUK"
        },
        {
            "id": 224,
            "bank": "PUBLIC JOINT STOCK COMPANY 'INTERCREDITBANK'",
            "city": "DNIPRO",
            "branch": null,
            "swift_code": "ICBNUA21"
        },
        {
            "id": 225,
            "bank": "PUBLIC JOINT STOCK COMPANY 'METABANK'",
            "city": "ZAPOROZHYE",
            "branch": null,
            "swift_code": "MTLGUA2N"
        },
        {
            "id": 226,
            "bank": "PUBLIC JOINT STOCK COMPANY 'STATE SAVINGS BANK OF UKRAINE'",
            "city": "CHERKASY",
            "branch": "(CHERKASY REGIONAL BRANCH)",
            "swift_code": "COSBUAUKCHK"
        },
        {
            "id": 227,
            "bank": "PUBLIC JOINT STOCK COMPANY 'STATE SAVINGS BANK OF UKRAINE'",
            "city": "CHERNIHIV",
            "branch": "(CHERNIHIV REGIONAL BRANCH)",
            "swift_code": "COSBUAUKCHG"
        },
        {
            "id": 228,
            "bank": "PUBLIC JOINT STOCK COMPANY 'STATE SAVINGS BANK OF UKRAINE'",
            "city": "CHERNIVTSI",
            "branch": "(CHERNIVTSI REGIONAL BRANCH)",
            "swift_code": "COSBUAUKCHV"
        },
        {
            "id": 229,
            "bank": "PUBLIC JOINT STOCK COMPANY 'STATE SAVINGS BANK OF UKRAINE'",
            "city": "DNIPRO",
            "branch": "(DNIPRO REGIONAL BRANCH)",
            "swift_code": "COSBUAUKDNI"
        },
        {
            "id": 230,
            "bank": "PUBLIC JOINT STOCK COMPANY 'STATE SAVINGS BANK OF UKRAINE'",
            "city": "DONETSK",
            "branch": "(DONETSK REGIONAL BRANCH)",
            "swift_code": "COSBUAUKDON"
        },
        {
            "id": 231,
            "bank": "PUBLIC JOINT STOCK COMPANY 'STATE SAVINGS BANK OF UKRAINE'",
            "city": "IVANO-FRANKIVSK",
            "branch": "(IVANO-FRANKIVSK REGIONAL BRANCH)",
            "swift_code": "COSBUAUKIVF"
        },
        {
            "id": 232,
            "bank": "PUBLIC JOINT STOCK COMPANY 'STATE SAVINGS BANK OF UKRAINE'",
            "city": "KHARKIV",
            "branch": "(KHARKIV REGIONAL BRANCH)",
            "swift_code": "COSBUAUKKHA"
        },
        {
            "id": 233,
            "bank": "PUBLIC JOINT STOCK COMPANY 'STATE SAVINGS BANK OF UKRAINE'",
            "city": "KHERSON",
            "branch": "(KHERSON REGIONAL BRANCH)",
            "swift_code": "COSBUAUKKHE"
        },
        {
            "id": 234,
            "bank": "PUBLIC JOINT STOCK COMPANY 'STATE SAVINGS BANK OF UKRAINE'",
            "city": "KHMELNYTSKY",
            "branch": "(KHMELNYTSKY REGIONAL BRANCH)",
            "swift_code": "COSBUAUKKHM"
        },
        {
            "id": 235,
            "bank": "PUBLIC JOINT STOCK COMPANY 'STATE SAVINGS BANK OF UKRAINE'",
            "city": "KIEV",
            "branch": "(CITI KIEV)",
            "swift_code": "COSBUAUKCRI"
        },
        {
            "id": 236,
            "bank": "PUBLIC JOINT STOCK COMPANY 'STATE SAVINGS BANK OF UKRAINE'",
            "city": "KIEV",
            "branch": "(KYIV REGIONAL BRANCH)",
            "swift_code": "COSBUAUKKIE"
        },
        {
            "id": 237,
            "bank": "PUBLIC JOINT STOCK COMPANY 'STATE SAVINGS BANK OF UKRAINE'",
            "city": "KIEV",
            "branch": null,
            "swift_code": "COSBUAUK"
        },
        {
            "id": 238,
            "bank": "PUBLIC JOINT STOCK COMPANY 'STATE SAVINGS BANK OF UKRAINE'",
            "city": "KROPYVNYTSKYI",
            "branch": "(KROPYVNYTSKYI REGIONAL BRANCH)",
            "swift_code": "COSBUAUKKIR"
        },
        {
            "id": 239,
            "bank": "PUBLIC JOINT STOCK COMPANY 'STATE SAVINGS BANK OF UKRAINE'",
            "city": "LUHANSK",
            "branch": "(LUHANSK REGIONAL BRANCH)",
            "swift_code": "COSBUAUKLUH"
        },
        {
            "id": 240,
            "bank": "PUBLIC JOINT STOCK COMPANY 'STATE SAVINGS BANK OF UKRAINE'",
            "city": "LUTSK",
            "branch": "(VOLYN REGIONAL BRANCH)",
            "swift_code": "COSBUAUKVOL"
        },
        {
            "id": 241,
            "bank": "PUBLIC JOINT STOCK COMPANY 'STATE SAVINGS BANK OF UKRAINE'",
            "city": "LVIV",
            "branch": "(LVIV REGIONAL BRANCH)",
            "swift_code": "COSBUAUKLVI"
        },
        {
            "id": 242,
            "bank": "PUBLIC JOINT STOCK COMPANY 'STATE SAVINGS BANK OF UKRAINE'",
            "city": "MYKOLAIV",
            "branch": "(MYKOLAIV REGIONAL BRANCH)",
            "swift_code": "COSBUAUKMYK"
        },
        {
            "id": 243,
            "bank": "PUBLIC JOINT STOCK COMPANY 'STATE SAVINGS BANK OF UKRAINE'",
            "city": "ODESA",
            "branch": "(ODESA REGIONAL BRANCH)",
            "swift_code": "COSBUAUKODE"
        },
        {
            "id": 244,
            "bank": "PUBLIC JOINT STOCK COMPANY 'STATE SAVINGS BANK OF UKRAINE'",
            "city": "POLTAVA",
            "branch": "(POLTAVA REGIONAL BRANCH)",
            "swift_code": "COSBUAUKPOL"
        },
        {
            "id": 245,
            "bank": "PUBLIC JOINT STOCK COMPANY 'STATE SAVINGS BANK OF UKRAINE'",
            "city": "RIVNE",
            "branch": "(RIVNE REGIONAL BRANCH)",
            "swift_code": "COSBUAUKRIV"
        },
        {
            "id": 246,
            "bank": "PUBLIC JOINT STOCK COMPANY 'STATE SAVINGS BANK OF UKRAINE'",
            "city": "SUMY",
            "branch": "(SUMY REGIONAL BRANCH)",
            "swift_code": "COSBUAUKSUM"
        },
        {
            "id": 247,
            "bank": "PUBLIC JOINT STOCK COMPANY 'STATE SAVINGS BANK OF UKRAINE'",
            "city": "TERNOPIL",
            "branch": "(TERNOPIL REGIONAL BRANCH)",
            "swift_code": "COSBUAUKTER"
        },
        {
            "id": 248,
            "bank": "PUBLIC JOINT STOCK COMPANY 'STATE SAVINGS BANK OF UKRAINE'",
            "city": "UZHHOROD",
            "branch": "(ZAKARPATTYA REGIONAL BRANCH)",
            "swift_code": "COSBUAUKZAK"
        },
        {
            "id": 249,
            "bank": "PUBLIC JOINT STOCK COMPANY 'STATE SAVINGS BANK OF UKRAINE'",
            "city": "VINNYTSIA",
            "branch": "(VINNITSIA REGIONAL BRANCH)",
            "swift_code": "COSBUAUKVIN"
        },
        {
            "id": 250,
            "bank": "PUBLIC JOINT STOCK COMPANY 'STATE SAVINGS BANK OF UKRAINE'",
            "city": "ZAPOROZHYE",
            "branch": "(ZAPOROZHYE REGIONAL BRANCH)",
            "swift_code": "COSBUAUKZAP"
        },
        {
            "id": 251,
            "bank": "PUBLIC JOINT STOCK COMPANY 'STATE SAVINGS BANK OF UKRAINE'",
            "city": "ZHYTOMYR",
            "branch": "(ZHYTOMYR REGIONAL BRANCH)",
            "swift_code": "COSBUAUKZHI"
        },
        {
            "id": 252,
            "bank": "PUBLIC JOINT STOCK COMPANY UNEX BANK",
            "city": "KIEV",
            "branch": null,
            "swift_code": "UNJTUAUK"
        },
        {
            "id": 253,
            "bank": "PUBLIC JOINT-STOCK COMPANY 'BANK' 'UNISON'",
            "city": "KIEV",
            "branch": null,
            "swift_code": "UNSBUAUK"
        },
        {
            "id": 254,
            "bank": "PUBLIC JOINT-STOCK COMPANY 'COMMERCIAL BANK 'AXIOM'",
            "city": "DNIPRO",
            "branch": null,
            "swift_code": "AXBNUA21"
        },
        {
            "id": 255,
            "bank": "PUBLIC JOINT-STOCK COMPANY COMMERCIAL BANK 'PRAVEX-BANK'",
            "city": "KIEV",
            "branch": null,
            "swift_code": "PRAVUAUK"
        },
        {
            "id": 256,
            "bank": "PUBLIC JOINT-STOCK COMPANY 'MELIOR BANK'",
            "city": "DNIPRO",
            "branch": null,
            "swift_code": "MLRBUA21"
        },
        {
            "id": 257,
            "bank": "PUBLIC JOINT-STOCK COMPANY OTP BANK",
            "city": "DNIPRO",
            "branch": "(DNIPRO BRANCH)",
            "swift_code": "OTPVUAU1300"
        },
        {
            "id": 258,
            "bank": "PUBLIC JOINT-STOCK COMPANY OTP BANK",
            "city": "DONETSK",
            "branch": "(DONETSK BRANCH)",
            "swift_code": "OTPVUAU1100"
        },
        {
            "id": 259,
            "bank": "PUBLIC JOINT-STOCK COMPANY OTP BANK",
            "city": "KHARKIV",
            "branch": "(KHARKIV BRANCH)",
            "swift_code": "OTPVUAU1700"
        },
        {
            "id": 260,
            "bank": "PUBLIC JOINT-STOCK COMPANY OTP BANK",
            "city": "KIEV",
            "branch": "(BESARABSKY BRANCH)",
            "swift_code": "OTPVUAU1002"
        },
        {
            "id": 261,
            "bank": "PUBLIC JOINT-STOCK COMPANY OTP BANK",
            "city": "KIEV",
            "branch": "(MYKHAILIVSKY BRANCH)",
            "swift_code": "OTPVUAU1003"
        },
        {
            "id": 262,
            "bank": "PUBLIC JOINT-STOCK COMPANY OTP BANK",
            "city": "KIEV",
            "branch": "(OBOLONSKY BRANCH)",
            "swift_code": "OTPVUAU1005"
        },
        {
            "id": 263,
            "bank": "PUBLIC JOINT-STOCK COMPANY OTP BANK",
            "city": "KIEV",
            "branch": "(PECHERSKY BRANCH)",
            "swift_code": "OTPVUAU1004"
        },
        {
            "id": 264,
            "bank": "PUBLIC JOINT-STOCK COMPANY OTP BANK",
            "city": "KIEV",
            "branch": null,
            "swift_code": "OTPVUAUK"
        },
        {
            "id": 265,
            "bank": "PUBLIC JOINT-STOCK COMPANY OTP BANK",
            "city": "MYKOLAIV",
            "branch": "(MYKOLAIV BRANCH)",
            "swift_code": "OTPVUAU1400"
        },
        {
            "id": 266,
            "bank": "PUBLIC JOINT-STOCK COMPANY OTP BANK",
            "city": "ODESA",
            "branch": "(ODESA BRANCH)",
            "swift_code": "OTPVUAU1500"
        },
        {
            "id": 267,
            "bank": "PUBLIC JOINT-STOCK COMPANY OTP BANK",
            "city": "ZAPORIZHZHYA",
            "branch": "(ZAPORIZHZHYA BRANCH)",
            "swift_code": "OTPVUAU1200"
        },
        {
            "id": 268,
            "bank": "PUBLIC JOINT-STOCK COMPANY VERNUM BANK",
            "city": "KIEV",
            "branch": null,
            "swift_code": "VERNUAUK"
        },
        {
            "id": 269,
            "bank": "'RADABANK' JOINT STOCK BANK",
            "city": "DNIPRO",
            "branch": null,
            "swift_code": "RADAUA2N"
        },
        {
            "id": 270,
            "bank": "'RAIFFEISEN BANK AVAL' PUBLIC JOINT STOCK COMPANY",
            "city": "DNIPRO",
            "branch": "(DNIPRO BRANCH)",
            "swift_code": "AVALUAUKDNI"
        },
        {
            "id": 271,
            "bank": "'RAIFFEISEN BANK AVAL' PUBLIC JOINT STOCK COMPANY",
            "city": "KHARKIV",
            "branch": "(KHARKIV BRANCH)",
            "swift_code": "AVALUAUKKHA"
        },
        {
            "id": 272,
            "bank": "'RAIFFEISEN BANK AVAL' PUBLIC JOINT STOCK COMPANY",
            "city": "KIEV",
            "branch": "(CENTRAL KIEV BRANCH)",
            "swift_code": "AVALUAUKCKB"
        },
        {
            "id": 273,
            "bank": "'RAIFFEISEN BANK AVAL' PUBLIC JOINT STOCK COMPANY",
            "city": "KIEV",
            "branch": "(HEAD OFFICE)",
            "swift_code": "AVALUAUK"
        },
        {
            "id": 274,
            "bank": "'RAIFFEISEN BANK AVAL' PUBLIC JOINT STOCK COMPANY",
            "city": "LVIV",
            "branch": "(LVIV BRANCH)",
            "swift_code": "AVALUAUKLVI"
        },
        {
            "id": 275,
            "bank": "'RAIFFEISEN BANK AVAL' PUBLIC JOINT STOCK COMPANY",
            "city": "ODESA",
            "branch": "(ODESA BRANCH)",
            "swift_code": "AVALUAUKODE"
        },
        {
            "id": 276,
            "bank": "SAMSUNG ELECTRONICS UKRAINE COMPANY",
            "city": "KIEV",
            "branch": null,
            "swift_code": "SECTUAU1"
        },
        {
            "id": 277,
            "bank": "SAMSUNG ELECTRONICS UKRAINE COMPANY",
            "city": "KIEV",
            "branch": null,
            "swift_code": "SECTUAU1960"
        },
        {
            "id": 278,
            "bank": "SAMSUNG ELECTRONICS UKRAINE COMPANY",
            "city": "KIEV",
            "branch": null,
            "swift_code": "SECTUAU1962"
        },
        {
            "id": 279,
            "bank": "SBERBANK PJSC",
            "city": "KIEV",
            "branch": null,
            "swift_code": "SABRUAUK"
        },
        {
            "id": 280,
            "bank": "SKY BANK,PUBLIC JOINT STOCK COMPANY",
            "city": "KIEV",
            "branch": null,
            "swift_code": "REGBUA2K"
        },
        {
            "id": 281,
            "bank": "TASCOMBANK JSC (FORMERLY BANK BUSINESS STANDARD)",
            "city": "KIEV",
            "branch": null,
            "swift_code": "MUNIUA22"
        },
        {
            "id": 282,
            "bank": "UKRAINIAN BANK OF RECONSTRUCTION AND DEVELOPMENT",
            "city": "KIEV",
            "branch": null,
            "swift_code": "UKRDUAUK"
        },
        {
            "id": 283,
            "bank": "UKRAINIAN CAPITAL BANK",
            "city": "KIEV",
            "branch": null,
            "swift_code": "UKCAUAUK"
        },
        {
            "id": 284,
            "bank": "UKRAINIAN COMMODITY EXCHANGE",
            "city": "KIEV",
            "branch": null,
            "swift_code": "XUKCUAU1"
        },
        {
            "id": 285,
            "bank": "'UKRAINIAN FINANCIAL GROUP' COMMERCIAL BANK B",
            "city": "KIEV",
            "branch": null,
            "swift_code": "UFGCUAU1"
        },
        {
            "id": 286,
            "bank": "UKRAINIAN STATE ENTERPRISE OF POSTS 'UKRPOSHTA'",
            "city": "KIEV",
            "branch": null,
            "swift_code": "USEUUAU1"
        },
        {
            "id": 287,
            "bank": "UKRAINIAN UNIVERSAL COMMODITY EXCHANGE",
            "city": "KIEV",
            "branch": null,
            "swift_code": "XUKRUAU1"
        },
        {
            "id": 288,
            "bank": "UKRGASBANK JSB",
            "city": "KIEV",
            "branch": null,
            "swift_code": "UGASUAUK"
        },
        {
            "id": 289,
            "bank": "UKRPOSHTA UKRAINIAN STATE ENTERPRISE OF POSTS",
            "city": "KIEV",
            "branch": null,
            "swift_code": "SEPSUAU1"
        },
        {
            "id": 290,
            "bank": "UKRSIBBANK",
            "city": "KIEV",
            "branch": null,
            "swift_code": "KHABUA2K"
        },
        {
            "id": 291,
            "bank": "UNITED COMMERCIAL BANK",
            "city": "FEODOSIYA",
            "branch": "(FEODOSIYA BRANCH)",
            "swift_code": "UNCCUA21FEO"
        },
        {
            "id": 292,
            "bank": "UNITED COMMERCIAL BANK",
            "city": "SEVASTOPOL",
            "branch": "(PRIMORSKY BRANCH)",
            "swift_code": "UNCCUA21SEV"
        },
        {
            "id": 293,
            "bank": "UNITED COMMERCIAL BANK",
            "city": "SIMFEROPOL",
            "branch": "(HEAD OFFICE)",
            "swift_code": "UNCCUA21"
        },
        {
            "id": 294,
            "bank": "UNITED COMMERCIAL BANK",
            "city": "YALTA",
            "branch": "(YALTA BRANCH)",
            "swift_code": "UNCCUA21YAL"
        },
        {
            "id": 295,
            "bank": "UNIVERSAL BANK OJSC",
            "city": "KIEV",
            "branch": null,
            "swift_code": "UNJSUAUK"
        },
        {
            "id": 296,
            "bank": "ZEMELNY CAPITAL CB PJSC",
            "city": "DNIPRO",
            "branch": null,
            "swift_code": "ZECPUA2N"
        }
    ]
}
