{
    "country": "Uganda",
    "country_code": "UG",
    "list": [
        {
            "id": 1,
            "bank": "ABC CAPITAL BANK LIMITED",
            "city": "KAMPALA",
            "branch": null,
            "swift_code": "ABCFUGKA"
        },
        {
            "id": 2,
            "bank": "ALT XCHANGE LIMITED.",
            "city": "KAMPALA",
            "branch": null,
            "swift_code": "ULTXUGK1"
        },
        {
            "id": 3,
            "bank": "BANK OF AFRICA-UGANDA LTD.",
            "city": "KAMPALA",
            "branch": null,
            "swift_code": "AFRIUGKA"
        },
        {
            "id": 4,
            "bank": "BANK OF BARODA (UGANDA) LIMITED",
            "city": "KAMPALA",
            "branch": null,
            "swift_code": "BARBUGKA"
        },
        {
            "id": 5,
            "bank": "BANK OF INDIA (UGANDA) LTD",
            "city": "KAMPALA",
            "branch": null,
            "swift_code": "BKIDUGKA"
        },
        {
            "id": 6,
            "bank": "BANK OF UGANDA",
            "city": "KAMPALA",
            "branch": "(LETTERS OF CREDIT PROCESSING)",
            "swift_code": "UGBAUGKABKG"
        },
        {
            "id": 7,
            "bank": "BANK OF UGANDA",
            "city": "KAMPALA",
            "branch": null,
            "swift_code": "UGBAUGKA"
        },
        {
            "id": 8,
            "bank": "BARCLAYS BANK OF UGANDA LTD.",
            "city": "KAMPALA",
            "branch": null,
            "swift_code": "BARCUGKX"
        },
        {
            "id": 9,
            "bank": "BRITISH AMERICAN TOBACCO UGANDA LTD",
            "city": "KAMPALA",
            "branch": null,
            "swift_code": "BATSUGK1"
        },
        {
            "id": 10,
            "bank": "CAIRO INTERNATIONAL BANK LTD",
            "city": "KAMPALA",
            "branch": null,
            "swift_code": "CAIEUGKA"
        },
        {
            "id": 11,
            "bank": "CENTENARY RURAL DEVELOPMENT BANK LIMITED",
            "city": "KAMPALA",
            "branch": null,
            "swift_code": "CERBUGKA"
        },
        {
            "id": 12,
            "bank": "CITIBANK UGANDA LIMITED",
            "city": "KAMPALA",
            "branch": "(TRADE SERVICES DEPT)",
            "swift_code": "CITIUGKATRD"
        },
        {
            "id": 13,
            "bank": "CITIBANK UGANDA LIMITED",
            "city": "KAMPALA",
            "branch": null,
            "swift_code": "CITIUGKA"
        },
        {
            "id": 14,
            "bank": "COMMERCIAL BANK OF AFRICA UGANDA LIMITED",
            "city": "KAMPALA",
            "branch": null,
            "swift_code": "CBAFUGKA"
        },
        {
            "id": 15,
            "bank": "CO-OPERATIVE BANK LTD.,THE",
            "city": "KAMPALA",
            "branch": null,
            "swift_code": "COPBUGK1"
        },
        {
            "id": 16,
            "bank": "CRANE BANK LTD",
            "city": "KAMPALA",
            "branch": null,
            "swift_code": "CRANUGKA"
        },
        {
            "id": 17,
            "bank": "CRESTED STOCKS AND SECURITIES LIMITED",
            "city": "KAMPALA",
            "branch": null,
            "swift_code": "CRKSUGK1"
        },
        {
            "id": 18,
            "bank": "DFCU BANK LIMITED",
            "city": "KAMPALA",
            "branch": null,
            "swift_code": "DFCUUGKA"
        },
        {
            "id": 19,
            "bank": "DIAMOND TRUST BANK UGANDA LIMITED",
            "city": "KAMPALA",
            "branch": null,
            "swift_code": "DTKEUGKA"
        },
        {
            "id": 20,
            "bank": "EAST AFRICAN DEVELOPMENT BANK",
            "city": "KAMPALA",
            "branch": null,
            "swift_code": "AFDEUGKA"
        },
        {
            "id": 21,
            "bank": "ECOBANK UGANDA",
            "city": "KAMPALA",
            "branch": null,
            "swift_code": "ECOCUGKA"
        },
        {
            "id": 22,
            "bank": "ENGIPLAN CONSULTANTS",
            "city": "KAMPALA",
            "branch": null,
            "swift_code": "ENCOUGK1"
        },
        {
            "id": 23,
            "bank": "EQUITY BANK UGANDA LTD",
            "city": "KAMPALA",
            "branch": null,
            "swift_code": "EQBLUGKA"
        },
        {
            "id": 24,
            "bank": "EQUITY STOCK BROKERS",
            "city": "KAMPALA",
            "branch": null,
            "swift_code": "EQSBUGK1"
        },
        {
            "id": 25,
            "bank": "EXIM BANK (UGANDA) LIMITED",
            "city": "KAMPALA",
            "branch": null,
            "swift_code": "EXTNUGKA"
        },
        {
            "id": 26,
            "bank": "FINANCE TRUST BANK LTD",
            "city": "KAMPALA",
            "branch": null,
            "swift_code": "FTBLUGKA"
        },
        {
            "id": 27,
            "bank": "GOLD TRUST BANK",
            "city": "KAMPALA",
            "branch": null,
            "swift_code": "GOLTUGK1"
        },
        {
            "id": 28,
            "bank": "GUARANTY TRUST BANK (UGANDA) LTD",
            "city": "KAMPALA",
            "branch": null,
            "swift_code": "GTBIUGKA"
        },
        {
            "id": 29,
            "bank": "HOUSING FINANCE BANK LTD.",
            "city": "KAMPALA",
            "branch": null,
            "swift_code": "HFINUGKA"
        },
        {
            "id": 30,
            "bank": "INTERNATIONAL CREDIT BANK LTD.",
            "city": "KAMPALA",
            "branch": null,
            "swift_code": "ICFBUGK1"
        },
        {
            "id": 31,
            "bank": "KCB BANK UGANDA LIMITED",
            "city": "KAMPALA",
            "branch": null,
            "swift_code": "KCBLUGKA"
        },
        {
            "id": 32,
            "bank": "M\/D TRANS AFRICA BANK",
            "city": "KAMPALA",
            "branch": null,
            "swift_code": "TRARUGK1"
        },
        {
            "id": 33,
            "bank": "MBEA BROKERAGE SERVICES (U) LIMITED",
            "city": "KAMPALA",
            "branch": null,
            "swift_code": "MBRSUGK1"
        },
        {
            "id": 34,
            "bank": "MERCANTILE CREDIT BANK LTD",
            "city": "KAMPALA",
            "branch": null,
            "swift_code": "MCBDUGK1"
        },
        {
            "id": 35,
            "bank": "NC BANK UGANDA LIMITED",
            "city": "KAMPALA",
            "branch": null,
            "swift_code": "NINCUGKA"
        },
        {
            "id": 36,
            "bank": "NILE BANK LTD",
            "city": "KAMPALA",
            "branch": null,
            "swift_code": "NLBKUGK1"
        },
        {
            "id": 37,
            "bank": "ORIENT BANK LIMITED",
            "city": "KAMPALA",
            "branch": null,
            "swift_code": "ORINUGKA"
        },
        {
            "id": 38,
            "bank": "POSTBANK UGANDA LIMITED",
            "city": "KAMPALA",
            "branch": null,
            "swift_code": "UGPBUGKA"
        },
        {
            "id": 39,
            "bank": "SABMILLER UGANDA",
            "city": "KAMPALA",
            "branch": null,
            "swift_code": "SABMUGT1"
        },
        {
            "id": 40,
            "bank": "SABMILLER UGANDA",
            "city": "KAMPALA",
            "branch": null,
            "swift_code": "SABMUGT1NBL"
        },
        {
            "id": 41,
            "bank": "SABMILLER UGANDA",
            "city": "KAMPALA",
            "branch": null,
            "swift_code": "SABMUGT1RBL"
        },
        {
            "id": 42,
            "bank": "STANBIC BANK UGANDA LIMITED",
            "city": "KAMPALA",
            "branch": null,
            "swift_code": "SBICUGKX"
        },
        {
            "id": 43,
            "bank": "STANDARD CHARTERED BANK UGANDA LIMITED",
            "city": "KAMPALA",
            "branch": "(SECURITIES SERVICES UNIT)",
            "swift_code": "SCBLUGKASSU"
        },
        {
            "id": 44,
            "bank": "STANDARD CHARTERED BANK UGANDA LIMITED",
            "city": "KAMPALA",
            "branch": null,
            "swift_code": "SCBLUGKA"
        },
        {
            "id": 45,
            "bank": "TOP FINANCE BANK LIMITED",
            "city": "KAMPALA",
            "branch": null,
            "swift_code": "TOPFUGKA"
        },
        {
            "id": 46,
            "bank": "TROPICAL BANK LIMITED",
            "city": "KAMPALA",
            "branch": null,
            "swift_code": "LAUBUGK1"
        },
        {
            "id": 47,
            "bank": "TROPICAL BANK LTD",
            "city": "KAMPALA",
            "branch": null,
            "swift_code": "TROAUGKA"
        },
        {
            "id": 48,
            "bank": "TRUST BANK (UGANDA) LIMITED",
            "city": "KAMPALA",
            "branch": null,
            "swift_code": "TRBAUGK1"
        },
        {
            "id": 49,
            "bank": "UGANDA INSTITUTE OF BANKERS",
            "city": "KAMPALA",
            "branch": null,
            "swift_code": "UIDBUGK1"
        },
        {
            "id": 50,
            "bank": "UGANDA SECURITIES EXCHANGE LTD",
            "city": "KAMPALA",
            "branch": null,
            "swift_code": "USCDUGKA"
        },
        {
            "id": 51,
            "bank": "UNITED BANK FOR AFRICA (UGANDA) LTD",
            "city": "KAMPALA",
            "branch": null,
            "swift_code": "UNAFUGKA"
        }
    ]
}
