{
    "country": "Uruguay",
    "country_code": "UY",
    "list": [
        {
            "id": 1,
            "bank": "AFINIDAD A.F.A.P.S.A.",
            "city": "MONTEVIDEO",
            "branch": null,
            "swift_code": "AFAAUYM1"
        },
        {
            "id": 2,
            "bank": "ALMAR S.A.",
            "city": "MONTEVIDEO",
            "branch": null,
            "swift_code": "LMARUYMT"
        },
        {
            "id": 3,
            "bank": "ANTEL",
            "city": "MONTEVIDEO",
            "branch": null,
            "swift_code": "ANTLUYM1"
        },
        {
            "id": 4,
            "bank": "BANCO BILBAO VIZCAYA ARGENTARIA URUGUAY S.A.",
            "city": "MONTEVIDEO",
            "branch": null,
            "swift_code": "BBVAUYMM"
        },
        {
            "id": 5,
            "bank": "BANCO CENTRAL DEL URUGUAY",
            "city": "MONTEVIDEO",
            "branch": null,
            "swift_code": "CBCUUYMD"
        },
        {
            "id": 6,
            "bank": "BANCO CENTRAL DEL URUGUAY",
            "city": "MONTEVIDEO",
            "branch": null,
            "swift_code": "CBCUUYMF"
        },
        {
            "id": 7,
            "bank": "BANCO CENTRAL DEL URUGUAY",
            "city": "MONTEVIDEO",
            "branch": null,
            "swift_code": "CBCUUYMM"
        },
        {
            "id": 8,
            "bank": "BANCO CENTRAL DEL URUGUAY",
            "city": "MONTEVIDEO",
            "branch": null,
            "swift_code": "CBCUUYMMFGD"
        },
        {
            "id": 9,
            "bank": "BANCO CENTRAL DEL URUGUAY",
            "city": "MONTEVIDEO",
            "branch": null,
            "swift_code": "CBCUUYMMGPA"
        },
        {
            "id": 10,
            "bank": "BANCO DE LA NACION ARGENTINA",
            "city": "MONTEVIDEO",
            "branch": null,
            "swift_code": "NACNUYMM"
        },
        {
            "id": 11,
            "bank": "BANCO DE LA REPUBLICA ORIENTAL DEL URUGUAY",
            "city": "MONTEVIDEO",
            "branch": null,
            "swift_code": "BROUUYMM"
        },
        {
            "id": 12,
            "bank": "BANCO DE PREVISION SOCIAL",
            "city": "MONTEVIDEO",
            "branch": null,
            "swift_code": "BPSOUYM1"
        },
        {
            "id": 13,
            "bank": "BANCO DE SEGUROS DEL ESTADO",
            "city": "MONTEVIDEO",
            "branch": null,
            "swift_code": "BSEMUYM1"
        },
        {
            "id": 14,
            "bank": "BANCO HIPOTECARIO DEL URUGUAY",
            "city": "MONTEVIDEO",
            "branch": null,
            "swift_code": "BHUMUYM1"
        },
        {
            "id": 15,
            "bank": "BANCO ITAU",
            "city": "MONTEVIDEO",
            "branch": null,
            "swift_code": "ITAUUYMM"
        },
        {
            "id": 16,
            "bank": "BANCO PATAGONIA (URUGUAY) S.A.I.F.E.",
            "city": "PUNTA DEL ESTE",
            "branch": null,
            "swift_code": "BPATUYMM"
        },
        {
            "id": 17,
            "bank": "BANCO SANTANDER",
            "city": "MONTEVIDEO",
            "branch": null,
            "swift_code": "BSCHUYMM"
        },
        {
            "id": 18,
            "bank": "BANDES URUGUAY S.A.",
            "city": "MONTEVIDEO",
            "branch": null,
            "swift_code": "CFACUYMM"
        },
        {
            "id": 19,
            "bank": "BANQUE HERITAGE (URUGUAY) S.A.",
            "city": "MONTEVIDEO",
            "branch": null,
            "swift_code": "SURIUYMM"
        },
        {
            "id": 20,
            "bank": "BAPRO URUGUAY",
            "city": "MONTEVIDEO",
            "branch": null,
            "swift_code": "PRBAUYMM"
        },
        {
            "id": 21,
            "bank": "BCC CREDIT AND FINANCE (URUGUAY) S.A.",
            "city": "MONTEVIDEO",
            "branch": null,
            "swift_code": "BCURUYM1"
        },
        {
            "id": 22,
            "bank": "BOLSA DE VALORES DE MONTEVIDEO",
            "city": "MONTEVIDEO",
            "branch": null,
            "swift_code": "XMNTUYM1"
        },
        {
            "id": 23,
            "bank": "CAJA DE JUB. Y PENS. BANCARIAS",
            "city": "MONTEVIDEO",
            "branch": null,
            "swift_code": "CJPBUYM1"
        },
        {
            "id": 24,
            "bank": "CAJA DE JUB. Y PENS. PROFESION. UNIVERS.",
            "city": "MONTEVIDEO",
            "branch": null,
            "swift_code": "CJPPUYM1"
        },
        {
            "id": 25,
            "bank": "CAJA NOTARIAL DE JUBILACIONES Y PENS.",
            "city": "MONTEVIDEO",
            "branch": null,
            "swift_code": "CJNOUYM1"
        },
        {
            "id": 26,
            "bank": "CAMBIO REGIONAL S.A.",
            "city": "MONTEVIDEO",
            "branch": null,
            "swift_code": "REGLUYM1"
        },
        {
            "id": 27,
            "bank": "CENTRO FINANCIERO COOPERATIVO",
            "city": "MONTEVIDEO",
            "branch": null,
            "swift_code": "CFCOUYM1"
        },
        {
            "id": 28,
            "bank": "CHASE MANHATTAN INVESTMENTS S.A.",
            "city": "MONTEVIDEO",
            "branch": null,
            "swift_code": "CHMIUYM1"
        },
        {
            "id": 29,
            "bank": "CITIBANK N.A. URUGUAY",
            "city": "COLONIA",
            "branch": null,
            "swift_code": "CITIUYMMCOL"
        },
        {
            "id": 30,
            "bank": "CITIBANK N.A. URUGUAY",
            "city": "MONTEVIDEO",
            "branch": null,
            "swift_code": "CITIUYMM"
        },
        {
            "id": 31,
            "bank": "CITIBANK N.A. URUGUAY",
            "city": "PUNTA DEL ESTE",
            "branch": null,
            "swift_code": "CITIUYMMPDE"
        },
        {
            "id": 32,
            "bank": "COLUMBUSNET S.A.",
            "city": "MONTEVIDEO",
            "branch": null,
            "swift_code": "COLUUYMM"
        },
        {
            "id": 33,
            "bank": "COPAB",
            "city": "MONTEVIDEO",
            "branch": null,
            "swift_code": "COPAUYM1"
        },
        {
            "id": 34,
            "bank": "CUENTAS DEL F.G.D.B",
            "city": "MONTEVIDEO",
            "branch": null,
            "swift_code": "SPABUYM1"
        },
        {
            "id": 35,
            "bank": "DEPOSITARIO CENTRAL DE VALORES",
            "city": "MONTEVIDEO",
            "branch": null,
            "swift_code": "DECVUYM1"
        },
        {
            "id": 36,
            "bank": "DEUTSCHE BANK (URUGUAY) S.A.I.F.E.",
            "city": "MONTEVIDEO",
            "branch": null,
            "swift_code": "DEUTUYM1"
        },
        {
            "id": 37,
            "bank": "EUROCAM SA",
            "city": "MONTEVIDEO",
            "branch": "(EJIDO BRANCH)",
            "swift_code": "CBEUUYM10ME"
        },
        {
            "id": 38,
            "bank": "EUROCAM SA",
            "city": "MONTEVIDEO",
            "branch": "(EL GAUCHO BRANCH)",
            "swift_code": "CBEUUYM10MG"
        },
        {
            "id": 39,
            "bank": "EUROCAM SA",
            "city": "MONTEVIDEO",
            "branch": null,
            "swift_code": "CBEUUYMM"
        },
        {
            "id": 40,
            "bank": "FITCH URUGUAY CALIFICADORA RIESGO S.A.",
            "city": "MONTEVIDEO",
            "branch": null,
            "swift_code": "FRIPUYM1"
        },
        {
            "id": 41,
            "bank": "FORTIGOL S.A.",
            "city": "MONTEVIDEO",
            "branch": null,
            "swift_code": "FOTTUYM1"
        },
        {
            "id": 42,
            "bank": "HSBC BANK (URUGUAY) S.A.",
            "city": "MONTEVIDEO",
            "branch": null,
            "swift_code": "BLICUYMM"
        },
        {
            "id": 43,
            "bank": "I.F.E. BANCO ROBERTS S.A. (URUGUAY)",
            "city": "MONTEVIDEO",
            "branch": null,
            "swift_code": "BACOUYM1"
        },
        {
            "id": 44,
            "bank": "INDUMEX S.A.",
            "city": "MONTEVIDEO",
            "branch": null,
            "swift_code": "INUXUYM1"
        },
        {
            "id": 45,
            "bank": "INTEGRACION A.F.A.P. S.A.",
            "city": "MONTEVIDEO",
            "branch": null,
            "swift_code": "IAFAUYM1"
        },
        {
            "id": 46,
            "bank": "LESPAN .S.A",
            "city": "MONTEVIDEO",
            "branch": null,
            "swift_code": "LSPNUYM1"
        },
        {
            "id": 47,
            "bank": "LOYAR S.A.",
            "city": "MONTEVIDEO",
            "branch": null,
            "swift_code": "LOYRUYM1"
        },
        {
            "id": 48,
            "bank": "MINISTERIO DE ECONOMIA Y FINANZAS",
            "city": "MONTEVIDEO",
            "branch": null,
            "swift_code": "TGENUYM1"
        },
        {
            "id": 49,
            "bank": "OVADIAH FINANCIAL SA",
            "city": "MONTEVIDEO",
            "branch": null,
            "swift_code": "OVFIUYM1"
        },
        {
            "id": 50,
            "bank": "PIANO INTERNATIONAL CORP.",
            "city": "MONTEVIDEO",
            "branch": null,
            "swift_code": "PMTRUYM1"
        },
        {
            "id": 51,
            "bank": "PLATAFORMA TRANSACCIONAL BEVSA",
            "city": "MONTEVIDEO",
            "branch": null,
            "swift_code": "SIOPUYM1"
        },
        {
            "id": 52,
            "bank": "PLATAFORMA TRANSACCIONAL BVM",
            "city": "MONTEVIDEO",
            "branch": null,
            "swift_code": "SIBEUYM1"
        },
        {
            "id": 53,
            "bank": "REPUBLICA A.F.A.P. S.A.",
            "city": "MONTEVIDEO",
            "branch": null,
            "swift_code": "RAFAUYM1"
        },
        {
            "id": 54,
            "bank": "SCOTIABANK URUGUAY S.A.",
            "city": "MONTEVIDEO",
            "branch": "(HEAD OFFICE)",
            "swift_code": "COMEUYMM"
        },
        {
            "id": 55,
            "bank": "SCOTIABANK URUGUAY S.A.",
            "city": "MONTEVIDEO",
            "branch": "(HEAD OFFICE)",
            "swift_code": "COMEUYMMALL"
        },
        {
            "id": 56,
            "bank": "SECVALORIS SA",
            "city": "MONTEVIDEO",
            "branch": null,
            "swift_code": "SECVUYM1"
        },
        {
            "id": 57,
            "bank": "SISTEMA DE LIQUIDACION BRUTA",
            "city": "MONTEVIDEO",
            "branch": null,
            "swift_code": "RTSXUYM1"
        },
        {
            "id": 58,
            "bank": "SISTEMA DE PAGOS INTERBANCARIOS",
            "city": "MONTEVIDEO",
            "branch": null,
            "swift_code": "SIPNUYM1"
        },
        {
            "id": 59,
            "bank": "SOUTH FINANCIAL CORPORATION",
            "city": "MONTEVIDEO",
            "branch": null,
            "swift_code": "SFCOUYM1"
        },
        {
            "id": 60,
            "bank": "SWISS CALEDONIA WEALTH MANAGEMENT AGENTE DE VALORES S.A.",
            "city": "MONTEVIDEO",
            "branch": null,
            "swift_code": "SCWMUYM1"
        },
        {
            "id": 61,
            "bank": "TPCG FINANCIAL SERVICES S.A.",
            "city": "MONTEVIDEO",
            "branch": null,
            "swift_code": "TPFSUYM1"
        },
        {
            "id": 62,
            "bank": "TRANSAMERICA CASA BANCARIA",
            "city": "MONTEVIDEO",
            "branch": null,
            "swift_code": "TRCAUYM1"
        },
        {
            "id": 63,
            "bank": "UNION-CAPITAL A.F.A.P.S.A.",
            "city": "MONTEVIDEO",
            "branch": null,
            "swift_code": "UAFAUYM1"
        },
        {
            "id": 64,
            "bank": "UTE",
            "city": "MONTEVIDEO",
            "branch": null,
            "swift_code": "UTEUUYM1"
        },
        {
            "id": 65,
            "bank": "VARLIX S.A.",
            "city": "MONTEVIDEO",
            "branch": null,
            "swift_code": "VARLUYM1"
        },
        {
            "id": 66,
            "bank": "VICTOR PAULLIER AND CIA. SOCIEDAD DE BOLSA S.A.",
            "city": "MONTEVIDEO",
            "branch": null,
            "swift_code": "VPCOUYMM"
        }
    ]
}
