{
    "country": "Virgin Islands (UK)",
    "country_code": "VG",
    "list": [
        {
            "id": 1,
            "bank": "BANK OF ASIA (BVI) LIMITED",
            "city": "TORTOLA",
            "branch": null,
            "swift_code": "ABVIVGVG"
        },
        {
            "id": 2,
            "bank": "BEVCO LIMITED",
            "city": "TORTOLA",
            "branch": null,
            "swift_code": "BEVCVGV1"
        },
        {
            "id": 3,
            "bank": "BEVCO LIMITED",
            "city": "TORTOLA",
            "branch": null,
            "swift_code": "BEVCVGV1BEV"
        },
        {
            "id": 4,
            "bank": "BURSATIL CLEARING CORPORATION LIMITED",
            "city": "TORTOLA",
            "branch": null,
            "swift_code": "BCCLVGV1"
        },
        {
            "id": 5,
            "bank": "CARLSSON CURRENCY FUND LIMITED",
            "city": "ROADTOWN",
            "branch": null,
            "swift_code": "CACFVGV1"
        },
        {
            "id": 6,
            "bank": "CHALHOUB GROUP LIMITED",
            "city": "TORTOLA",
            "branch": null,
            "swift_code": "CHGLVGVG"
        },
        {
            "id": 7,
            "bank": "CHEMIUM INTERNATIONAL CORP.",
            "city": "TORTOLA",
            "branch": null,
            "swift_code": "CHNIVGV1"
        },
        {
            "id": 8,
            "bank": "CIMB LIMITED",
            "city": "TORTOLA",
            "branch": null,
            "swift_code": "CBMBVGV1"
        },
        {
            "id": 9,
            "bank": "DE SHAW INTERNATIONAL",
            "city": "TORTOLA",
            "branch": null,
            "swift_code": "SHILVGV1"
        },
        {
            "id": 10,
            "bank": "EUROWIRE CLEARING CORPORATION",
            "city": "ROADTOWN",
            "branch": null,
            "swift_code": "EUCTVGV1"
        },
        {
            "id": 11,
            "bank": "EVERYOUNG CAPITAL MANAGEMENT LIMITED",
            "city": "TORTOLA",
            "branch": null,
            "swift_code": "EVCMVGV1"
        },
        {
            "id": 12,
            "bank": "FIRSTCARIBBEAN INTERNATIONAL BANK (CAYMAN) LTD",
            "city": "TORTOLA",
            "branch": null,
            "swift_code": "FCIBVGVG"
        },
        {
            "id": 13,
            "bank": "GORDEL HOLDINGS LIMITED",
            "city": "TORTOLA",
            "branch": null,
            "swift_code": "BEXGVGVG"
        },
        {
            "id": 14,
            "bank": "IBIS INTERNATIONAL FUND LIMITED",
            "city": "TORTOLA",
            "branch": null,
            "swift_code": "IBIFVGV1"
        },
        {
            "id": 15,
            "bank": "IFXBG LIMITED",
            "city": "ROADTOWN",
            "branch": null,
            "swift_code": "IFXGVGV1"
        },
        {
            "id": 16,
            "bank": "ION VOLIUM STRATEGY LIMITED",
            "city": "ROADTOWN",
            "branch": null,
            "swift_code": "IOVSVGV1"
        },
        {
            "id": 17,
            "bank": "LIM ASIA MULTI-STRATEGY FUND INC.",
            "city": "ROADTOWN",
            "branch": null,
            "swift_code": "LAMFVGV1"
        },
        {
            "id": 18,
            "bank": "LIM ASIA SPECIAL SITUATIONS MASTER FUND LIMITED",
            "city": "ROADTOWN",
            "branch": null,
            "swift_code": "LAPTVGV1"
        },
        {
            "id": 19,
            "bank": "MVM OVERSEAS CAPITAL LTD",
            "city": "ROADTOWN",
            "branch": null,
            "swift_code": "MVOCVGV1"
        },
        {
            "id": 20,
            "bank": "OURINVEST CAPITAL INC",
            "city": "TORTOLA",
            "branch": null,
            "swift_code": "OUCAVGV1"
        },
        {
            "id": 21,
            "bank": "PACIFIC ALLIANCE INVESTMENT MANAGEMENT LIMITED",
            "city": "TORTOLA",
            "branch": null,
            "swift_code": "PAIEVGV1"
        },
        {
            "id": 22,
            "bank": "PACIFIC CAPITAL GROUP LIMITED",
            "city": "TORTOLA",
            "branch": null,
            "swift_code": "PACGVGV1"
        },
        {
            "id": 23,
            "bank": "PYRRHO MANAGEMENT LIMITED",
            "city": "TORTOLA",
            "branch": null,
            "swift_code": "PYMAVGV1"
        },
        {
            "id": 24,
            "bank": "QUANT ASSET MANAGEMENT",
            "city": "TORTOLA",
            "branch": null,
            "swift_code": "QUAAVGV1"
        },
        {
            "id": 25,
            "bank": "RAMBURS INC",
            "city": "TORTOLA",
            "branch": null,
            "swift_code": "RAMBVGV1"
        },
        {
            "id": 26,
            "bank": "SCOTIABANK (BRITISH VIRGIN ISLANDS) LTD.",
            "city": "TORTOLA",
            "branch": null,
            "swift_code": "NOSCVGVG"
        },
        {
            "id": 27,
            "bank": "VALUE STAR ASSET MANAGEMENT",
            "city": "TORTOLA",
            "branch": null,
            "swift_code": "VSAMVGV1"
        },
        {
            "id": 28,
            "bank": "VP BANK (BVI) LTD",
            "city": "TORTOLA",
            "branch": null,
            "swift_code": "VPBVVGV1"
        }
    ]
}
