{
    "country": "Vanuatu",
    "country_code": "VU",
    "list": [
        {
            "id": 1,
            "bank": "ALPEN BARUCH BANK LIMITED",
            "city": "PORT VILA",
            "branch": null,
            "swift_code": "ALBUVUVV"
        },
        {
            "id": 2,
            "bank": "ANZ BANK (VANUATU) LTD",
            "city": "VILA",
            "branch": null,
            "swift_code": "ANZBVUVX"
        },
        {
            "id": 3,
            "bank": "ASIA MERCHANT BANK LIMITED",
            "city": "PORT VILA",
            "branch": null,
            "swift_code": "AMBVVUVU"
        },
        {
            "id": 4,
            "bank": "BANK SOUTH PACIFIC (VANUATU) LIMITED",
            "city": "VILA",
            "branch": null,
            "swift_code": "BOSPVUVX"
        },
        {
            "id": 5,
            "bank": "BRED (VANUATU) LTD",
            "city": "PORT VILA",
            "branch": null,
            "swift_code": "BREDVUVU"
        },
        {
            "id": 6,
            "bank": "FINANCIAL PARTNERS BANK LIMITED",
            "city": "PORT VILA",
            "branch": null,
            "swift_code": "FPBLVUV1"
        },
        {
            "id": 7,
            "bank": "GREENROCK SECURITIES LIMITED",
            "city": "PORT VILA",
            "branch": null,
            "swift_code": "GRCRVUV1"
        },
        {
            "id": 8,
            "bank": "INTEGRATED MARKETS LTD",
            "city": "PORT VILA",
            "branch": null,
            "swift_code": "INKRVUV1"
        },
        {
            "id": 9,
            "bank": "INVESTORS' TRUST LIMITED",
            "city": "VILA",
            "branch": null,
            "swift_code": "ITLIVUV1"
        },
        {
            "id": 10,
            "bank": "MG COMMERCIAL BANK LIMITED",
            "city": "PORT VILA",
            "branch": null,
            "swift_code": "MGCBVUVV"
        },
        {
            "id": 11,
            "bank": "NATIONAL BANK OF VANUATU LIMITED",
            "city": "PORT VILA",
            "branch": null,
            "swift_code": "NBOVVUVU"
        },
        {
            "id": 12,
            "bank": "NAUTILUS INTERNATIONAL BANK LTD",
            "city": "PORT VILA",
            "branch": null,
            "swift_code": "NAIOVUV1"
        },
        {
            "id": 13,
            "bank": "PACIFIC INTERNATIONAL TRUST CO. LTD",
            "city": "PORT VILA",
            "branch": null,
            "swift_code": "PITCVUV1"
        },
        {
            "id": 14,
            "bank": "PACIFIC PRIVATE BANK LIMITED",
            "city": "PORT VILA",
            "branch": null,
            "swift_code": "PPBLVUVU"
        },
        {
            "id": 15,
            "bank": "PROSPERITY BANKING CORPORATION LIMITED",
            "city": "PORT VILA",
            "branch": null,
            "swift_code": "PBCLVUVV"
        },
        {
            "id": 16,
            "bank": "RESERVE BANK OF VANUATU",
            "city": "PORT VILA",
            "branch": null,
            "swift_code": "RBVAVUVU"
        },
        {
            "id": 17,
            "bank": "VANTU BANK LIMITED",
            "city": "PORT VILA",
            "branch": null,
            "swift_code": "VANTVUVU"
        },
        {
            "id": 18,
            "bank": "VANUATU INTERNATIONAL TRUST COMPANY LIMITED",
            "city": "PORT VILA",
            "branch": null,
            "swift_code": "VITRVUV1"
        }
    ]
}
