{
    "country": "Kosovo",
    "country_code": "XK",
    "list": [
        {
            "id": 1,
            "bank": "BANKA EKONOMIKE SH.A",
            "city": "PRISTINA",
            "branch": null,
            "swift_code": "EKOMXKPR"
        },
        {
            "id": 2,
            "bank": "BANKA KOMBETARE TREGTARE SH.A",
            "city": "PRISTINA",
            "branch": null,
            "swift_code": "NCBAXKPR"
        },
        {
            "id": 3,
            "bank": "BANKA PER BIZNES SH.A.",
            "city": "PRISTINA",
            "branch": null,
            "swift_code": "BPBXXKPR"
        },
        {
            "id": 4,
            "bank": "CENTRAL BANK OF THE REPUBLIC OF KOSOVO",
            "city": "PRISTINA",
            "branch": null,
            "swift_code": "CBRKXKPR"
        },
        {
            "id": 5,
            "bank": "JUGOBANKA, JUGOBANKA A.D. KOSOVSKA MITROVICA",
            "city": "KOSOVSKA MITROVICA",
            "branch": null,
            "swift_code": "JJKMXK21"
        },
        {
            "id": 6,
            "bank": "NLB PRISHTINA SH.A.",
            "city": "PRISTINA",
            "branch": null,
            "swift_code": "NLPRXKPR"
        },
        {
            "id": 7,
            "bank": "PROCREDIT BANK KOSOVO (FORMERLY MICRO ENTERPRISE BANK, PRISTINA, KOSOVO)",
            "city": "PRISTINA",
            "branch": null,
            "swift_code": "MBKOXKPR"
        },
        {
            "id": 8,
            "bank": "RAIFFEISEN BANK KOSOVO",
            "city": "PRISTINA",
            "branch": null,
            "swift_code": "RBKOXKPR"
        },
        {
            "id": 9,
            "bank": "TEB SHA",
            "city": "KLINA",
            "branch": "(KLINA)",
            "swift_code": "TEBKXKPR030"
        },
        {
            "id": 10,
            "bank": "TEB SHA",
            "city": "PRISTINA",
            "branch": "(DARDANIA)",
            "swift_code": "TEBKXKPR020"
        },
        {
            "id": 11,
            "bank": "TEB SHA",
            "city": "PRISTINA",
            "branch": "(DRENAS)",
            "swift_code": "TEBKXKPR024"
        },
        {
            "id": 12,
            "bank": "TEB SHA",
            "city": "PRISTINA",
            "branch": "(FERIZAJ)",
            "swift_code": "TEBKXKPR013"
        },
        {
            "id": 13,
            "bank": "TEB SHA",
            "city": "PRISTINA",
            "branch": "(FUSHE KOSOVA)",
            "swift_code": "TEBKXKPR014"
        },
        {
            "id": 14,
            "bank": "TEB SHA",
            "city": "PRISTINA",
            "branch": "(GJAKOVA)",
            "swift_code": "TEBKXKPR018"
        },
        {
            "id": 15,
            "bank": "TEB SHA",
            "city": "PRISTINA",
            "branch": "(GJILAN)",
            "swift_code": "TEBKXKPR017"
        },
        {
            "id": 16,
            "bank": "TEB SHA",
            "city": "PRISTINA",
            "branch": "(HANI ELEZIT)",
            "swift_code": "TEBKXKPR029"
        },
        {
            "id": 17,
            "bank": "TEB SHA",
            "city": "PRISTINA",
            "branch": "(LYPJAN)",
            "swift_code": "TEBKXKPR026"
        },
        {
            "id": 18,
            "bank": "TEB SHA",
            "city": "PRISTINA",
            "branch": "(MAIN)",
            "swift_code": "TEBKXKPR011"
        },
        {
            "id": 19,
            "bank": "TEB SHA",
            "city": "PRISTINA",
            "branch": "(MALISHEVA)",
            "swift_code": "TEBKXKPR023"
        },
        {
            "id": 20,
            "bank": "TEB SHA",
            "city": "PRISTINA",
            "branch": "(MITROVICA)",
            "swift_code": "TEBKXKPR027"
        },
        {
            "id": 21,
            "bank": "TEB SHA",
            "city": "PRISTINA",
            "branch": "(PEJA CITY OFFICE)",
            "swift_code": "TEBKXKPR031"
        },
        {
            "id": 22,
            "bank": "TEB SHA",
            "city": "PRISTINA",
            "branch": "(PEJA)",
            "swift_code": "TEBKXKPR015"
        },
        {
            "id": 23,
            "bank": "TEB SHA",
            "city": "PRISTINA",
            "branch": "(PRISTINA QENDRA)",
            "swift_code": "TEBKXKPR034"
        },
        {
            "id": 24,
            "bank": "TEB SHA",
            "city": "PRISTINA",
            "branch": "(PRIZREN MAIN)",
            "swift_code": "TEBKXKPR028"
        },
        {
            "id": 25,
            "bank": "TEB SHA",
            "city": "PRISTINA",
            "branch": "(QAFA CITY OFFICE)",
            "swift_code": "TEBKXKPR033"
        },
        {
            "id": 26,
            "bank": "TEB SHA",
            "city": "PRISTINA",
            "branch": "(RAHOVEC)",
            "swift_code": "TEBKXKPR019"
        },
        {
            "id": 27,
            "bank": "TEB SHA",
            "city": "PRISTINA",
            "branch": "(SHADERVAN)",
            "swift_code": "TEBKXKPR012"
        },
        {
            "id": 28,
            "bank": "TEB SHA",
            "city": "PRISTINA",
            "branch": "(SKENDERAJ)",
            "swift_code": "TEBKXKPR022"
        },
        {
            "id": 29,
            "bank": "TEB SHA",
            "city": "PRISTINA",
            "branch": "(THERANDA)",
            "swift_code": "TEBKXKPR025"
        },
        {
            "id": 30,
            "bank": "TEB SHA",
            "city": "PRISTINA",
            "branch": "(ULPIANA)",
            "swift_code": "TEBKXKPR021"
        },
        {
            "id": 31,
            "bank": "TEB SHA",
            "city": "PRISTINA",
            "branch": "(VUSHTRRI)",
            "swift_code": "TEBKXKPR016"
        },
        {
            "id": 32,
            "bank": "TEB SHA",
            "city": "PRISTINA",
            "branch": null,
            "swift_code": "TEBKXKPR"
        },
        {
            "id": 33,
            "bank": "TURKIYE CUMHURIYETI ZIRAAT BANKASI",
            "city": "PRISTINA",
            "branch": null,
            "swift_code": "TCZBXKPR"
        },
        {
            "id": 34,
            "bank": "TURKIYE IS BANKASI A.S. ALL KOSOVO BRANCHES",
            "city": "PRISTINA",
            "branch": null,
            "swift_code": "ISBKXKPR"
        }
    ]
}
