{
    "country": "Yemen",
    "country_code": "YE",
    "list": [
        {
            "id": 1,
            "bank": "AL-AMAL MICROFINANCE BANK (AMB)",
            "city": "SANAA",
            "branch": null,
            "swift_code": "AARMYESA"
        },
        {
            "id": 2,
            "bank": "ALKURAIMI ISLAMIC MICROFINANCE BANK",
            "city": "SANAA",
            "branch": null,
            "swift_code": "KRMBYESA"
        },
        {
            "id": 3,
            "bank": "ARAB BANK PLC - YEMEN",
            "city": "ADEN",
            "branch": "(ADEN BRANCH)",
            "swift_code": "ARABYESAADN"
        },
        {
            "id": 4,
            "bank": "ARAB BANK PLC - YEMEN",
            "city": "HODEIDA",
            "branch": "(HODAIDA BRANCH)",
            "swift_code": "ARABYESAHOD"
        },
        {
            "id": 5,
            "bank": "ARAB BANK PLC - YEMEN",
            "city": "HODEIDA",
            "branch": null,
            "swift_code": "ARABYES102H"
        },
        {
            "id": 6,
            "bank": "ARAB BANK PLC - YEMEN",
            "city": "IBB",
            "branch": "(IBB BRANCH)",
            "swift_code": "ARABYESAIBB"
        },
        {
            "id": 7,
            "bank": "ARAB BANK PLC - YEMEN",
            "city": "MUKALLA",
            "branch": "(MUKALLA BRANCH)",
            "swift_code": "ARABYESAMKL"
        },
        {
            "id": 8,
            "bank": "ARAB BANK PLC - YEMEN",
            "city": "SANAA",
            "branch": "(CENTRAL OPERATION UNIT)",
            "swift_code": "ARABYESACOU"
        },
        {
            "id": 9,
            "bank": "ARAB BANK PLC - YEMEN",
            "city": "SANAA",
            "branch": "(PAYMENTS INVESTIGATIONS)",
            "swift_code": "ARABYESAINV"
        },
        {
            "id": 10,
            "bank": "ARAB BANK PLC - YEMEN",
            "city": "SANAA",
            "branch": "(SANAA BRANCH)",
            "swift_code": "ARABYESASA1"
        },
        {
            "id": 11,
            "bank": "ARAB BANK PLC - YEMEN",
            "city": "SANAA",
            "branch": "(YEMEN BRANCH CENTRE)",
            "swift_code": "ARABYESAYBC"
        },
        {
            "id": 12,
            "bank": "ARAB BANK PLC - YEMEN",
            "city": "SANAA",
            "branch": null,
            "swift_code": "ARABYESA"
        },
        {
            "id": 13,
            "bank": "ARAB BANK PLC - YEMEN",
            "city": "TAIZZ",
            "branch": "(TAIZZ BRANCH)",
            "swift_code": "ARABYESATAZ"
        },
        {
            "id": 14,
            "bank": "ARAB BANK PLC - YEMEN",
            "city": "TAIZZ",
            "branch": null,
            "swift_code": "ARABYES102T"
        },
        {
            "id": 15,
            "bank": "BANK OF YEMEN",
            "city": "ADEN",
            "branch": null,
            "swift_code": "BAYEYEY1"
        },
        {
            "id": 16,
            "bank": "CENTRAL BANK OF YEMEN",
            "city": "ADEN",
            "branch": null,
            "swift_code": "CBYEYESA"
        },
        {
            "id": 17,
            "bank": "COOPERATIVE AND AGRICULTURAL CREDIT BANK",
            "city": "SANAA",
            "branch": "(HEAD OFFICE)",
            "swift_code": "CACBYESASAN"
        },
        {
            "id": 18,
            "bank": "COOPERATIVE AND AGRICULTURAL CREDIT BANK",
            "city": "SANAA",
            "branch": null,
            "swift_code": "CACBYESA"
        },
        {
            "id": 19,
            "bank": "COOPERATIVE AND AGRICULTURAL CREDIT BANK",
            "city": "SANAA",
            "branch": null,
            "swift_code": "CACBYESAYIS"
        },
        {
            "id": 20,
            "bank": "HOUSING CREDIT BANK",
            "city": "SANAA",
            "branch": null,
            "swift_code": "HOCBYES1"
        },
        {
            "id": 21,
            "bank": "INTERNATIONAL BANK OF YEMEN Y.S.C.",
            "city": "SANAA",
            "branch": null,
            "swift_code": "IBOYYESA"
        },
        {
            "id": 22,
            "bank": "ISLAMIC BANK OF YEMEN FOR FINANCE AND INVESTMENT",
            "city": "ADEN",
            "branch": "(ADEN - CRATER BRANCH)",
            "swift_code": "ISBYYESA107"
        },
        {
            "id": 23,
            "bank": "ISLAMIC BANK OF YEMEN FOR FINANCE AND INVESTMENT",
            "city": "ADEN",
            "branch": "(SHEIKH OTHMAN BRANCH)",
            "swift_code": "ISBYYESA109"
        },
        {
            "id": 24,
            "bank": "ISLAMIC BANK OF YEMEN FOR FINANCE AND INVESTMENT",
            "city": "HODEIDA",
            "branch": "(HODEIDAH BRANCH)",
            "swift_code": "ISBYYESA103"
        },
        {
            "id": 25,
            "bank": "ISLAMIC BANK OF YEMEN FOR FINANCE AND INVESTMENT",
            "city": "SANAA",
            "branch": "(SANA'A BRANCH)",
            "swift_code": "ISBYYESA101"
        },
        {
            "id": 26,
            "bank": "ISLAMIC BANK OF YEMEN FOR FINANCE AND INVESTMENT",
            "city": "SANAA",
            "branch": null,
            "swift_code": "ISBYYESA"
        },
        {
            "id": 27,
            "bank": "ISLAMIC BANK OF YEMEN FOR FINANCE AND INVESTMENT",
            "city": "TAIZZ",
            "branch": "(TAIZ BRANCH)",
            "swift_code": "ISBYYESA105"
        },
        {
            "id": 28,
            "bank": "MINISTRY OF FINANCE",
            "city": "SANAA",
            "branch": null,
            "swift_code": "MOFYYES1"
        },
        {
            "id": 29,
            "bank": "NATIONAL BANK OF YEMEN",
            "city": "ADEN",
            "branch": "(AIDROOS BRANCH)",
            "swift_code": "NBOYYESA001"
        },
        {
            "id": 30,
            "bank": "NATIONAL BANK OF YEMEN",
            "city": "ADEN",
            "branch": "(ARAWA BRANCH)",
            "swift_code": "NBOYYESA002"
        },
        {
            "id": 31,
            "bank": "NATIONAL BANK OF YEMEN",
            "city": "ADEN",
            "branch": "(MALAA BRANCH)",
            "swift_code": "NBOYYESA003"
        },
        {
            "id": 32,
            "bank": "NATIONAL BANK OF YEMEN",
            "city": "ADEN",
            "branch": null,
            "swift_code": "NBOYYESA"
        },
        {
            "id": 33,
            "bank": "NATIONAL BANK OF YEMEN",
            "city": "HODEIDA",
            "branch": "(HODEIDA BRANCH)",
            "swift_code": "NBOYYESA034"
        },
        {
            "id": 34,
            "bank": "NATIONAL BANK OF YEMEN",
            "city": "MUKALLA",
            "branch": "(MUKALLA)",
            "swift_code": "NBOYYESA009"
        },
        {
            "id": 35,
            "bank": "NATIONAL BANK OF YEMEN",
            "city": "SANAA",
            "branch": "(SANAA BRANCH)",
            "swift_code": "NBOYYESA033"
        },
        {
            "id": 36,
            "bank": "NATIONAL BANK OF YEMEN",
            "city": "SEIYUN",
            "branch": "(SEIYUN BRANCH)",
            "swift_code": "NBOYYESA007"
        },
        {
            "id": 37,
            "bank": "QATAR NATIONAL BANK SAQ",
            "city": "SANAA",
            "branch": null,
            "swift_code": "QNBAYESA"
        },
        {
            "id": 38,
            "bank": "RAFIDAIN BANK",
            "city": "SANAA",
            "branch": null,
            "swift_code": "RAFBYES1"
        },
        {
            "id": 39,
            "bank": "SABA ISLAMIC BANK",
            "city": "SANAA",
            "branch": null,
            "swift_code": "SAAIYESA"
        },
        {
            "id": 40,
            "bank": "SHAMIL BANK OF YEMEN AND BAHRAIN",
            "city": "SANAA",
            "branch": null,
            "swift_code": "SBYBYESA"
        },
        {
            "id": 41,
            "bank": "TADHAMON INTERNATIONAL ISLAMIC BANK",
            "city": "ADEN",
            "branch": "(ADEN BRANCH)",
            "swift_code": "TIBKYESA103"
        },
        {
            "id": 42,
            "bank": "TADHAMON INTERNATIONAL ISLAMIC BANK",
            "city": "HODEIDA",
            "branch": "(HODEIDA BRANCH)",
            "swift_code": "TIBKYESA104"
        },
        {
            "id": 43,
            "bank": "TADHAMON INTERNATIONAL ISLAMIC BANK",
            "city": "MUKALLA",
            "branch": "(MUKALLA BRANCH)",
            "swift_code": "TIBKYESA105"
        },
        {
            "id": 44,
            "bank": "TADHAMON INTERNATIONAL ISLAMIC BANK",
            "city": "SANAA",
            "branch": "(SANAA BRANCH)",
            "swift_code": "TIBKYESA101"
        },
        {
            "id": 45,
            "bank": "TADHAMON INTERNATIONAL ISLAMIC BANK",
            "city": "SANAA",
            "branch": null,
            "swift_code": "TIBKYESA"
        },
        {
            "id": 46,
            "bank": "TADHAMON INTERNATIONAL ISLAMIC BANK",
            "city": "TAIZZ",
            "branch": "(TAIZZ BRANCH)",
            "swift_code": "TIBKYESA102"
        },
        {
            "id": 47,
            "bank": "UNITED BANK LIMITED",
            "city": "SANAA",
            "branch": null,
            "swift_code": "UNILYESA"
        },
        {
            "id": 48,
            "bank": "YEMEN BANK FOR RECONSTRUCTION AND DEVELOPMENT",
            "city": "ADEN",
            "branch": "(AL SAEEDA BRANCH)",
            "swift_code": "YBRDYESA601"
        },
        {
            "id": 49,
            "bank": "YEMEN BANK FOR RECONSTRUCTION AND DEVELOPMENT",
            "city": "ADEN",
            "branch": "(AL-SHAIKH OTHMAN BRANCH)",
            "swift_code": "YBRDYESA607"
        },
        {
            "id": 50,
            "bank": "YEMEN BANK FOR RECONSTRUCTION AND DEVELOPMENT",
            "city": "AMRAN",
            "branch": "(AMRAN BRANCH)",
            "swift_code": "YBRDYESA119"
        },
        {
            "id": 51,
            "bank": "YEMEN BANK FOR RECONSTRUCTION AND DEVELOPMENT",
            "city": "DHAMAR",
            "branch": "(DHAMAR BRANCH)",
            "swift_code": "YBRDYESA501"
        },
        {
            "id": 52,
            "bank": "YEMEN BANK FOR RECONSTRUCTION AND DEVELOPMENT",
            "city": "HODEIDA",
            "branch": "(HODEIDAH BRANCH)",
            "swift_code": "YBRDYESA401"
        },
        {
            "id": 53,
            "bank": "YEMEN BANK FOR RECONSTRUCTION AND DEVELOPMENT",
            "city": "HODEIDA",
            "branch": "(SANAA STREET BRANCH)",
            "swift_code": "YBRDYESA403"
        },
        {
            "id": 54,
            "bank": "YEMEN BANK FOR RECONSTRUCTION AND DEVELOPMENT",
            "city": "IBB",
            "branch": "(IBB BRANCH)",
            "swift_code": "YBRDYESA301"
        },
        {
            "id": 55,
            "bank": "YEMEN BANK FOR RECONSTRUCTION AND DEVELOPMENT",
            "city": "MUKALLA",
            "branch": "(MUKLLA BRANCH)",
            "swift_code": "YBRDYESA603"
        },
        {
            "id": 56,
            "bank": "YEMEN BANK FOR RECONSTRUCTION AND DEVELOPMENT",
            "city": "SANAA",
            "branch": "(ABDULMOGHNI BRANCH)",
            "swift_code": "YBRDYESA105"
        },
        {
            "id": 57,
            "bank": "YEMEN BANK FOR RECONSTRUCTION AND DEVELOPMENT",
            "city": "SANAA",
            "branch": "(HADDAH BRANCH)",
            "swift_code": "YBRDYESA111"
        },
        {
            "id": 58,
            "bank": "YEMEN BANK FOR RECONSTRUCTION AND DEVELOPMENT",
            "city": "SANAA",
            "branch": "(IMMIGRANTS BRANCH)",
            "swift_code": "YBRDYESA107"
        },
        {
            "id": 59,
            "bank": "YEMEN BANK FOR RECONSTRUCTION AND DEVELOPMENT",
            "city": "SANAA",
            "branch": "(ISB BRANCH)",
            "swift_code": "YBRDYESAI00"
        },
        {
            "id": 60,
            "bank": "YEMEN BANK FOR RECONSTRUCTION AND DEVELOPMENT",
            "city": "SANAA",
            "branch": "(ISB SANAA OFFICE)",
            "swift_code": "YBRDYESAS00"
        },
        {
            "id": 61,
            "bank": "YEMEN BANK FOR RECONSTRUCTION AND DEVELOPMENT",
            "city": "SANAA",
            "branch": "(SANAA BRANCH)",
            "swift_code": "YBRDYESA101"
        },
        {
            "id": 62,
            "bank": "YEMEN BANK FOR RECONSTRUCTION AND DEVELOPMENT",
            "city": "SANAA",
            "branch": "(ZUBAIRI BRANCH)",
            "swift_code": "YBRDYESA103"
        },
        {
            "id": 63,
            "bank": "YEMEN BANK FOR RECONSTRUCTION AND DEVELOPMENT",
            "city": "SANAA",
            "branch": null,
            "swift_code": "YBRDYESA"
        },
        {
            "id": 64,
            "bank": "YEMEN BANK FOR RECONSTRUCTION AND DEVELOPMENT",
            "city": "TAIZZ",
            "branch": "(26TH SEPTEMBER BRANCH)",
            "swift_code": "YBRDYESA203"
        },
        {
            "id": 65,
            "bank": "YEMEN BANK FOR RECONSTRUCTION AND DEVELOPMENT",
            "city": "TAIZZ",
            "branch": "(TAIZ BRANCH)",
            "swift_code": "YBRDYESA201"
        },
        {
            "id": 66,
            "bank": "YEMEN COMMERCIAL BANK",
            "city": "SANAA",
            "branch": null,
            "swift_code": "YECOYESA"
        },
        {
            "id": 67,
            "bank": "YEMEN GULF BANK",
            "city": "SANAA",
            "branch": null,
            "swift_code": "YGBKYES1"
        },
        {
            "id": 68,
            "bank": "YEMEN KUWAIT BANK FOR TRADE AND INVESTMENT Y.S.C., THE",
            "city": "SANAA",
            "branch": null,
            "swift_code": "YKBAYESA"
        },
        {
            "id": 69,
            "bank": "YEMEN LNG COMPANY LTD.",
            "city": "SANAA",
            "branch": null,
            "swift_code": "YELNYES1"
        }
    ]
}
