{
    "country": "South Africa",
    "country_code": "ZA",
    "list": [
        {
            "id": 1,
            "bank": "28E CAPITAL PTY LTD",
            "city": "CENTURION",
            "branch": null,
            "swift_code": "ECATZAJ4"
        },
        {
            "id": 2,
            "bank": "A2X PROPRIETARY LIMITED",
            "city": "JOHANNESBURG",
            "branch": "(A2X SLB)",
            "swift_code": "AAXXZAJJSLB"
        },
        {
            "id": 3,
            "bank": "A2X PROPRIETARY LIMITED",
            "city": "JOHANNESBURG",
            "branch": null,
            "swift_code": "AAXXZAJJ"
        },
        {
            "id": 4,
            "bank": "ABAX INVESTMENTS",
            "city": "CAPE TOWN",
            "branch": null,
            "swift_code": "ABIVZAJ1"
        },
        {
            "id": 5,
            "bank": "ABSA BANK LIMITED",
            "city": "BLOEMFONTEIN",
            "branch": "(INTERNATIONAL CENTER BLOEMFONTEIN)",
            "swift_code": "ABSAZAJJCBF"
        },
        {
            "id": 6,
            "bank": "ABSA BANK LIMITED",
            "city": "CAPE TOWN",
            "branch": "(CORPORATE BANKING SERVICES - WESTERN CAPE\/476)",
            "swift_code": "ABSAZAJJCCT"
        },
        {
            "id": 7,
            "bank": "ABSA BANK LIMITED",
            "city": "DURBAN",
            "branch": "(CORPORATE BANKING SERVICES - NATAL\/479)",
            "swift_code": "ABSAZAJJCDB"
        },
        {
            "id": 8,
            "bank": "ABSA BANK LIMITED",
            "city": "JOHANNESBURG",
            "branch": "(ABSA CAPITAL BROKERS)",
            "swift_code": "ABSAZAJJACS"
        },
        {
            "id": 9,
            "bank": "ABSA BANK LIMITED",
            "city": "JOHANNESBURG",
            "branch": "(ABSA CUSTODY)",
            "swift_code": "ABSAZAJJMG3"
        },
        {
            "id": 10,
            "bank": "ABSA BANK LIMITED",
            "city": "JOHANNESBURG",
            "branch": "(ABSA ISSUING AGENT)",
            "swift_code": "ABSAZAJJMG1"
        },
        {
            "id": 11,
            "bank": "ABSA BANK LIMITED",
            "city": "JOHANNESBURG",
            "branch": "(ABSA RECONCILITAION DIVISION)",
            "swift_code": "ABSAZAJJREK"
        },
        {
            "id": 12,
            "bank": "ABSA BANK LIMITED",
            "city": "JOHANNESBURG",
            "branch": "(ABSA TRADE REPORTING)",
            "swift_code": "ABSAZAJJMG2"
        },
        {
            "id": 13,
            "bank": "ABSA BANK LIMITED",
            "city": "JOHANNESBURG",
            "branch": "(ALL SOUTH AFRICAN OFFICES)",
            "swift_code": "ABSAZAJJ"
        },
        {
            "id": 14,
            "bank": "ABSA BANK LIMITED",
            "city": "JOHANNESBURG",
            "branch": "(CLS BRANCH)",
            "swift_code": "ABSAZAJJCLS"
        },
        {
            "id": 15,
            "bank": "ABSA BANK LIMITED",
            "city": "JOHANNESBURG",
            "branch": "(CORPORATE BANKING SERVICES - WITWATERSRAND\/235)",
            "swift_code": "ABSAZAJJCWI"
        },
        {
            "id": 16,
            "bank": "ABSA BANK LIMITED",
            "city": "JOHANNESBURG",
            "branch": "(FIXED INCOME INSTRUMENT)",
            "swift_code": "ABSAZAJJFI1"
        },
        {
            "id": 17,
            "bank": "ABSA BANK LIMITED",
            "city": "JOHANNESBURG",
            "branch": "(FIXED INCOME INSTRUMENT)",
            "swift_code": "ABSAZAJJFI2"
        },
        {
            "id": 18,
            "bank": "ABSA BANK LIMITED",
            "city": "JOHANNESBURG",
            "branch": "(FOR CLS)",
            "swift_code": "ABSAZAJJJAS"
        },
        {
            "id": 19,
            "bank": "ABSA BANK LIMITED",
            "city": "JOHANNESBURG",
            "branch": "(LENDING DIVISION)",
            "swift_code": "ABSAZAJJSLB"
        },
        {
            "id": 20,
            "bank": "ABSA BANK LIMITED",
            "city": "JOHANNESBURG",
            "branch": "(MONEY MARKET BRANCH)",
            "swift_code": "ABSAZAJJMMD"
        },
        {
            "id": 21,
            "bank": "ABSA BANK LIMITED",
            "city": "JOHANNESBURG",
            "branch": "(MONEY MARKET BRANCH)",
            "swift_code": "ABSAZAJJTMS"
        },
        {
            "id": 22,
            "bank": "ABSA BANK LIMITED",
            "city": "JOHANNESBURG",
            "branch": "(THIRD PARTY CLS CLEARING)",
            "swift_code": "ABSAZAJJTPC"
        },
        {
            "id": 23,
            "bank": "ABSA BANK LIMITED",
            "city": "JOHANNESBURG",
            "branch": "(VOSTRO BRANCH)",
            "swift_code": "ABSAZAJJVOS"
        },
        {
            "id": 24,
            "bank": "ABSA BANK LIMITED",
            "city": "JOHANNESBURG",
            "branch": null,
            "swift_code": "ABSAZAJJTRS"
        },
        {
            "id": 25,
            "bank": "ABSA BANK LIMITED",
            "city": "NELSPRUIT",
            "branch": "(INTERNATIONAL BANKING CENTRE NELSPRUIT\/449)",
            "swift_code": "ABSAZAJJCNE"
        },
        {
            "id": 26,
            "bank": "ABSA BANK LIMITED",
            "city": "PORT ELIZABETH",
            "branch": "(CORPORATE BANKING SERVICES - EASTERN CAPE\/480)",
            "swift_code": "ABSAZAJJCPE"
        },
        {
            "id": 27,
            "bank": "ABSA BANK LIMITED",
            "city": "PRETORIA",
            "branch": "(CORPORATE BANKING SERVICES - NORTHERN TRANSVAAL\/478)",
            "swift_code": "ABSAZAJJCPT"
        },
        {
            "id": 28,
            "bank": "ABSA BANK LIMITED",
            "city": "PRETORIA",
            "branch": "(CREDIT CARD ADMIN CENTRE)",
            "swift_code": "ABSAZAJJCRD"
        },
        {
            "id": 29,
            "bank": "ABSA CAPITAL SECURITIES PROPRIETARY LIMITED",
            "city": "JOHANNESBURG",
            "branch": null,
            "swift_code": "ABSAZAJ3"
        },
        {
            "id": 30,
            "bank": "ABSA STOCKBROKERS (PROPRIETARY) LIMITED",
            "city": "JOHANNESBURG",
            "branch": null,
            "swift_code": "ABSAZAJ2"
        },
        {
            "id": 31,
            "bank": "ABSA TRUST LIMITED",
            "city": "JOHANNESBURG",
            "branch": null,
            "swift_code": "ABTRZAJ1"
        },
        {
            "id": 32,
            "bank": "ABVEST ASSOCIATES LTD",
            "city": "CLAREMONT",
            "branch": null,
            "swift_code": "ABVSZAJJ"
        },
        {
            "id": 33,
            "bank": "ACH TRADING CC",
            "city": "BEDFORDVIEW",
            "branch": null,
            "swift_code": "SBCHZAJJ"
        },
        {
            "id": 34,
            "bank": "ACUMEN CAPITAL (PTY) LTD",
            "city": "FOUR WAYS",
            "branch": null,
            "swift_code": "ACCYZAJ1"
        },
        {
            "id": 35,
            "bank": "AFC LIMITED",
            "city": "JOHANNESBURG",
            "branch": null,
            "swift_code": "AFCAZAJ1"
        },
        {
            "id": 36,
            "bank": "AFRICAN BANK LIMITED",
            "city": "JOHANNESBURG",
            "branch": null,
            "swift_code": "AFRCZAJJ"
        },
        {
            "id": 37,
            "bank": "AFRICAN HARVEST (PTY) LTD",
            "city": "JOHANNESBURG",
            "branch": null,
            "swift_code": "AHFMZAJ1"
        },
        {
            "id": 38,
            "bank": "AFRIFOCUS SECURITIES (PTY) LTD",
            "city": "SANDTON",
            "branch": null,
            "swift_code": "AFRFZAJJ"
        },
        {
            "id": 39,
            "bank": "AFRIPACK",
            "city": "DURBAN",
            "branch": null,
            "swift_code": "AFRPZAJ1"
        },
        {
            "id": 40,
            "bank": "AGILISTO",
            "city": "JOHANNESBURG",
            "branch": null,
            "swift_code": "AGLLZAJ1"
        },
        {
            "id": 41,
            "bank": "ALBARAKA BANK",
            "city": "DURBAN",
            "branch": null,
            "swift_code": "ALBRZAJJ"
        },
        {
            "id": 42,
            "bank": "ALEXANDER ASSET MANAGEMENT",
            "city": "MARSHALLTOWN",
            "branch": null,
            "swift_code": "ALAAZAJ1"
        },
        {
            "id": 43,
            "bank": "ALLAN GRAY LIMITED",
            "city": "CAPE TOWN",
            "branch": null,
            "swift_code": "AIICZAJ1"
        },
        {
            "id": 44,
            "bank": "ALLAN GRAY LIMITED",
            "city": "CAPE TOWN",
            "branch": null,
            "swift_code": "GRAYZAJC"
        },
        {
            "id": 45,
            "bank": "ALTRON FINANCE (PTY) LTD",
            "city": "PARKTOWN",
            "branch": null,
            "swift_code": "ALTFZAJJ"
        },
        {
            "id": 46,
            "bank": "AMERICAN EXPRESS BANK",
            "city": "BRAAMFONTEIN",
            "branch": null,
            "swift_code": "AEIBZAJ1"
        },
        {
            "id": 47,
            "bank": "ANCHOR STOCKBROKERS (PTY) LTD",
            "city": "BRYANSTON",
            "branch": null,
            "swift_code": "ASTYZAJJ"
        },
        {
            "id": 48,
            "bank": "ANDERSON WILSON AND PARTNERS INC.",
            "city": "JOHANNESBURG",
            "branch": null,
            "swift_code": "ANWPZAJ1"
        },
        {
            "id": 49,
            "bank": "ANGLO AMERICAN SA FINANCE LIMITED",
            "city": "JOHANNESBURG",
            "branch": null,
            "swift_code": "AACLZAJJ"
        },
        {
            "id": 50,
            "bank": "ANGLO AMERICAN SA FINANCE LIMITED",
            "city": "JOHANNESBURG",
            "branch": null,
            "swift_code": "AACLZAJJCIM"
        },
        {
            "id": 51,
            "bank": "ANGLORAND SECURITIES PTY LTD",
            "city": "JOHANNESBURG",
            "branch": null,
            "swift_code": "PALRZAJJ"
        },
        {
            "id": 52,
            "bank": "AQUARIUS PLATINUM LIMITED",
            "city": "CENTURION",
            "branch": null,
            "swift_code": "AQPLZAJ1"
        },
        {
            "id": 53,
            "bank": "ARGON ASSET MANAGEMENT (PTY) LIMITED",
            "city": "CAPE TOWN",
            "branch": null,
            "swift_code": "AREMZAJ1"
        },
        {
            "id": 54,
            "bank": "ARGON SECURITIES (PTY) LTD",
            "city": "SANDTON",
            "branch": null,
            "swift_code": "AONSZAJJ"
        },
        {
            "id": 55,
            "bank": "ARQAAM CAPITAL SOUTH AFRICA (PTY) LIMITED",
            "city": "JOHANNESBURG",
            "branch": null,
            "swift_code": "ARQMZAJJ"
        },
        {
            "id": 56,
            "bank": "ARROW FINANCIAL SERVICES (PTY) LTD",
            "city": "JOHANNESBURG",
            "branch": null,
            "swift_code": "ARFSZAJ1"
        },
        {
            "id": 57,
            "bank": "ASTLEY AND PEARCE (PTY) LTD",
            "city": "JOHANNESBURG",
            "branch": null,
            "swift_code": "ASPPZAJ1"
        },
        {
            "id": 58,
            "bank": "ATISA SECURITIES (PTY) LTD",
            "city": "JOHANNESBURG",
            "branch": null,
            "swift_code": "WWSEZAJJ"
        },
        {
            "id": 59,
            "bank": "AVIOR RESEARCH (PTY) LTD",
            "city": "JOHANNESBURG",
            "branch": null,
            "swift_code": "GDPTZAJJ"
        },
        {
            "id": 60,
            "bank": "AYLETT AND CO (PTY) LTD",
            "city": "CAPE TOWN",
            "branch": null,
            "swift_code": "AYPTZAJ1"
        },
        {
            "id": 61,
            "bank": "B.P. BERNSTEIN",
            "city": "JOHANNESBURG",
            "branch": null,
            "swift_code": "BERNZAJJ"
        },
        {
            "id": 62,
            "bank": "BANK BRUSSELS LAMBERT, BBL REPRESENTATIVE OFFICE IN SOUTH AFRICA",
            "city": "JOHANNESBURG",
            "branch": null,
            "swift_code": "BBRUZAJ1"
        },
        {
            "id": 63,
            "bank": "BANK OF BARODA",
            "city": "DURBAN",
            "branch": null,
            "swift_code": "BARBZAJJ"
        },
        {
            "id": 64,
            "bank": "BANK OF BARODA",
            "city": "JOHANNESBURG",
            "branch": null,
            "swift_code": "BARBZAJJJNB"
        },
        {
            "id": 65,
            "bank": "BANK OF CHINA JOHANNESBURG BRANCH",
            "city": "JOHANNESBURG",
            "branch": null,
            "swift_code": "BKCHZAJJ"
        },
        {
            "id": 66,
            "bank": "BANK OF INDIA JOHANNESBURG BRANCH",
            "city": "JOHANNESBURG",
            "branch": null,
            "swift_code": "BKIDZAJJ"
        },
        {
            "id": 67,
            "bank": "BANK OF TAIWAN, SOUTH AFRICA BRANCH",
            "city": "ROSEBANK",
            "branch": null,
            "swift_code": "BKTWZAJJ"
        },
        {
            "id": 68,
            "bank": "BANK SERV LIMITED",
            "city": "JOHANNESBURG",
            "branch": null,
            "swift_code": "BKSVZAJS"
        },
        {
            "id": 69,
            "bank": "BANKSERV LIMITED",
            "city": "JOHANNESBURG",
            "branch": null,
            "swift_code": "BKSVZAJJ"
        },
        {
            "id": 70,
            "bank": "BARNARD JACOBS MELLET PRIVATE CLIENT SERVICES (PTY) LTD",
            "city": "SANDTON",
            "branch": null,
            "swift_code": "BJMRZAJJ"
        },
        {
            "id": 71,
            "bank": "BARNARD JACOBS MELLETT AND CO (PTY) LIMITED",
            "city": "JOHANNESBURG",
            "branch": null,
            "swift_code": "SBJMZAJJ"
        },
        {
            "id": 72,
            "bank": "BCX CONFIRMATIONS",
            "city": "MIDRAND",
            "branch": null,
            "swift_code": "BCXCZAJ1"
        },
        {
            "id": 73,
            "bank": "BIDVEST BANK LTD",
            "city": "BRAAMFONTEIN",
            "branch": null,
            "swift_code": "BIDBZAJJ"
        },
        {
            "id": 74,
            "bank": "BIDVEST TREASURY SERVICES (PTY) LTD",
            "city": "JOHANNESBURG",
            "branch": null,
            "swift_code": "BIVTZAJJ"
        },
        {
            "id": 75,
            "bank": "BNP PARIBAS JOHANNESBURG",
            "city": "JOHANNESBURG",
            "branch": "(BNP PARIBAS SA)",
            "swift_code": "BNPAZAJJEQD"
        },
        {
            "id": 76,
            "bank": "BNP PARIBAS JOHANNESBURG",
            "city": "MELROSE ARCH",
            "branch": null,
            "swift_code": "BNPAZAJJ"
        },
        {
            "id": 77,
            "bank": "BOE PRIVATE BANK TRUST COMPANY LIMITED",
            "city": "CAPE TOWN",
            "branch": null,
            "swift_code": "BOEPZAJ1"
        },
        {
            "id": 78,
            "bank": "BOE TRUST LIMITED",
            "city": "CAPE TOWN",
            "branch": null,
            "swift_code": "SYTRZAJ1"
        },
        {
            "id": 79,
            "bank": "BOND STREET SECURITIES (PTY) LTD",
            "city": "DURBANVILLE",
            "branch": null,
            "swift_code": "BSSYZAJ1"
        },
        {
            "id": 80,
            "bank": "BRAIT SECUTITIES (PTY) LTD",
            "city": "JOHANNESBURG",
            "branch": null,
            "swift_code": "BSPTZAJ1"
        },
        {
            "id": 81,
            "bank": "BRITISH AMERICAN TOBACCO SOUTH AFRICA (PTY) LIMITED",
            "city": "STELLENBOSCH",
            "branch": null,
            "swift_code": "BATSZAJ1"
        },
        {
            "id": 82,
            "bank": "BTN MONDIAL",
            "city": "GREATER GERMISTON",
            "branch": null,
            "swift_code": "BTMOZAJ1"
        },
        {
            "id": 83,
            "bank": "BUSINESS CONNEXION",
            "city": "MIDRAND",
            "branch": null,
            "swift_code": "BCXGZAJM"
        },
        {
            "id": 84,
            "bank": "CADIZ",
            "city": "CAPE TOWN",
            "branch": null,
            "swift_code": "CADZZAJ1"
        },
        {
            "id": 85,
            "bank": "CANARA BANK",
            "city": "JOHANNESBURG",
            "branch": null,
            "swift_code": "CNRBZAJJ"
        },
        {
            "id": 86,
            "bank": "CAPITAL CORPORATION (PTY) LTD",
            "city": "BRAAMFONTEIN",
            "branch": null,
            "swift_code": "CACPZAJ1"
        },
        {
            "id": 87,
            "bank": "CAPITEC BANK LIMITED",
            "city": "STELLENBOSCH",
            "branch": null,
            "swift_code": "CABLZAJJ"
        },
        {
            "id": 88,
            "bank": "CARPE DIEM ESTATE",
            "city": "UPINGTON",
            "branch": null,
            "swift_code": "CADAZAJ1"
        },
        {
            "id": 89,
            "bank": "CATALYST FUND MANAGERS",
            "city": "CAPE TOWN",
            "branch": null,
            "swift_code": "CAUGZAJ1"
        },
        {
            "id": 90,
            "bank": "CCD (PTY) LTD",
            "city": "CLAREMONT",
            "branch": null,
            "swift_code": "CCPTZAJ1"
        },
        {
            "id": 91,
            "bank": "CGU HOLDINGS LIMITED",
            "city": "JOHANNESBURG",
            "branch": null,
            "swift_code": "CUSAZAJ1"
        },
        {
            "id": 92,
            "bank": "CHINA CONSTRUCTION BANK CORPORATION JOHANNESBURG BRANCH",
            "city": "SANDTON",
            "branch": null,
            "swift_code": "PCBCZAJJ"
        },
        {
            "id": 93,
            "bank": "CITIBANK SOUTH AFRICA",
            "city": "JOHANNESBURG",
            "branch": "(CITIBANK SOUTH AFRICA ( SUB SAHARAN AFRICA HUB))",
            "swift_code": "CITIZAJXHUB"
        },
        {
            "id": 94,
            "bank": "CITIBANK SOUTH AFRICA",
            "city": "JOHANNESBURG",
            "branch": "(FIXED INCOME CURRENCY AND COMMODITY)",
            "swift_code": "CITIZAJXFIC"
        },
        {
            "id": 95,
            "bank": "CITIBANK SOUTH AFRICA",
            "city": "JOHANNESBURG",
            "branch": null,
            "swift_code": "CITIZAJX"
        },
        {
            "id": 96,
            "bank": "CITIBANK SOUTH AFRICA",
            "city": "SANDTON",
            "branch": "(TRADE SERVICES DEPT)",
            "swift_code": "CITIZAJXTRD"
        },
        {
            "id": 97,
            "bank": "CITIGROUP GLOBAL MARKETS (PTY) LTD",
            "city": "JOHANNESBURG",
            "branch": null,
            "swift_code": "SSBSZAJJ"
        },
        {
            "id": 98,
            "bank": "CJS SECURITIES (PTY) LTD",
            "city": "JOHANNESBURG",
            "branch": null,
            "swift_code": "CJSTZAJ1"
        },
        {
            "id": 99,
            "bank": "COMMUNITY BANK (UNDER CURATORSHIP)",
            "city": "SANDTON",
            "branch": null,
            "swift_code": "CUBCZAJ1"
        },
        {
            "id": 100,
            "bank": "COMPUTERSHARE INVESTOR SERVICES PROPRIETARY LIMITED",
            "city": "JOHANNESBURG",
            "branch": null,
            "swift_code": "CSCUZAJ1"
        },
        {
            "id": 101,
            "bank": "COMPUTERSHARE PROPRIETARY LIMITED",
            "city": "JOHANNESBURG",
            "branch": null,
            "swift_code": "CSEVZAJJ100"
        },
        {
            "id": 102,
            "bank": "COMPUTERSHARE PROPRIETARY LIMITED",
            "city": "JOHANNESBURG",
            "branch": null,
            "swift_code": "CSEVZAJJ200"
        },
        {
            "id": 103,
            "bank": "COMPUTERSHARE PROPRIETARY LIMITED",
            "city": "JOHANNESBURG",
            "branch": null,
            "swift_code": "CSEVZAJJ300"
        },
        {
            "id": 104,
            "bank": "COMPUTERSHARE PROPRIETARY LIMITED",
            "city": "ROSEBANK",
            "branch": null,
            "swift_code": "CSEVZAJJ"
        },
        {
            "id": 105,
            "bank": "CONSILIUM CAPITAL (SA) (PTY) LTD.",
            "city": "JOHANNESBURG",
            "branch": null,
            "swift_code": "COCPZAJJ"
        },
        {
            "id": 106,
            "bank": "CONSOLIDATED FUND MANAGERS (PTY) LTD",
            "city": "JOHANNESBURG",
            "branch": null,
            "swift_code": "CFMPZAJ1"
        },
        {
            "id": 107,
            "bank": "COOPERS AND LYBRAND CORPORATE FINANCE (PTY) LTD.",
            "city": "JOHANNESBURG",
            "branch": null,
            "swift_code": "CLCFZAJ1"
        },
        {
            "id": 108,
            "bank": "CORONATION FUND MANAGERS",
            "city": "CLAREMONT",
            "branch": null,
            "swift_code": "COUGZAJ1"
        },
        {
            "id": 109,
            "bank": "CORONATION HOLDINGS LIMITED",
            "city": "CAPE TOWN",
            "branch": null,
            "swift_code": "COHLZAJ1"
        },
        {
            "id": 110,
            "bank": "CORONATION SPECIALISED FUNDS (PTY) LTD",
            "city": "CLAREMONT",
            "branch": null,
            "swift_code": "CSFYZAJ1"
        },
        {
            "id": 111,
            "bank": "CORPORATE FUNDING PARTNERS AFRICA",
            "city": "JOHANNESBURG",
            "branch": null,
            "swift_code": "CFPFZAJ1"
        },
        {
            "id": 112,
            "bank": "CRATOS CAPITAL (PTY) LTD",
            "city": "ILLOVO",
            "branch": null,
            "swift_code": "CRCAZAJ1"
        },
        {
            "id": 113,
            "bank": "CRATOS INSTITUTIONAL PTY LTD",
            "city": "JOHANNESBURG",
            "branch": null,
            "swift_code": "CRCAZAJJ"
        },
        {
            "id": 114,
            "bank": "CREDIT AND SAVINGS HELP BANK",
            "city": "CAPE TOWN",
            "branch": null,
            "swift_code": "CRAHZAJ1"
        },
        {
            "id": 115,
            "bank": "CREDIT GUARANTEE INSURANCE CORPORATION OF AFRICA LIMITED",
            "city": "RANDBURG",
            "branch": null,
            "swift_code": "CRGUZAJ1"
        },
        {
            "id": 116,
            "bank": "CREDIT SUISSE SECURITIES (JOHANNESBURG) (PTY) LTD.",
            "city": "SANDTON",
            "branch": null,
            "swift_code": "CRESZAJJ"
        },
        {
            "id": 117,
            "bank": "CURO FUND SERVICES (PTY) LTD",
            "city": "CAPE TOWN",
            "branch": null,
            "swift_code": "TAFAZAJC"
        },
        {
            "id": 118,
            "bank": "DECIMAX SECURITIES (PTY) LTD",
            "city": "JOHANNESBURG",
            "branch": null,
            "swift_code": "DESPZAJ1"
        },
        {
            "id": 119,
            "bank": "DEUTSCHE BANK AG",
            "city": "JOHANNESBURG",
            "branch": "(GLOBAL MARKETS)",
            "swift_code": "DEUTZAJXGFX"
        },
        {
            "id": 120,
            "bank": "DEUTSCHE BANK AG",
            "city": "JOHANNESBURG",
            "branch": null,
            "swift_code": "DEUTZAJX"
        },
        {
            "id": 121,
            "bank": "DEUTSCHE SECURITIES PTY LTD",
            "city": "CAPE TOWN",
            "branch": null,
            "swift_code": "IVJRZAJ10JC"
        },
        {
            "id": 122,
            "bank": "DEUTSCHE SECURITIES PTY LTD",
            "city": "JOHANNESBURG",
            "branch": null,
            "swift_code": "IVJRZAJJ"
        },
        {
            "id": 123,
            "bank": "DEVELOPMENT BANK OF SOUTHERN AFRICA LIMITED",
            "city": "MIDRAND",
            "branch": null,
            "swift_code": "DESFZAJM"
        },
        {
            "id": 124,
            "bank": "DISCOVERY BANK LIMITED",
            "city": "SANDTON",
            "branch": null,
            "swift_code": "DISCZAJJ"
        },
        {
            "id": 125,
            "bank": "DOLFIN FINANCIAL SERVICES (PTY) LTD",
            "city": "JOHANNESBURG",
            "branch": null,
            "swift_code": "DFSPZAJ1"
        },
        {
            "id": 126,
            "bank": "EFFICIENT COLLECTIVE INVESTMENTS PTY LTD",
            "city": "CAPE TOWN",
            "branch": null,
            "swift_code": "ECITZAJ1"
        },
        {
            "id": 127,
            "bank": "ESKOM TREASURY",
            "city": "JOHANNESBURG",
            "branch": null,
            "swift_code": "ESKOZAJJ"
        },
        {
            "id": 128,
            "bank": "EXECTRUST (PTY) LTD",
            "city": "JOHANNESBURG",
            "branch": null,
            "swift_code": "TRBPZAJ1"
        },
        {
            "id": 129,
            "bank": "FARMWISE LIMITED",
            "city": "JOHANNESBURG",
            "branch": null,
            "swift_code": "FARMZAJ1"
        },
        {
            "id": 130,
            "bank": "FBC FIDELITY BANK LIMITED",
            "city": "JOHANNESBURG",
            "branch": null,
            "swift_code": "FBCCZAJ1"
        },
        {
            "id": 131,
            "bank": "FEDLIFE ASSURANCE LIMITED",
            "city": "JOHANNESBURG",
            "branch": null,
            "swift_code": "FEASZAJ1"
        },
        {
            "id": 132,
            "bank": "FEDSURE ASSET MANAGEMENT CO. (PTY) LTD",
            "city": "JOHANNESBURG",
            "branch": null,
            "swift_code": "FAMTZAJ1"
        },
        {
            "id": 133,
            "bank": "FFO SECURITIES (PTY) LTD",
            "city": "JOHANNESBURG",
            "branch": null,
            "swift_code": "FFOSZAJJ"
        },
        {
            "id": 134,
            "bank": "FINANCIAL CURRENCY BROKERS S.A. (PTY) LTD",
            "city": "MARSHALLTOWN",
            "branch": null,
            "swift_code": "FCBPZAJ1"
        },
        {
            "id": 135,
            "bank": "FINBOND MUTUAL BANK",
            "city": "PRETORIA",
            "branch": null,
            "swift_code": "FBMBZAJJ"
        },
        {
            "id": 136,
            "bank": "FIRSTRAND BANK LIMITED",
            "city": "JOHANNESBURG",
            "branch": "(CUSTODY SERVICES, INTERNATIONAL BANKING)",
            "swift_code": "FIRNZAJJ896"
        },
        {
            "id": 137,
            "bank": "FIRSTRAND BANK LIMITED",
            "city": "JOHANNESBURG",
            "branch": "(RMB CAPITAL MARKET BONDS (RMBE))",
            "swift_code": "FIRNZAJJRBS"
        },
        {
            "id": 138,
            "bank": "FIRSTRAND BANK LIMITED",
            "city": "JOHANNESBURG",
            "branch": null,
            "swift_code": "FIRNZAJJRSL"
        },
        {
            "id": 139,
            "bank": "FIRSTRAND BANK LIMITED",
            "city": "SANDTON",
            "branch": "(GLOBAL LIQUIDITY MANAGEMENT SYSTEM)",
            "swift_code": "FIRNZAJJGLM"
        },
        {
            "id": 140,
            "bank": "FIRSTRAND BANK LIMITED",
            "city": "SANDTON",
            "branch": "(HEAD OFFICE AND ALL SOUTH AFRICAN OFFICES)",
            "swift_code": "FIRNZAJJ"
        },
        {
            "id": 141,
            "bank": "FITCH SOUTHERN AFRICA (PTY) LTD.",
            "city": "JOHANNESBURG",
            "branch": null,
            "swift_code": "FRIPZAJ1"
        },
        {
            "id": 142,
            "bank": "FOORD ASSET MANAGEMENT (PROPRIETARY) LIMITED",
            "city": "PINELANDS",
            "branch": null,
            "swift_code": "FRDGZAJJ"
        },
        {
            "id": 143,
            "bank": "FOUR M TRADERS (PTY) LTD",
            "city": "MELROSE ARCH",
            "branch": null,
            "swift_code": "FORMZAJJ"
        },
        {
            "id": 144,
            "bank": "FREEWORLD CAPITAL HOLDINGS (PTY)LTD",
            "city": "PRETORIA",
            "branch": null,
            "swift_code": "FREEZAJ1"
        },
        {
            "id": 145,
            "bank": "FX AFRICA FOREIGN EXCHANGE (PTY)LTD",
            "city": "SANDTON",
            "branch": null,
            "swift_code": "FXAFZAJ1"
        },
        {
            "id": 146,
            "bank": "FXINCBROKERS",
            "city": "JOHANNESBURG",
            "branch": null,
            "swift_code": "FXINZAJ1"
        },
        {
            "id": 147,
            "bank": "GARBAN SOUTH AFRICA (PTY) LTD",
            "city": "SANDTON",
            "branch": null,
            "swift_code": "GSAYZAJ1"
        },
        {
            "id": 148,
            "bank": "GBS MUTUAL BANK",
            "city": "GRAHAMSTOWN",
            "branch": null,
            "swift_code": "GBSMZAJ1"
        },
        {
            "id": 149,
            "bank": "GENBEL SECURITIES PROPRIETARY LIMITED",
            "city": "SANDTON",
            "branch": null,
            "swift_code": "GBSEZAJJ"
        },
        {
            "id": 150,
            "bank": "GENCOR TREASURY",
            "city": "JOHANNESBURG",
            "branch": null,
            "swift_code": "GETRZAJ1"
        },
        {
            "id": 151,
            "bank": "GENESIS SECURITIES (PTY) LTD.",
            "city": "ILLOVO",
            "branch": null,
            "swift_code": "GENSZAJA"
        },
        {
            "id": 152,
            "bank": "GFI SOUTH AFRICA (PTY)LTD",
            "city": "SANDOWN",
            "branch": null,
            "swift_code": "GSADZAJ1"
        },
        {
            "id": 153,
            "bank": "GOLDING AND SLABBERT (PTY) LTD",
            "city": "JOHANNESBURG",
            "branch": null,
            "swift_code": "GOSLZAJ1"
        },
        {
            "id": 154,
            "bank": "GRAAFFS TRUST LIMITED",
            "city": "CAPE TOWN",
            "branch": null,
            "swift_code": "GRTRZAJ1"
        },
        {
            "id": 155,
            "bank": "GRINDROD ASSET MANAGEMENT",
            "city": "DURBAN",
            "branch": null,
            "swift_code": "GREGZAJ1"
        },
        {
            "id": 156,
            "bank": "GRINDROD BANK LIMITED",
            "city": "DURBAN",
            "branch": null,
            "swift_code": "GRIDZAJJ"
        },
        {
            "id": 157,
            "bank": "HABIB OVERSEAS BANK LIMITED",
            "city": "JOHANNESBURG",
            "branch": null,
            "swift_code": "HOBLZAJJ"
        },
        {
            "id": 158,
            "bank": "HANS MERENSKY HOLDINGS",
            "city": "JOHANNESBURG",
            "branch": null,
            "swift_code": "HAMHZAJ1"
        },
        {
            "id": 159,
            "bank": "HBZ BANK LIMITED",
            "city": "DURBAN",
            "branch": null,
            "swift_code": "HBZHZAJJ"
        },
        {
            "id": 160,
            "bank": "HSBC BANK PLC",
            "city": "SANDTON",
            "branch": null,
            "swift_code": "HSBCZAJJ"
        },
        {
            "id": 161,
            "bank": "HSBC SECURITIES (SOUTH AFRICA) (PTY) LTD",
            "city": "JOHANNESBURG",
            "branch": "(WHK BRANCH)",
            "swift_code": "SMJCZAJCWHK"
        },
        {
            "id": 162,
            "bank": "HSBC SECURITIES (SOUTH AFRICA) (PTY) LTD",
            "city": "JOHANNESBURG",
            "branch": null,
            "swift_code": "SMJCZAJC011"
        },
        {
            "id": 163,
            "bank": "HSBC SECURITIES (SOUTH AFRICA) (PTY) LTD",
            "city": "RONDEBOSCH",
            "branch": null,
            "swift_code": "SMJCZAJC022"
        },
        {
            "id": 164,
            "bank": "HSBC SECURITIES (SOUTH AFRICA) (PTY) LTD",
            "city": "SANDOWN",
            "branch": "(HOUGHTON)",
            "swift_code": "SMJCZAJC"
        },
        {
            "id": 165,
            "bank": "ICICI BANK LTD SOUTH AFRICA BRANCH",
            "city": "JOHANNESBURG",
            "branch": null,
            "swift_code": "ICICZAJJ"
        },
        {
            "id": 166,
            "bank": "IMPALA PLATINUM",
            "city": "JOHANNESBURG",
            "branch": null,
            "swift_code": "IMPNZAJ1"
        },
        {
            "id": 167,
            "bank": "INCORPORATED SECURITIES (PTY) LTD",
            "city": "ROSEBANK",
            "branch": null,
            "swift_code": "INSPZAJ1"
        },
        {
            "id": 168,
            "bank": "INDEPENDENT SECURITIES (PTY) LTD",
            "city": "JOHANNESBURG",
            "branch": null,
            "swift_code": "ISECZAJJ"
        },
        {
            "id": 169,
            "bank": "INDEPENDENT SECURITIES (PTY) LTD",
            "city": "JOHANNESBURG",
            "branch": null,
            "swift_code": "ISZAZAJ1"
        },
        {
            "id": 170,
            "bank": "INDUSTRIAL DEVELOPMENT CORPORATION OF SOUTH AFRICA LIMITED",
            "city": "JOHANNESBURG",
            "branch": null,
            "swift_code": "IDCFZAJJ"
        },
        {
            "id": 171,
            "bank": "INFINITY FINANCIAL SERVICES (PTY) LTD",
            "city": "JOHANNESBURG",
            "branch": null,
            "swift_code": "IFSEZAJ1"
        },
        {
            "id": 172,
            "bank": "INVESTEC BANK LTD.",
            "city": "SANDTON",
            "branch": null,
            "swift_code": "IVESZAJJ"
        },
        {
            "id": 173,
            "bank": "INVESTEC SECURITIES (PTY) LIMITED",
            "city": "JOHANNESBURG",
            "branch": null,
            "swift_code": "IVESZA31"
        },
        {
            "id": 174,
            "bank": "INVESTEC SECURITIES LTD.",
            "city": "JOHANNESBURG",
            "branch": null,
            "swift_code": "IVESZAJ2"
        },
        {
            "id": 175,
            "bank": "INVESTEC SECURITIES LTD.",
            "city": "JOHANNESBURG",
            "branch": null,
            "swift_code": "IVESZAJ2011"
        },
        {
            "id": 176,
            "bank": "IP MANAGEMENT COMPANY (PTY) LTD",
            "city": "CAPE TOWN",
            "branch": null,
            "swift_code": "MAOYZAJ1"
        },
        {
            "id": 177,
            "bank": "J.P. MORGAN EQUITIES SOUTH AFRICA PROPRIETARY LIMITED",
            "city": "CAPE TOWN",
            "branch": null,
            "swift_code": "JPMEZAJJ011"
        },
        {
            "id": 178,
            "bank": "J.P. MORGAN EQUITIES SOUTH AFRICA PROPRIETARY LIMITED",
            "city": "JOHANNESBURG",
            "branch": null,
            "swift_code": "JPMEZAJJ"
        },
        {
            "id": 179,
            "bank": "J.P. MORGAN EQUITIES SOUTH AFRICA PROPRIETARY LIMITED",
            "city": "PIETERMARITZBURG",
            "branch": null,
            "swift_code": "JPMEZAJJ022"
        },
        {
            "id": 180,
            "bank": "J.P. MORGAN EQUITIES SOUTH AFRICA PROPRIETARY LIMITED",
            "city": "ROSEBANK",
            "branch": null,
            "swift_code": "JPMEZAJJ033"
        },
        {
            "id": 181,
            "bank": "JCI LIMITED",
            "city": "JOHANNESBURG",
            "branch": null,
            "swift_code": "JCTRZAJ1"
        },
        {
            "id": 182,
            "bank": "JPMORGAN CHASE BANK, N.A",
            "city": "JOHANNESBURG",
            "branch": "(TEST KEY AND BKE ADMINISTRATION)",
            "swift_code": "MGTCZAJJKEY"
        },
        {
            "id": 183,
            "bank": "JPMORGAN CHASE BANK, N.A",
            "city": "JOHANNESBURG",
            "branch": null,
            "swift_code": "MGTCZAJJ"
        },
        {
            "id": 184,
            "bank": "JPMORGAN SECURITIES SOUTH AFRICA",
            "city": "JOHANNESBURG",
            "branch": "(TEST KEY AND BKE ADMINISTRATION)",
            "swift_code": "JPMSZAJJKEY"
        },
        {
            "id": 185,
            "bank": "JPMORGAN SECURITIES SOUTH AFRICA",
            "city": "JOHANNESBURG",
            "branch": null,
            "swift_code": "JPMSZAJJ"
        },
        {
            "id": 186,
            "bank": "JSE LIMITED",
            "city": "SANDTON",
            "branch": "(BONDEQUITYPLATFORM)",
            "swift_code": "XJSEZAJJETP"
        },
        {
            "id": 187,
            "bank": "JSE LIMITED",
            "city": "SANDTON",
            "branch": "(JSE LIMITED SAFEX)",
            "swift_code": "XJSEZAJJSFX"
        },
        {
            "id": 188,
            "bank": "JSE LIMITED",
            "city": "SANDTON",
            "branch": "(SETTLEMENT AUTHORITY - MARGINING)",
            "swift_code": "XJSEZAJJMRG"
        },
        {
            "id": 189,
            "bank": "JSE LIMITED",
            "city": "SANDTON",
            "branch": "(SETTLEMENT AUTHORITY - MONEY MARKETS ISIN'S)",
            "swift_code": "XJSEZAJJISN"
        },
        {
            "id": 190,
            "bank": "JSE LIMITED",
            "city": "SANDTON",
            "branch": "(SETTLEMENT AUTHORITY SECURITIES LENDING DESK)",
            "swift_code": "XJSEZAJJSLB"
        },
        {
            "id": 191,
            "bank": "JSE LIMITED",
            "city": "SANDTON",
            "branch": "(SETTLEMENT AUTHORITY)",
            "swift_code": "XJSEZAJJSAT"
        },
        {
            "id": 192,
            "bank": "JSE LIMITED",
            "city": "SANDTON",
            "branch": null,
            "swift_code": "XJSEZAJJ"
        },
        {
            "id": 193,
            "bank": "KARLEIN INDEPENDENT INVESTMENT CONSULTANCY CC",
            "city": "RONDEBOSCH",
            "branch": null,
            "swift_code": "KIIOZAJ1"
        },
        {
            "id": 194,
            "bank": "KEN POWELL FINANCIAL SERVICES (PTY) LTD",
            "city": "HOUGHTON",
            "branch": null,
            "swift_code": "KPFSZAJ1"
        },
        {
            "id": 195,
            "bank": "KNOYDART INVESTMENTS (PTY) LTD",
            "city": "RONDEBOSCH",
            "branch": null,
            "swift_code": "KNIPZAJ1"
        },
        {
            "id": 196,
            "bank": "LAND AND AGRICULTURAL DEVELOPMENT BANK OF SOUTH AFRICA",
            "city": "CENTURION",
            "branch": null,
            "swift_code": "LADSZAJ1"
        },
        {
            "id": 197,
            "bank": "LEFIKA SECURITIES (PTY)LTD",
            "city": "JOHANNESBURG",
            "branch": null,
            "swift_code": "LESTZAJJ"
        },
        {
            "id": 198,
            "bank": "LEGAE SECURITIES (PTY) LTD.",
            "city": "JOHANNESBURG",
            "branch": null,
            "swift_code": "LESPZAJJ"
        },
        {
            "id": 199,
            "bank": "LEWIS AND WAYNE TREASURY",
            "city": "JOHANNESBURG",
            "branch": null,
            "swift_code": "LWTRZAJ1"
        },
        {
            "id": 200,
            "bank": "LINK MARKET SERVICES PTY LTD",
            "city": "JOHANNESBURG",
            "branch": null,
            "swift_code": "ULTRZAJC"
        },
        {
            "id": 201,
            "bank": "LION SECURITIES CC",
            "city": "EAST LONDON",
            "branch": null,
            "swift_code": "LISYZAJ1"
        },
        {
            "id": 202,
            "bank": "LOMBERG PULFORD AND CO (PTY) LTD",
            "city": "JOHANNESBURG",
            "branch": null,
            "swift_code": "LOPUZAJ1"
        },
        {
            "id": 203,
            "bank": "MACQUARIE EQUITIES SOUTH AFRICA PROPRIETARY LIMITED",
            "city": "JOHANNESBURG",
            "branch": null,
            "swift_code": "FSSEZAJJ"
        },
        {
            "id": 204,
            "bank": "MACQUARIE FIRST SOUTH EQUITIES (PTY) LTD",
            "city": "JOHANNESBURG",
            "branch": null,
            "swift_code": "MFSQZAJJ"
        },
        {
            "id": 205,
            "bank": "MAITLAND GROUP SOUTH AFRICA LTD",
            "city": "CAPE TOWN",
            "branch": null,
            "swift_code": "FNSOZAJC"
        },
        {
            "id": 206,
            "bank": "MARK ALEXANDER INVESTMENTS CC",
            "city": "HOWARD PLACE",
            "branch": null,
            "swift_code": "MAAIZAJ1"
        },
        {
            "id": 207,
            "bank": "MARRIOTT MERCHANT BANK LIMITED",
            "city": "DURBAN",
            "branch": null,
            "swift_code": "MAMRZAJ1"
        },
        {
            "id": 208,
            "bank": "MASSMART MANAGEMENT AND FINANCECOMPANY (PTY) LTD",
            "city": "SANDTON",
            "branch": null,
            "swift_code": "MSMFZAJJ"
        },
        {
            "id": 209,
            "bank": "MAZI PROJECTS (PTY) LTD",
            "city": "GAUTENG",
            "branch": null,
            "swift_code": "MAZPZAJ1"
        },
        {
            "id": 210,
            "bank": "MEEG BANK LTD",
            "city": "EAST LONDON",
            "branch": null,
            "swift_code": "BTRKZAJ1"
        },
        {
            "id": 211,
            "bank": "MELVILLE DOUGLAS INVESTMENT MANAGEMENT (PTY) LTD",
            "city": "JOHANNESBURG",
            "branch": null,
            "swift_code": "MDIMZAJ1"
        },
        {
            "id": 212,
            "bank": "MERCANTILE BANK LTD",
            "city": "SANDTON",
            "branch": null,
            "swift_code": "LISAZAJJ"
        },
        {
            "id": 213,
            "bank": "MERGENCE INVESTMENT MANAGERS (PTY)",
            "city": "CAPE TOWN",
            "branch": null,
            "swift_code": "MIMTZAJ1"
        },
        {
            "id": 214,
            "bank": "MERRILL LYNCH SOUTH AFRICA (PROPRIETARY) LIMITED",
            "city": "JOHANNESBURG",
            "branch": null,
            "swift_code": "SBKHZAJJ"
        },
        {
            "id": 215,
            "bank": "MICRO TO MAINFRAME",
            "city": "PARKTOWN",
            "branch": null,
            "swift_code": "MIMNZAJ1"
        },
        {
            "id": 216,
            "bank": "MLS BANK LIMITED",
            "city": "JOHANNESBURG",
            "branch": null,
            "swift_code": "MLSMZAJ1"
        },
        {
            "id": 217,
            "bank": "MOMENTUM LIFE ASSURERS LTD",
            "city": "CENTURION",
            "branch": null,
            "swift_code": "MOLAZAJ1"
        },
        {
            "id": 218,
            "bank": "MOMENTUM SP REID SECURITIES (PTY) LTD.",
            "city": "JOHANNESBURG",
            "branch": null,
            "swift_code": "REMAZAJJ"
        },
        {
            "id": 219,
            "bank": "MOODY'S INVESTORS SERVICE SOUTH AFRICA (PTY) LTD",
            "city": "JOHANNESBURG",
            "branch": null,
            "swift_code": "MIESZAJ1"
        },
        {
            "id": 220,
            "bank": "MPF MANAGEMENT SERVICES (PTY) LTD",
            "city": "JOHANNESBURG",
            "branch": null,
            "swift_code": "MMSPZAJ1"
        },
        {
            "id": 221,
            "bank": "MVUNONALA ASSET MANAGERS (PTY) LTD",
            "city": "JOHANNESBURG",
            "branch": null,
            "swift_code": "MAMYZAJ1"
        },
        {
            "id": 222,
            "bank": "NAVIGARE SECURITIES PTY LTD",
            "city": "JOHANNESBURG",
            "branch": null,
            "swift_code": "NAVGZAJJ"
        },
        {
            "id": 223,
            "bank": "NEDBANK LIMITED",
            "city": "ROODEPOORT",
            "branch": null,
            "swift_code": "NEDSZAJJTSP"
        },
        {
            "id": 224,
            "bank": "NEDBANK LIMITED",
            "city": "SANDTON",
            "branch": null,
            "swift_code": "NEDSZAJJ"
        },
        {
            "id": 225,
            "bank": "NEDGROUP PRIVATE WEALTH STOCKBROKERS (PTY) LTD",
            "city": "BLOEMFONTEIN",
            "branch": null,
            "swift_code": "NBOEZAJ2022"
        },
        {
            "id": 226,
            "bank": "NEDGROUP PRIVATE WEALTH STOCKBROKERS (PTY) LTD",
            "city": "CAPE TOWN",
            "branch": null,
            "swift_code": "NBOEZAJ2033"
        },
        {
            "id": 227,
            "bank": "NEDGROUP PRIVATE WEALTH STOCKBROKERS (PTY) LTD",
            "city": "JOHANNESBURG",
            "branch": "(INSTITUTIONS DEPARTMENT)",
            "swift_code": "NBOEZAJ2INT"
        },
        {
            "id": 228,
            "bank": "NEDGROUP PRIVATE WEALTH STOCKBROKERS (PTY) LTD",
            "city": "JOHANNESBURG",
            "branch": "(PRIVATE CLIENTS DEPARTMENT)",
            "swift_code": "NBOEZAJ2PVT"
        },
        {
            "id": 229,
            "bank": "NEDGROUP PRIVATE WEALTH STOCKBROKERS (PTY) LTD",
            "city": "JOHANNESBURG",
            "branch": null,
            "swift_code": "NBOEZAJ2044"
        },
        {
            "id": 230,
            "bank": "NEDGROUP PRIVATE WEALTH STOCKBROKERS (PTY) LTD",
            "city": "PIETERMARITZBURG",
            "branch": null,
            "swift_code": "NBOEZAJ2011"
        },
        {
            "id": 231,
            "bank": "NEDGROUP PRIVATE WEALTH STOCKBROKERS (PTY) LTD",
            "city": "SANDTON",
            "branch": null,
            "swift_code": "NBOEZAJ2"
        },
        {
            "id": 232,
            "bank": "NFB FINANCIAL SERVICES GROUP",
            "city": "JOHANNESBURG",
            "branch": null,
            "swift_code": "NFBGZAJ1"
        },
        {
            "id": 233,
            "bank": "NIKE SOUTH AFRICA (PTY) LTD",
            "city": "JOHANNESBURG",
            "branch": null,
            "swift_code": "NIKEZAJ1"
        },
        {
            "id": 234,
            "bank": "NOAH FINANCIAL INNOVATION (PROPRIETARY) LIMITED",
            "city": "JOHANNESBURG",
            "branch": null,
            "swift_code": "METLZAJJ"
        },
        {
            "id": 235,
            "bank": "NVEST SECURITIES (PTY) LTD",
            "city": "EAST LONDON",
            "branch": null,
            "swift_code": "NVSEZAJC"
        },
        {
            "id": 236,
            "bank": "OASIS ASSET MANAGEMENT LIMITED",
            "city": "CAPE TOWN",
            "branch": null,
            "swift_code": "OASMZAJ1"
        },
        {
            "id": 237,
            "bank": "OASIS CRESCENT CAPITAL (PTY) LTD",
            "city": "CAPE TOWN",
            "branch": null,
            "swift_code": "OASMZA21"
        },
        {
            "id": 238,
            "bank": "OLD MUTUAL INVESTMENT GROUP(SA) PTY LTD",
            "city": "CAPE TOWN",
            "branch": null,
            "swift_code": "OMAMZAJC"
        },
        {
            "id": 239,
            "bank": "OLD MUTUAL LIFE ASSURANCE COMPANY (SOUTH AFRICA) LIMITED",
            "city": "CAPE TOWN",
            "branch": null,
            "swift_code": "ROKLZAJT"
        },
        {
            "id": 240,
            "bank": "OMIGSA",
            "city": "CAPE TOWN",
            "branch": null,
            "swift_code": "OMIGZAJ1"
        },
        {
            "id": 241,
            "bank": "OMNIA GROUP (PTY) LTD",
            "city": "BRYANSTON",
            "branch": null,
            "swift_code": "OMGYZAJ1"
        },
        {
            "id": 242,
            "bank": "PAA CAPITAL PTY LTD.",
            "city": "PRETORIA",
            "branch": null,
            "swift_code": "PCPTZAJ1"
        },
        {
            "id": 243,
            "bank": "PAUL CLARKE AND ASSOCIATES CC",
            "city": "VLAEBERG",
            "branch": null,
            "swift_code": "PACTZAJ1"
        },
        {
            "id": 244,
            "bank": "PAYCORP GROUP (PTY) LTD",
            "city": "JOHANNESBURG",
            "branch": null,
            "swift_code": "PYGPZAJJ"
        },
        {
            "id": 245,
            "bank": "PEREGRINE EQUITIES(PTY)LIMITED",
            "city": "JOHANNESBURG",
            "branch": null,
            "swift_code": "PRSMZAJJ"
        },
        {
            "id": 246,
            "bank": "PEREGRINE TREASURY SOLUTIONS (PTY) LTD",
            "city": "PRETORIA",
            "branch": "(HM INVESTMENT)",
            "swift_code": "PGRNZAJPHMI"
        },
        {
            "id": 247,
            "bank": "PEREGRINE TREASURY SOLUTIONS (PTY) LTD",
            "city": "PRETORIA",
            "branch": null,
            "swift_code": "PGRNZAJP"
        },
        {
            "id": 248,
            "bank": "PERSONAL TRUST LTD",
            "city": "CAPE TOWN",
            "branch": null,
            "swift_code": "PERRZAJ1"
        },
        {
            "id": 249,
            "bank": "PETER BERRY TRUST SERVICES (PTY) LTD",
            "city": "CAPE TOWN",
            "branch": null,
            "swift_code": "PBTSZAJ1"
        },
        {
            "id": 250,
            "bank": "PHILIPPUS DE WITT (PTY) LTD",
            "city": "JOHANNESBURG",
            "branch": null,
            "swift_code": "WIMOZAJJ"
        },
        {
            "id": 251,
            "bank": "PHILIPPUS DE WITT (PTY) LTD",
            "city": "PRETORIA",
            "branch": "(PRETORIA BRANCH)",
            "swift_code": "WIMOZAJJPRE"
        },
        {
            "id": 252,
            "bank": "PHILIPPUS DE WITT EMDS BPK",
            "city": "JOHANNESBURG",
            "branch": null,
            "swift_code": "PDWEZAJ1"
        },
        {
            "id": 253,
            "bank": "PLEXUS ASSET MANAGEMENT PLEXUS HOUSE",
            "city": "CAPE TOWN",
            "branch": null,
            "swift_code": "PAMXZAJ1"
        },
        {
            "id": 254,
            "bank": "PPC LTD",
            "city": "SANDTON",
            "branch": null,
            "swift_code": "PPCPZAJJ"
        },
        {
            "id": 255,
            "bank": "PPS INVESTMENTS (PTY) LTD TRAVERS HOUSE, BOUNDARY TERRACES",
            "city": "CAPE TOWN",
            "branch": null,
            "swift_code": "PIPTZAJ1"
        },
        {
            "id": 256,
            "bank": "PRESCIENT INVESTMENT MANAGEMENT",
            "city": "CAPE TOWN",
            "branch": null,
            "swift_code": "PRVGZAJC"
        },
        {
            "id": 257,
            "bank": "PRESCIENT SECURITIES PTY LTD",
            "city": "CONSTANTIA",
            "branch": null,
            "swift_code": "PCNTZAJC"
        },
        {
            "id": 258,
            "bank": "PRIME SECURITIES (PTY) LTD",
            "city": "CAPE TOWN",
            "branch": null,
            "swift_code": "PSERZAJ1"
        },
        {
            "id": 259,
            "bank": "PRO-EQUITY (PTY) LTD",
            "city": "ARCADIA",
            "branch": null,
            "swift_code": "PRPYZAJ1"
        },
        {
            "id": 260,
            "bank": "PROJECT RESOURCES AND ACQUISITIONS (PTY) LTD",
            "city": "CENTURION",
            "branch": null,
            "swift_code": "CAPFZAJ1"
        },
        {
            "id": 261,
            "bank": "PROSPUR PORTFOLIO MANAGERS (PTY) LTD",
            "city": "JOHANNESBURG",
            "branch": null,
            "swift_code": "PPMPZAJ1"
        },
        {
            "id": 262,
            "bank": "PROTEA INSURANCE CO. LTD",
            "city": "JOHANNESBURG",
            "branch": null,
            "swift_code": "PRIUZAJ1"
        },
        {
            "id": 263,
            "bank": "PRUDENTIAL INVESTMENT MANAGERS (SA)(PTY)LTD",
            "city": "CLAREMONT",
            "branch": null,
            "swift_code": "PPMTZAJC"
        },
        {
            "id": 264,
            "bank": "PSG ASSET MANAGEMENT (PTY) LTD 1ST FLOOR PSG HOUSE",
            "city": "CAPE TOWN",
            "branch": null,
            "swift_code": "PAAYZAJ1"
        },
        {
            "id": 265,
            "bank": "PSG SECURITIES LIMITED",
            "city": "JOHANNESBURG",
            "branch": null,
            "swift_code": "PSSYZAJJ"
        },
        {
            "id": 266,
            "bank": "PUTT ESTATES (PROPRIETARY) LTD.",
            "city": "UPINGTON",
            "branch": null,
            "swift_code": "PUEOZAJ1"
        },
        {
            "id": 267,
            "bank": "PUTT REAL ESTATES (PROPRIETARY) LTD.",
            "city": "UPINGTON",
            "branch": null,
            "swift_code": "PREYZAJ1"
        },
        {
            "id": 268,
            "bank": "RAND REFINERY LIMITED",
            "city": "JOHANNESBURG",
            "branch": null,
            "swift_code": "RRPLZAJJ"
        },
        {
            "id": 269,
            "bank": "RAND REGISTRARS",
            "city": "SOUTHDALE",
            "branch": null,
            "swift_code": "RANDZAJ1"
        },
        {
            "id": 270,
            "bank": "REGIMENTS FUND MANAGERS 91",
            "city": "JOHANNESBURG",
            "branch": null,
            "swift_code": "REFGZAJ1"
        },
        {
            "id": 271,
            "bank": "REGIMENTS SECURITIES LIMITED",
            "city": "ROODEPOORT",
            "branch": null,
            "swift_code": "REGMZAJJ"
        },
        {
            "id": 272,
            "bank": "REZCO (PTY) LTD",
            "city": "MULDERSDRIFT",
            "branch": null,
            "swift_code": "REPTZAJ1"
        },
        {
            "id": 273,
            "bank": "RISCURA SOLUTIONS PTY (LTD)",
            "city": "CAPE TOWN",
            "branch": null,
            "swift_code": "RISPZAJC"
        },
        {
            "id": 274,
            "bank": "RMB ASSET MANAGEMENT (PTY) LTD",
            "city": "SANDTON",
            "branch": null,
            "swift_code": "RMBAZAJJ"
        },
        {
            "id": 275,
            "bank": "RMB SECURITIES (PTY) LIMITED",
            "city": "JOHANNESBURG",
            "branch": "(JSE SETTLEMENT OFFICE)",
            "swift_code": "RMBSZAJJJSE"
        },
        {
            "id": 276,
            "bank": "RMB SECURITIES (PTY) LIMITED",
            "city": "JOHANNESBURG",
            "branch": null,
            "swift_code": "RMBSZAJJ"
        },
        {
            "id": 277,
            "bank": "RMB STOCKBROKING (PTY) LTD",
            "city": "SANDTON",
            "branch": null,
            "swift_code": "FNEQZAJJ"
        },
        {
            "id": 278,
            "bank": "ROBERT COWEN INVESTMENTS (PTY) LTD",
            "city": "JOHANNESBURG",
            "branch": null,
            "swift_code": "RCIPZAJ1"
        },
        {
            "id": 279,
            "bank": "ROYAL ASSET MANAGEMENT (PTY) LTD",
            "city": "CAPE TOWN",
            "branch": null,
            "swift_code": "RAMYZAJ1"
        },
        {
            "id": 280,
            "bank": "RYAN ANDERSON AND CO (PTY) LTD",
            "city": "JOHANNESBURG",
            "branch": null,
            "swift_code": "RYAPZAJ1"
        },
        {
            "id": 281,
            "bank": "SA STOCK BROKERS (PTY) LTD",
            "city": "JOHANNESBURG",
            "branch": null,
            "swift_code": "SBPTZAJJ"
        },
        {
            "id": 282,
            "bank": "SAAMBOU BANK LTD",
            "city": "PRETORIA",
            "branch": null,
            "swift_code": "SAABZAJ1"
        },
        {
            "id": 283,
            "bank": "SAFEX",
            "city": "JOHANNESBURG",
            "branch": null,
            "swift_code": "XSAFZAJ1"
        },
        {
            "id": 284,
            "bank": "SAMSUNG ELECTRONICS SOUTH AFRICA (PTY) LTD.",
            "city": "JOHANNESBURG",
            "branch": "(SSA)",
            "swift_code": "SECTZAJ1720"
        },
        {
            "id": 285,
            "bank": "SAMSUNG ELECTRONICS SOUTH AFRICA (PTY) LTD.",
            "city": "JOHANNESBURG",
            "branch": null,
            "swift_code": "SECTZAJ1"
        },
        {
            "id": 286,
            "bank": "SAMSUNG ELECTRONICS SOUTH AFRICA (PTY) LTD.",
            "city": "LA MERCY",
            "branch": null,
            "swift_code": "SECTZAJ1721"
        },
        {
            "id": 287,
            "bank": "SANLAM CAPITAL MARKETS PROPRIETARY LIMITED",
            "city": "SANDTON",
            "branch": null,
            "swift_code": "GBSEZAJ2"
        },
        {
            "id": 288,
            "bank": "SANLAM INVESTMENT MANAGEMENT",
            "city": "BELLVILLE",
            "branch": null,
            "swift_code": "SANLZAJC"
        },
        {
            "id": 289,
            "bank": "SANLAM PRIVATE WEALTH (PTY) LTD",
            "city": "CAPE TOWN",
            "branch": null,
            "swift_code": "GBSEZAJ3"
        },
        {
            "id": 290,
            "bank": "SASFIN BANK LIMITED",
            "city": "JOHANNESBURG",
            "branch": null,
            "swift_code": "SASFZAJJ"
        },
        {
            "id": 291,
            "bank": "SASFIN FRANKEL POLLAK SECURITIES (PTY) LTD",
            "city": "BENONI",
            "branch": null,
            "swift_code": "SFPSZAJJ044"
        },
        {
            "id": 292,
            "bank": "SASFIN FRANKEL POLLAK SECURITIES (PTY) LTD",
            "city": "CAPE TOWN",
            "branch": null,
            "swift_code": "SFPSZAJJ055"
        },
        {
            "id": 293,
            "bank": "SASFIN FRANKEL POLLAK SECURITIES (PTY) LTD",
            "city": "DURBAN",
            "branch": null,
            "swift_code": "SFPSZAJJ066"
        },
        {
            "id": 294,
            "bank": "SASFIN FRANKEL POLLAK SECURITIES (PTY) LTD",
            "city": "JOHANNESBURG",
            "branch": null,
            "swift_code": "SFPSZAJJ"
        },
        {
            "id": 295,
            "bank": "SASFIN FRANKEL POLLAK SECURITIES (PTY) LTD",
            "city": "JOHANNESBURG",
            "branch": null,
            "swift_code": "SFPSZAJJ033"
        },
        {
            "id": 296,
            "bank": "SASFIN FRANKEL POLLAK SECURITIES (PTY) LTD",
            "city": "SANDTON",
            "branch": null,
            "swift_code": "SFPSZAJJ022"
        },
        {
            "id": 297,
            "bank": "SBG SECURITIES (PTY) LIMITED",
            "city": "ROSEBANK",
            "branch": null,
            "swift_code": "SBEQZAJJ"
        },
        {
            "id": 298,
            "bank": "SEARDEL INVESTMENT CORPORATION LIMITED",
            "city": "CAPE TOWN",
            "branch": null,
            "swift_code": "SENPZAJ1"
        },
        {
            "id": 299,
            "bank": "SENEKAL MOUTON AND KITSHOFF INC.",
            "city": "JOHANNESBURG",
            "branch": null,
            "swift_code": "SEMKZAJ1"
        },
        {
            "id": 300,
            "bank": "SESFIKILE CAPITAL (PTY) LTD",
            "city": "JOHANNESBURG",
            "branch": null,
            "swift_code": "SEPTZAJ1"
        },
        {
            "id": 301,
            "bank": "SG FRANKEL POLLAK SECURITIES",
            "city": "VINCENT",
            "branch": "(EAST LONDON)",
            "swift_code": "SFPSZAJJ011"
        },
        {
            "id": 302,
            "bank": "SG SECURITIIES JOHANNESBURG PTY LTD",
            "city": "JOHANNESBURG",
            "branch": null,
            "swift_code": "SGSJZAJ1"
        },
        {
            "id": 303,
            "bank": "SHAREGRO INVESTMENT COMPANY (PTY) LTD",
            "city": "MELVILLE",
            "branch": null,
            "swift_code": "SICPZAJ1"
        },
        {
            "id": 304,
            "bank": "SISHEN IRON ORE COMPANY (PTY) LTD",
            "city": "CENTURION",
            "branch": null,
            "swift_code": "SIOCZAJJ"
        },
        {
            "id": 305,
            "bank": "SITC",
            "city": "CENTURION",
            "branch": null,
            "swift_code": "STTCZAJ1"
        },
        {
            "id": 306,
            "bank": "SMK SECURITIES (PTY) LTD",
            "city": "JOHANNESBURG",
            "branch": null,
            "swift_code": "SMKSZAJ1"
        },
        {
            "id": 307,
            "bank": "SOCIETE GENERALE, JOHANNESBURG BRANCH",
            "city": "JOHANNESBURG",
            "branch": "(SECURITIES BRANCH)",
            "swift_code": "SOGEZAJJSGS"
        },
        {
            "id": 308,
            "bank": "SOCIETE GENERALE, JOHANNESBURG BRANCH",
            "city": "JOHANNESBURG",
            "branch": "(SECURITIES LENDING AND BOROWING)",
            "swift_code": "SOGEZAJJSLB"
        },
        {
            "id": 309,
            "bank": "SOCIETE GENERALE, JOHANNESBURG BRANCH",
            "city": "JOHANNESBURG",
            "branch": null,
            "swift_code": "SOGEZAJJ"
        },
        {
            "id": 310,
            "bank": "SOUTH AFRICAN BREWERIES LTD",
            "city": "JOHANNESBURG",
            "branch": "(SABFIN BRANCH)",
            "swift_code": "SABMZAJ1SFN"
        },
        {
            "id": 311,
            "bank": "SOUTH AFRICAN BREWERIES LTD",
            "city": "JOHANNESBURG",
            "branch": null,
            "swift_code": "SABMZAJ1"
        },
        {
            "id": 312,
            "bank": "SOUTH AFRICAN BREWERIES LTD",
            "city": "JOHANNESBURG",
            "branch": null,
            "swift_code": "SABMZAJ1ABL"
        },
        {
            "id": 313,
            "bank": "SOUTH AFRICAN BREWERIES LTD",
            "city": "JOHANNESBURG",
            "branch": null,
            "swift_code": "SABMZAJ1SAB"
        },
        {
            "id": 314,
            "bank": "SOUTH AFRICAN FUTURES EXCHANGE - AGRICULTURAL MARKET DIVISION",
            "city": "HOUGHTON",
            "branch": null,
            "swift_code": "XSFAZAJ1"
        },
        {
            "id": 315,
            "bank": "SOUTH AFRICAN HOUSING TRUST LIMITED",
            "city": "RANDBURG",
            "branch": null,
            "swift_code": "SAHTZAJ1"
        },
        {
            "id": 316,
            "bank": "SOUTH AFRICAN INTERNATIONAL MONEY BROKERS (PTY) LTD.",
            "city": "JOHANNESBURG",
            "branch": null,
            "swift_code": "SAIOZAJ1"
        },
        {
            "id": 317,
            "bank": "SOUTH AFRICAN MUTUAL LIFE ASSURANCE SOCIETY",
            "city": "CAPE TOWN",
            "branch": null,
            "swift_code": "MLASZAJ1"
        },
        {
            "id": 318,
            "bank": "SOUTH AFRICAN RESERVE BANK",
            "city": "PRETORIA",
            "branch": null,
            "swift_code": "SARBZAJ4"
        },
        {
            "id": 319,
            "bank": "SOUTH AFRICAN RESERVE BANK",
            "city": "PRETORIA",
            "branch": null,
            "swift_code": "SARBZAJ5"
        },
        {
            "id": 320,
            "bank": "SOUTH AFRICAN RESERVE BANK",
            "city": "PRETORIA",
            "branch": null,
            "swift_code": "SARBZAJ6"
        },
        {
            "id": 321,
            "bank": "SOUTH AFRICAN RESERVE BANK",
            "city": "PRETORIA",
            "branch": null,
            "swift_code": "SARBZAJ7"
        },
        {
            "id": 322,
            "bank": "SOUTH AFRICAN RESERVE BANK",
            "city": "PRETORIA",
            "branch": null,
            "swift_code": "SARBZAJ8"
        },
        {
            "id": 323,
            "bank": "SOUTH AFRICAN RESERVE BANK",
            "city": "PRETORIA",
            "branch": null,
            "swift_code": "SARBZAJH"
        },
        {
            "id": 324,
            "bank": "SOUTH AFRICAN RESERVE BANK",
            "city": "PRETORIA",
            "branch": null,
            "swift_code": "SARBZAJP"
        },
        {
            "id": 325,
            "bank": "SOUTH AFRICAN RESERVE BANK",
            "city": "PRETORIA",
            "branch": null,
            "swift_code": "SARBZAJS"
        },
        {
            "id": 326,
            "bank": "SOUTH AFRICAN RESERVE BANK",
            "city": "PRETORIA",
            "branch": null,
            "swift_code": "SARBZAJT"
        },
        {
            "id": 327,
            "bank": "SOUTH AFRICAN RESERVE BANK FIR",
            "city": "JOHANNESBURG",
            "branch": null,
            "swift_code": "SRROZAJ1"
        },
        {
            "id": 328,
            "bank": "SOUTH AFRICAN RESERVE BANK PCH",
            "city": "JOHANNESBURG",
            "branch": null,
            "swift_code": "SRCRZAJ1"
        },
        {
            "id": 329,
            "bank": "STAKEHOLDER DATA SERVICES (PTY) LTD",
            "city": "JOHANNESBURG",
            "branch": null,
            "swift_code": "SHDAZAJJ"
        },
        {
            "id": 330,
            "bank": "STANDARD BANK NOMINEES (TRANSVAAL) (PTY) LTD",
            "city": "JOHANNESBURG",
            "branch": null,
            "swift_code": "SNTPZAJ1"
        },
        {
            "id": 331,
            "bank": "STANDARD BANK OF SOUTH AFRICA LIMITED,THE",
            "city": "JOHANNESBURG",
            "branch": "(AFRICA CUSTODY NETWORK)",
            "swift_code": "SBZAZAJJAFR"
        },
        {
            "id": 332,
            "bank": "STANDARD BANK OF SOUTH AFRICA LIMITED,THE",
            "city": "JOHANNESBURG",
            "branch": "(BPO)",
            "swift_code": "SBZAZAJJBPO"
        },
        {
            "id": 333,
            "bank": "STANDARD BANK OF SOUTH AFRICA LIMITED,THE",
            "city": "JOHANNESBURG",
            "branch": "(CASH REPORTING)",
            "swift_code": "SBZAZAJJBOL"
        },
        {
            "id": 334,
            "bank": "STANDARD BANK OF SOUTH AFRICA LIMITED,THE",
            "city": "JOHANNESBURG",
            "branch": "(CONTINUOUS LINK SETTLEMENT)",
            "swift_code": "SBZAZAJJCLS"
        },
        {
            "id": 335,
            "bank": "STANDARD BANK OF SOUTH AFRICA LIMITED,THE",
            "city": "JOHANNESBURG",
            "branch": "(HEAD OFFICE AND ALL SOUTH AFRICAN OFFICES)",
            "swift_code": "SBZAZAJJ"
        },
        {
            "id": 336,
            "bank": "STANDARD BANK OF SOUTH AFRICA LIMITED,THE",
            "city": "JOHANNESBURG",
            "branch": "(INTERNATIONAL BANKING SYSTEM USERS)",
            "swift_code": "SBZAZAJJICM"
        },
        {
            "id": 337,
            "bank": "STANDARD BANK OF SOUTH AFRICA LIMITED,THE",
            "city": "JOHANNESBURG",
            "branch": "(PAN AFRICAN LIQUIDITY MANAGEMENT)",
            "swift_code": "SBZAZAJJPLM"
        },
        {
            "id": 338,
            "bank": "STANDARD BANK OF SOUTH AFRICA LIMITED,THE",
            "city": "JOHANNESBURG",
            "branch": "(SECURITIES LENDING)",
            "swift_code": "SBZAZAJJFSL"
        },
        {
            "id": 339,
            "bank": "STANDARD BANK OF SOUTH AFRICA LIMITED,THE",
            "city": "JOHANNESBURG",
            "branch": null,
            "swift_code": "SBZAZAJJATG"
        },
        {
            "id": 340,
            "bank": "STANDARD BANK OF SOUTH AFRICA LIMITED,THE",
            "city": "JOHANNESBURG",
            "branch": null,
            "swift_code": "SBZAZAJJCNR"
        },
        {
            "id": 341,
            "bank": "STANDARD BANK OF SOUTH AFRICA LIMITED,THE",
            "city": "JOHANNESBURG",
            "branch": null,
            "swift_code": "SBZAZAJJSAL"
        },
        {
            "id": 342,
            "bank": "STANDARD CHARTERED BANK",
            "city": "JOHANNESBURG",
            "branch": "(SECURITIES SERVICES)",
            "swift_code": "SCBLZAJJSSU"
        },
        {
            "id": 343,
            "bank": "STANDARD CHARTERED BANK",
            "city": "JOHANNESBURG",
            "branch": null,
            "swift_code": "SCBLZAJ2"
        },
        {
            "id": 344,
            "bank": "STANDARD CHARTERED BANK",
            "city": "JOHANNESBURG",
            "branch": null,
            "swift_code": "SCBLZAJJ"
        },
        {
            "id": 345,
            "bank": "STANLIB ASSET MANAGEMENT",
            "city": "MELROSE ARCH",
            "branch": null,
            "swift_code": "LBAMZAJJ"
        },
        {
            "id": 346,
            "bank": "STATE BANK OF INDIA",
            "city": "JOHANNESBURG",
            "branch": null,
            "swift_code": "SBINZAJJ"
        },
        {
            "id": 347,
            "bank": "STEINHOFF AFRICA HOLDINGSPROPRIETARY LIMITED",
            "city": "STELLENBOSCH",
            "branch": null,
            "swift_code": "SAHYZAJJ"
        },
        {
            "id": 348,
            "bank": "STRATE",
            "city": "JOHANNESBURG",
            "branch": null,
            "swift_code": "STRAZAJ2"
        },
        {
            "id": 349,
            "bank": "STRATE (PTY) LTD",
            "city": "JOHANNESBURG",
            "branch": "(STRATE REGISTRAR)",
            "swift_code": "STRAZAJJREG"
        },
        {
            "id": 350,
            "bank": "STRATE (PTY) LTD",
            "city": "JOHANNESBURG",
            "branch": "(TFS)",
            "swift_code": "STRAZAJJTFS"
        },
        {
            "id": 351,
            "bank": "STRATE (PTY) LTD",
            "city": "SANDTON",
            "branch": "(CENTRAL DEPOSITORY)",
            "swift_code": "STRAZAJJCDX"
        },
        {
            "id": 352,
            "bank": "STRATE (PTY) LTD",
            "city": "SANDTON",
            "branch": "(UNEXCOR)",
            "swift_code": "STRAZAJJUNX"
        },
        {
            "id": 353,
            "bank": "STRATE (PTY) LTD",
            "city": "SANDTON",
            "branch": null,
            "swift_code": "STRAZAJJ"
        },
        {
            "id": 354,
            "bank": "SWISS RE LIFE AND HEALTH AFRICA LTD",
            "city": "CAPE TOWN",
            "branch": null,
            "swift_code": "SWREZAJJ"
        },
        {
            "id": 355,
            "bank": "SYFRETS SECURITIES LIMITED",
            "city": "JOHANNESBURG",
            "branch": null,
            "swift_code": "SYSCZAJJ"
        },
        {
            "id": 356,
            "bank": "SYGNIA SECURITIES (PTY) LTD",
            "city": "JOHANNESBURG",
            "branch": null,
            "swift_code": "SYSYZAJ2"
        },
        {
            "id": 357,
            "bank": "TAQUANTA SECURITIES (PTY) LTD",
            "city": "SANDOWN",
            "branch": null,
            "swift_code": "NIBZZAJJ"
        },
        {
            "id": 358,
            "bank": "TELKOM SA LIMITED",
            "city": "PRETORIA",
            "branch": null,
            "swift_code": "TELKZAJP"
        },
        {
            "id": 359,
            "bank": "THE GOVERNMENT OF THE RSA IN ITS NATIONAL TREASURY",
            "city": "PRETORIA",
            "branch": "(GEHS)",
            "swift_code": "TALMZAJPGEH"
        },
        {
            "id": 360,
            "bank": "THE GOVERNMENT OF THE RSA IN ITS NATIONAL TREASURY",
            "city": "PRETORIA",
            "branch": "(OFFICE OF THE ACCOUNTANT GENERAL)",
            "swift_code": "TALMZAJPOAG"
        },
        {
            "id": 361,
            "bank": "THE GOVERNMENT OF THE RSA IN ITS NATIONAL TREASURY",
            "city": "PRETORIA",
            "branch": null,
            "swift_code": "TALMZAJP"
        },
        {
            "id": 362,
            "bank": "THE SOUTH AFRICAN BANK OF ATHENS LIMITED",
            "city": "SANDTON",
            "branch": null,
            "swift_code": "BATHZAJJ"
        },
        {
            "id": 363,
            "bank": "THE STANDARD BANK OF SOUTH AFRICA LIMITED",
            "city": "JOHANNESBURG",
            "branch": null,
            "swift_code": "SBZAZA21"
        },
        {
            "id": 364,
            "bank": "THEBE STOCKBROKING PTY LTD",
            "city": "BRYANSTON",
            "branch": null,
            "swift_code": "PLRPZAJJ"
        },
        {
            "id": 365,
            "bank": "THIRTY FOUR SOUTH RESEARCH AND TRADING (PTY) LTD",
            "city": "CAPE TOWN",
            "branch": null,
            "swift_code": "TFSRZAJ1"
        },
        {
            "id": 366,
            "bank": "TOV CAPITAL MARKETS AND SHARE TRADING (PTY) LTD",
            "city": "SANDTON",
            "branch": null,
            "swift_code": "TOVSZAJ1"
        },
        {
            "id": 367,
            "bank": "TRANS CALEDON TUNNEL AUTHORIY (TCTA",
            "city": "CENTURION",
            "branch": null,
            "swift_code": "TCTAZAJ1"
        },
        {
            "id": 368,
            "bank": "TRANSNET LIMITED",
            "city": "JOHANNESBURG",
            "branch": null,
            "swift_code": "TNETZAJJ"
        },
        {
            "id": 369,
            "bank": "TRANSNET LIMITED",
            "city": "JOHANNESBURG",
            "branch": null,
            "swift_code": "TRNNZAJ1"
        },
        {
            "id": 370,
            "bank": "TRANSNET LIMITED TREASURY DEPARTMENT",
            "city": "JOHANNESBURG",
            "branch": null,
            "swift_code": "TNETZAA1"
        },
        {
            "id": 371,
            "bank": "TREASURYONE (PTY) LTD",
            "city": "PRETORIA",
            "branch": null,
            "swift_code": "TRPYZAJ1"
        },
        {
            "id": 372,
            "bank": "TRUSTLINK (PTY) LTD",
            "city": "PRETORIA",
            "branch": "(ASCENDIS HEALTH LIMITED)",
            "swift_code": "LINKZAJJAHL"
        },
        {
            "id": 373,
            "bank": "TRUSTLINK (PTY) LTD",
            "city": "PRETORIA",
            "branch": null,
            "swift_code": "LINKZAJJ"
        },
        {
            "id": 374,
            "bank": "TRUSTLINK (PTY) LTD",
            "city": "PRETORIA",
            "branch": null,
            "swift_code": "LINKZAJJAAD"
        },
        {
            "id": 375,
            "bank": "TRUSTLINK (PTY) LTD",
            "city": "PRETORIA",
            "branch": null,
            "swift_code": "LINKZAJJABC"
        },
        {
            "id": 376,
            "bank": "TRUSTLINK (PTY) LTD",
            "city": "PRETORIA",
            "branch": null,
            "swift_code": "LINKZAJJACA"
        },
        {
            "id": 377,
            "bank": "TRUSTLINK (PTY) LTD",
            "city": "PRETORIA",
            "branch": null,
            "swift_code": "LINKZAJJACI"
        },
        {
            "id": 378,
            "bank": "TRUSTLINK (PTY) LTD",
            "city": "PRETORIA",
            "branch": null,
            "swift_code": "LINKZAJJAFF"
        },
        {
            "id": 379,
            "bank": "TRUSTLINK (PTY) LTD",
            "city": "PRETORIA",
            "branch": null,
            "swift_code": "LINKZAJJAFG"
        },
        {
            "id": 380,
            "bank": "TRUSTLINK (PTY) LTD",
            "city": "PRETORIA",
            "branch": null,
            "swift_code": "LINKZAJJAFP"
        },
        {
            "id": 381,
            "bank": "TRUSTLINK (PTY) LTD",
            "city": "PRETORIA",
            "branch": null,
            "swift_code": "LINKZAJJALE"
        },
        {
            "id": 382,
            "bank": "TRUSTLINK (PTY) LTD",
            "city": "PRETORIA",
            "branch": null,
            "swift_code": "LINKZAJJAPL"
        },
        {
            "id": 383,
            "bank": "TRUSTLINK (PTY) LTD",
            "city": "PRETORIA",
            "branch": null,
            "swift_code": "LINKZAJJARC"
        },
        {
            "id": 384,
            "bank": "TRUSTLINK (PTY) LTD",
            "city": "PRETORIA",
            "branch": null,
            "swift_code": "LINKZAJJBCO"
        },
        {
            "id": 385,
            "bank": "TRUSTLINK (PTY) LTD",
            "city": "PRETORIA",
            "branch": null,
            "swift_code": "LINKZAJJBEL"
        },
        {
            "id": 386,
            "bank": "TRUSTLINK (PTY) LTD",
            "city": "PRETORIA",
            "branch": null,
            "swift_code": "LINKZAJJBJB"
        },
        {
            "id": 387,
            "bank": "TRUSTLINK (PTY) LTD",
            "city": "PRETORIA",
            "branch": null,
            "swift_code": "LINKZAJJBLE"
        },
        {
            "id": 388,
            "bank": "TRUSTLINK (PTY) LTD",
            "city": "PRETORIA",
            "branch": null,
            "swift_code": "LINKZAJJBLY"
        },
        {
            "id": 389,
            "bank": "TRUSTLINK (PTY) LTD",
            "city": "PRETORIA",
            "branch": null,
            "swift_code": "LINKZAJJBRA"
        },
        {
            "id": 390,
            "bank": "TRUSTLINK (PTY) LTD",
            "city": "PRETORIA",
            "branch": null,
            "swift_code": "LINKZAJJBRB"
        },
        {
            "id": 391,
            "bank": "TRUSTLINK (PTY) LTD",
            "city": "PRETORIA",
            "branch": null,
            "swift_code": "LINKZAJJBRH"
        },
        {
            "id": 392,
            "bank": "TRUSTLINK (PTY) LTD",
            "city": "PRETORIA",
            "branch": null,
            "swift_code": "LINKZAJJBRI"
        },
        {
            "id": 393,
            "bank": "TRUSTLINK (PTY) LTD",
            "city": "PRETORIA",
            "branch": null,
            "swift_code": "LINKZAJJBRL"
        },
        {
            "id": 394,
            "bank": "TRUSTLINK (PTY) LTD",
            "city": "PRETORIA",
            "branch": null,
            "swift_code": "LINKZAJJBRM"
        },
        {
            "id": 395,
            "bank": "TRUSTLINK (PTY) LTD",
            "city": "PRETORIA",
            "branch": null,
            "swift_code": "LINKZAJJBRS"
        },
        {
            "id": 396,
            "bank": "TRUSTLINK (PTY) LTD",
            "city": "PRETORIA",
            "branch": null,
            "swift_code": "LINKZAJJCDE"
        },
        {
            "id": 397,
            "bank": "TRUSTLINK (PTY) LTD",
            "city": "PRETORIA",
            "branch": null,
            "swift_code": "LINKZAJJCII"
        },
        {
            "id": 398,
            "bank": "TRUSTLINK (PTY) LTD",
            "city": "PRETORIA",
            "branch": null,
            "swift_code": "LINKZAJJCJP"
        },
        {
            "id": 399,
            "bank": "TRUSTLINK (PTY) LTD",
            "city": "PRETORIA",
            "branch": null,
            "swift_code": "LINKZAJJDEP"
        },
        {
            "id": 400,
            "bank": "TRUSTLINK (PTY) LTD",
            "city": "PRETORIA",
            "branch": null,
            "swift_code": "LINKZAJJDRA"
        },
        {
            "id": 401,
            "bank": "TRUSTLINK (PTY) LTD",
            "city": "PRETORIA",
            "branch": null,
            "swift_code": "LINKZAJJDWN"
        },
        {
            "id": 402,
            "bank": "TRUSTLINK (PTY) LTD",
            "city": "PRETORIA",
            "branch": null,
            "swift_code": "LINKZAJJEFC"
        },
        {
            "id": 403,
            "bank": "TRUSTLINK (PTY) LTD",
            "city": "PRETORIA",
            "branch": null,
            "swift_code": "LINKZAJJENG"
        },
        {
            "id": 404,
            "bank": "TRUSTLINK (PTY) LTD",
            "city": "PRETORIA",
            "branch": null,
            "swift_code": "LINKZAJJEOH"
        },
        {
            "id": 405,
            "bank": "TRUSTLINK (PTY) LTD",
            "city": "PRETORIA",
            "branch": null,
            "swift_code": "LINKZAJJEVE"
        },
        {
            "id": 406,
            "bank": "TRUSTLINK (PTY) LTD",
            "city": "PRETORIA",
            "branch": null,
            "swift_code": "LINKZAJJFRV"
        },
        {
            "id": 407,
            "bank": "TRUSTLINK (PTY) LTD",
            "city": "PRETORIA",
            "branch": null,
            "swift_code": "LINKZAJJFWL"
        },
        {
            "id": 408,
            "bank": "TRUSTLINK (PTY) LTD",
            "city": "PRETORIA",
            "branch": null,
            "swift_code": "LINKZAJJGFN"
        },
        {
            "id": 409,
            "bank": "TRUSTLINK (PTY) LTD",
            "city": "PRETORIA",
            "branch": null,
            "swift_code": "LINKZAJJGFS"
        },
        {
            "id": 410,
            "bank": "TRUSTLINK (PTY) LTD",
            "city": "PRETORIA",
            "branch": null,
            "swift_code": "LINKZAJJGLO"
        },
        {
            "id": 411,
            "bank": "TRUSTLINK (PTY) LTD",
            "city": "PRETORIA",
            "branch": null,
            "swift_code": "LINKZAJJGLP"
        },
        {
            "id": 412,
            "bank": "TRUSTLINK (PTY) LTD",
            "city": "PRETORIA",
            "branch": null,
            "swift_code": "LINKZAJJGOS"
        },
        {
            "id": 413,
            "bank": "TRUSTLINK (PTY) LTD",
            "city": "PRETORIA",
            "branch": null,
            "swift_code": "LINKZAJJGPP"
        },
        {
            "id": 414,
            "bank": "TRUSTLINK (PTY) LTD",
            "city": "PRETORIA",
            "branch": null,
            "swift_code": "LINKZAJJGRA"
        },
        {
            "id": 415,
            "bank": "TRUSTLINK (PTY) LTD",
            "city": "PRETORIA",
            "branch": null,
            "swift_code": "LINKZAJJGRO"
        },
        {
            "id": 416,
            "bank": "TRUSTLINK (PTY) LTD",
            "city": "PRETORIA",
            "branch": null,
            "swift_code": "LINKZAJJGSS"
        },
        {
            "id": 417,
            "bank": "TRUSTLINK (PTY) LTD",
            "city": "PRETORIA",
            "branch": null,
            "swift_code": "LINKZAJJGTD"
        },
        {
            "id": 418,
            "bank": "TRUSTLINK (PTY) LTD",
            "city": "PRETORIA",
            "branch": null,
            "swift_code": "LINKZAJJGWK"
        },
        {
            "id": 419,
            "bank": "TRUSTLINK (PTY) LTD",
            "city": "PRETORIA",
            "branch": null,
            "swift_code": "LINKZAJJHEF"
        },
        {
            "id": 420,
            "bank": "TRUSTLINK (PTY) LTD",
            "city": "PRETORIA",
            "branch": null,
            "swift_code": "LINKZAJJHMH"
        },
        {
            "id": 421,
            "bank": "TRUSTLINK (PTY) LTD",
            "city": "PRETORIA",
            "branch": null,
            "swift_code": "LINKZAJJHUL"
        },
        {
            "id": 422,
            "bank": "TRUSTLINK (PTY) LTD",
            "city": "PRETORIA",
            "branch": null,
            "swift_code": "LINKZAJJHWS"
        },
        {
            "id": 423,
            "bank": "TRUSTLINK (PTY) LTD",
            "city": "PRETORIA",
            "branch": null,
            "swift_code": "LINKZAJJICL"
        },
        {
            "id": 424,
            "bank": "TRUSTLINK (PTY) LTD",
            "city": "PRETORIA",
            "branch": null,
            "swift_code": "LINKZAJJIEP"
        },
        {
            "id": 425,
            "bank": "TRUSTLINK (PTY) LTD",
            "city": "PRETORIA",
            "branch": null,
            "swift_code": "LINKZAJJIGL"
        },
        {
            "id": 426,
            "bank": "TRUSTLINK (PTY) LTD",
            "city": "PRETORIA",
            "branch": null,
            "swift_code": "LINKZAJJIPP"
        },
        {
            "id": 427,
            "bank": "TRUSTLINK (PTY) LTD",
            "city": "PRETORIA",
            "branch": null,
            "swift_code": "LINKZAJJKAR"
        },
        {
            "id": 428,
            "bank": "TRUSTLINK (PTY) LTD",
            "city": "PRETORIA",
            "branch": null,
            "swift_code": "LINKZAJJKLM"
        },
        {
            "id": 429,
            "bank": "TRUSTLINK (PTY) LTD",
            "city": "PRETORIA",
            "branch": null,
            "swift_code": "LINKZAJJKOM"
        },
        {
            "id": 430,
            "bank": "TRUSTLINK (PTY) LTD",
            "city": "PRETORIA",
            "branch": null,
            "swift_code": "LINKZAJJLIM"
        },
        {
            "id": 431,
            "bank": "TRUSTLINK (PTY) LTD",
            "city": "PRETORIA",
            "branch": null,
            "swift_code": "LINKZAJJLVC"
        },
        {
            "id": 432,
            "bank": "TRUSTLINK (PTY) LTD",
            "city": "PRETORIA",
            "branch": null,
            "swift_code": "LINKZAJJMAH"
        },
        {
            "id": 433,
            "bank": "TRUSTLINK (PTY) LTD",
            "city": "PRETORIA",
            "branch": null,
            "swift_code": "LINKZAJJMER"
        },
        {
            "id": 434,
            "bank": "TRUSTLINK (PTY) LTD",
            "city": "PRETORIA",
            "branch": null,
            "swift_code": "LINKZAJJMIL"
        },
        {
            "id": 435,
            "bank": "TRUSTLINK (PTY) LTD",
            "city": "PRETORIA",
            "branch": null,
            "swift_code": "LINKZAJJMOB"
        },
        {
            "id": 436,
            "bank": "TRUSTLINK (PTY) LTD",
            "city": "PRETORIA",
            "branch": null,
            "swift_code": "LINKZAJJNAM"
        },
        {
            "id": 437,
            "bank": "TRUSTLINK (PTY) LTD",
            "city": "PRETORIA",
            "branch": null,
            "swift_code": "LINKZAJJNAR"
        },
        {
            "id": 438,
            "bank": "TRUSTLINK (PTY) LTD",
            "city": "PRETORIA",
            "branch": null,
            "swift_code": "LINKZAJJNPL"
        },
        {
            "id": 439,
            "bank": "TRUSTLINK (PTY) LTD",
            "city": "PRETORIA",
            "branch": null,
            "swift_code": "LINKZAJJOMN"
        },
        {
            "id": 440,
            "bank": "TRUSTLINK (PTY) LTD",
            "city": "PRETORIA",
            "branch": null,
            "swift_code": "LINKZAJJPAN"
        },
        {
            "id": 441,
            "bank": "TRUSTLINK (PTY) LTD",
            "city": "PRETORIA",
            "branch": null,
            "swift_code": "LINKZAJJPEP"
        },
        {
            "id": 442,
            "bank": "TRUSTLINK (PTY) LTD",
            "city": "PRETORIA",
            "branch": null,
            "swift_code": "LINKZAJJPRC"
        },
        {
            "id": 443,
            "bank": "TRUSTLINK (PTY) LTD",
            "city": "PRETORIA",
            "branch": null,
            "swift_code": "LINKZAJJRBB"
        },
        {
            "id": 444,
            "bank": "TRUSTLINK (PTY) LTD",
            "city": "PRETORIA",
            "branch": null,
            "swift_code": "LINKZAJJRBP"
        },
        {
            "id": 445,
            "bank": "TRUSTLINK (PTY) LTD",
            "city": "PRETORIA",
            "branch": null,
            "swift_code": "LINKZAJJRBR"
        },
        {
            "id": 446,
            "bank": "TRUSTLINK (PTY) LTD",
            "city": "PRETORIA",
            "branch": null,
            "swift_code": "LINKZAJJSIC"
        },
        {
            "id": 447,
            "bank": "TRUSTLINK (PTY) LTD",
            "city": "PRETORIA",
            "branch": null,
            "swift_code": "LINKZAJJSSS"
        },
        {
            "id": 448,
            "bank": "TRUSTLINK (PTY) LTD",
            "city": "PRETORIA",
            "branch": null,
            "swift_code": "LINKZAJJSUP"
        },
        {
            "id": 449,
            "bank": "TRUSTLINK (PTY) LTD",
            "city": "PRETORIA",
            "branch": null,
            "swift_code": "LINKZAJJTFG"
        },
        {
            "id": 450,
            "bank": "TRUSTLINK (PTY) LTD",
            "city": "PRETORIA",
            "branch": null,
            "swift_code": "LINKZAJJTIC"
        },
        {
            "id": 451,
            "bank": "TRUSTLINK (PTY) LTD",
            "city": "PRETORIA",
            "branch": null,
            "swift_code": "LINKZAJJTR1"
        },
        {
            "id": 452,
            "bank": "TRUSTLINK (PTY) LTD",
            "city": "PRETORIA",
            "branch": null,
            "swift_code": "LINKZAJJTTG"
        },
        {
            "id": 453,
            "bank": "TRUSTLINK (PTY) LTD",
            "city": "PRETORIA",
            "branch": null,
            "swift_code": "LINKZAJJUMG"
        },
        {
            "id": 454,
            "bank": "TRUSTLINK (PTY) LTD",
            "city": "PRETORIA",
            "branch": null,
            "swift_code": "LINKZAJJUNO"
        },
        {
            "id": 455,
            "bank": "TRUSTLINK (PTY) LTD",
            "city": "PRETORIA",
            "branch": null,
            "swift_code": "LINKZAJJUVU"
        },
        {
            "id": 456,
            "bank": "TRUSTLINK (PTY) LTD",
            "city": "PRETORIA",
            "branch": null,
            "swift_code": "LINKZAJJWBS"
        },
        {
            "id": 457,
            "bank": "TRUSTLINK (PTY) LTD",
            "city": "PRETORIA",
            "branch": null,
            "swift_code": "LINKZAJJWPF"
        },
        {
            "id": 458,
            "bank": "TULLETT PREBON SOUTH AFRICA (PTY) LTD",
            "city": "SANDTON",
            "branch": null,
            "swift_code": "TPSFZAJ1"
        },
        {
            "id": 459,
            "bank": "UBANK LIMITED",
            "city": "SUNNINGHILL",
            "branch": null,
            "swift_code": "YOUBZAJJ"
        },
        {
            "id": 460,
            "bank": "UBS SOUTH AFRICA (PROPRIETARY) LIMITED",
            "city": "JOHANNESBURG",
            "branch": null,
            "swift_code": "UBSWZAJJ"
        },
        {
            "id": 461,
            "bank": "UNIBANK LTD",
            "city": "JOHANNESBURG",
            "branch": null,
            "swift_code": "UNAAZAJ1"
        },
        {
            "id": 462,
            "bank": "VBS MUTUAL BANK",
            "city": "RIVONIA",
            "branch": null,
            "swift_code": "VBSMZAJJ"
        },
        {
            "id": 463,
            "bank": "VECTOR EQUITIES (PTY) LTD",
            "city": "CAPE TOWN",
            "branch": null,
            "swift_code": "VEQTZAJ1"
        },
        {
            "id": 464,
            "bank": "VISIO CAPITAL MANAGEMENT PTY LTD",
            "city": "SANDTON",
            "branch": null,
            "swift_code": "VMGCZAJJ"
        },
        {
            "id": 465,
            "bank": "VUNANI CAPITAL MARKETS (PTY) LTD",
            "city": "SANDTON",
            "branch": null,
            "swift_code": "VCMTZAJ1"
        },
        {
            "id": 466,
            "bank": "VUNANI FUND MANGERS (PTY) LTD",
            "city": "CAPE TOWN",
            "branch": null,
            "swift_code": "VFMPZAJ1"
        },
        {
            "id": 467,
            "bank": "VUNANI SECURITIES (PROPRIETARY) LIMITED",
            "city": "SANDTON",
            "branch": null,
            "swift_code": "CEQPZAJJ"
        },
        {
            "id": 468,
            "bank": "VW OF SOUTH AFRICA",
            "city": "UITENHAGE",
            "branch": null,
            "swift_code": "SOAFZAJ1"
        },
        {
            "id": 469,
            "bank": "WATERMARK SECURITIES (PTY) LTD",
            "city": "JOHANNESBURG",
            "branch": null,
            "swift_code": "WASPZAJ1"
        },
        {
            "id": 470,
            "bank": "WELLSFABER (PTY) LTD",
            "city": "HOWARD PLACE",
            "branch": null,
            "swift_code": "WEPTZAJ1"
        },
        {
            "id": 471,
            "bank": "WJ MORGAN AND ASSOCIATES",
            "city": "JOHANNESBURG",
            "branch": null,
            "swift_code": "WJMAZAJ1"
        }
    ]
}
