{
    "country": "Zambia",
    "country_code": "ZM",
    "list": [
        {
            "id": 1,
            "bank": "AB BANK ZAMBIA LTD.",
            "city": "LUSAKA",
            "branch": null,
            "swift_code": "ABBAZMLU"
        },
        {
            "id": 2,
            "bank": "ACCESS BANK ZAMBIA LIMITED",
            "city": "LUSAKA",
            "branch": null,
            "swift_code": "AZAMZMLU"
        },
        {
            "id": 3,
            "bank": "AFRICAN BANKING CORPORATION ZAMBIA",
            "city": "LUSAKA",
            "branch": null,
            "swift_code": "FMBZZMLX"
        },
        {
            "id": 4,
            "bank": "AFRICAN COMMERCIAL BANK LTD",
            "city": "LUSAKA",
            "branch": null,
            "swift_code": "ACBKZML1"
        },
        {
            "id": 5,
            "bank": "BANK OF CHINA (ZAMBIA) LTD",
            "city": "LUSAKA",
            "branch": null,
            "swift_code": "BKCHZMLU"
        },
        {
            "id": 6,
            "bank": "BANK OF ZAMBIA",
            "city": "LUSAKA",
            "branch": "(AUTHORISED SETTLEMENT AGENT)",
            "swift_code": "BAZAZMLUASA"
        },
        {
            "id": 7,
            "bank": "BANK OF ZAMBIA",
            "city": "LUSAKA",
            "branch": null,
            "swift_code": "BAZAZMLU"
        },
        {
            "id": 8,
            "bank": "BARCLAYS BANK PLC ZAMBIA",
            "city": "KITWE",
            "branch": "(KITWE PROCESSING CENTRE)",
            "swift_code": "BARCZMLXKPC"
        },
        {
            "id": 9,
            "bank": "BARCLAYS BANK PLC ZAMBIA",
            "city": "LUSAKA",
            "branch": "(HEAD OFFICE)",
            "swift_code": "BARCZMLX"
        },
        {
            "id": 10,
            "bank": "BRITISH AMERICAN TOBACCO (ZAMBIA) PLC",
            "city": "LUSAKA",
            "branch": null,
            "swift_code": "BATSZML1"
        },
        {
            "id": 11,
            "bank": "CAVMONT BANK LIMITED",
            "city": "LUSAKA",
            "branch": null,
            "swift_code": "CVMTZMLU"
        },
        {
            "id": 12,
            "bank": "CAVMONT SECURITIES LIMITED",
            "city": "LUSAKA",
            "branch": null,
            "swift_code": "CAVRZML1"
        },
        {
            "id": 13,
            "bank": "CITIBANK ZAMBIA LTD",
            "city": "LUSAKA",
            "branch": null,
            "swift_code": "CITIZMLU"
        },
        {
            "id": 14,
            "bank": "DEVELOPMENT BANK OF ZAMBIA",
            "city": "LUSAKA",
            "branch": null,
            "swift_code": "DEBZZML1"
        },
        {
            "id": 15,
            "bank": "ECOBANK ZAMBIA",
            "city": "LUSAKA",
            "branch": null,
            "swift_code": "ECOCZMLU"
        },
        {
            "id": 16,
            "bank": "FINANCE BANK ZAMBIA LIMITED.",
            "city": "LUSAKA",
            "branch": null,
            "swift_code": "ZFBAZMLU"
        },
        {
            "id": 17,
            "bank": "FINANCE BANK ZAMBIA LIMITED.",
            "city": "NDOLA",
            "branch": null,
            "swift_code": "ZFBAZML102N"
        },
        {
            "id": 18,
            "bank": "FIRST ALLIANCE BANK",
            "city": "LUSAKA",
            "branch": null,
            "swift_code": "FALLZMLU"
        },
        {
            "id": 19,
            "bank": "FIRST CAPITAL BANK (Z) LTD (FORMERLY KNOWN AS INTERNATIONAL COMMERCIAL BANK ZAMBIA LIMITED)",
            "city": "LUSAKA",
            "branch": null,
            "swift_code": "ICZAZMLU"
        },
        {
            "id": 20,
            "bank": "FIRST NATIONAL BANK ZAMBIA LIMITED",
            "city": "LUSAKA",
            "branch": null,
            "swift_code": "FIRNZMLX"
        },
        {
            "id": 21,
            "bank": "FX AFRICA",
            "city": "LUSAKA",
            "branch": null,
            "swift_code": "FXAFZML1"
        },
        {
            "id": 22,
            "bank": "INDO-ZAMBIA BANK",
            "city": "LUSAKA",
            "branch": null,
            "swift_code": "INZAZMLX"
        },
        {
            "id": 23,
            "bank": "INTERMARKET BANKING CORPORATION LIMITED",
            "city": "LUSAKA",
            "branch": null,
            "swift_code": "IDHZZML1"
        },
        {
            "id": 24,
            "bank": "INTERMARKET SECURITIES ZAMBIA LTD",
            "city": "LUSAKA",
            "branch": null,
            "swift_code": "INSZZML1"
        },
        {
            "id": 25,
            "bank": "INVESTRUST BANK LTD",
            "city": "LUSAKA",
            "branch": null,
            "swift_code": "VSTRZMLU"
        },
        {
            "id": 26,
            "bank": "LUSAKA STOCK EXCHANGE",
            "city": "LUSAKA",
            "branch": null,
            "swift_code": "XLUSZML1"
        },
        {
            "id": 27,
            "bank": "LUSE CENTRAL SHARES DEPOSITORY LIMITED",
            "city": "LUSAKA",
            "branch": null,
            "swift_code": "LCSDZML1"
        },
        {
            "id": 28,
            "bank": "MANIFOLD INVESTMENT BANK LIMITED",
            "city": "LUSAKA",
            "branch": null,
            "swift_code": "MINVZML1"
        },
        {
            "id": 29,
            "bank": "MERIDIEN BIAO ZAMBIA LTD.",
            "city": "LUSAKA",
            "branch": null,
            "swift_code": "MEZAZML1"
        },
        {
            "id": 30,
            "bank": "NATIONAL PENSION SCHEME AUTHORITY",
            "city": "LUSAKA",
            "branch": null,
            "swift_code": "NPSAZML1"
        },
        {
            "id": 31,
            "bank": "NATIONAL SAVINGS AND CREDIT BANK OF ZAMBIA",
            "city": "CHIPATA",
            "branch": null,
            "swift_code": "NSCBZML1022"
        },
        {
            "id": 32,
            "bank": "NATIONAL SAVINGS AND CREDIT BANK OF ZAMBIA",
            "city": "KASAMA",
            "branch": null,
            "swift_code": "NSCBZML1023"
        },
        {
            "id": 33,
            "bank": "NATIONAL SAVINGS AND CREDIT BANK OF ZAMBIA",
            "city": "LIVINGSTONE",
            "branch": null,
            "swift_code": "NSCBZML1024"
        },
        {
            "id": 34,
            "bank": "NATIONAL SAVINGS AND CREDIT BANK OF ZAMBIA",
            "city": "LUSAKA",
            "branch": null,
            "swift_code": "NSCBZML1"
        },
        {
            "id": 35,
            "bank": "NATIONAL SAVINGS AND CREDIT BANK OF ZAMBIA",
            "city": "MANSA",
            "branch": null,
            "swift_code": "NSCBZML1025"
        },
        {
            "id": 36,
            "bank": "NATIONAL SAVINGS AND CREDIT BANK OF ZAMBIA",
            "city": "MONGU",
            "branch": null,
            "swift_code": "NSCBZML1026"
        },
        {
            "id": 37,
            "bank": "NATIONAL SAVINGS AND CREDIT BANK OF ZAMBIA",
            "city": "NDOLA",
            "branch": null,
            "swift_code": "NSCBZML102N"
        },
        {
            "id": 38,
            "bank": "NATIONAL SAVINGS AND CREDIT BANK OF ZAMBIA",
            "city": "SOLWEZI",
            "branch": null,
            "swift_code": "NSCBZML1027"
        },
        {
            "id": 39,
            "bank": "NEW CAPITAL BANK PLC",
            "city": "LUSAKA",
            "branch": null,
            "swift_code": "NCBPZML1"
        },
        {
            "id": 40,
            "bank": "PANGAEA\/EMI SECURITIES LIMITED",
            "city": "LUSAKA",
            "branch": null,
            "swift_code": "PSNIZML1"
        },
        {
            "id": 41,
            "bank": "SABMILLER ZAMBIA",
            "city": "LUSAKA",
            "branch": null,
            "swift_code": "SABMZMZ1"
        },
        {
            "id": 42,
            "bank": "SABMILLER ZAMBIA",
            "city": "LUSAKA",
            "branch": null,
            "swift_code": "SABMZMZ1HSL"
        },
        {
            "id": 43,
            "bank": "SABMILLER ZAMBIA",
            "city": "LUSAKA",
            "branch": null,
            "swift_code": "SABMZMZ1NBP"
        },
        {
            "id": 44,
            "bank": "SABMILLER ZAMBIA",
            "city": "LUSAKA",
            "branch": null,
            "swift_code": "SABMZMZ1ZBP"
        },
        {
            "id": 45,
            "bank": "STANBIC BANK ZAMBIA LTD.",
            "city": "KITWE",
            "branch": null,
            "swift_code": "SBICZML10ZK"
        },
        {
            "id": 46,
            "bank": "STANBIC BANK ZAMBIA LTD.",
            "city": "LUSAKA",
            "branch": "(LUSAKA BRANCH)",
            "swift_code": "SBICZMLX"
        },
        {
            "id": 47,
            "bank": "STANBIC BANK ZAMBIA LTD.",
            "city": "NDOLA",
            "branch": null,
            "swift_code": "SBICZML10ZN"
        },
        {
            "id": 48,
            "bank": "STANDARD CHARTERED BANK ZAMBIA PLC",
            "city": "LUSAKA",
            "branch": "(SECURITIES SERVICES UNIT)",
            "swift_code": "SCBLZMLXSSU"
        },
        {
            "id": 49,
            "bank": "STANDARD CHARTERED BANK ZAMBIA PLC",
            "city": "LUSAKA",
            "branch": null,
            "swift_code": "SCBLZMLX"
        },
        {
            "id": 50,
            "bank": "STANDARD CHARTERED BANK ZAMBIA PLC",
            "city": "NDOLA",
            "branch": "(NDOLA SOUTH BRANCH)",
            "swift_code": "SCBLZML102N"
        },
        {
            "id": 51,
            "bank": "UNITED BANK FOR AFRICA ZAMBIA LIMITED",
            "city": "LUSAKA",
            "branch": null,
            "swift_code": "UNAFZMLU"
        },
        {
            "id": 52,
            "bank": "ZAMBIA EXPORT AND IMPORT BANK LIMITED",
            "city": "LUSAKA",
            "branch": null,
            "swift_code": "ZAEIZML1"
        },
        {
            "id": 53,
            "bank": "ZAMBIA NATIONAL COMMERCIAL",
            "city": "LUSAKA",
            "branch": null,
            "swift_code": "ZNCOZMLU"
        }
    ]
}
