{
    "country": "Zimbabwe",
    "country_code": "ZW",
    "list": [
        {
            "id": 1,
            "bank": "AFRICAN BANKING CORP.OF ZIMBABWE LTD.",
            "city": "HARARE",
            "branch": null,
            "swift_code": "FMBZZWHX"
        },
        {
            "id": 2,
            "bank": "AFRICAN CENTURY LIMITED",
            "city": "HARARE",
            "branch": null,
            "swift_code": "AFCNZWHA"
        },
        {
            "id": 3,
            "bank": "AGRICULTURAL BANK OF ZIMBABWE LTD",
            "city": "HARARE",
            "branch": null,
            "swift_code": "AGRZZWHA"
        },
        {
            "id": 4,
            "bank": "BARCLAYS BANK OF ZIMBABWE LIMITED",
            "city": "HARARE",
            "branch": null,
            "swift_code": "BARCZWHX"
        },
        {
            "id": 5,
            "bank": "BARD DISCOUNT HOUSE LIMITED",
            "city": "HARARE",
            "branch": null,
            "swift_code": "BDHLZWH1"
        },
        {
            "id": 6,
            "bank": "BARD STOCKBROKERS",
            "city": "HARARE",
            "branch": null,
            "swift_code": "BSTKZWH1"
        },
        {
            "id": 7,
            "bank": "BETHEL EQUITIES",
            "city": "HARARE",
            "branch": null,
            "swift_code": "BEEQZWH1"
        },
        {
            "id": 8,
            "bank": "BEVERLEY BUILDING SOCIETY",
            "city": "HARARE",
            "branch": null,
            "swift_code": "BVBSZWH1"
        },
        {
            "id": 9,
            "bank": "BRITISH AMERICAN TOBACCO ZIMBABWE (HOLDINGS) LTD",
            "city": "HARARE",
            "branch": null,
            "swift_code": "BATSZWH1"
        },
        {
            "id": 10,
            "bank": "CBZ BANK LIMITED",
            "city": "HARARE",
            "branch": null,
            "swift_code": "COBZZWHA"
        },
        {
            "id": 11,
            "bank": "CENTRAL AFRICA BUILDING SOCIETY",
            "city": "HARARE",
            "branch": null,
            "swift_code": "CABSZWHA"
        },
        {
            "id": 12,
            "bank": "CFX MERCHANT BANK LIMITED",
            "city": "HARARE",
            "branch": "(HEAD OFFICE)",
            "swift_code": "CFXBZWH1"
        },
        {
            "id": 13,
            "bank": "CHENGETEDZAI DEPOSITORY COMPANY",
            "city": "HARARE",
            "branch": null,
            "swift_code": "CHDYZWH1"
        },
        {
            "id": 14,
            "bank": "COMESA CLEARING HOUSE",
            "city": "HARARE",
            "branch": null,
            "swift_code": "COCUZWHA"
        },
        {
            "id": 15,
            "bank": "ECOBANK ZIMBABWE LIMITED",
            "city": "HARARE",
            "branch": null,
            "swift_code": "ECOCZWHX"
        },
        {
            "id": 16,
            "bank": "EDWARDS AND COMPANY",
            "city": "HARARE",
            "branch": null,
            "swift_code": "EDCPZWH1"
        },
        {
            "id": 17,
            "bank": "EDWARDS NOMINEES (PRIVATE) LIMITED",
            "city": "HARARE",
            "branch": null,
            "swift_code": "EDNPZWH1"
        },
        {
            "id": 18,
            "bank": "EFE SECURITIES (PRIVATE) LIMITED",
            "city": "HARARE",
            "branch": null,
            "swift_code": "EFSRZWH1"
        },
        {
            "id": 19,
            "bank": "FBC BANK LTD",
            "city": "HARARE",
            "branch": null,
            "swift_code": "FBCPZWHA"
        },
        {
            "id": 20,
            "bank": "FBC SECURITIES (PRIVATE) LIMITED",
            "city": "HARARE",
            "branch": null,
            "swift_code": "FBSRZWH1"
        },
        {
            "id": 21,
            "bank": "GENESIS SECURITIES",
            "city": "HARARE",
            "branch": null,
            "swift_code": "USPTZWH1"
        },
        {
            "id": 22,
            "bank": "GETBUCKS FINANCIAL SERVICES PVTLTD",
            "city": "HARARE",
            "branch": null,
            "swift_code": "GBSPZWHA"
        },
        {
            "id": 23,
            "bank": "IH SECURITIES (PRIVATE) LIMITED",
            "city": "HARARE",
            "branch": null,
            "swift_code": "SEEVZWH1"
        },
        {
            "id": 24,
            "bank": "INDUSTRIAL DEVELOPMENT CORPORATION OF ZIMBABWE LIMITED",
            "city": "HARARE",
            "branch": null,
            "swift_code": "IDCZZWH1"
        },
        {
            "id": 25,
            "bank": "INFRASTRUCTURE DEVELOPMENT BANK OF ZIMBABWE ED",
            "city": "HARARE",
            "branch": null,
            "swift_code": "ZDBLZWHA"
        },
        {
            "id": 26,
            "bank": "INTERMARKET DISCOUNT HOUSE",
            "city": "HARARE",
            "branch": null,
            "swift_code": "INDHZWH1"
        },
        {
            "id": 27,
            "bank": "INVICTUS SECURITIES",
            "city": "HARARE",
            "branch": null,
            "swift_code": "IVEUZWH1"
        },
        {
            "id": 28,
            "bank": "LION MICROFINANCE LIMITED",
            "city": "HARARE",
            "branch": null,
            "swift_code": "LMLDZWHA"
        },
        {
            "id": 29,
            "bank": "LYNTON-EDWARDS STOCKBROKERS",
            "city": "HARARE",
            "branch": null,
            "swift_code": "LYSOZWH1"
        },
        {
            "id": 30,
            "bank": "MAST STOCKBROKERS (PVT) LTD",
            "city": "HARARE",
            "branch": null,
            "swift_code": "MSTPZWH1"
        },
        {
            "id": 31,
            "bank": "MBCA BANK LIMITED",
            "city": "HARARE",
            "branch": null,
            "swift_code": "MBCAZWHX"
        },
        {
            "id": 32,
            "bank": "METBANK LIMITED",
            "city": "HARARE",
            "branch": null,
            "swift_code": "MBOZZWHA"
        },
        {
            "id": 33,
            "bank": "MMC CAPITAL (PRIVATE) LIMITED",
            "city": "HARARE",
            "branch": null,
            "swift_code": "MMCPZWH1"
        },
        {
            "id": 34,
            "bank": "MSASA STOCKBROKERS (PVT) LTD",
            "city": "HARARE",
            "branch": null,
            "swift_code": "MSSTZWH1"
        },
        {
            "id": 35,
            "bank": "NATIONAL BUILDING SOCIETY",
            "city": "HARARE",
            "branch": null,
            "swift_code": "NABYZWHA"
        },
        {
            "id": 36,
            "bank": "NMB BANK LIMITED",
            "city": "BULAWAYO",
            "branch": "(BULAWAYO BRANCH)",
            "swift_code": "NMBLZWHXBYO"
        },
        {
            "id": 37,
            "bank": "NMB BANK LIMITED",
            "city": "HARARE",
            "branch": null,
            "swift_code": "NMBLZWHX"
        },
        {
            "id": 38,
            "bank": "P.T.A. CLEARING HOUSE",
            "city": "HARARE",
            "branch": null,
            "swift_code": "PTAHZWH1"
        },
        {
            "id": 39,
            "bank": "PEOPLE'S OWN SAVINGS BANK",
            "city": "HARARE",
            "branch": null,
            "swift_code": "PWSBZWHX"
        },
        {
            "id": 40,
            "bank": "PLATINUM SECURITIES",
            "city": "HARARE",
            "branch": null,
            "swift_code": "PLSUZWH1"
        },
        {
            "id": 41,
            "bank": "PREMIER BANKING CORPORATION LTD.",
            "city": "HARARE",
            "branch": null,
            "swift_code": "PRDHZWH1"
        },
        {
            "id": 42,
            "bank": "RENAISSANCE SECURITIES (PRIVATE) LIMITED",
            "city": "HARARE",
            "branch": null,
            "swift_code": "BSPVZWH1"
        },
        {
            "id": 43,
            "bank": "RESERVE BANK OF ZIMBABWE",
            "city": "HARARE",
            "branch": null,
            "swift_code": "REBZZWHQ"
        },
        {
            "id": 44,
            "bank": "RESERVE BANK OF ZIMBABWE",
            "city": "HARARE",
            "branch": null,
            "swift_code": "REBZZWHX"
        },
        {
            "id": 45,
            "bank": "RESERVE BANK OF ZIMBABWE",
            "city": "HARARE",
            "branch": null,
            "swift_code": "REBZZWHXPCH"
        },
        {
            "id": 46,
            "bank": "SAGIT STOCKBROKERS (PRIVATE) LIMITED",
            "city": "HARARE",
            "branch": null,
            "swift_code": "SAGSZWH1"
        },
        {
            "id": 47,
            "bank": "SCOTFIN LIMITED",
            "city": "BULAWAYO",
            "branch": null,
            "swift_code": "SCLIZWH102B"
        },
        {
            "id": 48,
            "bank": "SCOTFIN LIMITED",
            "city": "CHINHOYI",
            "branch": null,
            "swift_code": "SCLIZWH102C"
        },
        {
            "id": 49,
            "bank": "SCOTFIN LIMITED",
            "city": "GWERU",
            "branch": null,
            "swift_code": "SCLIZWH102G"
        },
        {
            "id": 50,
            "bank": "SCOTFIN LIMITED",
            "city": "HARARE",
            "branch": null,
            "swift_code": "SCLIZWH1"
        },
        {
            "id": 51,
            "bank": "SCOTFIN LIMITED",
            "city": "MUTARE",
            "branch": null,
            "swift_code": "SCLIZWH102M"
        },
        {
            "id": 52,
            "bank": "SOUTHERN TRUST SECURITIES",
            "city": "HARARE",
            "branch": null,
            "swift_code": "SOTIZWH1"
        },
        {
            "id": 53,
            "bank": "STANBIC BANK ZIMBABWE LIMITED",
            "city": "HARARE",
            "branch": null,
            "swift_code": "SBICZWHX"
        },
        {
            "id": 54,
            "bank": "STANDARD CHARTERED BANK ZIMBABWE LIMITED",
            "city": "HARARE",
            "branch": "(SECURITIES SERVICES UNIT)",
            "swift_code": "SCBLZWHXSSU"
        },
        {
            "id": 55,
            "bank": "STANDARD CHARTERED BANK ZIMBABWE LIMITED",
            "city": "HARARE",
            "branch": null,
            "swift_code": "SCBLZWHX"
        },
        {
            "id": 56,
            "bank": "STEWARD BANK LIMITED",
            "city": "HARARE",
            "branch": null,
            "swift_code": "STBLZWHX"
        },
        {
            "id": 57,
            "bank": "SUCCESS MICROFINANCE BANK LIMITED",
            "city": "HARARE",
            "branch": null,
            "swift_code": "SMFBZWHA"
        },
        {
            "id": 58,
            "bank": "TETRAD INVESTMENT BANK LIMITED",
            "city": "HARARE",
            "branch": null,
            "swift_code": "TTSLZWHX"
        },
        {
            "id": 59,
            "bank": "THE DISCOUNT COMPANY OF ZIMBABWE LIMITED",
            "city": "HARARE",
            "branch": null,
            "swift_code": "DCZWZWH1"
        },
        {
            "id": 60,
            "bank": "THE TETRAD GROUP",
            "city": "HARARE",
            "branch": null,
            "swift_code": "TEGRZWH1"
        },
        {
            "id": 61,
            "bank": "TRUST CORPORATE SECURITIES (PRIVATE) LIMITED",
            "city": "HARARE",
            "branch": null,
            "swift_code": "TCSPZWH1"
        },
        {
            "id": 62,
            "bank": "ZIMBABWE BANKING CORPORATION LTD.",
            "city": "BULAWAYO",
            "branch": null,
            "swift_code": "ZBCOZWHXBYO"
        },
        {
            "id": 63,
            "bank": "ZIMBABWE BANKING CORPORATION LTD.",
            "city": "HARARE",
            "branch": null,
            "swift_code": "ZBCOZWHX"
        },
        {
            "id": 64,
            "bank": "ZIMBABWE STOCK EXCHANGE",
            "city": "HARARE",
            "branch": null,
            "swift_code": "XZIMZWH1"
        }
    ]
}
